Descriptor_1,Descriptor_2,Pearson_Correlation,Abs_Correlation
ETA_Psi_1,ETA_dPsi_A,-0.9990263410780542,0.9990263410780542
topoRadius,SpMAD_D,0.994640306407191,0.994640306407191
apol,ATS0p,0.9863424721233056,0.9863424721233056
SpMax_D,WPATH,0.9774683258358958,0.9774683258358958
VR2_Dzv,VR2_Dzp,0.977144327285349,0.977144327285349
nddssS,minddssS,-0.9771436435292762,0.9771436435292762
VR1_DzZ,VR1_Dzv,0.9753515966473679,0.9753515966473679
SpMin5_Bhm,SpMin5_Bhv,0.9701005409256807,0.9701005409256807
SpMin8_Bhm,SpMin8_Bhv,0.9699783362659358,0.9699783362659358
SpMin7_Bhm,SpMin7_Bhv,0.9697793684429395,0.9697793684429395
SM1_Dze,nHBa,0.9696239695410661,0.9696239695410661
AATS0s,AATSC0s,0.9693517285636475,0.9693517285636475
AATSC6i,MATS6i,0.9676902154939722,0.9676902154939722
SpMin6_Bhm,SpMin6_Bhv,0.9676888732501128,0.9676888732501128
SpMin4_Bhm,SpMin4_Bhv,0.967010394113607,0.967010394113607
AATSC1i,MATS1i,0.9667263079823303,0.9667263079823303
VR2_DzZ,VR2_Dze,0.9665728353489121,0.9665728353489121
gmin,MAXDN,-0.9633485248710254,0.9633485248710254
SpMax6_Bhm,SpMax7_Bhm,0.9630983500202418,0.9630983500202418
SIC3,CIC3,-0.9626640037691565,0.9626640037691565
AATS0m,AATSC0m,0.9618171718722958,0.9618171718722958
SpMin3_Bhm,SpMin3_Bhv,0.9615586333709646,0.9615586333709646
SpMin4_Bhv,SpMin4_Bhe,0.9607990009737776,0.9607990009737776
SpMin7_Bhm,SpMin8_Bhm,0.9604623814064706,0.9604623814064706
AATSC6p,MATS6p,0.9585768531781026,0.9585768531781026
SIC4,CIC4,-0.958021326122547,0.958021326122547
nF8Ring,nF8HeteroRing,0.9575602992388254,0.9575602992388254
topoRadius,SpMax_D,0.9570470789553831,0.9570470789553831
ETA_Epsilon_2,ETA_Epsilon_4,0.9568711185084913,0.9568711185084913
minHdNH,mindNH,0.9567767647860757,0.9567767647860757
SpMin7_Bhv,SpMin8_Bhv,0.9566546180735476,0.9566546180735476
nBondsT,mintsC,0.9566211470758974,0.9566211470758974
SpMin6_Bhm,SpMin7_Bhm,0.9562667308258365,0.9562667308258365
SIC2,CIC2,-0.9558398936419624,0.9558398936419624
SpMax_D,SpMAD_D,0.9556805721505324,0.9556805721505324
AATSC1p,MATS1p,0.9555450505243572,0.9555450505243572
SpMax5_Bhm,SpMax6_Bhm,0.9554832801633059,0.9554832801633059
minHsNH2,minsNH2,0.955370720459644,0.955370720459644
ETA_AlphaP,ETA_dAlpha_B,-0.9547884089569686,0.9547884089569686
ATSC0e,SM1_Dze,0.9544560405085633,0.9544560405085633
nFRing,nFG12Ring,0.9541276017109374,0.9541276017109374
nHdNH,mindNH,0.9540714378276904,0.9540714378276904
AATS8v,AATS8p,0.9532576023732791,0.9532576023732791
AATS0v,AATS1v,0.9531948459232107,0.9531948459232107
nssssC,MDEC-34,0.9530659675042169,0.9530659675042169
VC-5,VPC-4,0.9515667786992145,0.9515667786992145
SpMin6_Bhm,SpMin7_Bhv,0.9507932425463131,0.9507932425463131
ndS,SdS,-0.9506576396488907,0.9506576396488907
SssssNp,minssssNp,0.9504931669459252,0.9504931669459252
AATS0e,ETA_Epsilon_4,0.9504452495198219,0.9504452495198219
AATS0e,AATS1e,0.950209924527102,0.950209924527102
SpMin6_Bhv,SpMin7_Bhv,0.9500515105498195,0.9500515105498195
SpMin5_Bhv,SpMin5_Bhe,0.9497237392227089,0.9497237392227089
ATS0s,ATSC0e,0.94908808783713,0.94908808783713
SIC3,CIC4,-0.9483066311603945,0.9483066311603945
VC-5,VC-6,0.9479052804471887,0.9479052804471887
AATSC1m,MATS1m,0.9475519647798649,0.9475519647798649
GGI2,GGI3,0.9474457164823437,0.9474457164823437
SpMin7_Bhm,SpMin8_Bhv,0.9474104987990362,0.9474104987990362
SpMax5_Bhm,SpMax5_Bhv,0.9469231000316382,0.9469231000316382
SpMax5_Bhs,SpMax6_Bhs,0.9467437835913999,0.9467437835913999
AATS6v,AATS6p,0.9464547117462182,0.9464547117462182
SpMax4_Bhv,SpMax5_Bhv,0.94627322851035,0.94627322851035
SpMin5_Bhv,SpMin6_Bhv,0.9462266202490089,0.9462266202490089
SIC1,CIC1,-0.9456894604976284,0.9456894604976284
VR3_DzZ,VR3_D,0.9455582943179051,0.9455582943179051
AATSC5p,MATS5p,0.9453589943937966,0.9453589943937966
nHaaNH,SHaaNH,0.9451820355248555,0.9451820355248555
AATS0p,Mp,0.9444066571149099,0.9444066571149099
minHaaCH,maxHaaCH,0.9434242675754041,0.9434242675754041
AATS0v,Mp,0.9433074003199867,0.9433074003199867
ETA_Epsilon_2,ETA_dPsi_A,0.9425487797034172,0.9425487797034172
AVP-1,AVP-2,0.9423812563950861,0.9423812563950861
nBondsT,C1SP1,0.9422990770982661,0.9422990770982661
CIC3,CIC4,0.9418343866961311,0.9418343866961311
ATS0p,ATSC0p,0.9404565895043917,0.9404565895043917
SpMin2_Bhm,SpMin2_Bhv,0.9401610793506094,0.9401610793506094
nHBint8,SHBint8,0.9401491258327939,0.9401491258327939
ETA_BetaP,HybRatio,-0.9401345703777381,0.9401345703777381
AATSC8p,MATS8p,0.9400742861699324,0.9400742861699324
ETA_Beta,ETA_Eta_F,0.9399178071085758,0.9399178071085758
nP,mindsssP,-0.9398510973025559,0.9398510973025559
SpMax5_Bhv,SpMin5_Bhv,0.9397245770708588,0.9397245770708588
SC-5,GGI2,0.939562723682908,0.939562723682908
ETA_Epsilon_2,ETA_Psi_1,-0.9394897550344796,0.9394897550344796
SpMin5_Bhm,SpMin6_Bhv,0.939078631090126,0.939078631090126
SsBr,minsBr,0.9388009137280732,0.9388009137280732
SpMax1_Bhv,SpMax1_Bhp,0.9386794952327691,0.9386794952327691
SpMin5_Bhm,SpMin6_Bhm,0.9382478974817403,0.9382478974817403
nwHBd,SwHBd,0.9382265000181641,0.9382265000181641
SssS,minssS,0.9377911789752879,0.9377911789752879
nHBint2,SHBint2,0.9376094822961772,0.9376094822961772
SCH-5,VCH-5,0.936846982143068,0.936846982143068
AATS1p,AATS2p,0.9366301955991323,0.9366301955991323
SIC3,SIC4,0.9366028995820354,0.9366028995820354
nssssC,MDEC-24,0.9363609051939643,0.9363609051939643
SpMax4_Bhv,SpMin4_Bhv,0.9361816195529148,0.9361816195529148
AATSC7e,MATS7e,0.9345658186551563,0.9345658186551563
SpMin8_Bhm,SpMin7_Bhv,0.934379679533204,0.934379679533204
SpMin5_Bhs,SpMin6_Bhs,0.9341206282789174,0.9341206282789174
SpMax4_Bhs,SpMax5_Bhs,0.9337116512102367,0.9337116512102367
SpMax6_Bhm,SpMax5_Bhv,0.9332635467242755,0.9332635467242755
SpMin6_Bhv,SpMin5_Bhe,0.9330336401667804,0.9330336401667804
ETA_EtaP_B_RC,JGT,0.9327847022224878,0.9327847022224878
AATS0e,AATS3e,0.9324955164613776,0.9324955164613776
SpMax5_Bhm,SpMax7_Bhm,0.932340691554532,0.932340691554532
AATSC2i,MATS2i,0.9319721907592844,0.9319721907592844
VR1_Dzs,VR2_Dzs,0.931909516692409,0.931909516692409
SsI,minsI,0.9312217865633214,0.9312217865633214
AATSC6e,MATS6e,0.930867237485425,0.930867237485425
ndsN,mindsN,0.9296805280010668,0.9296805280010668
nHCsats,SHCsats,0.9289975158997159,0.9289975158997159
AATS7v,AATS7p,0.9287504758420856,0.9287504758420856
AATS0e,AATSC0e,0.9284487671641689,0.9284487671641689
GATS8v,GATS8p,0.9282547677775586,0.9282547677775586
SpMin4_Bhm,SpMin4_Bhe,0.9281569115866647,0.9281569115866647
SpMin4_Bhv,SpMin5_Bhv,0.927826577018772,0.927826577018772
SpMin7_Bhv,SpMin6_Bhe,0.9274118260825884,0.9274118260825884
VE3_DzZ,VE3_Dzv,0.9271833403484556,0.9271833403484556
nHBint10,SHBint10,0.9271040673468209,0.9271040673468209
ETA_EtaP_B,ETA_EtaP_B_RC,0.9270574921031878,0.9270574921031878
VR1_DzZ,VR2_DzZ,0.9267328664705782,0.9267328664705782
AATS8e,AATS8i,0.9264377660373722,0.9264377660373722
AVP-6,AVP-7,0.9262926491156002,0.9262926491156002
nHssNH,SHssNH,0.9262893499115096,0.9262893499115096
AATS2m,AMW,0.9261305519074325,0.9261305519074325
SpMin4_Bhm,SpMin5_Bhm,0.9261045405508428,0.9261045405508428
ZMIC2,ZMIC3,0.9260229777191618,0.9260229777191618
ATS0s,SM1_Dze,0.9248078823221582,0.9248078823221582
VCH-6,VCH-7,0.9247672567856426,0.9247672567856426
AATSC4v,GATS4v,-0.9236168367611922,0.9236168367611922
SpMax7_Bhm,SpMax5_Bhv,0.923395027968641,0.923395027968641
SCH-7,VCH-7,0.92336634368401,0.92336634368401
nHBa,nHBAcc,0.9229073345432278,0.9229073345432278
SpMin7_Bhs,SpMin8_Bhs,0.9228257016254652,0.9228257016254652
nF7Ring,nF7HeteroRing,0.9227982666075155,0.9227982666075155
SpMin5_Bhm,SpMin5_Bhe,0.922755608382315,0.922755608382315
SCH-6,VCH-6,0.9224676907337553,0.9224676907337553
SpMin6_Bhs,SpMin7_Bhs,0.9223632690498509,0.9223632690498509
AATSC7c,MATS7c,0.922223058646754,0.922223058646754
ATS0s,ATS2s,0.9217454644655493,0.9217454644655493
SpMin6_Bhv,SpMin6_Bhe,0.9216696922133497,0.9216696922133497
VPC-4,GGI2,0.9212426621735573,0.9212426621735573
SpMin7_Bhm,SpMin6_Bhv,0.9210197045094374,0.9210197045094374
AATSC8e,MATS8e,0.9208374134249404,0.9208374134249404
AATS5v,AATS5p,0.9208046353183591,0.9208046353183591
n7Ring,n7HeteroRing,0.9206142544592497,0.9206142544592497
ATSC6v,ATSC6p,0.9205481621806024,0.9205481621806024
ATS2s,ATSC0e,0.9202214680687585,0.9202214680687585
SpMin7_Bhv,SpMin5_Bhe,0.9202153140481945,0.9202153140481945
IC2,IC3,0.920102105721973,0.920102105721973
minHCsatu,maxHCsatu,0.9195487814426662,0.9195487814426662
ETA_EtaP_B,JGI1,0.919044555864939,0.919044555864939
AATSC3i,MATS3i,0.9188954330152794,0.9188954330152794
nT7Ring,nT7HeteroRing,0.9186237633630612,0.9186237633630612
ZMIC1,ZMIC2,0.9183529281543382,0.9183529281543382
SpMin5_Bhv,SpMin4_Bhe,0.9180312327184865,0.9180312327184865
VR2_Dzv,VR2_Dze,0.9176602638096621,0.9176602638096621
SpMin6_Bhm,SpMin5_Bhv,0.9175858544863208,0.9175858544863208
nHBAcc,TopoPSA,0.917544900423681,0.917544900423681
SpMax5_Bhv,SpMin4_Bhv,0.9173649221000041,0.9173649221000041
nO,ATSC0e,0.9172793264792255,0.9172793264792255
SwHBd,minwHBd,0.9170939191424811,0.9170939191424811
AATS0e,ETA_Epsilon_2,0.9170598117961134,0.9170598117961134
SpMin6_Bhe,SpMin7_Bhe,0.9169673197828281,0.9169673197828281
VE2_DzZ,VE2_Dze,0.916774379270786,0.916774379270786
SpMax5_Bhm,SpMax4_Bhv,0.9167347731124306,0.9167347731124306
SpMin4_Bhm,SpMin5_Bhv,0.9166565550262586,0.9166565550262586
AATS1m,AMW,0.916569123978348,0.916569123978348
AATSC6c,MATS6c,0.9165657532862681,0.9165657532862681
SM1_DzZ,SM1_Dze,0.9164594674636632,0.9164594674636632
nHBint4,SHBint4,0.9163954983411893,0.9163954983411893
ASP-0,ETA_Shape_P,0.9161900438378654,0.9161900438378654
ATSC1m,MATS1m,0.9157447213137192,0.9157447213137192
AATS0s,meanI,0.9154535579789912,0.9154535579789912
nHdNH,minHdNH,0.9153666402355531,0.9153666402355531
AATS1v,GATS1v,-0.9151036735952622,0.9151036735952622
SpMin6_Bhm,SpMin5_Bhe,0.9142885732217034,0.9142885732217034
Kier2,Kier3,0.9138177403443658,0.9138177403443658
SpMin8_Bhv,SpMin6_Bhe,0.9138036310595307,0.9138036310595307
VR3_DzZ,EE_D,0.9137077406489261,0.9137077406489261
VR3_Dt,VR3_D,0.9136837037578517,0.9136837037578517
AATSC4c,MATS4c,0.9132817393373384,0.9132817393373384
apol,EE_D,0.9132382345159137,0.9132382345159137
ASP-1,ASP-2,0.913092524913408,0.913092524913408
SpMin4_Bhe,SpMin5_Bhe,0.9129612011907264,0.9129612011907264
Kier2,EE_D,0.9129242482588367,0.9129242482588367
ETA_Beta_ns_d,ETA_BetaP_ns_d,0.912447878884639,0.912447878884639
ASP-1,ASP-3,0.9124121242366613,0.9124121242366613
apol,SpMax_Dt,0.911973354594086,0.911973354594086
AATS0v,GATS1v,-0.9119186449426551,0.9119186449426551
SpMin5_Bhe,SpMin6_Bhe,0.9113905532874016,0.9113905532874016
SpMax6_Bhm,piPC1,0.9113654388741276,0.9113654388741276
SpMax3_Bhv,SpMax4_Bhv,0.910955941217034,0.910955941217034
AATS1e,ETA_Epsilon_4,0.910947565154012,0.910947565154012
ATS2s,ATS3s,0.9109216368159462,0.9109216368159462
JGI1,JGT,0.9109094843116549,0.9109094843116549
AATSC8v,MATS8p,0.9108563243892435,0.9108563243892435
nO,SM1_Dze,0.9107387894419221,0.9107387894419221
SpMax7_Bhm,piPC1,0.9101854685437624,0.9101854685437624
SpMin5_Bhm,SpMax5_Bhv,0.9098264043418083,0.9098264043418083
SC-6,VC-6,0.909774917864106,0.909774917864106
SpMax3_Bhs,SpMax4_Bhs,0.9094929871014574,0.9094929871014574
ETA_EtaP_B,JGT,0.9094082394134472,0.9094082394134472
SpMin5_Bhm,CIC0,0.9093116174318332,0.9093116174318332
ETA_dEpsilon_B,HybRatio,-0.9092574945635802,0.9092574945635802
SpMin5_Bhm,SpMin4_Bhv,0.9092425475881623,0.9092425475881623
SpMax5_Bhm,piPC1,0.909221124255948,0.909221124255948
SpMin8_Bhv,SpMin7_Bhe,0.9089258965366528,0.9089258965366528
naAromAtom,nHaaCH,0.9087626398883392,0.9087626398883392
naAromAtom,nBondsM,0.9087491540568314,0.9087491540568314
ASP-2,ASP-3,0.9086156561449518,0.9086156561449518
VE3_Dzv,VE3_Dzs,0.9085979235005843,0.9085979235005843
ATSC1p,AATSC1p,0.9077227372143363,0.9077227372143363
nBondsM,nwHBa,0.9076771153096406,0.9076771153096406
AATSC0e,ETA_Epsilon_2,0.9076714591549165,0.9076714591549165
SpMax4_Bhv,piPC1,0.907624828214808,0.907624828214808
apol,VR3_DzZ,0.9075853468468014,0.9075853468468014
SpMax4_Bhv,SpMin4_Bhe,0.9075522845303718,0.9075522845303718
SpMax5_Bhv,piPC1,0.9072339358237612,0.9072339358237612
SpMax5_Bhv,SpMin6_Bhv,0.9069178390277282,0.9069178390277282
AATS4e,AATS5e,0.9069012625824664,0.9069012625824664
SpMAD_Dt,EE_Dt,0.9068964756573756,0.9068964756573756
AATS3v,AATS3p,0.9063060047995819,0.9063060047995819
ATSC1m,AATSC1m,0.9063024590485018,0.9063024590485018
C2SP2,nHother,0.9060742662893868,0.9060742662893868
AATSC2v,MATS2p,0.905844236866883,0.905844236866883
SCH-7,VCH-6,0.9055428965192527,0.9055428965192527
ATS0p,EE_D,0.9054547632987389,0.9054547632987389
AATSC5v,GATS5v,-0.905372776011787,0.905372776011787
SC-5,VPC-4,0.905234722638215,0.905234722638215
AATSC5c,MATS5c,0.9052006512169447,0.9052006512169447
SpMax4_Bhv,SpMin5_Bhv,0.9051788884376316,0.9051788884376316
AATSC3c,MATS3c,0.9048743305910348,0.9048743305910348
SC-5,VC-5,0.9044292381180021,0.9044292381180021
ATS0p,VR3_DzZ,0.9044047967302487,0.9044047967302487
AVP-2,AVP-3,0.9041546715716484,0.9041546715716484
ETA_BetaP,ETA_EtaP_L,-0.9040393797089304,0.9040393797089304
VR2_DzZ,VR1_Dzv,0.9037767539355143,0.9037767539355143
apol,SpMAD_DzZ,0.9036605763314626,0.9036605763314626
AATS0s,AATSC0e,0.9032905516625261,0.9032905516625261
VR2_DzZ,VR2_Dzv,0.9031853591520443,0.9031853591520443
AATS0e,AATS0s,0.9031478753921831,0.9031478753921831
SpMin7_Bhm,SpMin5_Bhe,0.9031432159578086,0.9031432159578086
AATS1e,ETA_Epsilon_2,0.902660577728876,0.902660577728876
SpMax7_Bhm,SpMax4_Bhv,0.9026150171993726,0.9026150171993726
AATS1m,AATS2m,0.902607294126389,0.902607294126389
AVP-1,AVP-3,0.9024959574913849,0.9024959574913849
AATSC4p,MATS4p,0.9023314425288904,0.9023314425288904
SpMax6_Bhm,SpMax4_Bhv,0.9023260484114293,0.9023260484114293
AATS1e,AATS3e,0.9023116507931138,0.9023116507931138
SpMin7_Bhe,SpMin8_Bhe,0.9022541282662885,0.9022541282662885
C2SP2,nwHBa,0.9022464374710095,0.9022464374710095
SpMax3_Bhv,SpMin3_Bhv,0.9021267236132453,0.9021267236132453
SpMin6_Bhm,SpMin8_Bhv,0.902072651700813,0.902072651700813
SpMax7_Bhm,SpMin6_Bhv,0.9020584897375902,0.9020584897375902
AATS1v,AATS2p,0.901932516013893,0.901932516013893
SpMin6_Bhm,SpMin8_Bhm,0.9016944042693564,0.9016944042693564
SpMin7_Bhm,SpMin6_Bhe,0.9015973311239299,0.9015973311239299
nHBa,TopoPSA,0.9013432741803441,0.9013432741803441
ATSC0e,nHBa,0.9010376009848965,0.9010376009848965
SC-5,GGI3,0.9009841080532995,0.9009841080532995
SpMin1_Bhm,SpMin1_Bhv,0.9009498697867704,0.9009498697867704
SpMin5_Bhv,SpMin7_Bhv,0.9008770808496855,0.9008770808496855
ATSC1v,AATSC1v,0.9007814886039198,0.9007814886039198
SpMin4_Bhm,SpMax5_Bhv,0.9007378172240985,0.9007378172240985
SC-6,nssssC,0.9005379127162255,0.9005379127162255
AATSC8c,MATS8c,0.9005241744336969,0.9005241744336969
SpMin5_Bhm,SpMin4_Bhe,0.9003698292301575,0.9003698292301575
SpMin4_Bhm,SpMax4_Bhv,0.9003580837335003,0.9003580837335003
nBondsD2,ndssC,0.9003186190320688,0.9003186190320688
SpMax7_Bhm,SpMin5_Bhv,0.9000492295201232,0.9000492295201232
SpMin6_Bhm,SpMin6_Bhe,0.8999263498166861,0.8999263498166861
SM1_Dze,nHBAcc,0.8998399987469465,0.8998399987469465
C2SP3,nHCsats,0.8997111137211975,0.8997111137211975
SpMin3_Bhm,SpMin4_Bhm,0.8995914465841757,0.8995914465841757
VR3_DzZ,VR3_Dt,0.8995222500081683,0.8995222500081683
SpMin5_Bhm,SpMin7_Bhv,0.8993067843329544,0.8993067843329544
apol,VR3_D,0.8992734580548759,0.8992734580548759
GATS6v,GATS6p,0.8990892286447525,0.8990892286447525
nHBAcc,MLFER_BH,0.8990811761986245,0.8990811761986245
SpMin3_Bhs,SpMin4_Bhs,0.8989008525570868,0.8989008525570868
nHBint3,SHBint3,0.898715744343807,0.898715744343807
SpMin8_Bhm,SpMin6_Bhe,0.8984087107773683,0.8984087107773683
VR2_Dze,VR2_Dzp,0.8983530287433346,0.8983530287433346
SM1_DzZ,nHBa,0.898009271665261,0.898009271665261
ATSC2i,AATSC2i,0.8977420284439395,0.8977420284439395
ATS3s,ATSC0e,0.8976784809797003,0.8976784809797003
SpMin4_Bhm,CIC0,0.8973446562736721,0.8973446562736721
ATSC4m,AATSC4m,0.897267532544765,0.897267532544765
nssssC,MDEC-14,0.8971845199578502,0.8971845199578502
SpMax2_Bhs,SpMax3_Bhs,0.8970473029716759,0.8970473029716759
nF9Ring,nF9HeteroRing,0.8969638216028654,0.8969638216028654
VC-3,VPC-4,0.8967161388050996,0.8967161388050996
nHBint9,SHBint9,0.8965777888594211,0.8965777888594211
AATS1p,Mp,0.8965727031978998,0.8965727031978998
SpMin6_Bhv,SpMin8_Bhv,0.8964931893161718,0.8964931893161718
ETA_Beta,piPC1,0.896417998690349,0.896417998690349
ATS0p,VR3_D,0.8963835005164781,0.8963835005164781
nsssCH,SHCsats,0.8963772738087545,0.8963772738087545
GATS7v,GATS7p,0.8961526655906865,0.8961526655906865
AATS7e,AATS7i,0.8961396774126231,0.8961396774126231
SpMin6_Bhm,CIC0,0.8960619650497312,0.8960619650497312
ATSC1p,MATS1p,0.8958446172316518,0.8958446172316518
ATS0p,SpMax_Dt,0.8957192897730778,0.8957192897730778
VE1_Dzv,VE1_Dzp,0.895632881357095,0.895632881357095
AATS4v,AATS4p,0.8956293356461702,0.8956293356461702
ATS3s,GGI2,0.8955006877119314,0.8955006877119314
ASP-1,ETA_Epsilon_3,-0.8954003789467948,0.8954003789467948
ATSC7e,ATSC7s,0.8953194354451971,0.8953194354451971
VC-5,MDEC-34,0.8952955649802061,0.8952955649802061
SpMin6_Bhv,SpMin4_Bhe,0.8952647737519744,0.8952647737519744
SpMax_Dt,SpMAD_Dt,0.8951401697807206,0.8951401697807206
nssssNp,SssssNp,0.89399318512358,0.89399318512358
VPC-4,GGI3,0.893967539729484,0.893967539729484
MDEC-24,MDEC-34,0.8933404632986286,0.8933404632986286
SCH-6,SCH-7,0.8933181396278013,0.8933181396278013
nssO,MDEO-22,0.8932546537524458,0.8932546537524458
VR1_D,VR2_D,0.8931514300689964,0.8931514300689964
SpMax6_Bhm,SpMin5_Bhv,0.8928818552775565,0.8928818552775565
apol,ATSC0p,0.892869391898679,0.892869391898679
nHBint6,SHBint6,0.892729751782,0.892729751782
MATS5p,GATS5p,-0.8924604730572095,0.8924604730572095
SpMax4_Bhv,SpMin3_Bhv,0.8923120393525216,0.8923120393525216
VC-5,nssssC,0.8920975332958222,0.8920975332958222
ATSC5v,ATSC5p,0.8919512293751274,0.8919512293751274
VE2_Dzv,VE2_Dzp,0.8918708281525232,0.8918708281525232
nHaaCH,nHother,0.8915146449753488,0.8915146449753488
AATSC7p,MATS7p,0.8914816817542914,0.8914816817542914
ATS2s,ATSC0i,0.8913935152991547,0.8913935152991547
SpMin3_Bhv,SpMin4_Bhv,0.8904245524374209,0.8904245524374209
SpMin8_Bhm,SpMin7_Bhe,0.8903021950248358,0.8903021950248358
nssssC,MDEC-44,0.8902959180487703,0.8902959180487703
VR1_Dzv,VR2_Dze,0.8897650787658841,0.8897650787658841
AATS3e,ETA_Epsilon_4,0.8896558703647895,0.8896558703647895
AATSC5i,MATS5i,0.8891479240182849,0.8891479240182849
C4SP3,MDEC-24,0.8891436441998948,0.8891436441998948
AATSC6e,AATSC6s,0.8891002017948663,0.8891002017948663
SpMin8_Bhv,SpMin5_Bhe,0.8890325491762142,0.8890325491762142
SpMin5_Bhm,SpMin7_Bhm,0.8888340776632346,0.8888340776632346
nHBd,SHBd,0.8887218890794809,0.8887218890794809
ATSC8v,ATSC8p,0.8885248744751024,0.8885248744751024
SpMax6_Bhm,SpMin6_Bhv,0.8885002052678971,0.8885002052678971
ATS0p,SpMAD_DzZ,0.887904932399977,0.887904932399977
ATSC2s,AATSC2s,0.8878036299051099,0.8878036299051099
ATS0s,nHBa,0.8876588994736985,0.8876588994736985
AATSC6v,MATS6p,0.8874683177376094,0.8874683177376094
ATS0s,ETA_Eta_B,0.8874525960372064,0.8874525960372064
AATSC7v,MATS7p,0.886892583389003,0.886892583389003
ATS0s,ATS3s,0.8868050488780476,0.8868050488780476
SpMin4_Bhv,SpMin6_Bhv,0.8867196698542184,0.8867196698542184
AATS1v,Mp,0.8866506887013538,0.8866506887013538
VC-6,nssssC,0.8866321604361943,0.8866321604361943
SIC0,CIC0,-0.886362045359448,0.886362045359448
ATSC4v,ATSC4p,0.8862371517296763,0.8862371517296763
SpMin7_Bhv,SpMin7_Bhe,0.885994488944199,0.885994488944199
VR1_Dzv,VR2_Dzv,0.885992343711186,0.885992343711186
SpMax4_Bhs,SpMax6_Bhs,0.885870203138023,0.885870203138023
AATS7v,AATS8v,0.8856892030821926,0.8856892030821926
AATSC0e,ETA_Epsilon_4,0.885393231196127,0.885393231196127
IC0,MIC0,0.885365240731804,0.885365240731804
SpMin2_Bhs,SpMin3_Bhs,0.8848784135130138,0.8848784135130138
AATSC1v,MATS1p,0.8845613075677584,0.8845613075677584
SIC2,CIC3,-0.8844838367049757,0.8844838367049757
SpMin6_Bhm,SpMin4_Bhe,0.8844042100176681,0.8844042100176681
VR2_DzZ,VR2_Dzp,0.8841815505384237,0.8841815505384237
VR1_DzZ,VR2_Dze,0.8838190342173722,0.8838190342173722
ATSC2v,AATSC2v,0.8837724608227208,0.8837724608227208
SpMin6_Bhe,SpMin6_Bhs,0.8835758651112313,0.8835758651112313
minHother,maxHother,0.8831312419458766,0.8831312419458766
ETA_EtaP_L,HybRatio,0.8831094847674509,0.8831094847674509
AATSC0e,meanI,0.8830892050125547,0.8830892050125547
SpMin6_Bhv,CIC0,0.8830809442084268,0.8830809442084268
nHother,SwHBa,0.8830323506063504,0.8830323506063504
SpMAD_DzZ,EE_D,0.8829555480991601,0.8829555480991601
SpMax5_Bhm,SpMin5_Bhv,0.8829381197038844,0.8829381197038844
SpMax5_Bhv,SpMin3_Bhv,0.8828305871478009,0.8828305871478009
ATSC2p,MATS2p,0.8827042468670512,0.8827042468670512
SpMax5_Bhv,SpMin4_Bhe,0.882656416570727,0.882656416570727
MATS4p,GATS4p,-0.8826556867747177,0.8826556867747177
GATS2v,GATS2p,0.8825940793492784,0.8825940793492784
C1SP1,mintsC,0.8824231577318885,0.8824231577318885
SpMAD_DzZ,Kier2,0.8819553059259766,0.8819553059259766
SpMin4_Bhm,SpMin3_Bhv,0.8818074225403814,0.8818074225403814
apol,ATSC0i,0.8817615132940344,0.8817615132940344
AATSC7s,MATS7s,0.8817495810140117,0.8817495810140117
SpMin4_Bhm,SpMin6_Bhv,0.881724962808776,0.881724962808776
SpMax3_Bhv,piPC1,0.8816650073145245,0.8816650073145245
SpMin5_Bhe,SpMin5_Bhs,0.8815088641794849,0.8815088641794849
apol,EE_Dt,0.8812489809050291,0.8812489809050291
SpMin7_Bhv,SpMin4_Bhe,0.8806151963209747,0.8806151963209747
AATS2p,Mp,0.8805542018798266,0.8805542018798266
ATS4m,ATSC0p,0.8798363984316011,0.8798363984316011
AATSC0e,AATSC0s,0.8798028726491521,0.8798028726491521
ATSC2v,ATSC2p,0.8794076773009498,0.8794076773009498
AATS1m,MIC0,0.8791413343898998,0.8791413343898998
AATS2m,AATS3m,0.8789726827117047,0.8789726827117047
SpMax_Dt,EE_Dt,0.8788700536551541,0.8788700536551541
ATSC0e,ETA_Eta_B,0.8786014511669712,0.8786014511669712
ATSC1i,MATS1i,0.8785650993966891,0.8785650993966891
SpMin8_Bhm,SpMin5_Bhe,0.8785464293328629,0.8785464293328629
EE_Dt,fragC,0.8783942392167463,0.8783942392167463
AATSC2e,MATS2e,0.8782812914371119,0.8782812914371119
SpMax5_Bhv,SpMin5_Bhe,0.8781401235739329,0.8781401235739329
SpMax7_Bhm,SpMin4_Bhv,0.8779378881760194,0.8779378881760194
AATSC1e,MATS1e,0.8779222804526481,0.8779222804526481
ATS3s,ETA_Eta_B,0.8777112181735656,0.8777112181735656
naaaC,SaaaC,0.8776118408122183,0.8776118408122183
SHCsats,ETA_dBeta,-0.8773213614349081,0.8773213614349081
AATSC4v,MATS4p,0.8771668302824067,0.8771668302824067
AATSC5v,MATS5p,0.877074516207734,0.877074516207734
GATS6e,GATS6s,0.8766266300589324,0.8766266300589324
SC-5,SC-6,0.876511484684376,0.876511484684376
minHsOH,maxHsOH,0.8763908770457116,0.8763908770457116
apol,ATS3s,0.8763298602884877,0.8763298602884877
SpMax7_Bhm,SpMin4_Bhe,0.8762140063654844,0.8762140063654844
apol,Kier2,0.8761822406379993,0.8761822406379993
SC-6,VC-5,0.8761622830194622,0.8761622830194622
ATSC2e,AATSC2e,0.8761301282408003,0.8761301282408003
ATSC8e,ATSC8s,0.8761294309049338,0.8761294309049338
SHsSH,maxHsSH,0.8760379995199512,0.8760379995199512
AVP-0,AVP-1,0.8757519021571547,0.8757519021571547
topoRadius,WPATH,0.8754773587656179,0.8754773587656179
apol,CIC0,0.8753661505487147,0.8753661505487147
VE1_D,VE2_D,0.8751476434406905,0.8751476434406905
SpMax3_Bhv,SpMax5_Bhv,0.8750670356107068,0.8750670356107068
ATS0p,piPC1,0.8750598363411424,0.8750598363411424
ATSC2i,MATS2i,0.8750084322635509,0.8750084322635509
SC-6,MDEC-44,0.8746433526103963,0.8746433526103963
ATSC6e,ATSC6s,0.8744172248943999,0.8744172248943999
SpMAD_D,WPATH,0.8743622558075927,0.8743622558075927
SssssC,minssssC,0.8743039218691591,0.8743039218691591
apol,ATS2s,0.8741611644830081,0.8741611644830081
VE3_DzZ,VE3_Dzs,0.873980140925162,0.873980140925162
SpMin3_Bhm,SpMin4_Bhv,0.8737777006425915,0.8737777006425915
ATS0p,EE_Dt,0.8736027974190405,0.8736027974190405
nO,nHBa,0.8733913065193227,0.8733913065193227
SpMin4_Bhe,piPC1,0.8733263135014411,0.8733263135014411
AATSC8v,MATS8m,0.8731172522247728,0.8731172522247728
ATS3s,SHCsats,0.8731149229793986,0.8731149229793986
SM1_Dze,TopoPSA,0.8728842022439981,0.8728842022439981
ATS0p,ATSC0i,0.8728342006411043,0.8728342006411043
ATSC1i,AATSC1i,0.8727907907227823,0.8727907907227823
VPC-4,ETA_EtaP,0.8723625451255265,0.8723625451255265
ATSC2e,ATSC2s,0.8722028021602258,0.8722028021602258
SpMin5_Bhv,CIC0,0.8721817205398494,0.8721817205398494
SpMin7_Bhm,SpMin5_Bhv,0.8720839420462333,0.8720839420462333
nHCsats,ETA_dBeta,-0.8719525648078786,0.8719525648078786
ATS2s,SM1_Dze,0.8712580434489509,0.8712580434489509
VC-6,MDEC-44,0.8711432881164218,0.8711432881164218
nO,ATS0s,0.8711126889940957,0.8711126889940957
SpMin4_Bhv,SpMin5_Bhe,0.8710214584038924,0.8710214584038924
nHCsats,ETA_EtaP,0.8709895413703213,0.8709895413703213
ASP-2,ETA_Epsilon_3,-0.8708268757500732,0.8708268757500732
AATSC6v,AATSC6p,0.870667742799663,0.870667742799663
AATSC6s,MATS6s,0.8705491312444231,0.8705491312444231
SpMax7_Bhm,SpMin5_Bhm,0.8705101183030879,0.8705101183030879
ETA_dEpsilon_B,ETA_BetaP,0.8704275471324797,0.8704275471324797
ATS0p,ZMIC1,0.8704205535409243,0.8704205535409243
SpMax7_Bhm,SpMin7_Bhv,0.8701529246969835,0.8701529246969835
ATS2s,VR3_DzZ,0.8699041192424048,0.8699041192424048
SpMax4_Bhv,SpMin6_Bhv,0.8697647478236413,0.8697647478236413
SpMin5_Bhm,SpMax4_Bhv,0.8694828168293085,0.8694828168293085
VC-6,MDEC-24,0.869476851679162,0.869476851679162
AATS3v,AATS4v,0.8694748233246727,0.8694748233246727
SpMax3_Bhv,SpMin4_Bhv,0.8694512717539139,0.8694512717539139
SpMin7_Bhm,SpMin4_Bhe,0.8692656287195089,0.8692656287195089
AATS0s,ETA_Epsilon_4,0.8691901438576586,0.8691901438576586
SpMax6_Bhm,SpMin4_Bhv,0.8689864306694699,0.8689864306694699
SpMin8_Bhm,SpMin6_Bhv,0.8688582374970002,0.8688582374970002
SC-5,MDEC-34,0.8688551138254265,0.8688551138254265
SpMin7_Bhm,CIC0,0.8683811466664834,0.8683811466664834
AATS0p,AATS1p,0.8682881882896852,0.8682881882896852
SpMin5_Bhv,piPC1,0.8679068516765243,0.8679068516765243
GATS2c,GATS2e,0.8678187443129338,0.8678187443129338
VPC-4,MDEC-34,0.8676994016168328,0.8676994016168328
SpMin7_Bhv,CIC0,0.8676363051256332,0.8676363051256332
ATS0p,Kier2,0.8674540346397505,0.8674540346397505
MATS4p,GATS4v,-0.867452859496995,0.867452859496995
SpMax1_Bhs,SpMax2_Bhs,0.8672573189117058,0.8672573189117058
ETA_EtaP_B_RC,JGI1,0.8671702009187209,0.8671702009187209
ETA_Epsilon_4,ETA_dPsi_A,0.8670749200913793,0.8670749200913793
GATS5v,GATS5p,0.8669514585129351,0.8669514585129351
SpMin6_Bhv,piPC1,0.8667057329427198,0.8667057329427198
AATSC0s,meanI,0.8667011157310014,0.8667011157310014
AATS6v,AATS7v,0.8665573581951557,0.8665573581951557
AATS6p,AATS7p,0.8664603961617773,0.8664603961617773
ATSC4e,ATSC4s,0.8664472835648293,0.8664472835648293
ATS3s,SpMax_Dt,0.8661968252847351,0.8661968252847351
SpMax7_Bhm,SpMin6_Bhm,0.8658729785294204,0.8658729785294204
SpMax_Dt,fragC,0.8658573686097434,0.8658573686097434
MATS1c,MATS2c,-0.8658231136407978,0.8658231136407978
AATS3m,AMW,0.8657438887998361,0.8657438887998361
ATSC5p,ATSC5i,0.8657141012395186,0.8657141012395186
AATS3e,AATS3s,0.8656817052786562,0.8656817052786562
SpMin4_Bhm,SpMin6_Bhm,0.8656434462600129,0.8656434462600129
SpMax7_Bhm,SpMax3_Bhv,0.8651746681655507,0.8651746681655507
MATS6e,MATS6s,0.865104376996532,0.865104376996532
ATS4m,ATS0p,0.8650374242232429,0.8650374242232429
ATS2s,EE_D,0.8649358443845504,0.8649358443845504
nHBa,MLFER_BH,0.8648592088017937,0.8648592088017937
AATS5v,AATS6v,0.8647384486800329,0.8647384486800329
AATSC4i,MATS4i,0.8641210815670243,0.8641210815670243
apol,ZMIC1,0.8637744158370013,0.8637744158370013
minHdsCH,mindsCH,0.8636910835386123,0.8636910835386123
nsCH3,MDEC-11,0.8635981648338348,0.8635981648338348
ETA_Epsilon_4,ETA_Psi_1,-0.8633754053865599,0.8633754053865599
AATSC8s,MATS8s,0.8632639843303138,0.8632639843303138
nBondsT,ntN,0.8631781269138266,0.8631781269138266
AATS7p,AATS8p,0.8631739916940495,0.8631739916940495
SpMin3_Bhv,SpMin4_Bhe,0.8630571569795421,0.8630571569795421
SIC1,CIC2,-0.8629164951826133,0.8629164951826133
SpMin7_Bhe,SpMin7_Bhs,0.862647620037184,0.862647620037184
SpMin4_Bhm,SpMin5_Bhe,0.8626364075899126,0.8626364075899126
ATS4m,ATS3s,0.8626188927756189,0.8626188927756189
MATS5p,GATS5v,-0.8624623450758164,0.8624623450758164
apol,VR3_Dt,0.8623938543919156,0.8623938543919156
AATSC4e,MATS4e,0.8623684521309309,0.8623684521309309
SpMax2_Bhv,SpMin2_Bhv,0.8623068312794273,0.8623068312794273
MIC0,AMW,0.8622929239050497,0.8622929239050497
ATS0p,ATS2s,0.8622875751462539,0.8622875751462539
AATSC8v,AATSC8p,0.8622790514633495,0.8622790514633495
SpMax5_Bhm,SpMin4_Bhv,0.8620771678094175,0.8620771678094175
AATSC2e,AATSC2s,0.8618887495633906,0.8618887495633906
SpMin7_Bhm,SpMin7_Bhe,0.8616319922169382,0.8616319922169382
SpMax3_Bhv,SpMin4_Bhe,0.8615213839957184,0.8615213839957184
ATS3s,GGI3,0.8615025035141697,0.8615025035141697
ATS3s,EE_Dt,0.861405234436034,0.861405234436034
EE_D,VR3_D,0.8610990719873487,0.8610990719873487
VR1_Dzv,VR2_Dzp,0.8609086236907899,0.8609086236907899
AATSC5p,GATS5p,-0.8609078088178371,0.8609078088178371
ETA_dBeta,ETA_EtaP,-0.8606126711443066,0.8606126711443066
AATS1e,IC0,0.8606028241054815,0.8606028241054815
AATS2p,AATS3p,0.8605437827347792,0.8605437827347792
CIC2,CIC3,0.8600982107992834,0.8600982107992834
AVP-5,AVP-6,0.860053959279096,0.860053959279096
AATS5p,AATS6p,0.8598706656337395,0.8598706656337395
SIC2,SIC3,0.8598138147663985,0.8598138147663985
SpMax3_Bhs,SpMax5_Bhs,0.8597766689545117,0.8597766689545117
SpMin5_Bhe,piPC1,0.8593555038676861,0.8593555038676861
GATS7e,GATS7s,0.8591663028628775,0.8591663028628775
nHBint5,SHBint5,0.8590180961243803,0.8590180961243803
SpMin3_Bhm,SpMax4_Bhv,0.8586929931467617,0.8586929931467617
AATS7v,AATS8p,0.858677543242906,0.858677543242906
ETA_Beta,MLFER_E,0.8585646180469367,0.8585646180469367
MATS2i,GATS2i,-0.8584683608663619,0.8584683608663619
nwHBa,nHother,0.8583937192128784,0.8583937192128784
SpMax6_Bhm,SpMin4_Bhe,0.8581469744157348,0.8581469744157348
ATSC4p,ATSC4i,0.8580991324827119,0.8580991324827119
SpMin4_Bhv,piPC1,0.8579958132938723,0.8579958132938723
nssssNp,minssssNp,0.8579600050222318,0.8579600050222318
AATS3e,AATSC0e,0.8579363437133554,0.8579363437133554
ETA_Eta_B,GGI3,0.8575822290588859,0.8575822290588859
C4SP3,VC-6,0.8574241044229485,0.8574241044229485
MDEC-24,MDEC-44,0.8572807328314432,0.8572807328314432
SpMax6_Bhm,SpMax3_Bhv,0.8572549739082675,0.8572549739082675
SpMax5_Bhm,SpMax3_Bhv,0.8568367752779747,0.8568367752779747
SpMin6_Bhm,SpMax5_Bhv,0.8568339997474081,0.8568339997474081
ETA_Eta_F,MLFER_S,0.8567914965204524,0.8567914965204524
SpMin3_Bhm,CIC0,0.8565062518275743,0.8565062518275743
ATS0p,VR3_Dt,0.8564650449025388,0.8564650449025388
SpMin3_Bhm,SpMax5_Bhv,0.8562747181927809,0.8562747181927809
SpMin6_Bhm,SpMin4_Bhv,0.8562483004547736,0.8562483004547736
MDEC-14,MDEC-34,0.8561884005349832,0.8561884005349832
AVP-0,AVP-2,0.8561208772482055,0.8561208772482055
IC1,MIC1,0.8559571379570197,0.8559571379570197
SpMax5_Bhm,SpMin6_Bhv,0.8558039023310421,0.8558039023310421
ATSC3i,MATS3i,0.8557144255750817,0.8557144255750817
nssO,MDEO-12,0.8556335065872418,0.8556335065872418
ETA_Eta_B,GGI2,0.855627816705129,0.855627816705129
VR3_DzZ,SpMax_Dt,0.8555254828155108,0.8555254828155108
VC-5,MDEC-24,0.8555132672615124,0.8555132672615124
SIC4,CIC3,-0.8554131691170547,0.8554131691170547
AATSC3v,GATS3v,-0.8553815635042012,0.8553815635042012
ETA_Shape_P,ETA_EtaP_B,0.8553101994631409,0.8553101994631409
AATSC5e,MATS5e,0.8552691406838202,0.8552691406838202
SpMax_Dt,VR3_D,0.8552682806833214,0.8552682806833214
apol,piPC1,0.8552650407891469,0.8552650407891469
fragC,nRing,0.8551087263342454,0.8551087263342454
AATS1v,AATS1p,0.854855857473171,0.854855857473171
nRotB,nRotBt,0.854818664606897,0.854818664606897
ATS2s,VR3_D,0.8547110810324421,0.8547110810324421
AATS0s,AATS2s,0.8542458322230465,0.8542458322230465
SpMin5_Bhm,SpMin5_Bhs,0.8539073104651059,0.8539073104651059
AATS3e,ETA_Epsilon_2,0.8538144358715755,0.8538144358715755
ETA_Eta_F,EE_D,0.8533433823326191,0.8533433823326191
SpMin8_Bhv,SpMin4_Bhe,0.8533275244075119,0.8533275244075119
AATSC7e,AATSC7s,0.8532832662723371,0.8532832662723371
CIC0,MLogP,0.8532724403810026,0.8532724403810026
GATS6p,GATS6i,0.8531543091494381,0.8531543091494381
SC-5,nssssC,0.852999412225023,0.852999412225023
SpMax7_Bhm,SpMin5_Bhe,0.8529264222334144,0.8529264222334144
C4SP3,nssssC,0.8528138067919018,0.8528138067919018
SpMax6_Bhm,SpMin5_Bhm,0.8526914280204099,0.8526914280204099
SpMin4_Bhv,CIC0,0.8523612206360786,0.8523612206360786
nsCH3,MDEC-13,0.8522771289034052,0.8522771289034052
ATS4m,GGI3,0.8520634367576658,0.8520634367576658
SpMin5_Bhv,SpMin8_Bhv,0.851563798277271,0.851563798277271
VR3_DzZ,Kier2,0.8515210898963893,0.8515210898963893
SpMin3_Bhv,SpMin5_Bhv,0.8514294302691371,0.8514294302691371
AATS0v,AATS0p,0.8512844111944164,0.8512844111944164
MLFER_BH,TopoPSA,0.850918138732751,0.850918138732751
SpMin3_Bhm,SpMin5_Bhm,0.8507724441997581,0.8507724441997581
AATSC0s,ETA_Epsilon_2,0.8505739982006344,0.8505739982006344
ETA_EtaP,GGI2,0.850302855184024,0.850302855184024
AATS0e,IC0,0.8500511535050893,0.8500511535050893
AATSC0s,ETA_Epsilon_4,0.8500195920443714,0.8500195920443714
VR3_DzZ,ETA_Eta_F,0.8498508327818228,0.8498508327818228
SHBd,ETA_dEpsilon_D,0.8497496376408368,0.8497496376408368
SpMin5_Bhe,CIC0,0.8497220068798957,0.8497220068798957
SaasC,maxaasC,0.8496498735513276,0.8496498735513276
C2SP3,SHCsats,0.8492740226178084,0.8492740226178084
ATS4m,EE_Dt,0.8488846902625372,0.8488846902625372
AATSC3v,MATS3p,0.8487775961041665,0.8487775961041665
CIC0,CIC1,0.8483047058539268,0.8483047058539268
VE1_Dzs,VE2_Dzs,0.8482346587341612,0.8482346587341612
ETA_Eta_F,Kier2,0.8480872166027555,0.8480872166027555
SpMin7_Bhv,piPC1,0.8480621125430449,0.8480621125430449
AATS3p,AATS4p,0.8479057603029345,0.8479057603029345
ATS4m,GGI2,0.8478340504526172,0.8478340504526172
VPC-4,nssssC,0.8477736068106103,0.8477736068106103
SpMin4_Bhv,SpMin7_Bhv,0.8476616773711558,0.8476616773711558
SC-6,MDEC-34,0.8469884958052871,0.8469884958052871
GATS1v,GATS1p,0.8469696230650121,0.8469696230650121
VE1_Dzv,VE2_Dzv,0.8469562488045145,0.8469562488045145
ASP-6,ASP-7,0.8465139442511452,0.8465139442511452
VE1_DzZ,VE2_DzZ,0.8465040167687392,0.8465040167687392
nsssCH,ETA_dBeta,-0.8464918463386486,0.8464918463386486
MATS6p,GATS6p,-0.846335809430179,0.846335809430179
EE_Dt,GGI2,0.8462826608018573,0.8462826608018573
VC-5,GGI2,0.8459401297470166,0.8459401297470166
VC-3,GGI2,0.845913602983281,0.845913602983281
VR3_Dt,EE_D,0.845601333198737,0.845601333198737
SpMax5_Bhv,SpMin7_Bhv,0.8455531210530407,0.8455531210530407
SpMin5_Bhm,SpMin8_Bhv,0.8453793249643126,0.8453793249643126
VC-3,VC-4,0.8452122097856074,0.8452122097856074
MATS1p,MATS1i,0.8451013763648512,0.8451013763648512
SpMax7_Bhm,SpMin3_Bhv,0.845063570130869,0.845063570130869
ATS0p,ATS3s,0.8449261452956328,0.8449261452956328
GATS4v,GATS4p,0.8447655761365312,0.8447655761365312
ATS2s,ETA_Eta_B,0.8445911055114194,0.8445911055114194
SpMin3_Bhm,SpMax3_Bhv,0.8444261364852255,0.8444261364852255
AATS0s,ETA_Epsilon_2,0.8442877234328968,0.8442877234328968
SpMax3_Bhv,SpMin2_Bhv,0.8442702858581433,0.8442702858581433
EE_Dt,piPC1,0.8442342759004322,0.8442342759004322
SpMin5_Bhm,SpMin3_Bhv,0.8441752673554855,0.8441752673554855
SpMax5_Bhm,SpMin4_Bhe,0.8441720596335112,0.8441720596335112
MDEC-11,MDEC-13,0.8438733068777879,0.8438733068777879
nHBd,nHBint3,0.8437794052454248,0.8437794052454248
AATS0e,AATS2s,0.8433646145718725,0.8433646145718725
ETA_Eta_F,VR3_D,0.8433340439507945,0.8433340439507945
AATSC6v,GATS6v,-0.8432709820611283,0.8432709820611283
MDEC-34,MDEC-44,0.8431058333506417,0.8431058333506417
SpMax6_Bhm,SpMin5_Bhe,0.8430976037855197,0.8430976037855197
ETA_dAlpha_B,ETA_dPsi_A,0.8429154335391498,0.8429154335391498
SC-6,MDEC-24,0.8425509200345401,0.8425509200345401
SpMax4_Bhv,SpMin5_Bhe,0.8424797202493646,0.8424797202493646
nwHBd,minwHBd,0.8421558695756193,0.8421558695756193
VC-6,MDEC-34,0.8416775292885551,0.8416775292885551
SpMax_Dt,EE_D,0.8416687698797394,0.8416687698797394
MATS4p,MATS4i,0.841372546558971,0.841372546558971
AATS1e,AATSC0e,0.8413581316025126,0.8413581316025126
VE1_Dt,VE2_Dt,0.8412479493025461,0.8412479493025461
ZMIC1,Kier2,0.8412250284310004,0.8412250284310004
ETA_dAlpha_B,ETA_Psi_1,-0.8411366784329324,0.8411366784329324
ATS2s,ETA_Eta_F,0.8410077327279369,0.8410077327279369
VCH-5,VCH-6,0.8410006182562434,0.8410006182562434
SpMin8_Bhv,CIC0,0.8404491019299686,0.8404491019299686
MATS6p,MATS6i,0.8403151402897273,0.8403151402897273
AATS5m,AATS6m,0.8402395646730335,0.8402395646730335
SpMin6_Bhm,SpMin6_Bhs,0.8402023748489076,0.8402023748489076
nO,ATS3s,0.840003515996787,0.840003515996787
SpMin5_Bhs,SpMin7_Bhs,0.8398748059900938,0.8398748059900938
AATSC4e,AATSC4s,0.8397104184112422,0.8397104184112422
C4SP3,VC-5,0.839569609300695,0.839569609300695
ATS2s,SpMax_Dt,0.8393260661918737,0.8393260661918737
ATS0p,CIC0,0.8392699705457716,0.8392699705457716
SpMin6_Bhm,SpMin5_Bhs,0.8391836420352006,0.8391836420352006
SpMin5_Bhv,SpMin6_Bhe,0.8391703374083245,0.8391703374083245
JGI2,JGT,0.839037345418731,0.839037345418731
SpMax2_Bhv,SpMax3_Bhv,0.8389878333920122,0.8389878333920122
SpMax4_Bhm,SpMax5_Bhm,0.8389692641770294,0.8389692641770294
SpMin3_Bhv,piPC1,0.8386776561976529,0.8386776561976529
SpMin4_Bhe,CIC0,0.8386618779641404,0.8386618779641404
nHBint8,nHBint10,0.8385541772000613,0.8385541772000613
SpMin4_Bhm,SpMin7_Bhv,0.8383966823306834,0.8383966823306834
nBondsD2,ndO,0.8381283146017816,0.8381283146017816
ATSC1v,ATSC1p,0.8380306801700973,0.8380306801700973
SpMax7_Bhm,SpMin4_Bhm,0.838027757447955,0.838027757447955
GATS3v,GATS3p,0.8379554270819686,0.8379554270819686
SC-4,ETA_Shape_X,0.8378178915657893,0.8378178915657893
C1SP1,ntN,0.8377906063219198,0.8377906063219198
Kier2,VR3_D,0.8377401987018934,0.8377401987018934
SpMin8_Bhm,CIC0,0.8377101111496802,0.8377101111496802
SpMax6_Bhm,SpMin7_Bhv,0.8376661942762619,0.8376661942762619
AMR,apol,0.8376159738712996,0.8376159738712996
SpMin5_Bhv,SpMin5_Bhs,0.8374112238906635,0.8374112238906635
SpMax_Dt,ETA_Eta_F,0.8374089149087302,0.8374089149087302
AATSC0e,ETA_dPsi_A,0.8373280735079603,0.8373280735079603
VR1_DzZ,VR2_Dzv,0.8369846293305246,0.8369846293305246
apol,SpMin6_Bhe,0.8368033885937671,0.8368033885937671
AATS6v,AATS7p,0.8367917068864436,0.8367917068864436
ATS0p,ETA_Eta_F,0.8367767675393608,0.8367767675393608
CIC1,CIC2,0.8367312721522859,0.8367312721522859
SpMin8_Bhm,SpMin4_Bhe,0.8364459406572686,0.8364459406572686
apol,SpMin7_Bhv,0.8362178913169985,0.8362178913169985
SpMin3_Bhm,SpMin4_Bhe,0.8359769850395481,0.8359769850395481
apol,ATS4m,0.8359401986306377,0.8359401986306377
SpMax3_Bhv,SpMin5_Bhv,0.8358689386281739,0.8358689386281739
AVP-5,AVP-7,0.8357775018195603,0.8357775018195603
Kier2,nRotBt,0.8355806833220031,0.8355806833220031
AATS2p,GATS1v,-0.8355333552137323,0.8355333552137323
ATS0s,nHBAcc,0.8355055902677732,0.8355055902677732
SpMin8_Bhe,SpMin8_Bhs,0.8353410192935102,0.8353410192935102
ATS3s,VR3_DzZ,0.8349600137862481,0.8349600137862481
nHBd,nHBint6,0.8348739266587697,0.8348739266587697
SCH-6,VCH-5,0.834866975578576,0.834866975578576
SpMin3_Bhm,SpMin5_Bhv,0.8348243700627948,0.8348243700627948
GATS8e,GATS8s,0.8347795024935663,0.8347795024935663
SpMax5_Bhm,SpMin5_Bhe,0.8347155530484741,0.8347155530484741
SpMax5_Bhv,CIC0,0.8346829299587497,0.8346829299587497
apol,SpMin6_Bhv,0.8346188125347713,0.8346188125347713
SpMin6_Bhe,SpMin5_Bhs,0.8345794211710751,0.8345794211710751
nF,AATSC0i,0.8345472562545209,0.8345472562545209
nBondsD,nBondsD2,0.8345378592944465,0.8345378592944465
AATS4s,meanI,0.8343422875862613,0.8343422875862613
SpMin5_Bhm,SpMin6_Bhe,0.834133309952405,0.834133309952405
SpMax6_Bhm,SpMin6_Bhm,0.8340883229774676,0.8340883229774676
apol,SpMin8_Bhv,0.8340311967019709,0.8340311967019709
ETA_Epsilon_3,RotBtFrac,-0.8340107504417774,0.8340107504417774
VC-6,VPC-4,0.833934530846623,0.833934530846623
SC-6,ETA_Shape_X,0.8339076784373183,0.8339076784373183
C4SP3,MDEC-34,0.8338921485207373,0.8338921485207373
AATS0e,AATSC0s,0.8338073924200156,0.8338073924200156
AATSC0e,ETA_Psi_1,-0.8336122545289749,0.8336122545289749
SpMin7_Bhv,SpMin6_Bhs,0.8333351579479814,0.8333351579479814
SpMin2_Bhm,SpMin3_Bhm,0.8333036888601123,0.8333036888601123
ASP-0,ETA_Epsilon_3,-0.8332933237198306,0.8332933237198306
AATS0v,AATS2p,0.8332766256709222,0.8332766256709222
nHBd,nHBint8,0.833236182033121,0.833236182033121
RotBFrac,RotBtFrac,0.8332321229071552,0.8332321229071552
SpMin6_Bhe,CIC0,0.8330380649606122,0.8330380649606122
ZMIC1,EE_D,0.8329328881246146,0.8329328881246146
apol,SpMin5_Bhe,0.8328645885144895,0.8328645885144895
GATS1v,Mp,-0.8327607644919224,0.8327607644919224
hmax,MAXDN,0.8327301457245904,0.8327301457245904
SpMin6_Bhv,SpMin5_Bhs,0.8324348122784826,0.8324348122784826
AATS6e,AATS6i,0.8323062183919165,0.8323062183919165
VC-3,ETA_Eta_B,0.8322695368914413,0.8322695368914413
nHsOH,SHsOH,0.8320677207392594,0.8320677207392594
ATSC1e,AATSC1e,0.8320362148035971,0.8320362148035971
ATSC3v,ATSC3p,0.8319744956497465,0.8319744956497465
SpMin7_Bhm,SpMin6_Bhs,0.8318902087618122,0.8318902087618122
ATS0p,SpMin5_Bhe,0.8317208501486559,0.8317208501486559
AATSC3e,MATS3e,0.8316355241367162,0.8316355241367162
naaN,minaaN,0.8316304913219291,0.8316304913219291
AATSC7v,MATS7m,0.8315183801455431,0.8315183801455431
nO,ETA_Eta_B,0.8313782569155691,0.8313782569155691
ATSC1e,nHBd,-0.8312781870833427,0.8312781870833427
nHBint7,SHBint7,0.8310166634394556,0.8310166634394556
ATSC6p,ATSC6i,0.8309688999207446,0.8309688999207446
ATS0p,SpMin6_Bhe,0.8309047957683797,0.8309047957683797
n5Ring,SRW5,0.8307841816428415,0.8307841816428415
ETA_Epsilon_4,ETA_Epsilon_5,0.8307704045829221,0.8307704045829221
SpMin5_Bhe,SpMin6_Bhs,0.8307287793352685,0.8307287793352685
VC-3,GGI3,0.8306606391765489,0.8306606391765489
SpMin4_Bhm,SpMax3_Bhv,0.8305780846552461,0.8305780846552461
SIC0,MLogP,-0.8303320722294651,0.8303320722294651
AMR,ATS3s,0.8301537098587116,0.8301537098587116
AATS1v,AATS3v,0.8299491409676286,0.8299491409676286
ATS3s,VR3_D,0.8298439908264079,0.8298439908264079
AATSC2s,MATS2s,0.829811939314937,0.829811939314937
SpMax7_Bhm,SpMin7_Bhm,0.829753209878312,0.829753209878312
VC-5,MDEC-44,0.8296361447449243,0.8296361447449243
SpMin8_Bhv,SpMin8_Bhe,0.8294670499178922,0.8294670499178922
AVP-1,AVP-4,0.8293060630478849,0.8293060630478849
GATS7c,GATS7e,0.8292643851585307,0.8292643851585307
SpMax3_Bhm,SpMax4_Bhm,0.8292101990218805,0.8292101990218805
SpMin2_Bhv,SpMin3_Bhv,0.8291925865539549,0.8291925865539549
SpMin4_Bhe,SpMin5_Bhs,0.8289223259572838,0.8289223259572838
SpMax6_Bhm,SpMin4_Bhm,0.8288060504755015,0.8288060504755015
ATS0p,SpMin7_Bhv,0.8284291720887776,0.8284291720887776
apol,ETA_Eta_F,0.8283741278431559,0.8283741278431559
ATS0p,SpMin8_Bhv,0.8283676274393783,0.8283676274393783
AATS0p,AATS2p,0.8282516916978129,0.8282516916978129
SpMin3_Bhv,SpMin6_Bhv,0.8281941167073547,0.8281941167073547
MATS5m,GATS5m,-0.8281664569267524,0.8281664569267524
AATSC1i,MATS1p,0.8281543827217922,0.8281543827217922
AATS0i,AATS2i,0.8279339409882448,0.8279339409882448
SIC0,CIC1,-0.8279199752113863,0.8279199752113863
VC-5,MDEC-14,0.8279149974113699,0.8279149974113699
GATS5e,GATS5s,0.8278074135931307,0.8278074135931307
nO,MDEO-12,0.8275313797609921,0.8275313797609921
AATSC0s,ETA_dPsi_A,0.8275048990453495,0.8275048990453495
SpMax_Dt,VR3_Dt,0.8274905015866555,0.8274905015866555
AATS4v,AATS5v,0.8274455442081701,0.8274455442081701
AATSC6p,GATS6p,-0.8274355365415019,0.8274355365415019
n5Ring,n5HeteroRing,0.8274123266276332,0.8274123266276332
AATSC0v,ETA_Psi_1,0.8273790377906081,0.8273790377906081
SpMin5_Bhm,SpMin8_Bhm,0.8272733336251056,0.8272733336251056
MATS2c,MATS2e,0.827270736447662,0.827270736447662
VE1_Dzp,VE2_Dzp,0.8271669035562478,0.8271669035562478
SpMin7_Bhe,SpMin6_Bhs,0.8265954512403405,0.8265954512403405
SpMax2_Bhv,piPC1,0.826586312064105,0.826586312064105
SpMax5_Bhm,SpMin5_Bhm,0.826543052773732,0.826543052773732
FMF,RotBtFrac,-0.8264596197315195,0.8264596197315195
SpMax6_Bhm,SpMin3_Bhv,0.826444283656451,0.826444283656451
VR3_DzZ,ZMIC1,0.8262351314563644,0.8262351314563644
ATSC2p,AATSC2v,0.8261621079773481,0.8261621079773481
nHaaCH,SwHBa,0.8261540702785484,0.8261540702785484
SpMin7_Bhv,SpMin5_Bhs,0.8257090573709549,0.8257090573709549
nO,nHBAcc,0.8254147467896314,0.8254147467896314
ATSC0i,EE_D,0.8254096750944263,0.8254096750944263
ATSC5e,ATSC5s,0.8253816151373501,0.8253816151373501
ATS0p,SpMin6_Bhv,0.8252493705355096,0.8252493705355096
AATSC6e,MATS6s,0.8252242808892094,0.8252242808892094
SpMax5_Bhm,SpMin3_Bhv,0.8248687236571547,0.8248687236571547
MATS7e,MATS7s,0.824819705433029,0.824819705433029
ATSC0i,SpMAD_DzZ,0.8248004959769297,0.8248004959769297
SM1_Dze,ETA_Eta_B,0.824765234785896,0.824765234785896
ZMIC1,VR3_D,0.824689554183923,0.824689554183923
SpMin7_Bhm,SpMin5_Bhs,0.8243860253675074,0.8243860253675074
ATS0m,ATSC0p,0.8242293826770615,0.8242293826770615
ATS0p,fragC,0.8240691956290355,0.8240691956290355
IC0,SIC0,0.8239672165506927,0.8239672165506927
AATSC0s,ETA_Psi_1,-0.8239078519129382,0.8239078519129382
apol,fragC,0.8238382713934898,0.8238382713934898
VR3_Dt,Kier2,0.823805712848547,0.823805712848547
AATSC5s,MATS5s,0.8237292235248675,0.8237292235248675
SpMin4_Bhe,SpMin6_Bhe,0.823636474940297,0.823636474940297
ATS2s,nHBa,0.8236123778335748,0.8236123778335748
ATS3s,ATSC0i,0.8235984691349447,0.8235984691349447
ATS0p,ETA_Beta,0.823291322404586,0.823291322404586
AATSC0v,ETA_dPsi_A,-0.8230902860736742,0.8230902860736742
SpMin8_Bhv,piPC1,0.8230262801802551,0.8230262801802551
SpMax2_Bhm,SpMax3_Bhm,0.822984100111067,0.822984100111067
nHBd,nHBint5,0.8229777688796224,0.8229777688796224
SCH-5,SCH-6,0.8229722938872632,0.8229722938872632
MLFER_S,MLFER_E,0.8228759473545225,0.8228759473545225
VC-3,ETA_EtaP,0.8227112561078669,0.8227112561078669
IC3,piPC1,0.8225131943742436,0.8225131943742436
ETA_Eta_F,piPC1,0.8223889989700468,0.8223889989700468
ATS4m,SpMax_Dt,0.8222497962364276,0.8222497962364276
SpMin4_Bhs,SpMin5_Bhs,0.8221324592128443,0.8221324592128443
AATS2m,MIC0,0.8217306684893328,0.8217306684893328
ATSC1p,ATSC1i,0.8217054512865802,0.8217054512865802
ETA_Epsilon_3,nRing,0.8214974582925642,0.8214974582925642
ATSC0p,VR3_DzZ,0.821384818763811,0.821384818763811
SM1_Dze,MLFER_BH,0.8212752690328899,0.8212752690328899
MATS3p,GATS3p,-0.8212610905074726,0.8212610905074726
nBr,maxsBr,0.8210781589163798,0.8210781589163798
AATS1m,IC0,0.8210388177523165,0.8210388177523165
nO,ATS2s,0.8208957272406874,0.8208957272406874
SpMin8_Bhv,SpMin6_Bhs,0.8207799031346309,0.8207799031346309
nO,TopoPSA,0.820773951766103,0.820773951766103
SpMin6_Bhm,SpMax4_Bhv,0.8206736183256381,0.8206736183256381
SpMin8_Bhm,SpMin6_Bhs,0.8205229802549766,0.8205229802549766
ATSC7v,ATSC7p,0.820475368841237,0.820475368841237
EE_Dt,GGI3,0.8203013912865564,0.8203013912865564
SpMin6_Bhe,SpMin7_Bhs,0.8201965454925538,0.8201965454925538
SpMin6_Bhv,SpMin6_Bhs,0.820162688598555,0.820162688598555
AATS1m,AATS3m,0.8200142994562598,0.8200142994562598
ATSC0i,SpMax_Dt,0.8197095676242042,0.8197095676242042
SpMax4_Bhv,SpMin2_Bhv,0.8196584683884609,0.8196584683884609
ATSC0i,EE_Dt,0.819441267613185,0.819441267613185
VR1_DzZ,VR2_Dzp,0.819359331023897,0.819359331023897
ETA_Epsilon_2,ETA_Epsilon_5,0.8190904592010503,0.8190904592010503
SpMin8_Bhm,SpMin7_Bhs,0.8190460721722836,0.8190460721722836
MDEC-14,MDEC-44,0.8189453793707717,0.8189453793707717
SpMAD_Dt,fragC,0.8189142405532907,0.8189142405532907
SpMin1_Bhs,SpMin2_Bhs,0.8189061873020277,0.8189061873020277
AATS5m,AMW,0.8185529781369157,0.8185529781369157
ATSC1v,MATS1p,0.8185013745735885,0.8185013745735885
ATSC0e,SM1_DzZ,0.8184770753317123,0.8184770753317123
ATSC0i,VR3_DzZ,0.8183949800508338,0.8183949800508338
SpMax4_Bhv,SpMin7_Bhv,0.8183498108875955,0.8183498108875955
SpMin5_Bhm,piPC1,0.8182076619881143,0.8182076619881143
SpMax7_Bhm,SpMin8_Bhv,0.8181833814266565,0.8181833814266565
CrippenLogP,XLogP,0.8181740805148565,0.8181740805148565
apol,SpMin5_Bhv,0.8179530437808893,0.8179530437808893
SpMin5_Bhs,CIC0,0.8179102572167591,0.8179102572167591
MLFER_BH,MLFER_S,0.8176445210026768,0.8176445210026768
AATS0s,AATS4s,0.8175345462679878,0.8175345462679878
AATS5v,AATS6p,0.817516432367981,0.817516432367981
GATS6c,GATS6e,0.817504225752549,0.817504225752549
ATSC3v,AATSC3v,0.8174758243656144,0.8174758243656144
minHssNH,minssNH,0.8174576849851272,0.8174576849851272
ETA_Beta,MLFER_S,0.8174485902281002,0.8174485902281002
naAromAtom,naasC,0.8172744318477126,0.8172744318477126
SpMin4_Bhm,SpMin5_Bhs,0.8172494297886028,0.8172494297886028
SpMin8_Bhm,SpMin5_Bhv,0.8171611656742728,0.8171611656742728
SpMin4_Bhm,SpMin7_Bhm,0.8170294162893793,0.8170294162893793
ATS4m,ATS2s,0.8169536456327733,0.8169536456327733
nHBd,nHBint10,0.8167407382027984,0.8167407382027984
AATS6m,AATS6v,0.8164574975451306,0.8164574975451306
SpMax5_Bhm,SpMin4_Bhm,0.8163615110467003,0.8163615110467003
MDEC-34,GGI2,0.816360267597717,0.816360267597717
SpMax2_Bhv,SpMax4_Bhv,0.816318940846987,0.816318940846987
SpMax4_Bhm,SpMax6_Bhm,0.8161634518300166,0.8161634518300166
ATSC0p,EE_D,0.8161336389862556,0.8161336389862556
VC-6,MDEC-14,0.816132900415785,0.816132900415785
AATS0e,AATS4e,0.8161249987207786,0.8161249987207786
minaaCH,maxaasC,0.8157786960298714,0.8157786960298714
SpMin3_Bhv,CIC0,0.8157379400670606,0.8157379400670606
C2SP2,nHaaCH,0.8157267755143182,0.8157267755143182
SpMin6_Bhe,piPC1,0.8155746948849212,0.8155746948849212
ATSC0p,VR3_D,0.8153946925520331,0.8153946925520331
AATS4p,AATS5p,0.8152987813998693,0.8152987813998693
AATS1p,AATS3p,0.8152293148801398,0.8152293148801398
naAromAtom,nwHBa,0.8151540847742382,0.8151540847742382
AATS0v,ETA_dEpsilon_B,0.8150405999156677,0.8150405999156677
ATS4m,VR3_DzZ,0.8150222192191798,0.8150222192191798
SpMax7_Bhm,SpMax2_Bhv,0.8149314439462063,0.8149314439462063
SpMAD_DzZ,VR3_DzZ,0.8146525596759181,0.8146525596759181
ATS2s,EE_Dt,0.8145415444782127,0.8145415444782127
AATSC1v,MATS1i,0.8143845616025954,0.8143845616025954
nHBd,nHBint4,0.8143068201864232,0.8143068201864232
AATS0e,meanI,0.8142029415072216,0.8142029415072216
GATS5c,GATS5e,0.8141557477239922,0.8141557477239922
SpMin2_Bhm,SpMin3_Bhv,0.8141009362464683,0.8141009362464683
SC-5,VC-3,0.8139378367349919,0.8139378367349919
ATS3s,SM1_Dze,0.8138003646527396,0.8138003646527396
SpMin5_Bhe,SpMin7_Bhe,0.8137228754497791,0.8137228754497791
ATS2s,VR3_Dt,0.8135508426864677,0.8135508426864677
GATS8c,GATS8e,0.8134728291110972,0.8134728291110972
AATS0m,AATS4m,0.8134287137094696,0.8134287137094696
AMR,ETA_EtaP,0.8134055496497831,0.8134055496497831
SpMAD_DzZ,SpMin6_Bhv,0.8133623044888297,0.8133623044888297
nHBd,nHsOH,0.8131724886766623,0.8131724886766623
ATS0s,ETA_Eta_F,0.8131611572604035,0.8131611572604035
C3SP3,VPC-4,0.8131322510905862,0.8131322510905862
AMR,ATS0p,0.8129729676629908,0.8129729676629908
VR3_Dt,ETA_Eta_F,0.8129284557024551,0.8129284557024551
ATSC1s,AATSC1s,0.8128946915197851,0.8128946915197851
ATSC3i,AATSC3i,0.8128516200492949,0.8128516200492949
VE1_DzZ,VE2_Dze,0.8128015193365141,0.8128015193365141
SpMax2_Bhs,SpMax4_Bhs,0.812795815373959,0.812795815373959
SpMin3_Bhm,SpMin6_Bhv,0.8127058831542497,0.8127058831542497
SpMin6_Bhm,piPC1,0.8126443323591034,0.8126443323591034
AATS1e,ETA_dPsi_A,0.8126377191462977,0.8126377191462977
apol,SHCsats,0.8124486365327585,0.8124486365327585
AATSC4v,MATS4m,0.8123933624461847,0.8123933624461847
ATSC0e,nHBAcc,0.8123405763871059,0.8123405763871059
SpMAD_DzZ,VR3_D,0.8123232134367663,0.8123232134367663
AATSC4s,MATS4s,0.8122371652966969,0.8122371652966969
SC-4,VC-4,0.8120231229065453,0.8120231229065453
nI,AATSC0m,0.8120008846282842,0.8120008846282842
SpMax2_Bhv,SpMax5_Bhv,0.8119224251130385,0.8119224251130385
nssS,SssS,-0.8118953932421252,0.8118953932421252
VE3_Dzv,VE3_D,0.81179924849891,0.81179924849891
SpMin7_Bhm,SpMin4_Bhv,0.8116642717716938,0.8116642717716938
AMR,ETA_dBeta,-0.811503895561362,0.811503895561362
ETA_Beta,EE_D,0.8113561410527801,0.8113561410527801
ATS0p,SpMin5_Bhv,0.8112963373483418,0.8112963373483418
ATSC4v,GATS4v,-0.8112941846473948,0.8112941846473948
ATS4m,VR3_D,0.8112784925034182,0.8112784925034182
SpMax6_Bhm,SpMax2_Bhv,0.8111109046324486,0.8111109046324486
SpMax3_Bhv,SpMin6_Bhv,0.811107814415918,0.811107814415918
MDEO-12,MDEO-22,0.8108520997768326,0.8108520997768326
AATSC5v,AATSC5p,0.8108316225349232,0.8108316225349232
VR1_DzZ,VR1_Dzs,0.8108149232011057,0.8108149232011057
SpMin6_Bhe,EE_Dt,0.8107609031103554,0.8107609031103554
EE_Dt,IC3,0.810604567503959,0.810604567503959
SpMAD_DzZ,SpMin5_Bhe,0.8105550737612234,0.8105550737612234
ETA_AlphaP,ETA_Psi_1,0.8105301384666485,0.8105301384666485
ATSC3m,AATSC3m,0.8104990498103258,0.8104990498103258
SHCsats,ETA_EtaP,0.8104614787167825,0.8104614787167825
AATSC2i,GATS2i,-0.8103199372377455,0.8103199372377455
nHBd,SHBint8,0.8102207877139634,0.8102207877139634
SpMin8_Bhm,SpMin8_Bhe,0.8098962920137308,0.8098962920137308
VR3_DzZ,EE_Dt,0.8097423072702931,0.8097423072702931
ASP-0,FMF,-0.8097324201777981,0.8097324201777981
AATS1v,AATS4v,0.8096607776622987,0.8096607776622987
nHCsats,nsssCH,0.8094851434515131,0.8094851434515131
SpMin6_Bhm,SpMin3_Bhv,0.8094754527650719,0.8094754527650719
SIC1,SIC2,0.8087052705647282,0.8087052705647282
nHBd,TopoPSA,0.808632884724954,0.808632884724954
ATS2s,Kier2,0.8086248826888551,0.8086248826888551
ATSC0i,piPC1,0.8085280239094736,0.8085280239094736
AATS1e,ETA_Psi_1,-0.808469126930085,0.808469126930085
AATS1e,AATS4e,0.8083615244903486,0.8083615244903486
SsBr,maxsBr,0.8083526060932303,0.8083526060932303
apol,SpMin6_Bhm,0.8081502329640912,0.8081502329640912
SCH-5,n4Ring,0.8081448627165454,0.8081448627165454
AATS4e,AATS4s,0.8080556922124973,0.8080556922124973
nHBint3,nHBint6,0.8080304074052507,0.8080304074052507
SpMax4_Bhm,SpMax7_Bhm,0.8079283189299835,0.8079283189299835
AATSC2m,MATS2m,0.8078889610109741,0.8078889610109741
SpMax4_Bhm,SpMax4_Bhv,0.8078883378860747,0.8078883378860747
SpMin3_Bhm,SpMin6_Bhm,0.8076651933399744,0.8076651933399744
SpMAD_DzZ,SpMin5_Bhv,0.8075586043676792,0.8075586043676792
ATS0m,SpMax3_Bhm,0.8074265609246887,0.8074265609246887
VR3_Dt,ZMIC1,0.8073645482021881,0.8073645482021881
SpMin3_Bhm,SpMin2_Bhv,0.8072180482396141,0.8072180482396141
nHCsats,CIC1,0.807169890489071,0.807169890489071
ALogp2,nHBint8,0.8070702233817755,0.8070702233817755
AATS8v,AATS7p,0.8070483704922002,0.8070483704922002
SpMAD_DzZ,piPC1,0.8070207033215698,0.8070207033215698
minaaCH,maxHaaCH,0.8068174341763338,0.8068174341763338
apol,SpMin7_Bhe,0.8065041027218172,0.8065041027218172
AATS1e,AATSC0v,-0.8064137623928416,0.8064137623928416
ATSC0p,ZMIC1,0.8063732623616271,0.8063732623616271
AATS0e,AATS5e,0.8062937873680704,0.8062937873680704
ATS3s,ETA_EtaP,0.8062584483924102,0.8062584483924102
VR1_Dzv,VR1_Dzs,0.8062385971215773,0.8062385971215773
ATS0s,TopoPSA,0.8062357104572132,0.8062357104572132
nHBint3,nHBint9,0.8062292290216224,0.8062292290216224
ATSC6i,AATSC6i,0.8060411956379467,0.8060411956379467
SpMax2_Bhv,SpMin3_Bhv,0.805962426361706,0.805962426361706
VC-5,GGI3,0.8059187544483374,0.8059187544483374
SpMAD_DzZ,SpMin7_Bhv,0.8059169783276711,0.8059169783276711
MATS3i,GATS3i,-0.8058888037300973,0.8058888037300973
MDEC-34,GGI3,0.8058837573004938,0.8058837573004938
SC-4,nssssC,0.8058204577581596,0.8058204577581596
SpMin4_Bhm,piPC1,0.8057280237898584,0.8057280237898584
AATS1v,AATS3p,0.8056834113921307,0.8056834113921307
ATSC2e,MATS2e,0.8055645731490122,0.8055645731490122
MATS4i,GATS4i,-0.8052913056237402,0.8052913056237402
ETA_dEpsilon_B,ETA_EtaP_L,-0.8051699536525599,0.8051699536525599
ATS0s,SpMax6_Bhs,0.8051025320860666,0.8051025320860666
VR3_DzZ,piPC1,0.8048410543571203,0.8048410543571203
ATSC0i,VR3_D,0.804623980622352,0.804623980622352
ATS2s,SpMAD_DzZ,0.8045997355437564,0.8045997355437564
AATS2m,AATS5m,0.8043391894394798,0.8043391894394798
SpMin5_Bhm,SpMax3_Bhv,0.8042754393275877,0.8042754393275877
AATSC6i,MATS6p,0.8042405418458431,0.8042405418458431
SpMax5_Bhv,SpMin2_Bhv,0.8041583549432172,0.8041583549432172
AATSC5e,AATSC5s,0.804131523696203,0.804131523696203
SpMax5_Bhm,SpMin7_Bhv,0.804064092251535,0.804064092251535
ETA_AlphaP,ETA_dPsi_A,-0.8037637564460666,0.8037637564460666
VCH-5,n4Ring,0.8036841707541069,0.8036841707541069
SpMin8_Bhe,SpMin7_Bhs,0.8036593626546659,0.8036593626546659
AATS3e,AATS0s,0.8035581770343728,0.8035581770343728
SpMin4_Bhv,SpMin8_Bhv,0.8034709949719306,0.8034709949719306
ATS2s,ATSC0p,0.8034475477334184,0.8034475477334184
VPC-4,MDEC-24,0.8032665720948323,0.8032665720948323
nsCH3,MDEC-12,0.8032347977477975,0.8032347977477975
MATS1c,GATS1c,-0.8032289326456874,0.8032289326456874
nHBd,nHBint7,0.8031492337315466,0.8031492337315466
AATS0e,ETA_dPsi_A,0.8031421875166197,0.8031421875166197
CrippenLogP,LipoaffinityIndex,0.8027454136941364,0.8027454136941364
SpMax3_Bhs,SpMax6_Bhs,0.8027041606040207,0.8027041606040207
ATS0p,SpMin4_Bhe,0.8025793624154527,0.8025793624154527
SC-5,VC-6,0.8024913385952066,0.8024913385952066
nS,nssS,0.8024743014153685,0.8024743014153685
AATSC4p,GATS4p,-0.8024703204858574,0.8024703204858574
ETA_Eta_F,MLFER_E,0.8021546648607086,0.8021546648607086
SM1_DzZ,TopoPSA,0.802148624075201,0.802148624075201
AATS0e,ETA_Epsilon_5,0.8021015618475212,0.8021015618475212
SpMin6_Bhv,IC3,0.8020774808713778,0.8020774808713778
SpMax4_Bhv,CIC0,0.8020751805269315,0.8020751805269315
SpMin8_Bhv,SpMin7_Bhs,0.801979251472681,0.801979251472681
ATSC7m,AATSC7m,0.8019374132363348,0.8019374132363348
ATS0p,SpMin7_Bhe,0.8016280183819944,0.8016280183819944
ATS3s,nsssCH,0.8015774751960433,0.8015774751960433
MATS7p,GATS7p,-0.8015245545758116,0.8015245545758116
nHBint8,SHBint10,0.8013216157252482,0.8013216157252482
EE_Dt,VR3_D,0.8012623649007474,0.8012623649007474
SpMin6_Bhm,SpMin7_Bhe,0.8012236320803922,0.8012236320803922
AATSC6p,MATS6i,0.8012183801772098,0.8012183801772098
SpMin8_Bhm,SpMin5_Bhs,0.800999689892732,0.800999689892732
apol,SpMin7_Bhm,0.8008238471169429,0.8008238471169429
apol,SpMin5_Bhm,0.8007798006183154,0.8007798006183154
SpMAD_DzZ,CIC0,0.8006676142516184,0.8006676142516184
SpMin8_Bhv,EE_Dt,0.8006388944495927,0.8006388944495927
SC-5,ETA_Eta_B,0.8006168354199417,0.8006168354199417
ATS4m,ETA_Eta_B,0.8005987744460018,0.8005987744460018
MATS2p,GATS2v,-0.8005601889245672,0.8005601889245672
SpMAD_DzZ,ZMIC1,0.8005504321391868,0.8005504321391868
ATSC4v,AATSC4v,0.8005023647881617,0.8005023647881617
VC-3,VC-5,0.8004454135064695,0.8004454135064695
MATS1c,MATS2e,-0.8004131693576306,0.8004131693576306
ATS3s,EE_D,0.8002707198868801,0.8002707198868801
GATS4p,GATS4i,0.8002328070500319,0.8002328070500319
AATS1e,AATS0s,0.8002112324119963,0.8002112324119963
nRing,n6Ring,0.8001828943077816,0.8001828943077816
ATSC2m,MATS2m,0.8001607172478058,0.8001607172478058
ATSC4i,MATS4i,0.7998793300913051,0.7998793300913051
MATS3p,GATS3v,-0.7997873015149072,0.7997873015149072
apol,SpMin8_Bhm,0.7997686308874405,0.7997686308874405
SpMax5_Bhm,SpMax2_Bhv,0.799736350803892,0.799736350803892
MATS4e,MATS4s,0.7997305236376295,0.7997305236376295
ATS0p,SpMax6_Bhm,0.7996036613735225,0.7996036613735225
C3SP3,VC-5,0.7995917800561542,0.7995917800561542
SpMin4_Bhv,SpMin5_Bhs,0.7995542503623054,0.7995542503623054
AATSC1v,AATSC1i,0.7995346188597969,0.7995346188597969
SHBint6,maxHBint6,0.7995315899812095,0.7995315899812095
nHBint6,nHBint9,0.7993910086469006,0.7993910086469006
apol,SpMin4_Bhe,0.7992651561453198,0.7992651561453198
SpMin8_Bhv,SpMin5_Bhs,0.7991390358714692,0.7991390358714692
AATS0e,ETA_Psi_1,-0.7991217322166969,0.7991217322166969
SpMAD_Dt,nRing,0.799058053600661,0.799058053600661
SpMin7_Bhm,SpMin7_Bhs,0.7988335594118912,0.7988335594118912
ATS0p,SpMax5_Bhv,0.7986418891614767,0.7986418891614767
AATS6v,AATS5p,0.7985807373433296,0.7985807373433296
ATS0p,SpMax7_Bhm,0.7985714208862628,0.7985714208862628
AATS4i,AATS5i,0.7985540827691339,0.7985540827691339
SpMAD_DzZ,SpMin6_Bhe,0.7985405422845687,0.7985405422845687
SHBint7,maxHBint7,0.7984771181069776,0.7984771181069776
SCH-4,n3Ring,0.7984687377820737,0.7984687377820737
AATSC1v,AATSC1p,0.7983378805517634,0.7983378805517634
SHBd,SHsOH,0.7983287230234031,0.7983287230234031
nHBint6,TopoPSA,0.798258189166791,0.798258189166791
SpMin6_Bhs,CIC0,0.7981448865572751,0.7981448865572751
ATSC0p,SpMAD_DzZ,0.7981144952109335,0.7981144952109335
VC-5,ETA_EtaP,0.7980604784868556,0.7980604784868556
AATSC0e,ETA_Epsilon_5,0.7980211858633403,0.7980211858633403
AATS4m,AATS5m,0.7979863374966928,0.7979863374966928
IC0,MIC1,0.7979642484388554,0.7979642484388554
C2SP2,SwHBa,0.7978832593248562,0.7978832593248562
GATS7v,GATS7i,0.7977907539403599,0.7977907539403599
SpMin7_Bhm,SpMax5_Bhv,0.7975985476180935,0.7975985476180935
ETA_EtaP,GGI3,0.7973851615198253,0.7973851615198253
SM1_DzZ,nHBAcc,0.7970560077535266,0.7970560077535266
MATS6m,GATS6m,-0.796829197596567,0.796829197596567
ATSC2s,MATS2s,0.7967885519585158,0.7967885519585158
SpMin7_Bhv,EE_Dt,0.7966890454941182,0.7966890454941182
SHsOH,maxHsOH,0.7965937646984917,0.7965937646984917
ETA_Epsilon_4,IC0,0.7965333180381808,0.7965333180381808
SpMin3_Bhv,SpMin5_Bhe,0.7964785818457926,0.7964785818457926
AMR,SHCsats,0.7964648759583748,0.7964648759583748
AATS0v,AATS4v,0.7964544785813438,0.7964544785813438
C2SP3,ETA_dBeta,-0.7963490203432726,0.7963490203432726
minHBa,minssS,0.7957885674209849,0.7957885674209849
AATSC7v,AATSC7p,0.7957610428788845,0.7957610428788845
Kier3,nRotB,0.795693051181764,0.795693051181764
VR1_Dt,VR2_Dt,0.7955449148532585,0.7955449148532585
SpMin3_Bhv,SpMin7_Bhv,0.7954662727375441,0.7954662727375441
EE_Dt,nRing,0.7953803333721867,0.7953803333721867
AATS0v,AATS1p,0.7951767902565503,0.7951767902565503
AATSC6s,MATS6e,0.795024675679736,0.795024675679736
MATS6p,GATS6v,-0.7949879769065948,0.7949879769065948
GATS4c,GATS4e,0.7949204437417069,0.7949204437417069
SC-6,MDEC-14,0.7948898533061046,0.7948898533061046
nssssC,ETA_Shape_X,0.7948267004728498,0.7948267004728498
VR3_DzZ,ETA_Beta,0.7948164441219125,0.7948164441219125
MATS2p,MATS2i,0.7947671833177549,0.7947671833177549
AATS5e,AATS5s,0.7946013101129165,0.7946013101129165
AATS0i,AATS1i,0.7945779195492461,0.7945779195492461
SpMax1_Bhv,SpMin1_Bhv,0.7945764074220034,0.7945764074220034
ATSC3v,GATS3v,-0.7944930658471868,0.7944930658471868
SpMin6_Bhv,SpMin7_Bhe,0.794357902016464,0.794357902016464
AATSC5p,GATS5v,-0.7942605872677824,0.7942605872677824
ndssC,ndO,0.7942453809211784,0.7942453809211784
AATS0s,AATS3s,0.7940784350428574,0.7940784350428574
ATS0s,ATSC0i,0.7939923713392292,0.7939923713392292
VPC-4,MDEC-14,0.7939595272180712,0.7939595272180712
SpMin7_Bhe,EE_Dt,0.793936530615812,0.793936530615812
nsssCH,SsssCH,-0.793844494780283,0.793844494780283
SpMin6_Bhs,SpMin8_Bhs,0.7938420965424104,0.7938420965424104
ATS0p,SpMax5_Bhm,0.7938107619844308,0.7938107619844308
ATSC0p,ATSC0i,0.7937494630561385,0.7937494630561385
SpMAD_DzZ,SpMin8_Bhv,0.7937172847492381,0.7937172847492381
piPC1,VR3_D,0.7935739927083537,0.7935739927083537
AATS0v,AMW,0.7934091922671059,0.7934091922671059
GATS4e,GATS4s,0.7933579634777529,0.7933579634777529
ETA_Beta,Kier2,0.7933542918722502,0.7933542918722502
IC0,AMW,0.7933506123189183,0.7933506123189183
C3SP3,ETA_EtaP,0.7932503971978401,0.7932503971978401
ATSC4p,AATSC4p,0.7931178061178707,0.7931178061178707
ATSC3c,AATSC3c,0.7930976500741824,0.7930976500741824
ATS0s,SpMax5_Bhs,0.7930247464687995,0.7930247464687995
nBondsM,C2SP2,0.7930227707069091,0.7930227707069091
SpMax5_Bhm,SpMin6_Bhm,0.7928724466165391,0.7928724466165391
SpMin2_Bhm,SpMax2_Bhv,0.7923543833694194,0.7923543833694194
nHBint3,nHBint8,0.7922487808625214,0.7922487808625214
AATS2s,meanI,0.7921801895725078,0.7921801895725078
C2SP3,nsssCH,0.7921503694081714,0.7921503694081714
AATS0i,AATS3i,0.7921329284867096,0.7921329284867096
SpMax6_Bhm,IC3,0.7920638858379981,0.7920638858379981
AMR,ETA_Eta_B,0.7919779149518125,0.7919779149518125
SpMax7_Bhm,SpMin3_Bhm,0.7919659857099498,0.7919659857099498
ATS0p,SpMin6_Bhm,0.7919619091205353,0.7919619091205353
SC-5,ETA_EtaP,0.7919508768325184,0.7919508768325184
naAromAtom,C2SP2,0.7919066062498511,0.7919066062498511
ATS0m,ATS4m,0.7918862832061089,0.7918862832061089
GATS7p,GATS7i,0.7918734362754253,0.7918734362754253
nBondsM,nHaaCH,0.7918022627035478,0.7918022627035478
SpMin7_Bhm,piPC1,0.7917807068712496,0.7917807068712496
SpMin2_Bhs,SpMin4_Bhs,0.7917368535436605,0.7917368535436605
SpMAD_DzZ,nRotBt,0.7915180484089891,0.7915180484089891
ALogp2,SHBint8,0.7914704899013427,0.7914704899013427
nHsNH2,minsNH2,0.7914377156454777,0.7914377156454777
EE_Dt,CIC0,0.7912798132326931,0.7912798132326931
AVP-4,AVP-5,0.7912652714547017,0.7912652714547017
ATSC8p,ATSC8i,0.7912025025867568,0.7912025025867568
AATSC4v,AATSC4p,0.7911294072102287,0.7911294072102287
ATS3s,VR3_Dt,0.7911187727958827,0.7911187727958827
nHBd,SHBint3,0.7910141039997178,0.7910141039997178
apol,SpMax5_Bhv,0.7909960714682714,0.7909960714682714
C4SP3,MDEC-44,0.7909175648470472,0.7909175648470472
ATS0s,GGI3,0.7908236349705456,0.7908236349705456
ATSC3p,MATS3p,0.7908223395648875,0.7908223395648875
GATS6v,GATS6i,0.7907674676807817,0.7907674676807817
MATS5p,MATS5i,0.7906051166370832,0.7906051166370832
AVP-2,AVP-4,0.7903537202305578,0.7903537202305578
AATS7v,AATS6p,0.7902554171172892,0.7902554171172892
apol,ETA_Beta,0.7902311724118788,0.7902311724118788
nHBa,ETA_Eta_F,0.7901508669955538,0.7901508669955538
AMR,GGI2,0.7900072154375192,0.7900072154375192
AATS0s,ETA_dPsi_A,0.7897961144133108,0.7897961144133108
ASP-3,ETA_Epsilon_3,-0.789781803510654,0.789781803510654
ETA_Shape_X,JGT,0.7897363407610054,0.7897363407610054
MATS5i,GATS5i,-0.7896473248872946,0.7896473248872946
nssssC,SssssC,-0.7895235613531254,0.7895235613531254
nwHBa,ETA_Beta,0.7894401694048397,0.7894401694048397
SIC2,CIC4,-0.7892828457259196,0.7892828457259196
MATS8p,GATS8p,-0.7891738791151716,0.7891738791151716
SpMax6_Bhm,SpMin7_Bhm,0.7891670061368057,0.7891670061368057
ATSC1e,MATS1e,0.7890297022171544,0.7890297022171544
SpMax7_Bhm,IC3,0.7889527710149461,0.7889527710149461
SM1_Dzs,ETA_dAlpha_B,0.7888958725046639,0.7888958725046639
naAromAtom,nHother,0.7888928283660217,0.7888928283660217
AATS1i,AATS2i,0.7887974273822279,0.7887974273822279
AATS3p,Mp,0.7887697959638514,0.7887697959638514
ETA_Shape_P,JGI1,0.788710439762544,0.788710439762544
SpMin5_Bhm,SpMin6_Bhs,0.7885598485402889,0.7885598485402889
SpMin4_Bhm,SpMin8_Bhv,0.7885378315600603,0.7885378315600603
SpMax3_Bhv,SpMin5_Bhe,0.7884658698310381,0.7884658698310381
SpMax7_Bhm,SpMin6_Bhe,0.7884307161935735,0.7884307161935735
ATS0p,SpMin8_Bhm,0.788408172896471,0.788408172896471
C3SP3,MDEC-34,0.7883595439440747,0.7883595439440747
AATS4p,Mp,0.7883561116297664,0.7883561116297664
AATS1s,meanI,0.7880987506851315,0.7880987506851315
ETA_Beta,ETA_EtaP_F,0.7880850760907964,0.7880850760907964
SpMAD_DzZ,SpMin4_Bhe,0.7876458494403715,0.7876458494403715
ATS0p,SpMin7_Bhm,0.7874523194631396,0.7874523194631396
SpMax7_Bhm,SpMin2_Bhv,0.7873797647845721,0.7873797647845721
Kier3,nRotBt,0.7872999172433,0.7872999172433
AATS1e,AATS1s,0.7870155258448313,0.7870155258448313
SpMax5_Bhv,IC3,0.7870008336896789,0.7870008336896789
AATS0e,AATS4s,0.7868493840037152,0.7868493840037152
ATSC1e,SHBd,-0.7867710511243925,0.7867710511243925
AMR,SpMax_Dt,0.7866808041766228,0.7866808041766228
SpMin6_Bhv,EE_Dt,0.7866718226516649,0.7866718226516649
ATS2s,piPC1,0.7865417849468374,0.7865417849468374
AATSC0m,ETA_dAlpha_A,0.7864940024539326,0.7864940024539326
ATSC2s,AATSC2e,0.7864939044996803,0.7864939044996803
AATS0s,ETA_Psi_1,-0.7862159850046265,0.7862159850046265
ATS0s,VR3_DzZ,0.7860240362037576,0.7860240362037576
AMR,ATS4m,0.7859988608714469,0.7859988608714469
ATSC0p,Kier2,0.7859968572231909,0.7859968572231909
SHssNH,minHssNH,0.7859420460990072,0.7859420460990072
nHBa,MLFER_S,0.7857729228224446,0.7857729228224446
ATSC0p,SpMax_Dt,0.7857596435964086,0.7857596435964086
SpMin5_Bhe,EE_Dt,0.7855360785762043,0.7855360785762043
ATSC2i,GATS2i,-0.7854685362499176,0.7854685362499176
ATSC1e,nHsOH,-0.7854602336981248,0.7854602336981248
ATS4m,ATS0s,0.7854335692644963,0.7854335692644963
apol,SpMAD_Dt,0.7853336759546737,0.7853336759546737
AATS1s,AATS4s,0.7852056991083822,0.7852056991083822
ATS0p,SpMin5_Bhm,0.7852002479901777,0.7852002479901777
ASP-0,RotBtFrac,0.7850030757005044,0.7850030757005044
SpMax6_Bhm,SpMin8_Bhv,0.7849254888188085,0.7849254888188085
SHBint8,SHBint10,0.7848836906519168,0.7848836906519168
AATS4m,AATS6m,0.784877781795961,0.784877781795961
ASP-1,ASP-4,0.7848583930555866,0.7848583930555866
C4SP3,SC-6,0.7847379599441854,0.7847379599441854
AATS4m,AMW,0.7846422400821803,0.7846422400821803
SpMax4_Bhm,piPC1,0.7845129796967536,0.7845129796967536
minwHBa,mindssC,0.7845015298838114,0.7845015298838114
AATSC1p,MATS1i,0.7843744006485305,0.7843744006485305
ETA_Beta,VR3_D,0.7843233560718957,0.7843233560718957
MIC0,MIC1,0.7841944593755523,0.7841944593755523
AATS0v,AATS3v,0.7840585995003511,0.7840585995003511
SpMin2_Bhv,SpMin4_Bhv,0.7840584464092583,0.7840584464092583
SpMin2_Bhm,SpMax3_Bhv,0.7839147872912954,0.7839147872912954
AATS5m,AATS5v,0.7839025024173757,0.7839025024173757
AATS1v,AATS0p,0.7838995205609187,0.7838995205609187
SHBd,SHBint6,0.7838675838227182,0.7838675838227182
MDEO-11,TopoPSA,0.7838662359748275,0.7838662359748275
AATS0e,AATS3s,0.7838081436129781,0.7838081436129781
SssssC,MDEC-34,-0.7838014215825656,0.7838014215825656
SpMax5_Bhv,SpMin8_Bhv,0.7837450026942425,0.7837450026942425
MLFER_S,TopoPSA,0.7836554139308909,0.7836554139308909
SpMax5_Bhv,SpMin5_Bhs,0.7836288651820744,0.7836288651820744
nssssC,GGI2,0.7836005665447145,0.7836005665447145
SpMin7_Bhe,SpMin8_Bhs,0.7835807378700281,0.7835807378700281
MATS1c,GATS2c,0.783496067965304,0.783496067965304
LipoaffinityIndex,XLogP,0.7834725034929373,0.7834725034929373
MATS1i,GATS1i,-0.7834697626281932,0.7834697626281932
nF,minsF,0.7834422213813651,0.7834422213813651
ATS2s,SHCsats,0.7833700944857104,0.7833700944857104
ATS0m,SpMax2_Bhm,0.7833421423299287,0.7833421423299287
SpMax1_Bhs,SpMax3_Bhs,0.7832315572048281,0.7832315572048281
apol,SpMin4_Bhv,0.7832220015304644,0.7832220015304644
AATSC7e,MATS7s,0.7829234745699177,0.7829234745699177
AATS3m,MIC0,0.7827705915493559,0.7827705915493559
AATSC1p,AATSC1i,0.7826656774596558,0.7826656774596558
ATSC2m,AATSC2m,0.782545602916082,0.782545602916082
MATS2e,MATS2s,0.7825136083913945,0.7825136083913945
ATSC6m,AATSC6m,0.7824310779064718,0.7824310779064718
AATS1e,AATS5e,0.7823571429075105,0.7823571429075105
SpMin2_Bhm,SpMin4_Bhm,0.7820228153294321,0.7820228153294321
SsssCH,MDEO-12,-0.781944093531723,0.781944093531723
AATSC2v,GATS2v,-0.7818031438676957,0.7818031438676957
ATSC1v,ATSC1i,0.781791183238688,0.781791183238688
SM1_Dze,ETA_Eta_F,0.7815903884211373,0.7815903884211373
VE3_DzZ,VE3_D,0.7814877908949706,0.7814877908949706
ATS0s,SM1_DzZ,0.7814715362071443,0.7814715362071443
GATS2e,GATS2s,0.781118124132804,0.781118124132804
ATSC0i,SpMin6_Bhe,0.7810951758133197,0.7810951758133197
SHCsats,SsssCH,-0.7810773046873715,0.7810773046873715
AATS2s,AATSC0e,0.781055815816337,0.781055815816337
ATS4m,ATSC0e,0.781051161809097,0.781051161809097
piPC1,EE_D,0.7808709753023755,0.7808709753023755
ETA_Epsilon_2,IC0,0.7806934412068498,0.7806934412068498
SCH-6,VCH-7,0.780684057361421,0.780684057361421
AATS5e,ETA_Epsilon_4,0.7806806949372634,0.7806806949372634
ATS0p,SpMin4_Bhv,0.7806756729776256,0.7806756729776256
MATS6i,GATS6i,-0.7805247651079407,0.7805247651079407
ATS3s,SC-5,0.7802668572585952,0.7802668572585952
ATS0p,SpMax4_Bhv,0.7802054523893369,0.7802054523893369
nI,AATSC4m,0.7801914983285941,0.7801914983285941
VE3_Dzs,VE3_D,0.7800386705817726,0.7800386705817726
GATS3p,GATS3i,0.7799249254970393,0.7799249254970393
AATS2i,AATS3i,0.7798102689717765,0.7798102689717765
ATSC4p,MATS4p,0.7797082372511138,0.7797082372511138
Kier2,nRotB,0.7796615485176582,0.7796615485176582
ATS0s,MDEO-11,0.7796159410552679,0.7796159410552679
ATSC0i,ETA_Eta_F,0.7794833062959147,0.7794833062959147
ATSC0p,VR3_Dt,0.779475658997126,0.779475658997126
ASP-1,nRing,-0.7793668561195104,0.7793668561195104
ATSC4v,ATSC4i,0.7793371963539198,0.7793371963539198
SpMax5_Bhm,IC3,0.7792582714523414,0.7792582714523414
SpMax6_Bhm,SpMin6_Bhe,0.77919483200492,0.77919483200492
MATS3m,GATS3m,-0.7791049087672572,0.7791049087672572
SpMAD_DzZ,SpMin4_Bhv,0.7789867203853564,0.7789867203853564
GATS8v,GATS8i,0.7789047999686399,0.7789047999686399
SpMin2_Bhv,piPC1,0.7788140984730256,0.7788140984730256
SpMin6_Bhe,SpMin8_Bhe,0.7787004760290519,0.7787004760290519
nHBa,ETA_Eta_B,0.7786441182125314,0.7786441182125314
AATSC7s,MATS7e,0.7786424155845948,0.7786424155845948
nHCsats,CIC0,0.7785605442392881,0.7785605442392881
SC-6,VPC-4,0.7785526341018538,0.7785526341018538
SpMin3_Bhm,SpMin5_Bhe,0.7784966736543689,0.7784966736543689
MATS2p,GATS2p,-0.7784197108614225,0.7784197108614225
ETA_dBeta,HybRatio,-0.7783572389153743,0.7783572389153743
AATS0e,AATS1s,0.777945339552428,0.777945339552428
ATSC0p,SpMAD_Dzs,0.7779339715505902,0.7779339715505902
ATSC3e,MATS3e,0.7776963284701915,0.7776963284701915
ATSC0e,VR3_DzZ,0.7772998676492748,0.7772998676492748
nssCH2,SssCH2,0.7771675101156943,0.7771675101156943
SpMin3_Bhm,SpMin7_Bhv,0.7770742791440863,0.7770742791440863
SpMin3_Bhm,SIC0,-0.777059578767013,0.777059578767013
ATSC0i,SpMin7_Bhv,0.7770132117898175,0.7770132117898175
minHBd,maxHBd,0.7770106518770287,0.7770106518770287
SC-5,MDEC-14,0.7768898821591002,0.7768898821591002
SpMax5_Bhv,SpMin6_Bhe,0.7768197927682463,0.7768197927682463
MDEC-14,MDEC-24,0.7768169105454752,0.7768169105454752
AATSC1s,MATS1s,0.776751858709794,0.776751858709794
nRotBt,EE_D,0.7766298675298503,0.7766298675298503
SpMax7_Bhm,CIC0,0.7766007059708663,0.7766007059708663
nHBd,SHBint10,0.7765190182738237,0.7765190182738237
ATS2s,nRotBt,0.776334842031176,0.776334842031176
apol,SpMax7_Bhm,0.7763337761243884,0.7763337761243884
ATSC0e,SHCsats,0.7762557776902955,0.7762557776902955
nO,SsssCH,-0.7762224524310872,0.7762224524310872
ATS2s,ZMIC1,0.7761952185704419,0.7761952185704419
AATSC2e,MATS2s,0.7761568097114404,0.7761568097114404
SpMin7_Bhv,IC3,0.7761556807808727,0.7761556807808727
SHBint2,maxHBint2,0.7760240103357136,0.7760240103357136
SpMax4_Bhm,SpMax5_Bhv,0.7760124785768309,0.7760124785768309
ATSC0e,SsssCH,-0.7759961849761113,0.7759961849761113
ATSC1i,MATS1p,0.7758523037382513,0.7758523037382513
fragC,piPC1,0.7757645893155607,0.7757645893155607
ATSC0i,Kier2,0.7756780471892347,0.7756780471892347
SpMAD_DzZ,SpMin5_Bhm,0.7755575521725104,0.7755575521725104
ATS0s,GGI2,0.7755038575255735,0.7755038575255735
ATS0p,SpMAD_Dt,0.775178996899008,0.775178996899008
ATSC0e,nRotBt,0.7751009474651527,0.7751009474651527
apol,nHCsats,0.7749411036621909,0.7749411036621909
nHBint4,nHsOH,0.7748377215619631,0.7748377215619631
SpMax7_Bhm,SpMin8_Bhm,0.7747896707048892,0.7747896707048892
SpMax3_Bhv,SpMin7_Bhv,0.7746049026049967,0.7746049026049967
nHBint3,SHBint8,0.7745768781861369,0.7745768781861369
AATS3v,AATS4p,0.7745628597357311,0.7745628597357311
SpMax_Dt,GGI2,0.7745175418783884,0.7745175418783884
nHBint7,nHBint10,0.774483910829804,0.774483910829804
SpMin4_Bhm,SpMin6_Bhe,0.7744548294071333,0.7744548294071333
AATS1m,AATS5m,0.7743761645755558,0.7743761645755558
SpMAD_DzZ,SpMin6_Bhm,0.7743272843912499,0.7743272843912499
nHBint10,SHBint8,0.7742878765732703,0.7742878765732703
SC-6,JGI2,0.7742669011097004,0.7742669011097004
SpMin4_Bhv,SpMin6_Bhe,0.7741112101652234,0.7741112101652234
ATS0s,VR3_D,0.774058098737318,0.774058098737318
apol,SpMax6_Bhm,0.773865152397812,0.773865152397812
ATSC0i,SpMin5_Bhe,0.7738329721771825,0.7738329721771825
AATS3s,meanI,0.7738307303896931,0.7738307303896931
SpMax6_Bhm,SpMin3_Bhm,0.773816227241471,0.773816227241471
SpMin4_Bhs,SpMin6_Bhs,0.7737730154029417,0.7737730154029417
SpMin7_Bhv,SpMin7_Bhs,0.7736420296100269,0.7736420296100269
SHBd,SHBint3,0.7734973535977505,0.7734973535977505
AATSC0v,ETA_Epsilon_2,-0.7734579024634336,0.7734579024634336
AMR,ATSC0p,0.7734431459607791,0.7734431459607791
nHBAcc,MLFER_S,0.7733788606212997,0.7733788606212997
AATS3e,IC0,0.7733575969747406,0.7733575969747406
ATS2s,nHBAcc,0.7732895481903832,0.7732895481903832
ATSC1e,nHBint4,-0.77295773664426,0.77295773664426
VR3_DzZ,fragC,0.7727945719052999,0.7727945719052999
ETA_BetaP,ETA_dBeta,0.7727916743682691,0.7727916743682691
AMR,nHCsats,0.7727693414251914,0.7727693414251914
ATSC3c,MATS3c,0.7727652770938516,0.7727652770938516
nHBint8,SsssCH,-0.7726080999945766,0.7726080999945766
AMR,GGI3,0.772210751850035,0.772210751850035
AATS4v,AATS3p,0.7721728376824729,0.7721728376824729
ATS2s,GGI2,0.7721459153328064,0.7721459153328064
ATSC0i,SpMin8_Bhv,0.7721096192533374,0.7721096192533374
SpMax5_Bhm,SpMin3_Bhm,0.7718434152883547,0.7718434152883547
apol,SpMin4_Bhm,0.771695426948392,0.771695426948392
EE_Dt,EE_D,0.7715997059586716,0.7715997059586716
AATS1e,AATS2s,0.7713526620924971,0.7713526620924971
ETA_EtaP,ETA_EtaP_L,0.7712958930410657,0.7712958930410657
ALogp2,nHBint9,0.771220632013013,0.771220632013013
SpMAD_DzZ,SpMax5_Bhv,0.77114302393918,0.77114302393918
AATS2p,AATS4p,0.7710300269447676,0.7710300269447676
ETA_Beta,fragC,0.7709842219063691,0.7709842219063691
minHBint8,maxHBint8,0.7707645295027383,0.7707645295027383
nO,MDEO-11,0.7707581490499111,0.7707581490499111
AATS3e,AATS4e,0.7707569985863268,0.7707569985863268
ATS3s,SsssCH,-0.7707299798465832,0.7707299798465832
ATSC5i,MATS5i,0.7706958080084928,0.7706958080084928
SpMin6_Bhm,SpMax3_Bhv,0.7706859921520477,0.7706859921520477
ATS4m,fragC,0.7705966861293401,0.7705966861293401
GATS1e,GATS1s,0.7705472645295404,0.7705472645295404
SpMin5_Bhv,IC3,0.7705065591874134,0.7705065591874134
SpMin3_Bhm,piPC1,0.7704971543130327,0.7704971543130327
ATSC0e,ATSC0i,0.7704671208158924,0.7704671208158924
SpMax2_Bhv,SpMin4_Bhv,0.7704622477295854,0.7704622477295854
SpMax_Dt,Kier2,0.7704574130320895,0.7704574130320895
nO,SM1_DzZ,0.7703571149282669,0.7703571149282669
ATS3s,ATSC0p,0.7702723911506802,0.7702723911506802
AVP-3,AVP-4,0.7702399274163773,0.7702399274163773
MATS6e,GATS6e,-0.7702084524226391,0.7702084524226391
Mp,ETA_dEpsilon_B,0.7701973625659843,0.7701973625659843
BCUTw-1h,SpMax1_Bhm,0.7701714097910654,0.7701714097910654
SpMin4_Bhm,SpMin2_Bhv,0.7701267799766538,0.7701267799766538
ATSC0i,VR3_Dt,0.7699138478647055,0.7699138478647055
SC-5,MDEC-44,0.7698978959395446,0.7698978959395446
AATSC6p,AATSC6i,0.7697257470018565,0.7697257470018565
ATSC2v,MATS2p,0.769671333732938,0.769671333732938
ATSC0e,GGI2,0.7696578112072759,0.7696578112072759
AATSC6p,GATS6v,-0.7694689650073859,0.7694689650073859
ATSC0i,SpMin6_Bhv,0.7692131963324668,0.7692131963324668
AATS2p,GATS1p,-0.7691441578866719,0.7691441578866719
SIC0,SIC1,0.7691054408377181,0.7691054408377181
SpMax2_Bhs,SpMax5_Bhs,0.7690281672743086,0.7690281672743086
SpMax4_Bhv,SpMin8_Bhv,0.7690145636016786,0.7690145636016786
SpMin4_Bhm,SIC0,-0.7689839379137906,0.7689839379137906
C4SP3,MDEC-14,0.7689818820579186,0.7689818820579186
C2SP3,ETA_EtaP,0.7689709674289957,0.7689709674289957
ATSC0e,GGI3,0.7688940414168882,0.7688940414168882
SpMin7_Bhm,SpMax4_Bhv,0.7688432598784298,0.7688432598784298
AATS0e,AMW,0.768825086253278,0.768825086253278
SIC0,MIC0,0.7688141452090328,0.7688141452090328
nHBint5,nHBint8,0.7687789388499284,0.7687789388499284
AMR,EE_Dt,0.7687266162445974,0.7687266162445974
AATS5p,Mp,0.7687233121731392,0.7687233121731392
AATSC5v,MATS5m,0.7685077472758398,0.7685077472758398
SpMin2_Bhm,SpMax4_Bhv,0.768348288034965,0.768348288034965
ETA_Eta_F,fragC,0.768333499323266,0.768333499323266
AATSC6v,MATS6m,0.7683078577825423,0.7683078577825423
C4SP3,VPC-4,0.7682831087671104,0.7682831087671104
ETA_EtaP,CIC0,0.7682224854966364,0.7682224854966364
SpMax6_Bhm,SpMin2_Bhv,0.7682073608644417,0.7682073608644417
nwHBa,nHaaCH,0.7679046917298322,0.7679046917298322
Kier3,EE_D,0.7678795358779037,0.7678795358779037
nHBint8,nHBint9,0.7676989244128786,0.7676989244128786
apol,GGI2,0.7676930485055826,0.7676930485055826
GATS5p,GATS5i,0.7676016626834817,0.7676016626834817
SM1_Dze,MLFER_S,0.7675199174063769,0.7675199174063769
ATSC0p,EE_Dt,0.7674904307828367,0.7674904307828367
GATS8m,GATS8p,0.767308721618001,0.767308721618001
ATS0p,SpMAD_Dzs,0.7671394373187421,0.7671394373187421
ATSC1s,nHBd,-0.7670905507706249,0.7670905507706249
SpMax4_Bhm,SpMax3_Bhv,0.7670547021921166,0.7670547021921166
ATS3s,ETA_dBeta,-0.7669466319968244,0.7669466319968244
AMR,ATS2s,0.7668994671925031,0.7668994671925031
SC-6,SssssC,-0.7668680672170043,0.7668680672170043
apol,SpMax4_Bhv,0.7668643050362651,0.7668643050362651
VC-3,nssssC,0.7668409610590786,0.7668409610590786
SM1_Dze,nRotBt,0.7667801901527898,0.7667801901527898
MATS4m,GATS4m,-0.7667632487274115,0.7667632487274115
SpMin4_Bhe,SpMin6_Bhs,0.7667556287405705,0.7667556287405705
ATSC6i,MATS6i,0.7666648419311889,0.7666648419311889
SpMin5_Bhv,SpMin6_Bhs,0.7666252996832651,0.7666252996832651
SpMAD_Dt,GGI2,0.7664915912301583,0.7664915912301583
SpMin7_Bhm,SpMin3_Bhv,0.7662479929575687,0.7662479929575687
nHsNH2,MDEN-11,0.766199673670857,0.766199673670857
MATS3p,MATS3i,0.7659168542005526,0.7659168542005526
ATS0s,EE_D,0.7658049969028654,0.7658049969028654
SC-4,MDEC-14,0.7657368663172807,0.7657368663172807
AATS3m,AATS3e,0.7657008922957756,0.7657008922957756
SHBint3,SHBint8,0.7656990445088567,0.7656990445088567
SpMax_Dt,SHCsats,0.7655757235189912,0.7655757235189912
SpMin2_Bhm,SpMax5_Bhv,0.7655559022050962,0.7655559022050962
MLFER_E,piPC1,0.7655408214484826,0.7655408214484826
SpMin8_Bhm,EE_Dt,0.7655354582396101,0.7655354582396101
AATS4e,ETA_Epsilon_4,0.7654952240256734,0.7654952240256734
nBondsM,ETA_Beta,0.7653706789642165,0.7653706789642165
nHBint4,nHBint8,0.7651810532694223,0.7651810532694223
ETA_Shape_X,JGI1,0.7651397891018289,0.7651397891018289
ATS4m,ATSC0i,0.7650539201137825,0.7650539201137825
minHBint2,maxHBint2,0.7650297043121949,0.7650297043121949
nBondsM,ETA_BetaP,0.764890986745921,0.764890986745921
SpMin8_Bhm,piPC1,0.7648818302195284,0.7648818302195284
ATS4m,VR3_Dt,0.7646194441245429,0.7646194441245429
nHBint4,nHBint10,0.764533201463529,0.764533201463529
IC1,SIC2,0.7645100570787118,0.7645100570787118
naAromAtom,maxHaaCH,0.7644217414010215,0.7644217414010215
ATS3s,nHBa,0.7644103495351698,0.7644103495351698
VPC-4,EE_Dt,0.7641946351450002,0.7641946351450002
MATS2e,GATS2e,-0.764137176898991,0.764137176898991
AATS1p,AATS4p,0.7640710870551778,0.7640710870551778
ATSC0e,EE_D,0.7640650573449274,0.7640650573449274
ATSC1e,SHsOH,-0.763980509513087,0.763980509513087
fragC,VR3_D,0.7639411960105317,0.7639411960105317
AATS0v,HybRatio,-0.7639311450489513,0.7639311450489513
AATS6m,AATS6p,0.7637826216965865,0.7637826216965865
MATS4p,GATS4i,-0.7637186605188048,0.7637186605188048
SpMAD_DzZ,VR3_Dt,0.7637154082404746,0.7637154082404746
LipoaffinityIndex,ETA_dPsi_A,-0.7637071003883065,0.7637071003883065
AATS2s,AATS4s,0.7635646440343846,0.7635646440343846
naaS,SaaS,-0.7634368668081924,0.7634368668081924
nHBint5,SHBint8,0.7631273188524222,0.7631273188524222
naAromAtom,SwHBa,0.7629614643369966,0.7629614643369966
ATSC1p,AATSC1v,0.7628666514237823,0.7628666514237823
ATS0p,SpMin6_Bhs,0.7628575315107096,0.7628575315107096
nBondsM,ETA_EtaP_F,0.7628506675811124,0.7628506675811124
AATSC7v,GATS7v,-0.7628140454027,0.7628140454027
SpMin3_Bhm,SpMax2_Bhv,0.7627981820760937,0.7627981820760937
AMR,VR3_DzZ,0.7627225938604301,0.7627225938604301
SpMin3_Bhm,SpMin7_Bhm,0.7626784971339684,0.7626784971339684
MATS5e,MATS5s,0.7626530245920462,0.7626530245920462
AATSC4p,GATS4v,-0.7625880999557428,0.7625880999557428
nBondsM,nHother,0.7624789258114331,0.7624789258114331
SpMAD_DzZ,EE_Dt,0.7624658942847237,0.7624658942847237
VC-3,MDEC-14,0.7623949010597688,0.7623949010597688
MIC1,AMW,0.7623782154344309,0.7623782154344309
apol,SpMax5_Bhm,0.7622635896898325,0.7622635896898325
ATSC0e,VR3_D,0.7622561805056335,0.7622561805056335
ATS0s,ndO,0.7621924769573944,0.7621924769573944
ETA_Eta_F,nHBAcc,0.7621150793287718,0.7621150793287718
apol,SpMin6_Bhs,0.7618513636871135,0.7618513636871135
ATSC1s,nHsOH,-0.7616972224617664,0.7616972224617664
meanI,ETA_Epsilon_2,0.7615636385755914,0.7615636385755914
SpMax2_Bhv,SpMin4_Bhe,0.7615317251106072,0.7615317251106072
nHBd,MLFER_BH,0.7614262293385631,0.7614262293385631
ATS3s,fragC,0.7613913872573247,0.7613913872573247
ETA_Shape_X,JGI2,0.7613238202380498,0.7613238202380498
AATS0p,AATS4p,0.761244313963471,0.761244313963471
ATS3s,nHCsats,0.7612197286245107,0.7612197286245107
SC-5,MDEC-24,0.7611411549550826,0.7611411549550826
SpMin7_Bhm,EE_Dt,0.7611401714258714,0.7611401714258714
nHBint5,MDEO-11,0.7611009237910609,0.7611009237910609
ATS4m,piPC1,0.7610240310482844,0.7610240310482844
SC-4,VC-3,0.7609971611196763,0.7609971611196763
SpMax_Dt,piPC1,0.7608971877378925,0.7608971877378925
ATSC1e,ATSC1s,0.760720762056466,0.760720762056466
CIC1,MLogP,0.7607167783862251,0.7607167783862251
CIC0,piPC1,0.7606169737941886,0.7606169737941886
SpMin2_Bhm,SpMin4_Bhv,0.7605720813527985,0.7605720813527985
nHBint4,SHBint10,0.7605630920876086,0.7605630920876086
minHaaCH,minaaCH,0.76040019023912,0.76040019023912
SpMAD_DzZ,SpMax4_Bhv,0.7603901919337296,0.7603901919337296
SpMAD_Dt,piPC1,0.7603802880639345,0.7603802880639345
LipoaffinityIndex,ETA_Psi_1,0.760265709957858,0.760265709957858
AATSC8m,MATS8m,0.7602428664505051,0.7602428664505051
ATS3s,ETA_Eta_F,0.7602419039087283,0.7602419039087283
SIC3,CIC2,-0.7601696698250598,0.7601696698250598
ATS0s,MLFER_BH,0.7601130767187394,0.7601130767187394
ATSC0p,piPC1,0.7600751047217726,0.7600751047217726
nHBint6,MLFER_BH,0.7600352700658828,0.7600352700658828
AATS4e,AATS0s,0.7600338373796736,0.7600338373796736
nHBint5,nHBint7,0.75997146792695,0.75997146792695
SC-5,SssssC,-0.759868503174393,0.759868503174393
ALogp2,SHBint9,0.7597756197617864,0.7597756197617864
SpMAD_DzZ,SpMax6_Bhm,0.7597015214681615,0.7597015214681615
AATSC3e,AATSC3s,0.7595917035872322,0.7595917035872322
AATS1v,AATS4p,0.7595874553448189,0.7595874553448189
SpMax_Dt,ZMIC1,0.7595500145230247,0.7595500145230247
SHBint8,SHBint9,0.7595344401690317,0.7595344401690317
nHBd,ETA_dEpsilon_D,0.7594743453601751,0.7594743453601751
nHBa,nRotBt,0.759311883907681,0.759311883907681
ATSC4c,MATS4c,0.7593097853958486,0.7593097853958486
apol,nRotBt,0.7591721058402042,0.7591721058402042
nBondsD2,nHCsatu,0.7589729541974473,0.7589729541974473
SpMin7_Bhe,CIC0,0.7588560181015988,0.7588560181015988
AATS1v,ETA_dEpsilon_B,0.7587882468969663,0.7587882468969663
ETA_Eta_F,ETA_EtaP_F,0.7586742377869106,0.7586742377869106
ETA_EtaP_B_RC,JGI2,0.7586725671735995,0.7586725671735995
AATS2m,AATS0e,0.7586488847208789,0.7586488847208789
ETA_EtaP,ETA_Eta_B,0.7586454657765932,0.7586454657765932
SpMax4_Bhv,SpMin5_Bhs,0.7586384393448121,0.7586384393448121
ATS0p,SpMin5_Bhs,0.7585703635471488,0.7585703635471488
minssS,gmin,0.7583950506239497,0.7583950506239497
AATS0v,AATS5v,0.7582447403660962,0.7582447403660962
nHBd,SHBint6,0.7580446100232384,0.7580446100232384
ATSC0i,fragC,0.7579998056327468,0.7579998056327468
SpMin6_Bhm,EE_Dt,0.7579676279213499,0.7579676279213499
ETA_Eta_B,nRotBt,0.7578964429666025,0.7578964429666025
SpMAD_DzZ,SpMin4_Bhm,0.7578585621891982,0.7578585621891982
SpMin2_Bhv,SpMin4_Bhe,0.757811842665648,0.757811842665648
SpMAD_DzZ,SpMin7_Bhm,0.7578028711321663,0.7578028711321663
ATS0p,SpMin4_Bhm,0.7577358207837002,0.7577358207837002
ETA_Eta_F,MLFER_BH,0.7574772762804372,0.7574772762804372
ASP-2,ASP-4,0.7572806076485898,0.7572806076485898
SpMax_Dt,ETA_Beta,0.7572519219720651,0.7572519219720651
SpMin5_Bhm,SIC0,-0.7572298042261514,0.7572298042261514
AATS0v,AATS3p,0.7571076693328561,0.7571076693328561
ATS4m,VPC-4,0.756670491214987,0.756670491214987
ATS3s,SpMAD_Dt,0.7566515387484839,0.7566515387484839
ATSC0i,SpMin7_Bhe,0.7565872115270398,0.7565872115270398
SpMax1_Bhv,ASP-1,-0.7565318366393513,0.7565318366393513
AATS3v,GATS1v,-0.756310469562652,0.756310469562652
AATS3e,AATS2s,0.7562870812878617,0.7562870812878617
SM1_Dze,SsssCH,-0.7562009142997462,0.7562009142997462
nHBa,nHBint6,0.7561399804450241,0.7561399804450241
SpMax5_Bhm,SpMin2_Bhv,0.7560520719315477,0.7560520719315477
nHCsatu,ndssC,0.7560242638928361,0.7560242638928361
SIC0,AMW,0.7558977800389558,0.7558977800389558
ATSC3s,MATS3s,0.7558757947837427,0.7558757947837427
SpMin5_Bhe,IC3,0.7557938372123258,0.7557938372123258
AATSC8p,GATS8p,-0.7557386443704539,0.7557386443704539
SpMin2_Bhm,SpMin5_Bhm,0.755712490268705,0.755712490268705
SpMin4_Bhm,SpMin8_Bhm,0.7556540232142995,0.7556540232142995
SC-5,JGT,0.7555165012034626,0.7555165012034626
AATS3s,AATSC0e,0.7554764062890252,0.7554764062890252
SpMin2_Bhm,CIC0,0.7553141517877204,0.7553141517877204
SpMin8_Bhm,SpMin4_Bhv,0.7553055958272946,0.7553055958272946
nHBint8,SHBint3,0.7552082881018622,0.7552082881018622
fragC,EE_D,0.7552058009423606,0.7552058009423606
ATSC0e,TopoPSA,0.7552010610364608,0.7552010610364608
SpMin2_Bhv,SpMin5_Bhv,0.7551543970343934,0.7551543970343934
SpMax6_Bhm,CIC0,0.7550546966348415,0.7550546966348415
VE2_Dzv,VE2_Dze,0.755020051790173,0.755020051790173
SpMin3_Bhm,SpMin5_Bhs,0.7549556729943305,0.7549556729943305
nHBd,nHBint9,0.7549520652326343,0.7549520652326343
SpMAD_DzZ,SpMax_Dt,0.7549175639332538,0.7549175639332538
ATS0p,SHCsats,0.7548655098129547,0.7548655098129547
SpMax7_Bhm,SpMin5_Bhs,0.7548548440475716,0.7548548440475716
ATS3s,SpMAD_DzZ,0.7548452283692666,0.7548452283692666
nO,MLFER_BH,0.7547168438296207,0.7547168438296207
ATS4m,SpMAD_Dt,0.7546966300745088,0.7546966300745088
nHBint6,SHBint8,0.7545748506672854,0.7545748506672854
AATS1m,MIC1,0.7545564013652956,0.7545564013652956
GATS1p,Mp,-0.7543801932457724,0.7543801932457724
apol,SpMin8_Bhe,0.7543449390465511,0.7543449390465511
SHBd,SHBint8,0.7543375514472171,0.7543375514472171
nHBint6,SHBint9,0.7542307322320014,0.7542307322320014
AATS0v,GATS1p,-0.7541070760143433,0.7541070760143433
nBondsD,ndssC,0.7540805247242417,0.7540805247242417
ATSC1v,MATS1i,0.7539992575249963,0.7539992575249963
MATS8c,MATS8e,0.7539367339743018,0.7539367339743018
apol,SpMin5_Bhs,0.7539098055077248,0.7539098055077248
SpMax5_Bhm,SpMin8_Bhv,0.7538726678346687,0.7538726678346687
ASP-0,ETA_EtaP_B,0.7538538907965574,0.7538538907965574
AATS4v,AATS5p,0.7538378419213508,0.7538378419213508
IC1,IC2,0.7538224672785705,0.7538224672785705
SpMAD_DzZ,SpMin7_Bhe,0.7537208012230804,0.7537208012230804
ATSC0e,MDEO-12,0.7536798859937772,0.7536798859937772
naAromAtom,ETA_BetaP,0.753679531383349,0.753679531383349
SpMax5_Bhv,EE_Dt,0.7535934611356667,0.7535934611356667
AATS0m,AATS7m,0.7534324333497573,0.7534324333497573
SpMAD_DzZ,SpMax5_Bhm,0.7532623918925486,0.7532623918925486
SpMin8_Bhm,SpMin8_Bhs,0.7532372195183223,0.7532372195183223
ATS0p,GGI2,0.7531734479479479,0.7531734479479479
AATS0v,GATS1m,-0.7530446952989476,0.7530446952989476
SpMin8_Bhe,EE_Dt,0.7529413050615584,0.7529413050615584
SpMin5_Bhs,piPC1,0.7529089475476731,0.7529089475476731
SpMin5_Bhv,EE_Dt,0.752848872452843,0.752848872452843
SpMAD_DzZ,SpMax7_Bhm,0.7526622729275741,0.7526622729275741
AATS1v,GATS1p,-0.7526573691770698,0.7526573691770698
SpMax4_Bhv,IC3,0.752556226720649,0.752556226720649
AATS0s,AATS1s,0.7522584041124634,0.7522584041124634
SpMin7_Bhe,SpMin5_Bhs,0.7522579682742895,0.7522579682742895
ATSC0i,ZMIC1,0.7521614227162874,0.7521614227162874
SpMin3_Bhv,SpMin8_Bhv,0.7521348283087128,0.7521348283087128
VR3_DzZ,SM1_Dze,0.752081382563012,0.752081382563012
SpMin6_Bhe,IC3,0.752066334683528,0.752066334683528
nHBint3,SHBint9,0.7520509761312618,0.7520509761312618
AATSC0v,ETA_Epsilon_4,-0.7520074500863185,0.7520074500863185
n7HeteroRing,nT7HeteroRing,0.7518362516872739,0.7518362516872739
GATS8m,GATS8v,0.7517433180572228,0.7517433180572228
nO,nsssCH,0.7517282520132639,0.7517282520132639
AMR,VR3_D,0.7516592330528467,0.7516592330528467
ATSC0i,ETA_Beta,0.7516134718426597,0.7516134718426597
AATS3m,AATS4m,0.7515228824253719,0.7515228824253719
nHBd,MDEO-11,0.7514445968469582,0.7514445968469582
C3SP3,SC-5,0.7514190986460502,0.7514190986460502
SpMAD_DzZ,ETA_Eta_F,0.7513399988201102,0.7513399988201102
ETA_Epsilon_5,ETA_dPsi_A,0.75132813634878,0.75132813634878
ZMIC1,ZMIC3,0.7510177222494278,0.7510177222494278
SpMin3_Bhv,SpMin5_Bhs,0.7509292412797282,0.7509292412797282
ATSC0e,ETA_Eta_F,0.7507728717298388,0.7507728717298388
AATSC8v,GATS8v,-0.7507460263260651,0.7507460263260651
nsssN,MDEN-33,0.7507298155488825,0.7507298155488825
ATSC0e,MLFER_BH,0.7506989133412677,0.7506989133412677
AATS0e,AATSC0v,-0.7506461038115869,0.7506461038115869
AATS3e,ETA_Epsilon_5,0.750589878155502,0.750589878155502
GATS3c,GATS3e,0.7505307779783785,0.7505307779783785
AATS1e,SIC0,0.7504051011200289,0.7504051011200289
SpMax2_Bhv,SpMin5_Bhv,0.750397557604996,0.750397557604996
SpMin5_Bhm,SpMin2_Bhv,0.7502069895674706,0.7502069895674706
ATS0s,SpMax4_Bhs,0.7501293576103947,0.7501293576103947
ETA_EtaP_F,MLFER_E,0.7500955771220937,0.7500955771220937
ETA_Epsilon_5,ETA_Psi_1,-0.749977152909495,0.749977152909495
ATSC4p,GATS4v,-0.7499321057531767,0.7499321057531767
ATS0s,SpMax_Dt,0.7498943775080086,0.7498943775080086
AATS0e,SIC0,0.7497541509554584,0.7497541509554584
SpMin7_Bhe,piPC1,0.7496373603439903,0.7496373603439903
ATS2s,GGI3,0.7496328442398462,0.7496328442398462
ATSC0e,minsssCH,-0.7494699611739961,0.7494699611739961
AATS0s,AATS5s,0.7494367332698918,0.7494367332698918
AATS4s,AATSC0e,0.7493139393770615,0.7493139393770615
ATSC0p,SpMin8_Bhv,0.749306134477993,0.749306134477993
AMR,SpMAD_DzZ,0.7492063490267246,0.7492063490267246
AATSC0m,SpMax1_Bhm,0.7491897921446117,0.7491897921446117
GATS1v,ETA_dEpsilon_B,-0.7491809116519479,0.7491809116519479
MATS2c,GATS2c,-0.7491786746786141,0.7491786746786141
AATS0m,MIC0,0.7490228891046212,0.7490228891046212
ATS4m,ETA_EtaP,0.7490215474447492,0.7490215474447492
AATS6m,AATS7v,0.7488856839893421,0.7488856839893421
ASP-2,nRing,-0.7486981186042105,0.7486981186042105
AATS1e,meanI,0.7486772241847036,0.7486772241847036
SM1_Dze,EE_D,0.7486468585975684,0.7486468585975684
ATSC3c,ATSC4c,-0.7486301320227464,0.7486301320227464
SpMax5_Bhm,SpMin6_Bhe,0.7485720459438885,0.7485720459438885
IC1,SIC1,0.7485717715188717,0.7485717715188717
ATS0s,MLFER_S,0.7484689392062327,0.7484689392062327
MATS7p,GATS7v,-0.7483582224313794,0.7483582224313794
SpMax5_Bhm,SpMin7_Bhm,0.7483281449141372,0.7483281449141372
SpMin6_Bhm,SpMin7_Bhs,0.7483241386533405,0.7483241386533405
AMR,ATSC0e,0.7482737514650263,0.7482737514650263
ATSC0i,SpMin5_Bhv,0.7482211124032933,0.7482211124032933
ATS0p,SpMin8_Bhe,0.7480165779399404,0.7480165779399404
nssssC,JGT,0.7480151354720143,0.7480151354720143
ATS2s,ETA_Beta,0.7479467956362762,0.7479467956362762
C3SP3,nssssC,0.7479098482147611,0.7479098482147611
nHBint9,SHBint8,0.7478597233703134,0.7478597233703134
SpMin6_Bhm,IC3,0.7476840644255288,0.7476840644255288
SpMAD_DzZ,SpMin8_Bhm,0.7476764806108754,0.7476764806108754
AATS3e,AATS5e,0.7476519894861987,0.7476519894861987
nHBint3,MLFER_BH,0.7474864325826264,0.7474864325826264
nHBa,EE_D,0.7472208986523424,0.7472208986523424
SssS,minHBa,0.7471887289757029,0.7471887289757029
ATSC7c,ATSC7e,0.7471351672959936,0.7471351672959936
piPC1,nRing,0.747073806826485,0.747073806826485
SpMAD_DzZ,ETA_Beta,0.746971075370747,0.746971075370747
AMR,EE_D,0.7469582608291593,0.7469582608291593
nHsOH,MDEO-11,0.7469249890544308,0.7469249890544308
CrippenLogP,ETA_dEpsilon_D,-0.7468943642086906,0.7468943642086906
AATS4e,AATSC0e,0.7468748734113152,0.7468748734113152
n7Ring,nT7Ring,0.7467038248055636,0.7467038248055636
C3SP3,GGI2,0.746666542688778,0.746666542688778
nF6Ring,nF6HeteroRing,0.7466286059511018,0.7466286059511018
AATS0v,AATS4p,0.7465516035456499,0.7465516035456499
ALogp2,nHBint3,0.7464066192402911,0.7464066192402911
SssCH2,maxssCH2,0.746391277757454,0.746391277757454
ATSC3s,AATSC3s,0.7463701520917103,0.7463701520917103
SpMax6_Bhm,SpMin5_Bhs,0.7463080002968708,0.7463080002968708
AATS5e,AATS0s,0.7460907061132537,0.7460907061132537
AATS3v,AATS2p,0.7460095995095868,0.7460095995095868
ETA_EtaP,MDEC-34,0.7459735194807224,0.7459735194807224
ATSC0p,SpMin7_Bhv,0.7459651427770478,0.7459651427770478
SpMax7_Bhm,EE_Dt,0.745852601431806,0.745852601431806
VCH-7,VPC-4,0.745819320648552,0.745819320648552
apol,ATS0s,0.7457154485915353,0.7457154485915353
VR3_Dt,ETA_Beta,0.7456120389928845,0.7456120389928845
nHBint4,nHBint5,0.745595155926794,0.745595155926794
MATS3e,MATS3s,0.7455184408520539,0.7455184408520539
meanI,ETA_Epsilon_4,0.7454978644759475,0.7454978644759475
AATS0m,AMW,0.7452621706323977,0.7452621706323977
VC-4,nssssC,0.7452537810073255,0.7452537810073255
AATS4e,IC0,0.7452455452728427,0.7452455452728427
AATSC4p,MATS4i,0.7451814175878876,0.7451814175878876
nssssC,GGI3,0.7451508561423348,0.7451508561423348
AATS0v,ETA_BetaP,0.7450370070096539,0.7450370070096539
SwHBa,SaasC,0.7447578623163666,0.7447578623163666
VE3_Dt,VE3_D,0.7447567778582804,0.7447567778582804
EE_Dt,ETA_EtaP,0.7446473611239851,0.7446473611239851
SpMin4_Bhm,SpMin6_Bhs,0.744571803193614,0.744571803193614
AATSC5p,MATS5i,0.7445381182099422,0.7445381182099422
VE1_DzZ,VE1_Dzv,0.7444424253756503,0.7444424253756503
ATS2s,fragC,0.7443515100127984,0.7443515100127984
ATSC0p,SpMin6_Bhe,0.7443507668192486,0.7443507668192486
ATSC0e,SpMax6_Bhs,0.7443431250391627,0.7443431250391627
SpMax5_Bhm,ETA_Beta,0.7442209023244888,0.7442209023244888
nHBint3,SHBd,0.7441261242150319,0.7441261242150319
ETA_Shape_X,ETA_EtaP_B_RC,0.74405665938573,0.74405665938573
SpMax6_Bhm,EE_Dt,0.7439188436522108,0.7439188436522108
SpMAD_Dt,IC3,0.7435992110364829,0.7435992110364829
ATSC2e,AATSC2s,0.7435377541511501,0.7435377541511501
SpMax_Dt,GGI3,0.7434529100572521,0.7434529100572521
nHBint3,TopoPSA,0.7434079977808613,0.7434079977808613
VR3_Dt,piPC1,0.7433507240207585,0.7433507240207585
ATSC0p,SpMax4_Bhm,0.7433400285013745,0.7433400285013745
SC-4,JGT,0.743264432749466,0.743264432749466
mindO,maxHBa,0.7432506938014293,0.7432506938014293
SpMax4_Bhv,ETA_Beta,0.7431871052384433,0.7431871052384433
SpMin4_Bhe,EE_Dt,0.7428677180405487,0.7428677180405487
ATSC0i,SpMin4_Bhe,0.7427786653789183,0.7427786653789183
nHBint6,nHBint8,0.7426125202946292,0.7426125202946292
SHCsats,MDEO-12,0.7426124820954836,0.7426124820954836
AATSC0s,MAXDN2,0.7425757176392447,0.7425757176392447
minHCsats,maxHCsats,0.7425595660004476,0.7425595660004476
MATS1e,ETA_dEpsilon_D,-0.7425538805613571,0.7425538805613571
nHBint6,nHBAcc,0.7425364074079267,0.7425364074079267
AATS1m,SIC0,0.7424000784142593,0.7424000784142593
SpMin8_Bhv,IC3,0.7423980950445623,0.7423980950445623
VPC-4,ETA_Eta_B,0.7423457198671031,0.7423457198671031
AATS6m,AATS5v,0.742342536371332,0.742342536371332
AATS3v,GATS2v,-0.7423192159883908,0.7423192159883908
SpMax1_Bhv,ETA_Epsilon_3,0.7418354711160301,0.7418354711160301
ATS0s,minsssCH,-0.7418308542163263,0.7418308542163263
VR3_DzZ,nRotBt,0.7418187940310235,0.7418187940310235
nAtomLC,RotBFrac,0.7417701873273255,0.7417701873273255
nsssCH,MDEO-12,0.7417322426816184,0.7417322426816184
ATS0s,nRotBt,0.741678996834357,0.741678996834357
AATS6m,AATS7m,0.7416508324004133,0.7416508324004133
ATS4m,ETA_Eta_F,0.7415497891764458,0.7415497891764458
AATSC3m,MATS3m,0.7415444393439082,0.7415444393439082
minwHBa,meanI,-0.7415111175191411,0.7415111175191411
ATSC1p,MATS1i,0.741509167881803,0.741509167881803
SpMax4_Bhv,SpMin6_Bhe,0.7414677181238729,0.7414677181238729
VC-3,MDEC-34,0.7414418312793928,0.7414418312793928
AATS0m,ETA_dAlpha_A,0.7413948416391973,0.7413948416391973
AATS2s,AATSC0s,0.7412826286663309,0.7412826286663309
ATS0p,nRotBt,0.7412081947546956,0.7412081947546956
ATSC0p,SpMin5_Bhe,0.7411553172654867,0.7411553172654867
ATSC7i,AATSC7i,0.7411000742188152,0.7411000742188152
ATS3s,nHBAcc,0.7410903280441182,0.7410903280441182
apol,ATSC0e,0.7410252593128417,0.7410252593128417
apol,ETA_Eta_B,0.740989727915666,0.740989727915666
SC-4,SC-6,0.7409193681613825,0.7409193681613825
minsBr,maxsBr,0.7408333592777601,0.7408333592777601
apol,ETA_EtaP,0.7407618684043605,0.7407618684043605
minsOH,maxHsOH,0.7407024082974605,0.7407024082974605
SpMax1_Bhv,ASP-2,-0.7405676941667902,0.7405676941667902
ALogp2,SHBint3,0.7404416365192034,0.7404416365192034
ATS2s,MLFER_BH,0.7404244464430968,0.7404244464430968
AATSC7c,AATSC7e,0.7404072210938544,0.7404072210938544
AATS1i,AATSC0v,-0.7403525103560278,0.7403525103560278
ATSC6p,MATS6p,0.7403402313656221,0.7403402313656221
AATSC6c,AATSC7c,-0.7402985065519644,0.7402985065519644
ATSC0i,CIC0,0.7402558728336274,0.7402558728336274
SpMin5_Bhe,SpMin7_Bhs,0.7402019103337759,0.7402019103337759
ATSC4c,AATSC4c,0.7401356082556416,0.7401356082556416
AATSC8m,AATSC8p,0.7399613815023232,0.7399613815023232
VC-6,ETA_Shape_X,0.7399356880469096,0.7399356880469096
nHCsatu,maxHCsatu,0.7399348539475827,0.7399348539475827
AATS1e,AATS4s,0.7399146597971488,0.7399146597971488
apol,IC3,0.7398571439057293,0.7398571439057293
nHBint7,nHBint8,0.7398526214197808,0.7398526214197808
ATSC0p,SpMin6_Bhv,0.7398040577448626,0.7398040577448626
nHsNH2,minHsNH2,0.7395200591830597,0.7395200591830597
ATS3s,ZMIC1,0.7394234456231688,0.7394234456231688
SpMin5_Bhm,IC3,0.7393890562821569,0.7393890562821569
nO,SHCsats,0.7393791480723179,0.7393791480723179
AATS1m,AATS0e,0.7393755012549795,0.7393755012549795
ATSC1i,AATSC1v,0.7393747134004413,0.7393747134004413
AATS2m,IC0,0.7393684962797136,0.7393684962797136
AATS1i,AATS3i,0.7392876666768964,0.7392876666768964
ATSC4i,GATS4i,-0.7392278664838742,0.7392278664838742
ATS3s,IC3,0.7392069997073115,0.7392069997073115
nHBint8,SHBint9,0.7391576124335415,0.7391576124335415
ATSC0i,SpMin7_Bhm,0.7391158269796734,0.7391158269796734
EE_Dt,ETA_Eta_F,0.739086832539126,0.739086832539126
nBondsM,naasC,0.7389592618808537,0.7389592618808537
ATSC0i,SpMin6_Bhm,0.7389519494143345,0.7389519494143345
VE2_Dzv,VE1_Dzp,0.7389118291395915,0.7389118291395915
EE_Dt,VR3_Dt,0.7388642092058607,0.7388642092058607
GATS4v,GATS4i,0.7386162237818482,0.7386162237818482
AATS4m,AATS7m,0.7385844677005795,0.7385844677005795
MATS7c,MATS7e,0.73854999709118,0.73854999709118
VR3_DzZ,ETA_Eta_B,0.7385376543770081,0.7385376543770081
ATSC5v,AATSC5v,0.7384402479331175,0.7384402479331175
SpMax2_Bhv,SpMin6_Bhv,0.7383368117866028,0.7383368117866028
AATS2s,AATS3s,0.7382894057601275,0.7382894057601275
SsssCH,nHBAcc,-0.7382729101070588,0.7382729101070588
ATSC3m,MATS3m,0.7382438907527384,0.7382438907527384
nHBint5,nHBint6,0.7381680440095469,0.7381680440095469
ATSC1v,AATSC1p,0.7380706704822239,0.7380706704822239
SpMAD_DzZ,nRotB,0.737966669706998,0.737966669706998
ATSC0i,GGI2,0.7379390457834846,0.7379390457834846
SpMax3_Bhv,ETA_Beta,0.7379062295227893,0.7379062295227893
VE1_Dzv,VE2_Dzp,0.737895075751507,0.737895075751507
GATS2p,GATS2i,0.7378812700622073,0.7378812700622073
nHBd,SHBint9,0.7377609670019474,0.7377609670019474
ATS3s,piPC1,0.7377605248833388,0.7377605248833388
ATSC0e,SpMax_Dt,0.7377254038797769,0.7377254038797769
AATS8v,GATS8i,0.7376668334625375,0.7376668334625375
AATS1m,AATS0p,0.7376610643256271,0.7376610643256271
nHBd,SHsOH,0.7376559731792619,0.7376559731792619
SM1_Dzs,ETA_AlphaP,-0.737440713943777,0.737440713943777
SpMin4_Bhe,SpMin7_Bhe,0.7374331654190578,0.7374331654190578
ETA_Eta_B,ETA_EtaP_B,0.7373859003657047,0.7373859003657047
AATS0e,MIC0,0.737376335275888,0.737376335275888
nHBAcc,MDEO-11,0.7373087271514355,0.7373087271514355
ATSC0i,SpMin8_Bhm,0.7372569843367061,0.7372569843367061
VR3_DzZ,SHCsats,0.7371986666191869,0.7371986666191869
SpMin2_Bhv,SpMin6_Bhv,0.7371691832236719,0.7371691832236719
AATS3e,meanI,0.7370726214388855,0.7370726214388855
nsssCH,ETA_EtaP,0.7370458428559558,0.7370458428559558
AATS0p,AATS3p,0.7367398386554915,0.7367398386554915
VPC-4,MDEC-44,0.7366681327700276,0.7366681327700276
nssS,minssS,-0.7366584499803885,0.7366584499803885
VR3_DzZ,nHBa,0.7366492140770595,0.7366492140770595
ATSC0p,CIC0,0.7366037659507686,0.7366037659507686
GATS1m,AMW,-0.7365989689996802,0.7365989689996802
ASP-5,ASP-6,0.7365584253906807,0.7365584253906807
VE3_Dt,VR1_Dt,-0.7365183740484198,0.7365183740484198
AATSC6i,GATS6i,-0.736424657843233,0.736424657843233
AATS0m,AATS3m,0.7363791527902097,0.7363791527902097
AATS4e,ETA_Epsilon_2,0.736357558590924,0.736357558590924
SM1_Dze,VR3_D,0.7362475973007413,0.7362475973007413
MATS7m,GATS7m,-0.736241454575702,0.736241454575702
SpMax4_Bhm,SpMin4_Bhv,0.7361576998914942,0.7361576998914942
nHBint7,nHsOH,0.7361026829525783,0.7361026829525783
ATS4m,EE_D,0.7360510940748652,0.7360510940748652
ATSC4p,GATS4p,-0.7359928412248169,0.7359928412248169
SpMax6_Bhm,SpMin8_Bhm,0.7358721056253349,0.7358721056253349
AATSC3s,MATS3s,0.735851256899635,0.735851256899635
SpMin2_Bhm,SIC0,-0.7358310443813412,0.7358310443813412
nHBd,nHBAcc,0.735796866881375,0.735796866881375
ATS0m,SpMax4_Bhm,0.7357890163870788,0.7357890163870788
nssssC,ETA_EtaP,0.7357740314233184,0.7357740314233184
SpMAD_Dt,CIC0,0.7357182085061527,0.7357182085061527
nHBd,MLFER_A,0.7357020724696653,0.7357020724696653
AMR,VC-3,0.7356721911856232,0.7356721911856232
SpMin4_Bhm,SpMax2_Bhv,0.735638033878296,0.735638033878296
ATS0s,VR3_Dt,0.735632879336582,0.735632879336582
SpMin5_Bhm,EE_Dt,0.7356220790194741,0.7356220790194741
fragC,GGI2,0.7355815966381636,0.7355815966381636
AATS0p,AMW,0.735553898093392,0.735553898093392
SC-5,JGI2,0.7355241212474908,0.7355241212474908
ETA_Eta_F,ZMIC1,0.7355029354505481,0.7355029354505481
SC-6,JGT,0.7352405072975144,0.7352405072975144
MLFER_S,piPC1,0.7351593059895712,0.7351593059895712
ATSC1s,nHBint4,-0.735043061171677,0.735043061171677
ATSC0e,nsssCH,0.7349519678038063,0.7349519678038063
SHBint3,SHBint9,0.734833107221721,0.734833107221721
AVP-0,AVP-3,0.7348195894639205,0.7348195894639205
ATS4m,VC-3,0.7348071441396572,0.7348071441396572
AATSC5v,GATS5p,-0.7346850935312359,0.7346850935312359
SpMax3_Bhv,CIC0,0.7346189635451592,0.7346189635451592
SHCsats,ZMIC1,0.734279166890535,0.734279166890535
SCH-5,VCH-6,0.7342747428102714,0.7342747428102714
LipoaffinityIndex,ETA_Epsilon_2,-0.7342659507467748,0.7342659507467748
nO,nRotBt,0.7342534208272649,0.7342534208272649
SssssC,MDEC-44,-0.7342123455772334,0.7342123455772334
SpMin1_Bhm,n6Ring,0.7341932822226984,0.7341932822226984
IC3,GGI2,0.7341329263547485,0.7341329263547485
ATSC1s,MDEO-11,-0.7341318711595304,0.7341318711595304
ATSC6v,ATSC6i,0.7340999374756031,0.7340999374756031
ATSC1e,nHBint7,-0.7340892604208363,0.7340892604208363
AATS3s,AATS4s,0.7340004239558432,0.7340004239558432
ETA_Shape_X,MDEC-24,0.7339898621602635,0.7339898621602635
ATSC6p,AATSC6p,0.7339795054075914,0.7339795054075914
SHCsats,VR3_D,0.7339624680638971,0.7339624680638971
AATS6m,AATS7p,0.7339366526553056,0.7339366526553056
SC-6,GGI2,0.7338495902487522,0.7338495902487522
ATS3s,MLFER_BH,0.7338049409517968,0.7338049409517968
SM1_Dze,MDEO-11,0.7337565218363976,0.7337565218363976
apol,MLogP,0.7337512711629341,0.7337512711629341
SpMin3_Bhm,MLogP,0.7336584812722396,0.7336584812722396
GATS7c,GATS7s,0.7335703761415701,0.7335703761415701
SpMAD_Dt,GGI3,0.7335359417173765,0.7335359417173765
SpMin3_Bhm,SpMin8_Bhv,0.7334382597933039,0.7334382597933039
VR3_DzZ,SpMin8_Bhv,0.733366626802157,0.733366626802157
nO,minsssCH,-0.7333665450872197,0.7333665450872197
ATS0p,IC3,0.7333604490200133,0.7333604490200133
ATS2s,SM1_DzZ,0.7332114581174306,0.7332114581174306
ATS3s,VPC-4,0.7330913408603514,0.7330913408603514
SM1_DzZ,MLFER_S,0.7330836926845973,0.7330836926845973
AATSC7p,GATS7p,-0.7329477141848041,0.7329477141848041
nO,GGI3,0.7329381319779323,0.7329381319779323
ATS3s,VC-3,0.7329267199748233,0.7329267199748233
SpMAD_DzZ,Kier3,0.7329034039607509,0.7329034039607509
JGI1,JGI2,0.7329025192103551,0.7329025192103551
AATS3e,ETA_dPsi_A,0.7328396634413766,0.7328396634413766
SpMin7_Bhv,SpMin8_Bhe,0.7326453607869177,0.7326453607869177
nHBa,MDEO-11,0.7325162560099937,0.7325162560099937
ATSC0p,SpMax6_Bhm,0.7324959654209139,0.7324959654209139
SHBd,TopoPSA,0.7324608806494608,0.7324608806494608
AATSC8e,AATSC8s,0.7323009945657472,0.7323009945657472
MDEC-23,nRing,0.7321890665294355,0.7321890665294355
nRotBt,VR3_D,0.7321505013576225,0.7321505013576225
apol,SpMAD_Dzs,0.7321386526614188,0.7321386526614188
AATS6m,AMW,0.732108698757242,0.732108698757242
AMR,ATS0s,0.7320878987586729,0.7320878987586729
nHssNH,minssNH,0.7320203140009373,0.7320203140009373
SpMin7_Bhm,SpMin8_Bhe,0.7320171986172798,0.7320171986172798
nI,AATS0m,0.731850282032626,0.731850282032626
SM1_Dze,SpMax6_Bhs,0.7318468167205727,0.7318468167205727
SpMax4_Bhm,SpMin4_Bhe,0.7317963052836701,0.7317963052836701
AATS2m,AATS3e,0.7317159904862981,0.7317159904862981
AATSC6v,GATS6p,-0.7315679217261877,0.7315679217261877
SpMax3_Bhv,SpMin5_Bhs,0.7315645013559045,0.7315645013559045
AATS4v,GATS1v,-0.731531868848116,0.731531868848116
IC0,SIC1,0.7314573845848671,0.7314573845848671
MATS4c,MATS4e,0.7314368761083969,0.7314368761083969
ATS0p,ATS0s,0.7314317820678132,0.7314317820678132
EE_Dt,ETA_Beta,0.7314014223938339,0.7314014223938339
nsssN,minsssN,0.7313858765858403,0.7313858765858403
ETA_BetaP,R_TpiPCTPC,0.7312775850431452,0.7312775850431452
ATS4m,SC-5,0.7312281740813469,0.7312281740813469
ATS4m,SM1_Dze,0.7312138029302572,0.7312138029302572
ATSC4s,MATS4s,0.7311820245572106,0.7311820245572106
nO,ATS4m,0.731168441617414,0.731168441617414
AATS2m,AATS4m,0.7311472061802436,0.7311472061802436
hmax,gmin,-0.7311313416685592,0.7311313416685592
AATSC8c,AATSC8e,0.7310500053970689,0.7310500053970689
VR3_DzZ,SpMin6_Bhe,0.730895603261535,0.730895603261535
SHBint5,SHBint8,0.7308750293207161,0.7308750293207161
SHBint4,maxHBint4,0.7308509696041288,0.7308509696041288
AATS7e,AATS8e,0.730850689188464,0.730850689188464
IC3,GGI3,0.7308076014785639,0.7308076014785639
MATS7e,GATS7e,-0.7307889688572823,0.7307889688572823
SpMin8_Bhm,SpMax5_Bhv,0.7306836314352969,0.7306836314352969
Mp,HybRatio,-0.7306119807992916,0.7306119807992916
SpMax3_Bhv,SpMin8_Bhv,0.730480997727448,0.730480997727448
ATSC1v,AATSC1i,0.7304803178450215,0.7304803178450215
nCl,minsCl,0.7303893193452852,0.7303893193452852
VR3_DzZ,SpMin7_Bhv,0.7299608369471915,0.7299608369471915
ATSC4p,AATSC4v,0.7299575786022218,0.7299575786022218
ATSC6c,ATSC7c,-0.729953515774303,0.729953515774303
SpMax5_Bhm,EE_Dt,0.7299349976088456,0.7299349976088456
AATSC0v,ETA_AlphaP,0.7297614631348853,0.7297614631348853
SpMin4_Bhv,IC3,0.7296597332815847,0.7296597332815847
SpMin7_Bhm,SpMax3_Bhv,0.7295122092057368,0.7295122092057368
SpMin2_Bhm,SpMin4_Bhe,0.7294140427435111,0.7294140427435111
nHBint9,MLFER_BH,0.7293012387069756,0.7293012387069756
ATSC0p,nRotBt,0.7292895881751222,0.7292895881751222
AATS4s,AATSC0s,0.7292483083106134,0.7292483083106134
AATS3e,ETA_Psi_1,-0.7291794539687874,0.7291794539687874
ETA_Eta_B,nHBAcc,0.7290669690504963,0.7290669690504963
nHBint7,TopoPSA,0.7290621170160825,0.7290621170160825
ATSC3p,GATS3p,-0.7290567576579939,0.7290567576579939
CIC2,CIC4,0.7289304881754912,0.7289304881754912
nHBint3,SsssCH,-0.7288723579517196,0.7288723579517196
ATSC1e,nHBint8,-0.7287923786767244,0.7287923786767244
SM1_DzZ,ETA_Eta_B,0.728783164469208,0.728783164469208
ATSC0p,SpMax7_Bhm,0.7287696427266681,0.7287696427266681
ZMIC1,piPC1,0.7287420739751967,0.7287420739751967
ATSC0p,SpMax5_Bhm,0.7287147221961815,0.7287147221961815
nHBa,SsssCH,-0.7286855505546364,0.7286855505546364
SpMin4_Bhe,IC3,0.7286753551649641,0.7286753551649641
VR3_DzZ,SpMin5_Bhe,0.728665688834244,0.728665688834244
Kier2,piPC1,0.728661644534117,0.728661644534117
ETA_Eta_B,VR3_D,0.7286242883009036,0.7286242883009036
SpMin2_Bhm,SpMin5_Bhv,0.7285081328601539,0.7285081328601539
nwHBa,ETA_EtaP_F,0.728454625125933,0.728454625125933
AATSC4i,MATS4p,0.7284285322095791,0.7284285322095791
ASP-1,RotBFrac,0.728426665767441,0.728426665767441
SsssCH,MLFER_BH,-0.7283521704240123,0.7283521704240123
ATS0s,nBondsD2,0.7283274037751638,0.7283274037751638
nHBint5,SHBint10,0.7282933214109636,0.7282933214109636
ATSC1e,nHBint3,-0.7281964165438563,0.7281964165438563
ATSC6v,AATSC6v,0.7281874264757893,0.7281874264757893
SpMax5_Bhm,CIC0,0.7281724101371259,0.7281724101371259
MATS5p,GATS5i,-0.7281430846141966,0.7281430846141966
ntN,mintsC,0.7281127300588968,0.7281127300588968
AMR,ATSC0i,0.7280998210502527,0.7280998210502527
AATS1m,AATS4m,0.7280821794017374,0.7280821794017374
SpMin6_Bhs,piPC1,0.7277867829296597,0.7277867829296597
ATSC0e,EE_Dt,0.7276849512040257,0.7276849512040257
MATS8m,MATS8p,0.7276841452662461,0.7276841452662461
SpMax6_Bhm,ETA_Beta,0.7276005185983231,0.7276005185983231
SpMin8_Bhv,VR3_D,0.7275950470447483,0.7275950470447483
ATSC3p,ATSC3i,0.727554436568907,0.727554436568907
AMR,VPC-4,0.7275475895284828,0.7275475895284828
AATS2s,AATS5s,0.7275359147101957,0.7275359147101957
IC2,piPC1,0.7275294703400063,0.7275294703400063
SpMin4_Bhv,SpMin6_Bhs,0.727525840057168,0.727525840057168
AATSC7i,MATS7p,0.7274694480263129,0.7274694480263129
ETA_BetaP,ETA_EtaP,-0.7274163764409476,0.7274163764409476
AATSC4v,GATS4p,-0.7273522994936445,0.7273522994936445
apol,GGI3,0.7272394801373983,0.7272394801373983
AATS6v,AATS8p,0.7272392662876442,0.7272392662876442
AATS1s,AATS3s,0.7271764364111436,0.7271764364111436
GATS3e,GATS3s,0.7271727119535082,0.7271727119535082
SpMin5_Bhm,SpMax2_Bhv,0.7271655302535722,0.7271655302535722
C3SP3,GGI3,0.727136757675232,0.727136757675232
nHBd,SsssCH,-0.7270911047868736,0.7270911047868736
SHBint10,maxHBint10,0.7269945143426947,0.7269945143426947
AATSC3v,MATS3m,0.7269435050804369,0.7269435050804369
meanI,ETA_dPsi_A,0.7269258282482407,0.7269258282482407
VC-4,MDEC-14,0.7269155479419481,0.7269155479419481
SpMax1_Bhv,ASP-3,-0.7268705814385031,0.7268705814385031
SHCsats,EE_D,0.7267606288370487,0.7267606288370487
AMR,nsssCH,0.7267601225900451,0.7267601225900451
AATSC0e,IC0,0.7265767989698242,0.7265767989698242
ATSC0e,SpMax5_Bhs,0.726549041641658,0.726549041641658
AATS0p,GATS1v,-0.7264678563188578,0.7264678563188578
SpMin5_Bhm,MLogP,0.7263558770611475,0.7263558770611475
MATS8p,GATS8v,-0.7263543547180689,0.7263543547180689
SpMax5_Bhm,SpMin5_Bhs,0.7259258598625912,0.7259258598625912
nHBint6,SHBd,0.7257176536884558,0.7257176536884558
SpMin1_Bhm,SpMax1_Bhv,0.7256372240473711,0.7256372240473711
ATSC1e,SHBint8,-0.7255075305292599,0.7255075305292599
ZMIC2,Kier2,0.7254588301492308,0.7254588301492308
AATS6p,AATS8p,0.7254007027240041,0.7254007027240041
AATSC0e,MAXDN2,0.7253954627720675,0.7253954627720675
AATS2m,AATS0v,0.7253479764656783,0.7253479764656783
AATS5v,AATS4p,0.7253373772176557,0.7253373772176557
MATS6p,GATS6i,-0.7252982130053949,0.7252982130053949
GATS1v,HybRatio,0.7252192428038309,0.7252192428038309
AATSC4e,MATS4s,0.7251342995987544,0.7251342995987544
AATS5e,ETA_Epsilon_2,0.7250656821094422,0.7250656821094422
SpMax_Dt,CIC0,0.725023607764187,0.725023607764187
ATSC3e,AATSC3e,0.7248124924667404,0.7248124924667404
AATS1s,AATS2s,0.7248017368218509,0.7248017368218509
SpMin4_Bhm,MLogP,0.7246501212514791,0.7246501212514791
ETA_Shape_P,FMF,-0.7246270465278759,0.7246270465278759
MATS8e,MATS8s,0.7245737766378493,0.7245737766378493
SIC2,SIC4,0.7245197108363262,0.7245197108363262
AATS8p,GATS8v,0.7243563698023601,0.7243563698023601
meanI,ETA_Psi_1,-0.7242973497708313,0.7242973497708313
nHBAcc,EE_D,0.7242729337687058,0.7242729337687058
ETA_Eta_B,JGT,0.7242019452549108,0.7242019452549108
ATS0p,ETA_Eta_B,0.7241904010810806,0.7241904010810806
ATS0p,SpMin3_Bhv,0.7240097460463382,0.7240097460463382
nHBint7,SsssCH,-0.7240012116244475,0.7240012116244475
ATSC5p,MATS5p,0.723982078634947,0.723982078634947
ATS0s,EE_Dt,0.7239762319263681,0.7239762319263681
SM1_Dze,MDEO-12,0.7239474608554931,0.7239474608554931
ATSC0e,ETA_dBeta,-0.7239190849419426,0.7239190849419426
ATSC5c,MATS5c,0.7238799762837917,0.7238799762837917
SpMin5_Bhv,SpMin7_Bhe,0.7238706223686532,0.7238706223686532
AATS7m,ETA_dPsi_B,0.7237134371634693,0.7237134371634693
AATSC0s,ETA_Epsilon_5,0.7236764714053603,0.7236764714053603
SpMax_Dt,ETA_Eta_B,0.723564469061459,0.723564469061459
ATSC0i,SpMax5_Bhv,0.723469092353749,0.723469092353749
AATSC0v,ETA_dAlpha_B,-0.7234586618817693,0.7234586618817693
SpMin5_Bhs,MLogP,0.7233374327016492,0.7233374327016492
SpMin5_Bhm,SpMin7_Bhe,0.7233370627570119,0.7233370627570119
CrippenLogP,SHBd,-0.7233047895638258,0.7233047895638258
SM1_Dze,minsssCH,-0.7231223724392832,0.7231223724392832
nO,VR3_DzZ,0.7231173184290046,0.7231173184290046
AATSC0v,meanI,-0.7230138341383002,0.7230138341383002
SpMax6_Bhs,nHBa,0.7229822807813368,0.7229822807813368
ATSC1i,AATSC1p,0.722975454390144,0.722975454390144
AATS0s,AATSC0v,-0.7229496211545057,0.7229496211545057
nHBint6,nHBint10,0.7228314057226259,0.7228314057226259
SpMax4_Bhm,SpMin5_Bhv,0.7227523222560861,0.7227523222560861
ATSC0p,SpMin5_Bhv,0.7227168514330936,0.7227168514330936
SpMax7_Bhm,SpMin2_Bhm,0.7225539030059568,0.7225539030059568
VC-5,JGT,0.7224108317573368,0.7224108317573368
AATSC4c,AATSC5c,-0.7223194777467301,0.7223194777467301
nHBint10,SsssCH,-0.7221620400661782,0.7221620400661782
MDEC-23,n6Ring,0.7221274076317816,0.7221274076317816
nHBint4,nHBint7,0.7221195180728008,0.7221195180728008
AATS2i,AATSC1i,-0.7220868274233693,0.7220868274233693
MATS4i,GATS4p,-0.7219827806739852,0.7219827806739852
ATS3s,SpMin6_Bhe,0.7218564353438657,0.7218564353438657
AATS5v,ETA_EtaP_F,0.7217607728503622,0.7217607728503622
VR3_DzZ,SpMin6_Bhv,0.7216862135388741,0.7216862135388741
SpMin6_Bhe,VR3_D,0.7216696579628721,0.7216696579628721
SM1_DzZ,MLFER_BH,0.7214287960022393,0.7214287960022393
ATS4m,IC3,0.7213962865535076,0.7213962865535076
AATS3e,AATS4s,0.7213593062558383,0.7213593062558383
SpMin7_Bhm,IC3,0.7213106811551524,0.7213106811551524
AATS3e,AATSC0s,0.7212593590277006,0.7212593590277006
SpMin7_Bhv,VR3_D,0.7211968777313521,0.7211968777313521
SpMin2_Bhm,SpMin6_Bhm,0.7210941083414933,0.7210941083414933
SpMin6_Bhe,EE_D,0.7210771638393101,0.7210771638393101
ATSC2p,ATSC2i,0.7210250368411419,0.7210250368411419
JGI3,JGT,0.721001963994379,0.721001963994379
nHBint6,MDEO-11,0.7209777406409248,0.7209777406409248
nN,MDEN-23,0.7209769716285828,0.7209769716285828
ATSC3e,ATSC3s,0.7209161089365226,0.7209161089365226
AATS3m,AATS0e,0.720737154429245,0.720737154429245
ATS0p,SpMax3_Bhv,0.7207274435786014,0.7207274435786014
ATS3s,CIC0,0.7206493007253965,0.7206493007253965
ATS2s,SpMin8_Bhv,0.7206402509855887,0.7206402509855887
ATSC4e,MATS4e,0.7206136323100183,0.7206136323100183
apol,SpMin3_Bhv,0.7204559345266188,0.7204559345266188
SpMin3_Bhv,SpMin6_Bhe,0.7203066472879543,0.7203066472879543
SpMin5_Bhe,EE_D,0.7202959078323442,0.7202959078323442
GATS8p,GATS8i,0.7202739787056709,0.7202739787056709
nHCsats,ETA_EtaP_L,0.7202385724413225,0.7202385724413225
MDEC-14,GGI2,0.72021630998023,0.72021630998023
ATS3s,SpMin8_Bhv,0.7201707612227092,0.7201707612227092
AMR,VR3_Dt,0.7199631549726013,0.7199631549726013
ATSC4c,ATSC4e,0.7199407769387686,0.7199407769387686
AATS1e,AATSC0s,0.7199098441700718,0.7199098441700718
ATSC0i,SpMax6_Bhm,0.7198774595853551,0.7198774595853551
naAromAtom,ETA_dEpsilon_B,0.7198290528346141,0.7198290528346141
fragC,GGI3,0.7197667726916678,0.7197667726916678
nHBint4,SHBint8,0.7196438083201058,0.7196438083201058
AMR,CIC0,0.7195197833336318,0.7195197833336318
nHBd,SHBint5,0.7194402973933146,0.7194402973933146
ATSC0p,SpMin7_Bhe,0.7193205742727279,0.7193205742727279
ATS2s,SpMin7_Bhv,0.7192704961179922,0.7192704961179922
ATSC0i,SpMin5_Bhm,0.7192130278685301,0.7192130278685301
C2SP1,nHtCH,0.7190842861221985,0.7190842861221985
ATS0p,ATSC0e,0.7190643263852982,0.7190643263852982
ATSC1p,AATSC1i,0.7190618302635606,0.7190618302635606
SpMin6_Bhm,SpMin2_Bhv,0.7189382093231671,0.7189382093231671
AATS1s,AATSC0v,-0.7189009777864582,0.7189009777864582
SHCsats,ETA_Eta_B,0.7188503756314488,0.7188503756314488
AATS2s,ETA_Epsilon_4,0.7188038930127747,0.7188038930127747
ATS3s,SpMin7_Bhv,0.7187711151352822,0.7187711151352822
SC-4,ETA_EtaP_B_RC,0.718727682941858,0.718727682941858
ATSC0i,SpMax7_Bhm,0.7186957064901783,0.7186957064901783
SpMax5_Bhv,ETA_Beta,0.7186925333491165,0.7186925333491165
nHBa,VR3_D,0.7185834765000576,0.7185834765000576
SpMin6_Bhe,SpMAD_Dt,0.7185721315210405,0.7185721315210405
SHBd,SHBint5,0.7185038041852044,0.7185038041852044
VC-3,EE_Dt,0.7183126495642942,0.7183126495642942
ATSC0e,VR3_Dt,0.7182546292345615,0.7182546292345615
VR2_Dze,VR1_Dzs,0.718178651178755,0.718178651178755
ETA_dBeta,ETA_Eta_B,-0.7180724729157002,0.7180724729157002
AATSC0s,SpMax2_Bhs,0.7179084006322889,0.7179084006322889
nHBint7,SHBint8,0.7178546251550325,0.7178546251550325
SpMin6_Bhm,SIC0,-0.7178275526099344,0.7178275526099344
AATS0s,IC0,0.7177676065242281,0.7177676065242281
nsCH3,ETA_Eta_B,0.7177433551190554,0.7177433551190554
VR3_DzZ,CIC0,0.7176956460825494,0.7176956460825494
AATS3e,AATS1s,0.7175570740762516,0.7175570740762516
ATS2s,SpMax6_Bhs,0.7174938826175665,0.7174938826175665
SpMax7_Bhm,ETA_Beta,0.7174912292605775,0.7174912292605775
MLFER_BH,EE_D,0.7174433597020933,0.7174433597020933
AATS1m,AATS0v,0.7174363573781325,0.7174363573781325
SC-5,ETA_EtaP_B_RC,0.7173782974061973,0.7173782974061973
SpMin5_Bhe,VR3_D,0.7173526134921194,0.7173526134921194
ATSC0i,SpMAD_Dt,0.7173355912481185,0.7173355912481185
ATSC0i,SpMin4_Bhv,0.7172587673899596,0.7172587673899596
nHBint5,nHBint10,0.7172443525167356,0.7172443525167356
nO,nssO,0.7172400582401215,0.7172400582401215
AATS7p,SpMax4_Bhm,0.7172155590543471,0.7172155590543471
MLFER_S,EE_D,0.717109867595782,0.717109867595782
AATS4e,meanI,0.7170780170272272,0.7170780170272272
ATS3s,Kier2,0.717000194728861,0.717000194728861
ATS2s,MLFER_S,0.7169552526507351,0.7169552526507351
nBondsM,HybRatio,-0.7168879169285849,0.7168879169285849
VR3_DzZ,SpMin7_Bhe,0.7168570090329245,0.7168570090329245
apol,SpMin7_Bhs,0.7167987324766144,0.7167987324766144
AATS0v,AATS5p,0.7166930991746523,0.7166930991746523
ATSC0p,ETA_Eta_F,0.716655395713472,0.716655395713472
ATS0p,SpMin7_Bhs,0.7166395811822325,0.7166395811822325
ATSC1s,MATS1s,0.7165933376802323,0.7165933376802323
ATS2s,SpMin6_Bhe,0.716513725271187,0.716513725271187
ATS3s,nRotBt,0.7164268267663955,0.7164268267663955
AATS1p,GATS1v,-0.7164231231714767,0.7164231231714767
SpMin6_Bhm,MLogP,0.7162341289790443,0.7162341289790443
nHBd,nHBa,0.716194838095604,0.716194838095604
MATS2e,GATS1c,0.7161785343882325,0.7161785343882325
ATSC5p,AATSC5p,0.7161754596436217,0.7161754596436217
AATS1v,AATS5v,0.7161703220567968,0.7161703220567968
nHBint9,TopoPSA,0.7161128384011088,0.7161128384011088
nHBint9,nHBAcc,0.716081216457488,0.716081216457488
AATS0s,MAXDN2,0.7160772976165932,0.7160772976165932
MLogP,MDEC-23,0.7160410757886262,0.7160410757886262
maxHaaCH,ETA_BetaP,0.7159734824506068,0.7159734824506068
nAtomLC,nRotB,0.715909043709794,0.715909043709794
AMR,nO,0.7158133885353412,0.7158133885353412
SpMin4_Bhe,ETA_Beta,0.7157243310444511,0.7157243310444511
AATS5m,MIC1,0.715644227584006,0.715644227584006
nHBa,nHBint3,0.7154097006374324,0.7154097006374324
nHBa,Kier2,0.7153636165589843,0.7153636165589843
AATS6e,AATS7e,0.7153368037308157,0.7153368037308157
ATS2s,SpMin6_Bhv,0.7152831687215322,0.7152831687215322
SpMin6_Bhs,MLogP,0.7152766377666907,0.7152766377666907
AATS0s,ETA_Epsilon_5,0.7151921580779304,0.7151921580779304
VC-5,JGI2,0.7151794868729254,0.7151794868729254
ETA_EtaP_F,IC1,0.7150496321341421,0.7150496321341421
nHBint7,SHBint10,0.7150438255699142,0.7150438255699142
GATS7m,GATS7v,0.7150197503887548,0.7150197503887548
SpMax4_Bhm,SpMin3_Bhv,0.7150017127497855,0.7150017127497855
AATS0e,AATS5s,0.7149978518158308,0.7149978518158308
nO,VR3_D,0.714826045255244,0.714826045255244
SpMax4_Bhv,EE_Dt,0.7147907821227221,0.7147907821227221
AATS5p,AATS7p,0.7147794712503205,0.7147794712503205
MDEC-24,GGI2,0.7145754845902796,0.7145754845902796
ATS0p,SpMax4_Bhm,0.7145681249562157,0.7145681249562157
SpMin4_Bhv,EE_Dt,0.7145606174589129,0.7145606174589129
SpMin8_Bhm,SpMin3_Bhv,0.7145091901660943,0.7145091901660943
AATS2m,MIC1,0.714509038365478,0.714509038365478
nHBAcc,nRotBt,0.7144397047136821,0.7144397047136821
AATS0p,AATS5p,0.7143592063139514,0.7143592063139514
ETA_EtaP,CIC1,0.7143034870475644,0.7143034870475644
ATSC1e,SHBint4,-0.7142272044754331,0.7142272044754331
ATSC7p,AATSC7p,0.7141929414004026,0.7141929414004026
ATSC1e,SHBint3,-0.7141784767885152,0.7141784767885152
CIC0,VR3_D,0.7140212179208691,0.7140212179208691
AATS1e,AMW,0.7139993963758989,0.7139993963758989
MATS7s,GATS7s,-0.7139548464572446,0.7139548464572446
nHBint3,nHBAcc,0.7138887998037954,0.7138887998037954
MDEO-11,MLFER_BH,0.7138446373707684,0.7138446373707684
SpMin2_Bhm,SpMin6_Bhv,0.713814705449026,0.713814705449026
ATS0p,GGI3,0.7137599762609024,0.7137599762609024
ATSC3c,ATSC3e,0.7136913574211087,0.7136913574211087
AATS5m,AATS0v,0.7136754408748994,0.7136754408748994
SHBint6,TopoPSA,0.7136195574693995,0.7136195574693995
ZMIC1,Kier3,0.7134153247624357,0.7134153247624357
SHCsats,CIC0,0.7133597499640068,0.7133597499640068
naAromAtom,minaaCH,0.713353715100438,0.713353715100438
SpMin1_Bhv,n6Ring,0.713272177235115,0.713272177235115
ATSC2e,MATS2s,0.7132398012783652,0.7132398012783652
nHBint3,nHBint10,0.7131744791492525,0.7131744791492525
ETA_Eta_B,MDEC-13,0.713166776872621,0.713166776872621
BCUTp-1h,ASP-3,-0.7130798901700925,0.7130798901700925
AATS5m,MIC0,0.7130758286913769,0.7130758286913769
SpMax7_Bhm,SpMin6_Bhs,0.7130584819207915,0.7130584819207915
AATS4m,AATS0p,0.7130567512954088,0.7130567512954088
ATS0p,nHCsats,0.7130211351023495,0.7130211351023495
minaasC,maxaasC,0.7129421870948539,0.7129421870948539
SpMin8_Bhv,SpMin8_Bhs,0.7128156380813108,0.7128156380813108
AATS7m,AATSC0m,0.7128040320705775,0.7128040320705775
ATS0p,MLogP,0.7127756816083304,0.7127756816083304
BCUTp-1h,VPC-4,0.7127527501036978,0.7127527501036978
EE_Dt,SHCsats,0.7126617572482767,0.7126617572482767
ATSC4p,GATS4i,-0.712658299204421,0.712658299204421
AATS6v,AATS8v,0.7126358498801176,0.7126358498801176
SpMax5_Bhv,SpMin6_Bhs,0.7123021784814279,0.7123021784814279
SpMin6_Bhs,EE_Dt,0.7122680055454583,0.7122680055454583
nI,AATS7m,0.712218101487312,0.712218101487312
SM1_Dze,SpMax5_Bhs,0.7122054385208222,0.7122054385208222
ALogp2,nHBint10,0.7121879837385858,0.7121879837385858
ATSC3i,GATS3i,-0.7121404111709929,0.7121404111709929
AATS0m,AATS0p,0.7120350294765259,0.7120350294765259
VE2_DzZ,VE2_Dzv,0.7120075277077597,0.7120075277077597
VR3_DzZ,nHBAcc,0.7119847147890006,0.7119847147890006
ATS0s,Kier2,0.7119781293567201,0.7119781293567201
SHBint6,SHBint8,0.7118648407788355,0.7118648407788355
ETA_Beta,ZMIC1,0.7118612779562363,0.7118612779562363
VPC-4,SpMAD_Dt,0.7118203258129407,0.7118203258129407
AATS5e,IC0,0.711812896406353,0.711812896406353
AATS4m,MIC0,0.7117818765099082,0.7117818765099082
nN,MDEN-22,0.7117298976503479,0.7117298976503479
ATS3s,SpMin6_Bhv,0.7117042102013292,0.7117042102013292
SpMin8_Bhv,EE_D,0.7116922018964528,0.7116922018964528
AATS4m,AATSC0m,0.7116676822603623,0.7116676822603623
ATS4m,SpMin8_Bhv,0.7116655088101119,0.7116655088101119
nssssC,JGI2,0.7116571935859556,0.7116571935859556
ATSC2m,VC-3,0.7116449075985896,0.7116449075985896
MATS6i,GATS6p,-0.7116241318687679,0.7116241318687679
ETA_dBeta,GGI2,-0.7113852482882678,0.7113852482882678
AVP-1,AVP-5,0.711266708184199,0.711266708184199
ATS3s,C2SP3,0.7112457710220847,0.7112457710220847
SpMax2_Bhv,SpMin5_Bhe,0.7111278822148067,0.7111278822148067
SpMin6_Bhv,VR3_D,0.7110770648161058,0.7110770648161058
ATSC1e,nHBint5,-0.7110691106402881,0.7110691106402881
AATSC1i,GATS1i,-0.7110554271298836,0.7110554271298836
MATS2c,GATS1c,0.7109668974328892,0.7109668974328892
CIC0,ZMIC1,0.7109044400023347,0.7109044400023347
VC-6,JGI2,0.7108896602725852,0.7108896602725852
ETA_EtaP_F,ETA_EtaP_L,-0.7108826064680965,0.7108826064680965
SpMin8_Bhe,SpMin6_Bhs,0.7107913764008302,0.7107913764008302
AATS1e,AATS3s,0.7107911404257075,0.7107911404257075
SpMin1_Bhv,SpMax1_Bhp,0.7107101671190249,0.7107101671190249
AATS3e,AMW,0.7106796164293918,0.7106796164293918
SpMAD_DzZ,SpMin5_Bhs,0.710661189185838,0.710661189185838
SpMAD_DzZ,SpMin6_Bhs,0.7105810770716586,0.7105810770716586
SssS,gmin,0.7105090001107118,0.7105090001107118
ETA_EtaP_F,MLFER_S,0.7105005516983725,0.7105005516983725
ATS4m,SpMax6_Bhm,0.7104285931336765,0.7104285931336765
ATSC0i,SpMax5_Bhm,0.7103582941384278,0.7103582941384278
VR3_DzZ,SpMin5_Bhv,0.7103344608383638,0.7103344608383638
ASP-1,RotBtFrac,0.7100067399115779,0.7100067399115779
SpMin7_Bhe,VR3_D,0.709974955539965,0.709974955539965
SpMAD_DzZ,SpMAD_Dzs,0.7099385165379221,0.7099385165379221
SHBd,SHBint7,0.7099047944783068,0.7099047944783068
AATSC8i,MATS8p,0.7099014135768656,0.7099014135768656
AATS4e,AATS1s,0.7098758915668606,0.7098758915668606
ALogP,nHBd,-0.7098652644700788,0.7098652644700788
SHBd,SHBint9,0.7097902120435138,0.7097902120435138
SHCsats,GGI2,0.7097825443781379,0.7097825443781379
SpMAD_Dt,MLogP,0.7097092804512084,0.7097092804512084
GATS1v,AMW,-0.7096067362052775,0.7096067362052775
AATSC2v,MATS2m,0.709592186193775,0.709592186193775
nHBAcc,Kier2,0.7095690332826704,0.7095690332826704
AVP-4,AVP-6,0.7094508041797434,0.7094508041797434
MATS5i,GATS5p,-0.7094397062943123,0.7094397062943123
nHBint10,TopoPSA,0.7094313969764963,0.7094313969764963
Mp,ETA_BetaP,0.7094166679496754,0.7094166679496754
SpMin3_Bhm,SpMin6_Bhe,0.7093954255693883,0.7093954255693883
AATS5e,AATSC0e,0.7093283431261141,0.7093283431261141
SpMin7_Bhm,MLogP,0.7091923984057694,0.7091923984057694
ATSC3p,AATSC3v,0.7090778615039464,0.7090778615039464
MATS8m,GATS8m,-0.7090744747463705,0.7090744747463705
SpMin7_Bhv,EE_D,0.7090483360720475,0.7090483360720475
AATS0m,SpMax1_Bhm,0.7089462156488391,0.7089462156488391
SpMin5_Bhe,ETA_Beta,0.7089245418729232,0.7089245418729232
MDEC-14,GGI3,0.7089014042166571,0.7089014042166571
ATSC0p,SpMax5_Bhv,0.7088512407121963,0.7088512407121963
ATSC0p,SpMin4_Bhe,0.7087613007146966,0.7087613007146966
ETA_EtaP_B,JGI2,0.7087485846918186,0.7087485846918186
VR3_Dt,SHCsats,0.7085409283510409,0.7085409283510409
nHBa,nHBint9,0.708533523763996,0.708533523763996
SpMAD_DzZ,SpMin3_Bhv,0.708517574815918,0.708517574815918
ATS4m,SHCsats,0.7084502636208485,0.7084502636208485
ATSC5v,ATSC5i,0.7083184130472496,0.7083184130472496
AATSC1e,ETA_dEpsilon_D,-0.7082449687349617,0.7082449687349617
AATSC8e,MATS8c,0.7082043700558771,0.7082043700558771
ATSC1e,TopoPSA,-0.7081964284890133,0.7081964284890133
SpMin8_Bhm,SpMax4_Bhv,0.7081270379690735,0.7081270379690735
SpMin6_Bhv,EE_D,0.7081016161414436,0.7081016161414436
VR2_DzZ,VR1_Dzs,0.7080978706225892,0.7080978706225892
AATS7v,GATS8v,0.7080962569725273,0.7080962569725273
nO,nHsOH,0.7080876444303716,0.7080876444303716
AATS8p,GATS8p,0.7080742504349468,0.7080742504349468
ZMIC1,nRotBt,0.7080523909863073,0.7080523909863073
AATS0m,AATS2m,0.7080518437911335,0.7080518437911335
AATS3m,MIC1,0.7080320114594552,0.7080320114594552
MATS1c,GATS2e,0.7079331656101628,0.7079331656101628
EE_Dt,ETA_Eta_B,0.7079327756412825,0.7079327756412825
ATS2s,SpMin5_Bhe,0.7077956356857573,0.7077956356857573
ATSC7p,ATSC7i,0.707659731201879,0.707659731201879
AATS1e,MIC0,0.7076491468850522,0.7076491468850522
ATSC3c,nHBint3,0.7076114243019929,0.7076114243019929
nHBint10,nHsOH,0.707602782505841,0.707602782505841
ETA_Shape_X,MDEC-34,0.7076003357346217,0.7076003357346217
SpMin6_Bhe,SpMax_Dt,0.7075291665083613,0.7075291665083613
VR1_DzZ,VR1_D,0.7075288702742156,0.7075288702742156
VR3_DzZ,GGI2,0.7074514084587746,0.7074514084587746
AMR,nRotBt,0.70740194208935,0.70740194208935
ATS0p,ETA_EtaP,0.7074010111689536,0.7074010111689536
ETA_Epsilon_4,AMW,0.7073662782255559,0.7073662782255559
GATS8c,GATS8s,0.7073174060780961,0.7073174060780961
ATS0s,SpMAD_DzZ,0.7072864599615498,0.7072864599615498
ATSC0i,ETA_Eta_B,0.7072481712167392,0.7072481712167392
ATSC0p,SpMin8_Bhm,0.7071756862430294,0.7071756862430294
AATS5e,AATS4s,0.7071647094645712,0.7071647094645712
naAromAtom,HybRatio,-0.7071171180439308,0.7071171180439308
nI,ATSC4m,0.7070228466458371,0.7070228466458371
ATSC1e,MLFER_BH,-0.7069780570701184,0.7069780570701184
ATSC0p,ETA_Eta_B,0.7069435311514257,0.7069435311514257
GGI2,VR3_D,0.706930137167715,0.706930137167715
SpMin7_Bhe,EE_D,0.7069010917863627,0.7069010917863627
SpMin3_Bhm,SpMin8_Bhm,0.7068838859456152,0.7068838859456152
ETA_EtaP,HybRatio,0.7068674888087535,0.7068674888087535
nHBint8,MLFER_BH,0.7068195667628348,0.7068195667628348
nAtomLC,RotBtFrac,0.7068091533635965,0.7068091533635965
SpMax3_Bhv,SpMin6_Bhe,0.7067815320942953,0.7067815320942953
ATSC4m,SsI,-0.7065315313782919,0.7065315313782919
ETA_Epsilon_3,FMF,0.7064914105848997,0.7064914105848997
SpMin2_Bhv,CIC0,0.7064404467238616,0.7064404467238616
MATS2s,GATS2s,-0.7063841361968699,0.7063841361968699
VR3_DzZ,SpMax7_Bhm,0.7063370457415326,0.7063370457415326
SpMin4_Bhm,IC3,0.7063030543594511,0.7063030543594511
AATSC6v,MATS6i,0.7062798369503855,0.7062798369503855
SpMin6_Bhm,SpMax2_Bhv,0.7061628378494206,0.7061628378494206
MATS2p,GATS2i,-0.7061244232307514,0.7061244232307514
ATS4m,SpMin6_Bhe,0.7061189416361874,0.7061189416361874
nwHBa,MLFER_E,0.7060419856591635,0.7060419856591635
SC-4,JGI1,0.7059331202463736,0.7059331202463736
ALogp2,SHBint10,0.7058787729200037,0.7058787729200037
nwHBa,SwHBa,0.705678802684021,0.705678802684021
AATS6m,MIC1,0.7056534537226776,0.7056534537226776
AATS4e,AATSC0v,-0.7056282921782014,0.7056282921782014
AVP-4,AVP-7,0.705448828055936,0.705448828055936
SpMin7_Bhv,SpMAD_Dt,0.7054363311538354,0.7054363311538354
AATS8p,GATS8i,0.7054337395830421,0.7054337395830421
SC-4,MDEC-34,0.7053894598185668,0.7053894598185668
VR3_DzZ,SpMax6_Bhm,0.7052917823225131,0.7052917823225131
SC-5,EE_Dt,0.7051543372094897,0.7051543372094897
SpMin2_Bhm,MLogP,0.7051524134880567,0.7051524134880567
SpMin6_Bhe,fragC,0.7051126884266488,0.7051126884266488
SpMin4_Bhm,EE_Dt,0.7050439480867535,0.7050439480867535
AATS4v,Mp,0.7049197911812535,0.7049197911812535
maxHaaCH,ETA_dEpsilon_B,0.7048354210283586,0.7048354210283586
C3SP3,MDEC-14,0.7048113637357963,0.7048113637357963
nHBint7,nHBAcc,0.7047124508836183,0.7047124508836183
ATS3s,SpMin7_Bhe,0.7047052344040451,0.7047052344040451
VR3_DzZ,MLFER_S,0.7045291047999458,0.7045291047999458
nHBa,nHBint7,0.7045191361259151,0.7045191361259151
ETA_BetaP_s,nHeteroRing,0.7044120568620492,0.7044120568620492
AATS1e,AATS1i,0.704380368961109,0.704380368961109
AATS1m,AATS1e,0.7043033886704821,0.7043033886704821
MATS4i,GATS4v,-0.7042856139840187,0.7042856139840187
nRotB,RotBFrac,0.7042743957953833,0.7042743957953833
ATSC4v,MATS4p,0.7042048734432408,0.7042048734432408
ASP-2,RotBtFrac,0.7040524091437184,0.7040524091437184
SpMin8_Bhv,SpMAD_Dt,0.7040058678756896,0.7040058678756896
ATS2s,SpMAD_Dzs,0.7039317338524861,0.7039317338524861
SpMax2_Bhs,SpMax6_Bhs,0.7038842045199412,0.7038842045199412
ATS4m,SpMax7_Bhm,0.703856067484049,0.703856067484049
nHBd,SHBint4,0.703755701026375,0.703755701026375
VR1_Dzv,VR1_D,0.7037451211406948,0.7037451211406948
ASP-3,ASP-4,0.7036426729979144,0.7036426729979144
ATSC3p,GATS3v,-0.7036026898655929,0.7036026898655929
AATS5v,AATS7v,0.703504927489529,0.703504927489529
AATS3p,GATS1v,-0.703440027839774,0.703440027839774
AATS2i,GATS1i,0.7033879915725311,0.7033879915725311
SM1_Dze,Kier2,0.7033835985287756,0.7033835985287756
AATS7p,SpMax3_Bhm,0.7033677625986134,0.7033677625986134
ATSC0i,SHCsats,0.7033291783117743,0.7033291783117743
nO,EE_D,0.7033071473111993,0.7033071473111993
AATS6s,AATS7s,0.7032988175135213,0.7032988175135213
ASP-0,JGI1,0.7032925663483763,0.7032925663483763
ETA_EtaP_B_RC,JGI3,0.7031880181665326,0.7031880181665326
ATSC0i,SpMin6_Bhs,0.7031455674092671,0.7031455674092671
nHBint7,MLFER_BH,0.7031189356321249,0.7031189356321249
ATS4m,SpMin7_Bhv,0.7031176733053908,0.7031176733053908
SpMin6_Bhv,SpMin7_Bhs,0.7030640029019564,0.7030640029019564
nHBint6,SHBint3,0.7030162537639636,0.7030162537639636
SpMax4_Bhm,SpMin6_Bhv,0.7029637033741808,0.7029637033741808
nHBint5,nHsOH,0.7029103548307544,0.7029103548307544
MLFER_S,VR3_D,0.7028880809156804,0.7028880809156804
SpMin6_Bhv,SpMAD_Dt,0.7028407783214295,0.7028407783214295
hmin,CIC0,-0.7028065852945636,0.7028065852945636
minwHBa,maxHBa,-0.7027438903143197,0.7027438903143197
ATSC0i,SpMax4_Bhv,0.7027159457569776,0.7027159457569776
SpMax6_Bhm,SpMin6_Bhs,0.7026209034802758,0.7026209034802758
minsssCH,ETA_Eta_B,-0.7026156879101211,0.7026156879101211
ATSC0i,IC3,0.7025986722797694,0.7025986722797694
ATS4m,ZMIC1,0.7025919379643719,0.7025919379643719
ATS0s,SsssCH,-0.7025818697042536,0.7025818697042536
ATSC7m,ATSC7p,0.7025587496791316,0.7025587496791316
AMR,SpMin7_Bhv,0.7025539522286253,0.7025539522286253
AMR,SpMin8_Bhv,0.7025435131904544,0.7025435131904544
nHBint8,SHBd,0.7023524388546232,0.7023524388546232
SpMin7_Bhe,SpMax_Dt,0.7023217345740542,0.7023217345740542
SpMin5_Bhs,SpMin8_Bhs,0.702278741152036,0.702278741152036
MDEC-14,JGT,0.7022654323452048,0.7022654323452048
nO,ETA_dBeta,-0.702253464518429,0.702253464518429
SpMAD_Dt,VR3_D,0.7021035414716001,0.7021035414716001
SpMin7_Bhs,CIC0,0.7019872948566653,0.7019872948566653
CIC0,EE_D,0.701952071016806,0.701952071016806
ETA_EtaP,MDEC-14,0.7018407625760601,0.7018407625760601
nsssCH,ETA_Eta_B,0.7018225692273276,0.7018225692273276
GATS5v,GATS5i,0.7017462479291418,0.7017462479291418
ATS2s,SpMin7_Bhe,0.7017349831496785,0.7017349831496785
MATS5c,MATS5e,0.701717956463589,0.701717956463589
nHsOH,SsssCH,-0.7016190591984772,0.7016190591984772
AATS1m,AATS6m,0.70153237607337,0.70153237607337
AATS5v,Mp,0.7012772651879347,0.7012772651879347
VCH-7,VC-5,0.701274946838605,0.701274946838605
IC3,CIC0,0.7012057706457872,0.7012057706457872
VR3_DzZ,SpMax5_Bhv,0.7011475644845969,0.7011475644845969
SM1_Dze,nHBint6,0.7011152114594607,0.7011152114594607
VR3_DzZ,SpMAD_Dt,0.7010783564536602,0.7010783564536602
ATSC0i,SpMin8_Bhe,0.7010321814681618,0.7010321814681618
VR3_Dt,nRotBt,0.7009739354341479,0.7009739354341479
VC-6,GGI2,0.700882278563655,0.700882278563655
SpMin4_Bhs,SpMin7_Bhs,0.7008532565309745,0.7008532565309745
ATSC0p,fragC,0.7008211363301511,0.7008211363301511
SpMax2_Bhv,SpMin7_Bhv,0.7007749224254148,0.7007749224254148
nHsNH2,ETA_dEpsilon_D,0.7007499427275812,0.7007499427275812
VR3_DzZ,SpMax5_Bhm,0.7006846939479211,0.7006846939479211
SpMax5_Bhs,nHBa,0.7006444638237144,0.7006444638237144
SpMin5_Bhv,EE_D,0.7006358260309008,0.7006358260309008
C3SP3,VC-3,0.7006152610211248,0.7006152610211248
nBr,SpMax1_Bhm,0.7005581514743872,0.7005581514743872
ATSC0p,ETA_EtaP,0.7005101392593519,0.7005101392593519
nHBint5,TopoPSA,0.7004935328694161,0.7004935328694161
ATSC0p,SpMin6_Bhm,0.7004734187001996,0.7004734187001996
ATSC0p,SpMin7_Bhm,0.7004632443668009,0.7004632443668009
MATS4m,GATS4v,-0.7003714234566125,0.7003714234566125
ETA_Eta_B,ETA_EtaP_B_RC,0.7002743635907834,0.7002743635907834
nHBint2,SHssNH,0.700194785898685,0.700194785898685
ATSC0p,SHCsats,0.700146024199847,0.700146024199847
