trial,seed,model,index,y_true,y_pred,y_score
1,42,LogReg,6912,1,1,0.9496872818961132
1,42,LogReg,694,1,1,0.7384588098538619
1,42,LogReg,8954,1,1,0.9918740969904869
1,42,LogReg,3928,1,0,0.30471877731124786
1,42,LogReg,7410,1,1,0.8021696820157931
1,42,LogReg,4487,0,0,0.02233630270468209
1,42,LogReg,4782,1,1,0.9613352969379955
1,42,LogReg,3774,0,0,0.0885213292876795
1,42,LogReg,7322,0,0,0.05018147645236979
1,42,LogReg,5105,0,0,0.12636573991642963
1,42,LogReg,1540,1,1,0.7324930307669465
1,42,LogReg,7818,0,1,0.794445746463838
1,42,LogReg,8568,1,1,0.7072014639583201
1,42,LogReg,3416,1,0,0.2756578851427518
1,42,LogReg,645,1,0,0.44188769304367914
1,42,LogReg,7185,1,0,0.1604302384110317
1,42,LogReg,5045,0,0,0.010313737097754334
1,42,LogReg,5501,0,1,0.5291628056507081
1,42,LogReg,5451,0,1,0.8141344916086113
1,42,LogReg,4331,0,0,0.2195731691214118
1,42,LogReg,2426,1,1,0.6787433147109956
1,42,LogReg,1746,1,1,0.8915674822522371
1,42,LogReg,5461,0,1,0.5197909774478575
1,42,LogReg,5819,0,0,0.04254167794669153
1,42,LogReg,5368,0,1,0.7825417482172342
1,42,LogReg,4495,0,0,0.266262724852729
1,42,LogReg,5401,0,0,0.3089669095971793
1,42,LogReg,8712,1,1,0.9642454496766437
1,42,LogReg,7185,1,0,0.1604302384110317
1,42,LogReg,1540,1,1,0.7324930307669465
1,42,LogReg,7819,0,0,0.45412215166689057
1,42,LogReg,6682,1,0,0.4926346446271426
1,42,LogReg,8419,0,0,0.20169103232045874
1,42,LogReg,1852,0,0,0.0598849049567718
1,42,LogReg,2474,1,1,0.7427041010682606
1,42,LogReg,9534,1,1,0.9939257055695007
1,42,LogReg,1206,1,1,0.7939724834682718
1,42,LogReg,2967,1,0,0.3948139703859375
1,42,LogReg,972,1,0,0.444549226435945
1,42,LogReg,9573,1,1,0.9871431526769552
1,42,LogReg,8907,1,1,0.9882508555087435
1,42,LogReg,3376,0,0,0.330857657023663
1,42,LogReg,4670,1,1,0.8468162050185954
1,42,LogReg,7980,0,1,0.7418134876263106
1,42,LogReg,2188,1,0,0.41091065303310204
1,42,LogReg,6824,1,0,0.46781622608077505
1,42,LogReg,9146,1,1,0.9273426879720047
1,42,LogReg,3733,0,0,0.392915563902614
1,42,LogReg,8804,1,1,0.8569386759301753
1,42,LogReg,3981,0,1,0.5373347619380473
1,42,LogReg,4704,1,1,0.8858266099705778
1,42,LogReg,9401,1,1,0.917836402820494
1,42,LogReg,489,1,0,0.2844225815896513
1,42,LogReg,611,1,1,0.6111380289021585
1,42,LogReg,4532,1,1,0.8676761344354146
1,42,LogReg,6280,1,0,0.08798581063527743
1,42,LogReg,4626,1,1,0.6434107285521203
1,42,LogReg,4995,0,0,0.23445067340388068
1,42,LogReg,570,1,1,0.8565438815155019
1,42,LogReg,1388,1,1,0.5699727341291995
1,42,LogReg,7703,0,0,0.36047233608823737
1,42,LogReg,7554,1,1,0.7674931524230951
1,42,LogReg,5503,0,1,0.6820567707744664
1,42,LogReg,6131,1,1,0.8339705359339501
1,42,LogReg,8089,1,1,0.6619970028356084
1,42,LogReg,3434,0,0,0.10377892983845384
1,42,LogReg,3688,1,0,0.44925258935111456
1,42,LogReg,8429,0,0,0.3274785463486522
1,42,LogReg,6267,1,1,0.5373062622091758
1,42,LogReg,8468,0,0,0.15727473455132934
1,42,LogReg,814,1,1,0.8402800687630443
1,42,LogReg,5963,1,1,0.7968521355755448
1,42,LogReg,1029,0,0,0.3435031899227303
1,42,LogReg,7670,1,1,0.6895370129766328
1,42,LogReg,2924,1,1,0.5606854945097417
1,42,LogReg,2337,1,1,0.9369272809181811
1,42,LogReg,3365,1,1,0.8495052427918
1,42,LogReg,4208,0,0,0.21556230679642524
1,42,LogReg,4119,1,1,0.873604156357326
1,42,LogReg,3336,1,1,0.9764038276781132
1,42,LogReg,5130,0,0,0.18953740207280312
1,42,LogReg,7453,1,1,0.693534429152971
1,42,LogReg,1584,1,1,0.8499847342794714
1,42,LogReg,5118,0,0,0.24436712809763278
1,42,LogReg,8803,1,1,0.5222724468648596
1,42,LogReg,4995,0,0,0.23445067340388068
1,42,LogReg,8269,1,1,0.918912822800132
1,42,LogReg,1969,1,1,0.9629307678700258
1,42,LogReg,2478,0,0,0.2810404914716803
1,42,LogReg,5505,0,0,0.37474280386414505
1,42,LogReg,7890,0,0,0.1553604183213676
1,42,LogReg,8290,0,0,0.0024739280196258984
1,42,LogReg,9301,1,1,0.9927058601264811
1,42,LogReg,8875,1,1,0.98989708891078
1,42,LogReg,9541,1,1,0.9537965994377968
1,42,LogReg,2999,1,1,0.8345645463104693
1,42,LogReg,1840,1,1,0.7199833783288331
1,42,LogReg,5018,0,0,0.2985082442959856
1,42,LogReg,4495,0,0,0.266262724852729
1,42,LogReg,4269,0,0,0.13878157927712517
1,42,LogReg,2567,1,0,0.12603424001571764
1,42,LogReg,8870,1,1,0.9949738328315744
1,42,LogReg,4119,1,1,0.873604156357326
1,42,LogReg,3620,1,1,0.9432574732666127
1,42,LogReg,3090,1,1,0.8914238626141854
1,42,LogReg,5348,0,0,0.043634662876131755
1,42,LogReg,7604,0,0,0.2817724968732864
1,42,LogReg,2474,1,1,0.7427041010682606
1,42,LogReg,8370,0,0,0.14686509717004653
1,42,LogReg,2449,1,1,0.7882281920041777
1,42,LogReg,1402,1,1,0.6961766612769651
1,42,LogReg,5706,0,0,0.2550896872311396
1,42,LogReg,1352,1,1,0.8591170232208899
1,42,LogReg,2475,1,0,0.47954655618818304
1,42,LogReg,8823,1,1,0.9169304884496811
1,42,LogReg,523,1,1,0.6416045951010079
1,42,LogReg,3356,1,1,0.6656138714554253
1,42,LogReg,3074,1,0,0.15826586452249897
1,42,LogReg,1120,1,1,0.9863647593665431
1,42,LogReg,8382,0,0,0.18211886108794148
1,42,LogReg,1405,1,1,0.7507027108066274
1,42,LogReg,5570,0,1,0.8334407258641251
1,42,LogReg,8763,1,1,0.9835417950618314
1,42,LogReg,189,0,0,0.2619701305196323
1,42,LogReg,5013,0,0,0.03599690336696765
1,42,LogReg,2373,1,1,0.52961435013158
1,42,LogReg,2945,1,1,0.9869589163127007
1,42,LogReg,7705,0,0,0.4504267316670843
1,42,LogReg,8283,0,1,0.7887181816000407
1,42,LogReg,3721,0,1,0.7364601222563331
1,42,LogReg,2022,0,0,0.13195494609988134
1,42,LogReg,5751,0,1,0.7169407945062228
1,42,LogReg,4388,0,0,0.01308224240513083
1,42,LogReg,7395,1,1,0.8627800544717797
1,42,LogReg,2189,1,1,0.8922246296896672
1,42,LogReg,4960,0,0,0.18477306619757214
1,42,LogReg,4231,0,1,0.5707978779316766
1,42,LogReg,950,1,1,0.922615826786371
1,42,LogReg,5014,0,0,0.18991209319192973
1,42,LogReg,2312,1,1,0.836792880337784
1,42,LogReg,4646,1,1,0.9677893805152133
1,42,LogReg,4316,1,1,0.7104235017788014
1,42,LogReg,1511,1,1,0.7695602288962221
1,42,LogReg,8571,1,1,0.6833318623216008
1,42,LogReg,5332,0,0,0.013293023283029547
1,42,LogReg,2205,1,1,0.8941256542189204
1,42,LogReg,3814,0,1,0.5938915222535773
1,42,LogReg,3000,1,1,0.7462993357813553
1,42,LogReg,880,1,0,0.46364411821277757
1,42,LogReg,8841,1,1,0.944170579121349
1,42,LogReg,5786,0,0,0.20975349605560567
1,42,LogReg,428,1,1,0.8789625419909624
1,42,LogReg,7524,1,1,0.9369272809181811
1,42,LogReg,6326,0,0,0.0158364618965771
1,42,LogReg,2496,1,1,0.5098737399533735
1,42,LogReg,279,1,0,0.3308592976581791
1,42,LogReg,2855,1,1,0.8744863079669326
1,42,LogReg,1134,1,0,0.46877912722097764
1,42,LogReg,129,0,1,0.604563339937641
1,42,LogReg,7664,0,1,0.5459776846572539
1,42,LogReg,7264,1,1,0.5430966473243026
1,42,LogReg,7053,1,1,0.9814594873710041
1,42,LogReg,1111,1,1,0.8178076830121452
1,42,LogReg,7980,0,1,0.7418134876263106
1,42,LogReg,5965,1,0,0.017146224703864284
1,42,LogReg,1116,1,1,0.8477180929732411
1,42,LogReg,2586,1,1,0.5698611209698589
1,42,LogReg,9475,1,1,0.9958875191918476
1,42,LogReg,1379,1,1,0.8740679853806369
1,42,LogReg,8748,1,1,0.9244148222601294
1,42,LogReg,4280,1,1,0.981613117064354
1,42,LogReg,9091,1,1,0.994603653791597
1,42,LogReg,6534,1,1,0.7892075534982832
1,42,LogReg,4541,1,0,0.18293889760028595
1,42,LogReg,5352,0,1,0.7639299618984066
1,42,LogReg,5962,1,1,0.8563028594316964
1,42,LogReg,5885,1,1,0.8265717691026526
1,42,LogReg,328,1,1,0.8452888333163567
1,42,LogReg,4487,0,0,0.02233630270468209
1,42,LogReg,6997,1,1,0.8707718944272919
1,42,LogReg,7793,1,0,0.4655905857843849
1,42,LogReg,9323,1,1,0.9952805168593072
1,42,LogReg,2520,1,1,0.8571109968008275
1,42,LogReg,6780,0,0,0.18569531968385475
1,42,LogReg,4548,0,1,0.9247758870668136
1,42,LogReg,9137,1,1,0.9958884778482477
1,42,LogReg,2030,0,0,0.08451350363761168
1,42,LogReg,2741,1,0,0.08935068422948769
1,42,LogReg,3694,1,1,0.8170779113280061
1,42,LogReg,7492,1,0,0.2433749786434043
1,42,LogReg,3070,0,0,0.21851166832554944
1,42,LogReg,7534,1,1,0.838391491423652
1,42,LogReg,5502,0,0,0.16170591344999546
1,42,LogReg,9203,1,1,0.9877221461519146
1,42,LogReg,7112,1,1,0.929498024975428
1,42,LogReg,2250,1,1,0.6099878390925744
1,42,LogReg,1138,0,0,0.16334769568480179
1,42,LogReg,5008,0,1,0.6585627232028303
1,42,LogReg,4078,1,1,0.5266560210459659
1,42,LogReg,6569,1,0,0.12831388673519228
1,42,LogReg,4157,1,1,0.534288173426506
1,42,LogReg,6389,1,1,0.9613352969379955
1,42,LogReg,4275,1,1,0.6779285663140389
1,42,LogReg,4747,0,0,0.07386397411961296
1,42,LogReg,8687,1,1,0.7463412731234162
1,42,LogReg,8547,1,1,0.7798564542043488
1,42,LogReg,611,1,1,0.6111380289021585
1,42,LogReg,9417,1,1,0.9102802619834547
1,42,LogReg,8840,1,1,0.7839455359746192
1,42,LogReg,8051,1,1,0.9032530876259703
1,42,LogReg,4834,1,1,0.7424782976769522
1,42,LogReg,2143,1,1,0.5455896188769587
1,42,LogReg,5682,0,0,0.15244902757484305
1,42,LogReg,8081,0,0,0.4505748536652681
1,42,LogReg,3531,1,0,0.02233630270468209
1,42,LogReg,340,1,1,0.5648452600624373
1,42,LogReg,6488,1,1,0.958922356070493
1,42,LogReg,7227,1,0,0.467162160798574
1,42,LogReg,2990,1,1,0.8882243984882351
1,42,LogReg,2956,1,1,0.6002361349576618
1,42,LogReg,883,1,1,0.6079260092793731
1,42,LogReg,5343,0,1,0.6770782103944755
1,42,LogReg,2337,1,1,0.9369272809181811
1,42,LogReg,7216,0,0,0.3741690885908685
1,42,LogReg,8351,0,0,0.1628300244127881
1,42,LogReg,1,0,0,0.07786901553765144
1,42,LogReg,3038,1,1,0.767090858543724
1,42,LogReg,8338,0,0,0.0647477771333079
1,42,LogReg,159,1,0,0.37585451150495386
1,42,LogReg,279,1,0,0.3308592976581791
1,42,LogReg,990,0,1,0.9272854178097393
1,42,LogReg,3957,0,1,0.552627967648479
1,42,LogReg,2762,1,0,0.014787077276515605
1,42,LogReg,5927,1,1,0.7487123378528125
1,42,LogReg,8076,1,1,0.832545870965406
1,42,LogReg,291,1,1,0.6391854889895703
1,42,LogReg,8459,0,0,0.01341842604681463
1,42,LogReg,5498,0,0,0.174927664388541
1,42,LogReg,8023,1,0,0.4225307548548262
1,42,LogReg,3911,0,0,0.09507415144436633
1,42,LogReg,1720,1,1,0.6391186189614155
1,42,LogReg,5190,0,0,0.34153866646653935
1,42,LogReg,3375,1,1,0.7658949384434961
1,42,LogReg,2205,1,1,0.8941256542189204
1,42,LogReg,7883,1,0,0.3309438603377831
1,42,LogReg,3942,1,0,0.28724761040277635
1,42,LogReg,3234,1,0,0.41163119194698583
1,42,LogReg,4280,1,1,0.981613117064354
1,42,LogReg,9544,1,1,0.8791181989072138
1,42,LogReg,4545,0,0,0.03846631310378692
1,42,LogReg,7465,1,1,0.5651990587180029
1,42,LogReg,5697,0,0,0.1351720762863522
1,42,LogReg,4956,0,0,0.01189168634227408
1,42,LogReg,6705,0,0,0.26342726593557403
1,42,LogReg,8637,1,1,0.9823255807622513
1,42,LogReg,5389,1,1,0.5718608359501668
1,42,LogReg,5841,1,0,0.4145481205685359
1,42,LogReg,2654,1,0,0.2619701305196325
1,42,LogReg,5013,0,0,0.03599690336696765
1,42,LogReg,5501,0,1,0.5291628056507081
1,42,LogReg,2226,0,0,0.266262724852729
1,42,LogReg,5689,0,0,0.20899540411790885
1,42,LogReg,2414,1,1,0.9892111285390184
1,42,LogReg,6780,0,0,0.18569531968385475
1,42,LogReg,2657,0,0,0.2745398619797089
1,42,LogReg,784,1,1,0.9613352969379955
1,42,LogReg,7136,1,1,0.6487516304192517
1,42,LogReg,7073,1,1,0.6171481861370651
1,42,LogReg,7570,1,1,0.8772857831631085
1,42,LogReg,2802,1,1,0.7015423299216932
1,42,LogReg,5592,0,0,0.13189925134057007
1,42,LogReg,7458,1,1,0.8950432285529103
1,42,LogReg,823,1,1,0.6078310839716506
1,42,LogReg,4980,0,1,0.5456442540473531
1,42,LogReg,3819,1,0,0.4959342445486748
1,42,LogReg,4708,0,0,0.1793765254019873
1,42,LogReg,2258,1,1,0.746469905265927
1,42,LogReg,7994,0,1,0.5587576567740694
1,42,LogReg,3849,1,1,0.6315561214931936
1,42,LogReg,4548,0,1,0.9247758870668136
1,42,LogReg,5966,1,0,0.09371539489385225
1,42,LogReg,2199,1,0,0.18818641196656155
1,42,LogReg,5004,0,0,0.28781643969767656
1,42,LogReg,7522,1,0,0.3401398361512676
1,42,LogReg,7176,1,0,0.06426060027139814
1,42,LogReg,5887,1,1,0.829481620616889
1,42,LogReg,2373,1,1,0.52961435013158
1,42,LogReg,2512,1,0,0.18903971491563257
1,42,LogReg,4789,1,1,0.8495052427918
1,42,LogReg,2836,1,1,0.9995378318480332
1,42,LogReg,4078,1,1,0.5266560210459659
1,42,LogReg,3718,0,0,0.23104505868882463
1,42,LogReg,8875,1,1,0.98989708891078
1,42,LogReg,1379,1,1,0.8740679853806369
1,42,LogReg,3372,1,1,0.8150308099509659
1,42,LogReg,2230,1,1,0.8073251094611664
1,42,LogReg,3745,0,0,0.3879171784862402
1,42,LogReg,4027,1,1,0.9741758536378324
1,42,LogReg,5368,0,1,0.7825417482172342
1,42,LogReg,7444,0,0,0.0606595273237299
1,42,LogReg,7217,0,0,0.12694778443766014
1,42,LogReg,5957,1,1,0.8660874751874325
1,42,LogReg,6402,1,1,0.7105421290686964
1,42,LogReg,4865,1,1,0.8738098782760959
1,42,LogReg,645,1,0,0.44188769304367914
1,42,LogReg,6805,0,0,0.33871836942779154
1,42,LogReg,4276,0,1,0.652363978921357
1,42,LogReg,8832,1,1,0.8363287337539302
1,42,LogReg,6727,0,0,0.19357779234083972
1,42,LogReg,2346,1,1,0.9060926999452138
1,42,LogReg,1685,1,1,0.7304043120360055
1,42,LogReg,8170,1,1,0.7402275619385508
1,42,LogReg,7136,1,1,0.6487516304192517
1,42,LogReg,5706,0,0,0.2550896872311396
1,42,LogReg,1172,0,0,0.3079558705572001
1,42,LogReg,7448,0,0,0.06807368998160925
1,42,LogReg,7604,0,0,0.2817724968732864
1,42,LogReg,9109,1,1,0.9277062572219494
1,42,LogReg,8027,1,1,0.6946008069979334
1,42,LogReg,2860,1,0,0.49653520926582834
1,42,LogReg,2929,1,1,0.8239739510355788
1,42,LogReg,8672,1,1,0.7718321493897573
1,42,LogReg,3569,1,0,0.12779504341541906
1,42,LogReg,834,1,1,0.6323047537764197
1,42,LogReg,7703,0,0,0.36047233608823737
1,42,LogReg,335,1,1,0.6890353622857219
1,42,LogReg,9162,1,1,0.9990137369244636
1,42,LogReg,6800,1,1,0.7576921579016113
1,42,LogReg,1772,1,1,0.8128983478887214
1,42,LogReg,2951,1,0,0.022637145732793667
1,42,LogReg,2516,1,1,0.879659840046977
1,42,LogReg,6740,1,0,0.4588223320882947
1,42,LogReg,7386,1,1,0.5744526557834247
1,42,LogReg,3452,1,1,0.6760283152792524
1,42,LogReg,8251,1,1,0.7408709720293759
1,42,LogReg,5329,0,0,0.058071944643364216
1,42,LogReg,5375,0,0,0.1604302384110317
1,42,LogReg,8815,1,1,0.6927512571746116
1,42,LogReg,2746,1,0,0.06737211157218168
1,42,LogReg,814,1,1,0.8402800687630443
1,42,LogReg,4287,1,1,0.7834778629559292
1,42,LogReg,8687,1,1,0.7463412731234162
1,42,LogReg,4648,1,1,0.8818484241216168
1,42,LogReg,2622,0,0,0.25805721005733107
1,42,LogReg,6588,1,0,0.05915261584746656
1,42,LogReg,7699,1,1,0.8875682569575155
1,42,LogReg,8118,1,1,0.6268783685809721
1,42,LogReg,3011,1,0,0.23347571111241147
1,42,LogReg,1330,1,0,0.4376881892976753
1,42,LogReg,5112,0,0,0.29628532161776294
1,42,LogReg,9094,1,1,0.9611981717899203
1,42,LogReg,5328,0,0,0.03846631310378698
1,42,LogReg,8081,0,0,0.4505748536652681
1,42,LogReg,4920,0,0,0.11398629417510947
1,42,LogReg,4818,1,0,0.4778067084686682
1,42,LogReg,9550,1,1,0.8436062315014003
1,42,LogReg,3996,1,1,0.5517842412761489
1,42,LogReg,8547,1,1,0.7798564542043488
1,42,LogReg,6669,1,0,0.15047159299609103
1,42,LogReg,5786,0,0,0.20975349605560567
1,42,LogReg,457,1,0,0.2889037232280675
1,42,LogReg,692,1,1,0.5500583211775185
1,42,LogReg,2506,1,1,0.583803251699663
1,42,LogReg,4915,0,0,0.19605098568729884
1,42,LogReg,4303,0,0,0.34017025936906203
1,42,LogReg,4895,0,1,0.5671404670340853
1,42,LogReg,3061,1,0,0.34357225707077826
1,42,LogReg,4636,1,1,0.8430306757951698
1,42,LogReg,2547,1,1,0.8640473258267855
1,42,LogReg,9494,1,1,0.9979306610607437
1,42,LogReg,6669,1,0,0.15047159299609103
1,42,LogReg,5519,0,0,0.24618347290720463
1,42,LogReg,1220,1,1,0.8883781419247581
1,42,LogReg,7022,1,0,0.30939244577887826
1,42,LogReg,5336,0,0,0.14034177211864873
1,42,LogReg,4331,0,0,0.2195731691214118
1,42,LogReg,2121,1,1,0.8394098840388579
1,42,LogReg,8496,1,1,0.6407428489337247
1,42,LogReg,1194,1,1,0.8563028594316968
1,42,LogReg,7522,1,0,0.3401398361512676
1,42,LogReg,4665,1,1,0.8098865993488166
1,42,LogReg,4932,1,0,0.4558548126328604
1,42,LogReg,5011,0,0,0.23035108148830238
1,42,LogReg,9109,1,1,0.9277062572219494
1,42,LogReg,6475,1,1,0.9221822949678783
1,42,LogReg,426,1,0,0.4365704498932551
1,42,LogReg,5203,0,0,0.45027704003637004
1,42,LogReg,5743,0,1,0.5887536305928279
1,42,LogReg,5703,0,0,0.20486836366209593
1,42,LogReg,8815,1,1,0.6927512571746116
1,42,LogReg,3315,1,1,0.8174101090420707
1,42,LogReg,6569,1,0,0.12831388673519228
1,42,LogReg,7595,1,1,0.5687636938181759
1,42,LogReg,4791,1,1,0.8173151099121453
1,42,LogReg,5047,1,1,0.8070098893092581
1,42,LogReg,9131,1,1,0.9122947239169047
1,42,LogReg,5045,0,0,0.010313737097754334
1,42,LogReg,1206,1,1,0.7939724834682718
1,42,LogReg,2765,1,0,0.082892972191092
1,42,LogReg,4659,0,0,0.45060742172522966
1,42,LogReg,5205,0,0,0.4349288868174483
1,42,LogReg,4524,0,0,0.016663075300861217
1,42,LogReg,1923,1,1,0.5813176140404214
1,42,LogReg,8188,1,0,0.25716579795227607
1,42,LogReg,3400,1,0,0.4642268778107169
1,42,LogReg,1406,1,1,0.7191908175094205
1,42,LogReg,6783,1,1,0.8135676798758202
1,42,LogReg,9529,1,1,0.9981273647641267
1,42,LogReg,3786,0,1,0.5934356036299198
1,42,LogReg,810,1,1,0.7446501214163036
1,42,LogReg,7327,1,1,0.7071720414919077
1,42,LogReg,5336,0,0,0.14034177211864873
1,42,LogReg,3930,0,1,0.6369650953873476
1,42,LogReg,8251,1,1,0.7408709720293759
1,42,LogReg,9117,1,1,0.9763529836692888
1,42,LogReg,5463,0,1,0.9992406881288922
1,42,LogReg,4596,0,0,0.34914730327114013
1,42,LogReg,6889,0,0,0.07126481479208555
1,42,LogReg,5531,0,0,0.3007758460110165
1,42,LogReg,4168,0,0,0.19308123858302298
1,42,LogReg,453,1,0,0.3375553244479263
1,42,LogReg,8459,0,0,0.01341842604681463
1,42,LogReg,411,1,1,0.9964519054396059
1,42,LogReg,2045,1,1,0.5158841369691438
1,42,LogReg,8581,1,1,0.7977225850378875
1,42,LogReg,9551,1,0,0.00010866527805922422
1,42,LogReg,3343,1,1,0.9786896679915281
1,42,LogReg,2576,1,1,0.7310681014908997
1,42,LogReg,4097,1,1,0.8883781419247584
1,42,LogReg,747,1,1,0.8310072031658687
1,42,LogReg,1138,0,0,0.16334769568480179
1,42,LogReg,359,1,0,0.07547508635936269
1,42,LogReg,8474,0,0,0.06633490099991038
1,42,LogReg,8687,1,1,0.7463412731234162
1,42,LogReg,5328,0,0,0.03846631310378698
1,42,LogReg,7185,1,0,0.1604302384110317
1,42,LogReg,3242,0,0,0.030464181907129538
1,42,LogReg,9388,1,1,0.9789025053856585
1,42,LogReg,7571,0,1,0.6732601201788803
1,42,LogReg,5551,0,0,0.44597714609126804
1,42,LogReg,4228,0,0,0.32235461808299753
1,42,LogReg,6480,1,1,0.9022497143611108
1,42,LogReg,5680,0,0,0.34054715128656676
1,42,LogReg,2029,0,0,0.0680788614694575
1,42,LogReg,7271,1,1,0.9063827868388868
1,42,LogReg,7802,0,1,0.8385956744436673
1,42,LogReg,8946,1,1,0.9932263686992084
1,42,LogReg,694,1,1,0.7384588098538619
1,42,LogReg,1943,0,0,0.05124807494915855
1,42,LogReg,5401,0,0,0.3089669095971793
1,42,LogReg,5495,1,0,0.2485990837922235
1,42,LogReg,5838,1,1,0.583803251699663
1,42,LogReg,1866,1,0,0.13777130850531644
1,42,LogReg,4681,1,1,0.8136336886717446
1,42,LogReg,5179,1,0,0.3422246310478397
1,42,LogReg,5743,0,1,0.5887536305928279
1,42,LogReg,4490,0,0,0.44889128648889726
1,42,LogReg,9386,1,1,0.984823325400113
1,42,LogReg,1933,1,0,0.49674910684837553
1,42,LogReg,2414,1,1,0.9892111285390184
1,42,LogReg,8207,1,1,0.83485001974231
1,42,LogReg,2028,1,0,0.4778067084686683
1,42,LogReg,9288,1,1,0.996015386222976
1,42,LogReg,4577,1,1,0.8804966690988917
1,42,LogReg,4750,0,0,0.1375128450206895
1,42,LogReg,6250,1,1,0.9278815534801533
1,42,LogReg,3943,1,1,0.7414116168704453
1,42,LogReg,5728,0,1,0.6514409900606569
1,42,LogReg,4418,0,0,0.1628300244127881
1,42,LogReg,5011,0,0,0.23035108148830238
1,42,LogReg,3476,1,0,0.1869320386606051
1,42,LogReg,8946,1,1,0.9932263686992084
1,42,LogReg,3887,1,0,0.3889949642222935
1,42,LogReg,1688,1,1,0.825748030197879
1,42,LogReg,7994,0,1,0.5587576567740694
1,42,LogReg,3182,1,1,0.6297786330642118
1,42,LogReg,4579,1,1,0.8164305202537785
1,42,LogReg,4593,1,1,0.9671166060222369
1,42,LogReg,1030,1,1,0.5357074280185968
1,42,LogReg,4183,1,1,0.9231193403061193
1,42,LogReg,1500,1,1,0.6090446570242734
1,42,LogReg,9529,1,1,0.9981273647641267
1,42,LogReg,9094,1,1,0.9611981717899203
1,42,LogReg,5965,1,0,0.017146224703864284
1,42,LogReg,4593,1,1,0.9671166060222369
1,42,LogReg,1110,1,1,0.8802284791534443
1,42,LogReg,4138,0,0,0.014648154540818418
1,42,LogReg,8274,1,1,0.9637908214212267
1,42,LogReg,3971,1,0,0.3430698256207418
1,42,LogReg,5773,0,0,0.4289640600361585
1,42,LogReg,768,1,1,0.9672658220375031
1,42,LogReg,4267,1,1,0.7902440485027576
1,42,LogReg,5356,0,0,0.31485998967466994
1,42,LogReg,4748,0,0,0.08785634026243813
1,42,LogReg,7441,1,0,0.30013933122340286
1,42,LogReg,5130,0,0,0.18953740207280312
1,42,LogReg,7312,1,1,0.5059496327682373
1,42,LogReg,5849,1,1,0.768432786553541
1,42,LogReg,4905,0,1,0.7775850454700917
1,42,LogReg,9491,1,1,0.9753616179742757
1,42,LogReg,6269,1,1,0.8471756384346498
1,42,LogReg,1919,1,1,0.9661555466237394
1,42,LogReg,4775,0,1,0.6624315555412394
1,42,LogReg,2384,1,1,0.6037871885514139
1,42,LogReg,6745,1,1,0.8009856620254487
1,42,LogReg,2385,1,1,0.7193343826870844
1,42,LogReg,8312,0,0,0.30357191019821944
1,42,LogReg,8223,0,0,0.2817724968732866
1,42,LogReg,6211,1,1,0.8926688119903404
1,42,LogReg,635,1,1,0.9879865700944407
1,42,LogReg,3556,0,1,0.7090391268048747
1,42,LogReg,7003,1,1,0.8671519147018432
1,42,LogReg,3104,1,1,0.9497141412703428
1,42,LogReg,2508,1,1,0.6735237655568996
1,42,LogReg,6705,0,0,0.26342726593557403
1,42,LogReg,3338,1,1,0.962772730798487
1,42,LogReg,7458,1,1,0.8950432285529103
1,42,LogReg,2668,1,1,0.6503410470469768
1,42,LogReg,3576,0,0,0.1561386306258998
1,42,LogReg,6997,1,1,0.8707718944272919
1,42,LogReg,147,0,0,0.17730251070061268
1,42,LogReg,11,0,0,0.39991292073737933
1,42,LogReg,4670,1,1,0.8468162050185954
1,42,LogReg,7796,0,0,0.3064896230394859
1,42,LogReg,2284,1,1,0.6842455286775394
1,42,LogReg,8634,1,0,0.46951486051971575
1,42,LogReg,7234,0,0,0.03475170071878489
1,42,LogReg,3838,1,0,0.47256704739363
1,42,LogReg,1297,0,0,0.00391481018415904
1,42,LogReg,3038,1,1,0.767090858543724
1,42,LogReg,2687,1,1,0.9288083220971848
1,42,LogReg,4295,1,0,0.11619968807994432
1,42,LogReg,5105,0,0,0.12636573991642963
1,42,LogReg,6580,1,0,0.3450415223268877
1,42,LogReg,4195,1,1,0.9025760523552503
1,42,LogReg,4827,1,1,0.7289158279175765
1,42,LogReg,5887,1,1,0.829481620616889
1,42,LogReg,4748,0,0,0.08785634026243813
1,42,LogReg,8036,0,0,0.33957755688361885
1,42,LogReg,133,1,0,0.396297907572723
1,42,LogReg,5433,0,0,0.4062048434014023
1,42,LogReg,7271,1,1,0.9063827868388868
1,42,LogReg,9570,1,1,0.9195977306819301
1,42,LogReg,1630,1,1,0.589472705050179
1,42,LogReg,8644,1,1,0.9200248543790633
1,42,LogReg,19,0,1,0.5070692241828711
1,42,LogReg,4801,1,1,0.8619580611531625
1,42,LogReg,5531,0,0,0.3007758460110165
1,42,LogReg,5373,0,0,0.0598849049567718
1,42,LogReg,5583,0,0,0.07710975375518136
1,42,LogReg,6599,1,1,0.6940651981159202
1,42,LogReg,4075,0,0,0.09967715608909952
1,42,LogReg,1324,1,0,0.32296888201652657
1,42,LogReg,4389,0,0,0.0719852963370232
1,42,LogReg,41,0,0,0.4738015616107537
1,42,LogReg,846,1,1,0.9755661305231837
1,42,LogReg,8717,1,1,0.9813111398662171
1,42,LogReg,5710,0,0,0.26095256330938604
1,42,LogReg,1477,1,1,0.685494509655093
1,42,LogReg,7781,0,0,0.11788097081801667
1,42,LogReg,4303,0,0,0.34017025936906203
1,42,LogReg,389,1,0,0.34089079166260955
1,42,LogReg,6743,1,1,0.8162947100660238
1,42,LogReg,2123,1,1,0.8475376065679094
1,42,LogReg,3238,1,0,0.0010489288667456399
1,42,LogReg,574,1,1,0.8297549288558683
1,42,LogReg,8925,1,1,0.9967574285083383
1,42,LogReg,877,1,1,0.7887117993245899
1,42,LogReg,4865,1,1,0.8738098782760959
1,42,LogReg,4521,0,1,0.5585493248849234
1,42,LogReg,4072,0,0,0.08277729352007726
1,42,LogReg,5640,0,0,0.20710319145722336
1,42,LogReg,4615,1,1,0.5245853047482382
1,42,LogReg,8340,0,0,0.21464205260689737
1,42,LogReg,9519,1,1,0.9930947784458232
1,42,LogReg,547,1,1,0.8898722816796567
1,42,LogReg,7750,0,0,0.3055648164261537
1,42,LogReg,9159,1,1,0.9292152210421554
1,42,LogReg,5535,0,0,0.48779559205035394
1,42,LogReg,1060,1,0,0.267483108191857
1,42,LogReg,5710,0,0,0.26095256330938604
1,42,LogReg,2746,1,0,0.06737211157218168
1,42,LogReg,1109,1,1,0.7825234048111637
1,42,LogReg,4535,1,1,0.5162426427684377
1,42,LogReg,4978,0,0,0.4266598456785025
1,42,LogReg,6617,1,1,0.8311611166727251
1,42,LogReg,7947,1,0,0.3343763355866624
1,42,LogReg,6070,1,1,0.9345966393411881
1,42,LogReg,639,1,1,0.9135726192211782
1,42,LogReg,9491,1,1,0.9753616179742757
1,42,LogReg,7570,1,1,0.8772857831631085
1,42,LogReg,5451,0,1,0.8141344916086113
1,42,LogReg,6250,1,1,0.9278815534801533
1,42,LogReg,3990,1,0,0.41454812056853635
1,42,LogReg,7401,1,1,0.841766251409767
1,42,LogReg,2967,1,0,0.3948139703859375
1,42,LogReg,8378,0,0,0.163347695684802
1,42,LogReg,7535,1,1,0.5296143501315805
1,42,LogReg,7533,1,1,0.6983274735241257
1,42,LogReg,8413,0,0,0.06845743882085868
1,42,LogReg,8815,1,1,0.6927512571746116
1,42,LogReg,5905,1,1,0.963867374964408
1,42,LogReg,7245,0,1,0.6624315555412394
1,42,LogReg,5838,1,1,0.583803251699663
1,42,LogReg,8687,1,1,0.7463412731234162
1,42,LogReg,6437,1,0,0.012048987940028889
1,42,LogReg,2273,1,1,0.7114934499116508
1,42,LogReg,2384,1,1,0.6037871885514139
1,42,LogReg,1089,1,1,0.5615498315517156
1,42,LogReg,190,1,0,0.03582582697695141
1,42,LogReg,5374,1,0,0.13777130850531644
1,42,LogReg,6301,1,0,0.13210116768694155
1,42,LogReg,6251,1,1,0.8819477450776211
1,42,LogReg,5773,0,0,0.4289640600361585
1,42,LogReg,4978,0,0,0.4266598456785025
1,42,LogReg,2896,1,1,0.7174493208031442
1,42,LogReg,7129,0,0,0.2815905008011878
1,42,LogReg,9343,1,1,0.9933696001950415
1,42,LogReg,9543,1,1,0.9948495463978607
1,42,LogReg,8096,1,1,0.6978655174794631
1,42,LogReg,1184,0,0,0.07998915753309435
1,42,LogReg,6605,1,1,0.9263694048730763
1,42,LogReg,4183,1,1,0.9231193403061193
1,42,LogReg,3583,1,1,0.7090220148068699
1,42,LogReg,7886,0,1,0.9339052965059397
1,42,LogReg,8664,1,1,0.9332565778982551
1,42,LogReg,3319,1,0,0.4583814143712937
1,42,LogReg,2897,1,1,0.6415565874690331
1,42,LogReg,4535,1,1,0.5162426427684377
1,42,LogReg,4465,1,1,0.701421908980803
1,42,LogReg,9539,1,1,0.998095941246314
1,42,LogReg,6691,1,1,0.8168016459237064
1,42,LogReg,4336,1,1,0.8867048064644703
1,42,LogReg,5105,0,0,0.12636573991642963
1,42,LogReg,7276,1,1,0.9712042568198564
1,42,LogReg,7455,1,1,0.9928836046355084
1,42,LogReg,1866,1,0,0.13777130850531644
1,42,LogReg,9321,1,1,0.9994692451259943
1,42,LogReg,1893,0,0,0.12694778443766014
1,42,LogReg,4848,1,1,0.6429539579188935
1,42,LogReg,2385,1,1,0.7193343826870844
1,42,LogReg,4801,1,1,0.8619580611531625
1,42,LogReg,7918,0,0,0.40331100820008264
1,42,LogReg,5552,0,0,0.20165120802641742
1,42,LogReg,6896,1,1,0.9831247379521512
1,42,LogReg,3500,1,0,0.03274648063722156
1,42,LogReg,5743,0,1,0.5887536305928279
1,42,LogReg,9502,1,1,0.9992792405710932
1,42,LogReg,9518,1,1,0.9803116534873475
1,42,LogReg,3538,1,1,0.9988866547311462
1,42,LogReg,6599,1,1,0.6940651981159202
1,42,LogReg,6189,1,0,0.27938924314959757
1,42,LogReg,9204,1,1,0.9919720461370276
1,42,LogReg,6489,1,0,0.3854640348614778
1,42,LogReg,741,1,1,0.9988866547311462
1,42,LogReg,8747,1,1,0.7974614384371661
1,42,LogReg,16,0,0,0.22209445210657616
1,42,LogReg,8615,1,1,0.542166066066558
1,42,LogReg,4641,0,0,0.12290114617424762
1,42,LogReg,7554,1,1,0.7674931524230951
1,42,LogReg,4226,1,1,0.8876633726275274
1,42,LogReg,4012,1,1,0.6989746661478501
1,42,LogReg,8237,1,1,0.7879808578627298
1,42,LogReg,513,1,1,0.877016104700069
1,42,LogReg,8659,1,1,0.5459300108943635
1,42,LogReg,7608,0,0,0.476500927819257
1,42,LogReg,6159,1,0,0.29374583458242476
1,42,LogReg,814,1,1,0.8402800687630443
1,42,LogReg,3592,1,0,0.2323183370583962
1,42,LogReg,5108,0,0,0.16609042646731836
1,42,LogReg,7664,0,1,0.5459776846572539
1,42,LogReg,8673,1,1,0.9872060895342386
1,42,LogReg,6259,1,1,0.9688609657145496
1,42,LogReg,2228,1,0,0.3058579709956845
1,42,LogReg,1804,1,0,0.3963889256026642
1,42,LogReg,2316,1,1,0.8363175493995743
1,42,LogReg,9042,1,1,0.8855475277263509
1,42,LogReg,2123,1,1,0.8475376065679094
1,42,LogReg,39,0,0,0.1817040406333448
1,42,LogReg,1301,0,0,0.014648154540818394
1,42,LogReg,8073,1,1,0.9618440580450331
1,42,LogReg,4597,0,0,0.3055493457279099
1,42,LogReg,2742,1,0,0.1395672418807149
1,42,LogReg,433,1,1,0.8075137212137414
1,42,LogReg,3447,1,1,0.5046613002998851
1,42,LogReg,4288,1,1,0.7418280074321999
1,42,LogReg,1840,1,1,0.7199833783288331
1,42,LogReg,814,1,1,0.8402800687630443
1,42,LogReg,189,0,0,0.2619701305196323
1,42,LogReg,1590,1,1,0.6290056962944134
1,42,LogReg,4654,0,0,0.0027493939565861004
1,42,LogReg,3943,1,1,0.7414116168704453
1,42,LogReg,2438,1,1,0.9392484348799871
1,42,LogReg,8188,1,0,0.25716579795227607
1,42,LogReg,5091,0,0,0.42146707074098894
1,42,LogReg,6605,1,1,0.9263694048730763
1,42,LogReg,4596,0,0,0.34914730327114013
1,42,LogReg,3046,1,1,0.8271689613397202
1,42,LogReg,5027,0,0,0.1811939208846379
1,42,LogReg,8571,1,1,0.6833318623216008
1,42,LogReg,8568,1,1,0.7072014639583201
1,42,LogReg,1501,1,0,0.4852728449668353
1,42,LogReg,6702,1,1,0.5126948734696789
1,42,LogReg,7819,0,0,0.45412215166689057
1,42,LogReg,4240,1,1,0.8744863079669326
1,42,LogReg,8912,1,1,0.6686180688039981
1,42,LogReg,1788,1,1,0.9607290683231519
1,42,LogReg,1826,1,1,0.7705147648118772
1,42,LogReg,7045,0,0,0.07841498256449023
1,42,LogReg,3074,1,0,0.15826586452249897
1,42,LogReg,343,1,1,0.6785092824376694
1,42,LogReg,8602,1,1,0.9594971302351601
1,42,LogReg,7722,1,1,0.5996293093506777
1,42,LogReg,2613,1,1,0.9863647593665431
1,42,LogReg,621,1,1,0.8651815110312732
1,42,LogReg,877,1,1,0.7887117993245899
1,42,LogReg,7773,0,1,0.6508524734284256
1,42,LogReg,8287,0,0,0.2240655347977741
1,42,LogReg,7790,1,1,0.8590040173290983
1,42,LogReg,7622,0,1,0.6842931300572583
1,42,LogReg,2188,1,0,0.41091065303310204
1,42,LogReg,7913,0,0,0.22232865199495222
1,42,LogReg,8474,0,0,0.06633490099991038
1,42,LogReg,7357,1,1,0.5262378326913322
1,42,LogReg,9168,1,1,0.9654572363606572
1,42,LogReg,8740,1,1,0.9957796729225038
1,42,LogReg,336,1,1,0.8352864861188773
1,42,LogReg,1540,1,1,0.7324930307669465
1,42,LogReg,9300,1,1,0.9978927352406839
1,42,LogReg,9519,1,1,0.9930947784458232
1,42,LogReg,9386,1,1,0.984823325400113
1,42,LogReg,5445,0,0,0.46179403519165746
1,42,LogReg,8443,0,0,0.18985180175727698
1,42,LogReg,2498,0,0,0.30393128236629957
1,42,LogReg,9149,1,1,0.9974837795832623
1,42,LogReg,4590,1,1,0.9863647593665431
1,42,LogReg,9010,1,1,0.9984953413323817
1,42,LogReg,9198,1,1,0.9454602622053501
1,42,LogReg,4946,0,0,0.44544088699908563
1,42,LogReg,7022,1,0,0.30939244577887826
1,42,LogReg,1290,0,0,0.12290114617424779
1,42,LogReg,5848,1,1,0.7447505052502077
1,42,LogReg,3376,0,0,0.330857657023663
1,42,LogReg,9318,1,1,0.9972431767152627
1,42,LogReg,5461,0,1,0.5197909774478575
1,42,LogReg,728,1,0,0.45282602299871566
1,42,LogReg,3872,1,0,0.2488094778441326
1,42,LogReg,6275,1,0,0.49586333402841887
1,42,LogReg,4491,1,1,0.8402521675278571
1,42,LogReg,7183,0,0,0.13210116768694155
1,42,LogReg,5383,0,0,0.11293870437236292
1,42,LogReg,713,1,1,0.5217256737045173
1,42,LogReg,8627,1,1,0.8829419779257732
1,42,LogReg,3906,1,0,0.37264992165000954
1,42,LogReg,5668,0,1,0.5022216336390362
1,42,LogReg,8458,0,0,0.02450117681530813
1,42,LogReg,2840,1,1,0.8821520424227188
1,42,LogReg,6010,0,0,0.007145797359963125
1,42,LogReg,5039,0,0,0.34988243391986396
1,42,LogReg,2267,1,1,0.533284124519771
1,42,LogReg,4757,1,1,0.990442474323466
1,42,LogReg,8018,0,0,0.21281230670061857
1,42,LogReg,3753,1,1,0.7387337395103047
1,42,LogReg,6250,1,1,0.9278815534801533
1,42,LogReg,3033,1,1,0.584359994158505
1,42,LogReg,782,1,1,0.874569727795817
1,42,LogReg,8748,1,1,0.9244148222601294
1,42,LogReg,3375,1,1,0.7658949384434961
1,42,LogReg,9494,1,1,0.9979306610607437
1,42,LogReg,7656,1,0,0.44340902877998506
1,42,LogReg,2781,1,1,0.8857490195467876
1,42,LogReg,2930,1,1,0.9758418052952802
1,42,LogReg,6304,1,1,0.8719672984982297
1,42,LogReg,7410,1,1,0.8021696820157931
1,42,LogReg,9383,1,1,0.9621891290669509
1,42,LogReg,2844,1,1,0.9064893064919165
1,42,LogReg,4548,0,1,0.9247758870668136
1,42,LogReg,5159,1,1,0.7974836966806971
1,42,LogReg,7271,1,1,0.9063827868388868
1,42,LogReg,2511,1,0,0.3253132672308744
1,42,LogReg,1983,1,1,0.7105421290686964
1,42,LogReg,5558,0,1,0.6755092648834193
1,42,LogReg,4298,0,0,0.3505445282294562
1,42,LogReg,2908,1,1,0.8232821653040957
1,42,LogReg,5130,0,0,0.18953740207280312
1,42,LogReg,2190,1,1,0.5529670791080403
1,42,LogReg,8811,1,1,0.9985542572130524
1,42,LogReg,9544,1,1,0.8791181989072138
1,42,LogReg,880,1,0,0.46364411821277757
1,42,LogReg,1579,1,1,0.8157428848839495
1,42,LogReg,336,1,1,0.8352864861188773
1,42,LogReg,7790,1,1,0.8590040173290983
1,42,LogReg,1116,1,1,0.8477180929732411
1,42,LogReg,7264,1,1,0.5430966473243026
1,42,LogReg,2058,1,0,0.03309843884030537
1,42,LogReg,2438,1,1,0.9392484348799871
1,42,LogReg,1826,1,1,0.7705147648118772
1,42,LogReg,8946,1,1,0.9932263686992084
1,42,LogReg,4932,1,0,0.4558548126328604
1,42,LogReg,4637,0,0,0.0480773407637605
1,42,LogReg,1168,1,1,0.931819303790811
1,42,LogReg,5846,1,0,0.3899623513794328
1,42,LogReg,11,0,0,0.39991292073737933
1,42,LogReg,4945,0,0,0.0896882406901931
1,42,LogReg,7003,1,1,0.8671519147018432
1,42,LogReg,8325,0,0,0.14341183470290536
1,42,LogReg,6848,0,0,0.17143401178863493
1,42,LogReg,4523,1,1,0.6905754335285733
1,42,LogReg,9334,1,1,0.9983639316121187
1,42,LogReg,4087,1,0,0.269930723602987
1,42,LogReg,1297,0,0,0.00391481018415904
1,42,LogReg,513,1,1,0.877016104700069
1,42,LogReg,8817,1,1,0.9932575411729214
1,42,LogReg,7733,1,1,0.7734614045765397
1,42,LogReg,290,1,1,0.6391854889895703
1,42,LogReg,9314,1,1,0.9473410465303621
1,42,LogReg,6318,1,0,0.12839032066874928
1,42,LogReg,4879,1,1,0.8178333007056255
1,42,LogReg,4920,0,0,0.11398629417510947
1,42,LogReg,6092,1,1,0.9821128130834903
1,42,LogReg,1878,1,1,0.5848936080266011
1,42,LogReg,4867,0,0,0.03853293412069293
1,42,LogReg,5962,1,1,0.8563028594316964
1,42,LogReg,352,0,1,0.7566841582144247
1,42,LogReg,9086,1,1,0.9958401565640848
1,42,LogReg,410,0,1,0.5587576567740694
1,42,LogReg,4029,0,1,0.6890591971287672
1,42,LogReg,1664,1,1,0.741316835545102
1,42,LogReg,508,1,0,0.18626044145699808
1,42,LogReg,1689,1,1,0.8691313099761606
1,42,LogReg,3011,1,0,0.23347571111241147
1,42,LogReg,7434,1,1,0.5756166783106081
1,42,LogReg,2030,0,0,0.08451350363761168
1,42,LogReg,8036,0,0,0.33957755688361885
1,42,LogReg,6923,1,1,0.8467324302320691
1,42,LogReg,8946,1,1,0.9932263686992084
1,42,LogReg,5199,0,0,0.32160169949261275
1,42,LogReg,371,1,0,0.4375243030997845
1,42,LogReg,2122,1,1,0.8347490083293786
1,42,LogReg,2967,1,0,0.3948139703859375
1,42,LogReg,5394,0,1,0.7458876504184417
1,42,LogReg,2517,1,1,0.8812573544512908
1,42,LogReg,3415,1,0,0.2605202920631703
1,42,LogReg,713,1,1,0.5217256737045173
1,42,LogReg,2316,1,1,0.8363175493995743
1,42,LogReg,4093,1,1,0.8888113197747103
1,42,LogReg,2489,1,0,0.462752359007679
1,42,LogReg,430,1,1,0.8330397864852651
1,42,LogReg,972,1,0,0.444549226435945
1,42,LogReg,7535,1,1,0.5296143501315805
1,42,LogReg,8216,0,0,0.28939561375069867
1,42,LogReg,7114,1,0,0.31615502102897014
1,42,LogReg,873,1,1,0.8134667234924073
1,42,LogReg,7482,0,0,0.09608619987713378
1,42,LogReg,1359,1,1,0.9039530802576341
1,42,LogReg,7080,0,0,0.36235179348856966
1,42,LogReg,6205,1,1,0.7435338235185078
1,42,LogReg,5249,0,1,0.5711336040352052
1,42,LogReg,675,1,1,0.7075932416958067
1,42,LogReg,7458,1,1,0.8950432285529103
1,42,LogReg,9149,1,1,0.9974837795832623
1,42,LogReg,5894,1,1,0.9670943273276872
1,42,LogReg,8451,0,0,0.3304932443035679
1,42,LogReg,4260,1,1,0.82848888505596
1,42,LogReg,5281,0,0,0.3606335225999567
1,42,LogReg,3577,1,0,0.18818641196656155
1,42,LogReg,1030,1,1,0.5357074280185968
1,42,LogReg,6611,1,0,0.4394990637497343
1,42,LogReg,3941,1,0,0.28724761040277635
1,42,LogReg,6915,1,1,0.9995378318480332
1,42,LogReg,7697,1,0,0.22343598317822608
1,42,LogReg,6092,1,1,0.9821128130834903
1,42,LogReg,9091,1,1,0.994603653791597
1,42,LogReg,7401,1,1,0.841766251409767
1,42,LogReg,9581,1,1,0.9505550939859423
1,42,LogReg,5263,1,1,0.729969229425224
1,42,LogReg,3556,0,1,0.7090391268048747
1,42,LogReg,6599,1,1,0.6940651981159202
1,42,LogReg,508,1,0,0.18626044145699808
1,42,LogReg,3901,1,0,0.3177660124313166
1,42,LogReg,3981,0,1,0.5373347619380473
1,42,LogReg,8581,1,1,0.7977225850378875
1,42,LogReg,5199,0,0,0.32160169949261275
1,42,LogReg,8568,1,1,0.7072014639583201
1,42,LogReg,290,1,1,0.6391854889895703
1,42,LogReg,9146,1,1,0.9273426879720047
1,42,LogReg,4295,1,0,0.11619968807994432
1,42,LogReg,1330,1,0,0.4376881892976753
1,42,LogReg,4717,0,0,0.34357225707077826
1,42,LogReg,3553,1,1,0.6293935342560784
1,42,LogReg,8698,1,1,0.8674636823924935
1,42,LogReg,6576,1,1,0.718398181984238
1,42,LogReg,4330,0,0,0.22366730319653969
1,42,LogReg,1746,1,1,0.8915674822522371
1,42,LogReg,5179,1,0,0.3422246310478397
1,42,LogReg,9494,1,1,0.9979306610607437
1,42,LogReg,226,0,0,0.459422741502578
1,42,LogReg,8013,0,0,0.3921621400103243
1,42,LogReg,3218,0,0,0.1604302384110317
1,42,LogReg,2967,1,0,0.3948139703859375
1,42,LogReg,9131,1,1,0.9122947239169047
1,42,LogReg,2522,1,1,0.9738994088932326
1,42,LogReg,7205,1,1,0.6189314961464332
1,42,LogReg,5751,0,1,0.7169407945062228
1,42,LogReg,8251,1,1,0.7408709720293759
1,42,LogReg,3858,1,0,0.3944620490391145
1,42,LogReg,3774,0,0,0.0885213292876795
1,42,LogReg,7642,0,1,0.5789095542390094
1,42,LogReg,3447,1,1,0.5046613002998851
1,42,LogReg,8274,1,1,0.9637908214212267
1,42,LogReg,1365,0,0,0.07915116536470856
1,42,LogReg,8237,1,1,0.7879808578627298
1,42,LogReg,5283,0,1,0.6409514020383726
1,42,LogReg,3409,1,0,0.14182525071815608
1,42,LogReg,6040,1,1,0.8467324302320691
1,42,LogReg,5641,0,0,0.04887824102580344
1,42,LogReg,1029,0,0,0.3435031899227303
1,42,LogReg,2371,1,1,0.8255164946176329
1,42,LogReg,4439,0,1,0.5649345694530312
1,42,LogReg,1854,0,0,0.02856789161390951
1,42,LogReg,4597,0,0,0.3055493457279099
1,42,LogReg,1983,1,1,0.7105421290686964
1,42,LogReg,9313,1,0,0.45623379495587835
1,42,LogReg,139,1,0,0.37684833450681454
1,42,LogReg,6079,1,1,0.5599378101747023
1,42,LogReg,3319,1,0,0.4583814143712937
1,42,LogReg,9329,1,1,0.9962352474281642
1,42,LogReg,6712,1,1,0.9648416613854123
1,42,LogReg,2477,0,1,0.6104703860585137
1,42,LogReg,5976,0,0,0.10183064273014543
1,42,LogReg,9207,1,1,0.9992035643634724
1,42,LogReg,782,1,1,0.874569727795817
1,42,LogReg,5495,1,0,0.2485990837922235
1,42,LogReg,7472,1,0,0.20258926038307634
1,42,LogReg,7218,0,0,0.1661973627246295
1,42,LogReg,8832,1,1,0.8363287337539302
1,42,LogReg,139,1,0,0.37684833450681454
1,42,LogReg,1093,1,0,0.4588223320882947
1,42,LogReg,2938,1,1,0.8815679088633995
1,42,LogReg,5451,0,1,0.8141344916086113
1,42,LogReg,2741,1,0,0.08935068422948769
1,42,LogReg,3385,1,1,0.938705496649584
1,42,LogReg,1327,1,1,0.8614721294869788
1,42,LogReg,1350,1,1,0.8576160872173404
1,42,LogReg,9475,1,1,0.9958875191918476
1,42,LogReg,2675,1,1,0.8660874751874325
1,42,LogReg,377,1,0,0.4271881510268238
1,42,LogReg,5497,0,0,0.06272651534405492
1,42,LogReg,5625,1,1,0.5982698440203165
1,42,LogReg,1168,1,1,0.931819303790811
1,42,LogReg,5140,1,1,0.8000520752337715
1,42,LogReg,857,1,1,0.9827376766292778
1,42,LogReg,5141,1,1,0.9110057365038476
1,42,LogReg,5592,0,0,0.13189925134057007
1,42,LogReg,424,1,1,0.6170923704478981
1,42,LogReg,3438,1,0,0.012048987940028889
1,42,LogReg,1845,0,0,0.27401384716560073
1,42,LogReg,4873,1,1,0.9432574732666125
1,42,LogReg,2673,1,0,0.08614519467027174
1,42,LogReg,1767,1,1,0.9585436803055908
1,42,LogReg,1364,1,1,0.9922741633486629
1,42,LogReg,5512,1,0,0.17173469537018463
1,42,LogReg,6588,1,0,0.05915261584746656
1,42,LogReg,6196,1,1,0.7046541794733951
1,42,LogReg,9541,1,1,0.9537965994377968
1,42,LogReg,7918,0,0,0.40331100820008264
1,42,LogReg,9329,1,1,0.9962352474281642
1,42,LogReg,5905,1,1,0.963867374964408
1,42,LogReg,7781,0,0,0.11788097081801667
1,42,LogReg,9137,1,1,0.9958884778482477
1,42,LogReg,4761,0,0,0.2683906701324969
1,42,LogReg,7327,1,1,0.7071720414919077
1,42,LogReg,139,1,0,0.37684833450681454
1,42,LogReg,990,0,1,0.9272854178097393
1,42,LogReg,556,1,1,0.7497090474713927
1,42,LogReg,4817,0,0,0.1319549460998818
1,42,LogReg,7535,1,1,0.5296143501315805
1,42,LogReg,2754,1,0,0.3405236640214369
1,42,LogReg,8933,1,1,0.9312633236867073
1,42,LogReg,8619,1,1,0.7802199316085826
1,42,LogReg,1671,1,1,0.9684743741274822
1,42,LogReg,1791,1,1,0.95078554721175
1,42,LogReg,3759,1,1,0.8277338702131214
1,42,LogReg,9314,1,1,0.9473410465303621
1,42,LogReg,5461,0,1,0.5197909774478575
1,42,LogReg,2923,1,1,0.8637550572800093
1,42,LogReg,7148,1,1,0.9559641462522394
1,42,LogReg,3508,1,1,0.7278607030508587
1,42,LogReg,3096,1,1,0.9105206646208669
1,42,LogReg,5827,0,0,0.12617819429303895
1,42,LogReg,6849,1,0,0.37962276241364634
1,42,LogReg,1368,1,1,0.8218496036923965
1,42,LogReg,4810,1,1,0.9161325804552876
1,42,LogReg,8294,0,0,0.13525703800395986
1,42,LogReg,1686,1,1,0.9694542169332852
1,42,LogReg,8890,1,1,0.9697743882483225
1,42,LogReg,8093,1,1,0.8609592638020924
1,42,LogReg,3797,0,0,0.24315940114842027
1,42,LogReg,2910,1,1,0.8849739859744574
1,42,LogReg,2317,1,1,0.6195386849542098
1,42,LogReg,211,1,1,0.7742627672567998
1,42,LogReg,328,1,1,0.8452888333163567
1,42,LogReg,2349,1,1,0.7278876219228235
1,42,LogReg,4260,1,1,0.82848888505596
1,42,LogReg,4208,0,0,0.21556230679642524
1,42,LogReg,2480,1,1,0.8612093426002232
1,42,LogReg,3643,1,1,0.732819429449504
1,42,LogReg,621,1,1,0.8651815110312732
1,42,LogReg,3801,0,0,0.17050895750040373
1,42,LogReg,1056,1,1,0.9073889335290594
1,42,LogReg,5047,1,1,0.8070098893092581
1,42,LogReg,8257,1,1,0.7971234203027857
1,42,LogReg,7455,1,1,0.9928836046355084
1,42,LogReg,7992,1,0,0.025233763246671394
1,42,LogReg,7053,1,1,0.9814594873710041
1,42,LogReg,8815,1,1,0.6927512571746116
1,42,LogReg,505,1,1,0.9375298315466357
1,42,LogReg,9244,1,1,0.8587774988688059
1,42,LogReg,3792,1,0,0.14959284251178104
1,42,LogReg,8665,1,1,0.9754486264487906
1,42,LogReg,3718,0,0,0.23104505868882463
1,42,LogReg,9005,1,1,0.989294315035311
1,42,LogReg,5281,0,0,0.3606335225999567
1,42,LogReg,3963,0,1,0.5911505293543475
1,42,LogReg,9313,1,0,0.45623379495587835
1,42,LogReg,9131,1,1,0.9122947239169047
1,42,LogReg,5571,0,0,0.3844641560996591
1,42,LogReg,8545,1,0,0.4928034990619058
1,42,LogReg,6189,1,0,0.27938924314959757
1,42,LogReg,5945,0,0,0.2619701305196325
1,42,LogReg,4564,1,1,0.50815057911832
1,42,LogReg,7148,1,1,0.9559641462522394
1,42,LogReg,379,1,0,0.43124198921932555
1,42,LogReg,3861,1,0,0.3154998702886001
1,42,LogReg,377,1,0,0.4271881510268238
1,42,LogReg,661,1,1,0.9558671442662011
1,42,LogReg,2069,0,0,0.012581652504633948
1,42,LogReg,8891,1,1,0.9541008957921604
1,42,LogReg,6225,1,0,0.24597055793824166
1,42,LogReg,5108,0,0,0.16609042646731836
1,42,LogReg,5900,1,1,0.940674114447288
1,42,LogReg,8112,1,1,0.9538317318043471
1,42,LogReg,4226,1,1,0.8876633726275274
1,42,LogReg,3412,1,1,0.8021696820157931
1,42,LogReg,2320,1,1,0.7735214318825057
1,42,LogReg,1395,1,1,0.8697097691129148
1,42,LogReg,7509,1,0,0.40468569895973144
1,42,LogReg,5150,1,1,0.6289890978584093
1,42,LogReg,9380,1,1,0.8857490195467874
1,42,LogReg,4615,1,1,0.5245853047482382
1,42,LogReg,9561,1,1,0.9979413140558863
1,42,LogReg,5256,0,1,0.9290374283736496
1,42,LogReg,3361,1,0,0.4497762982241059
1,42,LogReg,140,1,1,0.573319879179923
1,42,LogReg,4975,0,0,0.4461505642715441
1,42,LogReg,9524,1,1,0.9772287351827398
1,42,LogReg,5231,0,0,0.2875229637399993
1,42,LogReg,1137,1,1,0.8474975261550524
1,42,LogReg,2361,1,1,0.9053972419916652
1,42,LogReg,9491,1,1,0.9753616179742757
1,42,LogReg,6489,1,0,0.3854640348614778
1,42,LogReg,4145,0,0,0.050514699855848604
1,42,LogReg,7057,0,0,0.224065534797773
1,42,LogReg,925,1,1,0.9592464596420622
1,42,LogReg,971,1,1,0.9454764425006266
1,42,LogReg,1513,1,1,0.7995945678563036
1,42,LogReg,6929,1,1,0.9644198654637258
1,42,LogReg,6765,1,1,0.8587774988688057
1,42,LogReg,3270,1,0,0.019749964218459704
1,42,LogReg,211,1,1,0.7742627672567998
1,42,LogReg,3011,1,0,0.23347571111241147
1,42,LogReg,139,1,0,0.37684833450681454
1,42,LogReg,7264,1,1,0.5430966473243026
1,42,LogReg,2436,1,1,0.7474973765994947
1,42,LogReg,749,1,1,0.7890728054664518
1,42,LogReg,7515,1,1,0.7883305986838006
1,42,LogReg,211,1,1,0.7742627672567998
1,42,LogReg,6826,1,1,0.9615111233263908
1,42,LogReg,3400,1,0,0.4642268778107169
1,42,LogReg,4604,1,1,0.7436814654272254
1,42,LogReg,7877,1,1,0.6595518452251959
1,42,LogReg,1314,1,1,0.8818484241216168
1,42,LogReg,9293,1,1,0.9091609826022152
1,42,LogReg,6596,1,1,0.7864569376335447
1,42,LogReg,4336,1,1,0.8867048064644703
1,42,LogReg,5091,0,0,0.42146707074098894
1,42,LogReg,8665,1,1,0.9754486264487906
1,42,LogReg,4775,0,1,0.6624315555412394
1,42,LogReg,8571,1,1,0.6833318623216008
1,42,LogReg,9010,1,1,0.9984953413323817
1,42,LogReg,4775,0,1,0.6624315555412394
1,42,LogReg,4138,0,0,0.014648154540818418
1,42,LogReg,7697,1,0,0.22343598317822608
1,42,LogReg,2421,1,1,0.7217009998949716
1,42,LogReg,4367,0,0,0.3378247733991404
1,42,LogReg,8566,1,1,0.9919593497809299
1,42,LogReg,6542,1,1,0.8702174466167232
1,42,LogReg,5887,1,1,0.829481620616889
1,42,LogReg,5140,1,1,0.8000520752337715
1,42,LogReg,2410,1,1,0.6755701196868769
1,42,LogReg,8168,0,1,0.7653576911032262
1,42,LogReg,727,1,1,0.917832428768577
1,42,LogReg,7635,0,0,0.49464864217115806
1,42,LogReg,4984,1,1,0.7006971367568874
1,42,LogReg,403,1,1,0.68528627951862
1,42,LogReg,4238,0,0,0.1180886322869416
1,42,LogReg,4665,1,1,0.8098865993488166
1,42,LogReg,2163,1,1,0.6091098899511412
1,42,LogReg,3221,1,0,0.1628300244127881
1,42,LogReg,8235,1,1,0.6931813471023786
1,42,LogReg,7299,1,0,0.48296274102843106
1,42,LogReg,2058,1,0,0.03309843884030537
1,42,LogReg,3930,0,1,0.6369650953873476
1,42,LogReg,4278,1,1,0.9473008322445831
1,42,LogReg,8231,1,1,0.8807806267779356
1,42,LogReg,8696,1,1,0.9956692157513689
1,42,LogReg,5841,1,0,0.4145481205685359
1,42,LogReg,3416,1,0,0.2756578851427518
1,42,LogReg,7159,1,1,0.8743862163021193
1,42,LogReg,5568,0,0,0.173140109055082
1,42,LogReg,2224,1,0,0.389526262654797
1,42,LogReg,3814,0,1,0.5938915222535773
1,42,LogReg,6543,1,1,0.6091098899511412
1,42,LogReg,4683,1,1,0.567910565367736
1,42,LogReg,9528,1,1,0.889589245849927
1,42,LogReg,8545,1,0,0.4928034990619058
1,42,LogReg,883,1,1,0.6079260092793731
1,42,LogReg,5561,0,1,0.9170950931141353
1,42,LogReg,5435,0,1,0.5551341519253048
1,42,LogReg,5819,0,0,0.04254167794669153
1,42,LogReg,9085,1,1,0.9971511227420506
1,42,LogReg,1346,1,1,0.9692150637216799
1,42,LogReg,389,1,0,0.34089079166260955
1,42,LogReg,3290,1,0,0.36149324211237227
1,42,LogReg,5435,0,1,0.5551341519253048
1,42,LogReg,9066,1,1,0.9709611247091189
1,42,LogReg,5495,1,0,0.2485990837922235
1,42,LogReg,1562,1,1,0.5667544817013167
1,42,LogReg,727,1,1,0.917832428768577
1,42,LogReg,1858,1,0,0.1375128450206895
1,42,LogReg,4579,1,1,0.8164305202537785
1,42,LogReg,2118,1,1,0.7375211334990509
1,42,LogReg,4516,1,1,0.7114934499116508
1,42,LogReg,8598,1,0,0.438753081384542
1,42,LogReg,7316,0,0,0.18083832440215689
1,42,LogReg,4593,1,1,0.9671166060222369
1,42,LogReg,2496,1,1,0.5098737399533735
1,42,LogReg,2027,1,1,0.5744526557834247
1,42,LogReg,4022,1,1,0.6132150284364608
1,42,LogReg,6783,1,1,0.8135676798758202
1,42,LogReg,6805,0,0,0.33871836942779154
1,42,LogReg,733,1,1,0.8787157115672275
1,42,LogReg,1464,0,0,0.3055648164261537
1,42,LogReg,8983,1,1,0.9943844985273813
1,42,LogReg,7194,1,0,0.07588002307174409
1,42,LogReg,1137,1,1,0.8474975261550524
1,42,LogReg,5061,0,0,0.30378261082156227
1,42,LogReg,6569,1,0,0.12831388673519228
1,42,LogReg,1034,1,1,0.5540322175874618
1,42,LogReg,5838,1,1,0.583803251699663
1,42,LogReg,8856,1,1,0.9869589163127007
1,42,LogReg,9546,1,1,0.9724237797790053
1,42,LogReg,9168,1,1,0.9654572363606572
1,42,LogReg,1297,0,0,0.00391481018415904
1,42,LogReg,7227,1,0,0.467162160798574
1,42,LogReg,3796,1,0,0.23436287138815054
1,42,LogReg,6743,1,1,0.8162947100660238
1,42,LogReg,5435,0,1,0.5551341519253048
1,42,LogReg,3139,0,0,0.2209541600001338
1,42,LogReg,5640,0,0,0.20710319145722336
1,42,LogReg,9388,1,1,0.9789025053856585
1,42,LogReg,7524,1,1,0.9369272809181811
1,42,LogReg,9293,1,1,0.9091609826022152
1,42,LogReg,2389,1,1,0.7522427519971546
1,42,LogReg,2919,1,1,0.8173516795783928
1,42,LogReg,1453,1,1,0.981613117064354
1,42,LogReg,7120,0,0,0.20809436474471985
1,42,LogReg,7271,1,1,0.9063827868388868
1,42,LogReg,5639,0,0,0.3848142745861588
1,42,LogReg,8890,1,1,0.9697743882483225
1,42,LogReg,4241,0,0,0.2240655347977738
1,42,LogReg,5389,1,1,0.5718608359501668
1,42,LogReg,6203,1,1,0.767090858543724
1,42,LogReg,4827,1,1,0.7289158279175765
1,42,LogReg,6454,1,1,0.5899325518901484
1,42,LogReg,8170,1,1,0.7402275619385508
1,42,LogReg,4324,0,0,0.2182586521843145
1,42,LogReg,5682,0,0,0.15244902757484305
1,42,LogReg,2312,1,1,0.836792880337784
1,42,LogReg,1642,1,1,0.6110510116797095
1,42,LogReg,4655,1,1,0.8773111073485301
1,42,LogReg,159,1,0,0.37585451150495386
1,42,LogReg,7297,0,0,0.11129102780337871
1,42,LogReg,508,1,0,0.18626044145699808
1,42,LogReg,4774,0,0,0.03873642310062215
1,42,LogReg,249,1,1,0.6704489722443195
1,42,LogReg,4630,1,1,0.832862659433159
1,42,LogReg,4367,0,0,0.3378247733991404
1,42,LogReg,1168,1,1,0.931819303790811
1,42,LogReg,2385,1,1,0.7193343826870844
1,42,LogReg,1688,1,1,0.825748030197879
1,42,LogReg,7056,1,1,0.6961766612769652
1,42,LogReg,9491,1,1,0.9753616179742757
1,42,LogReg,9378,1,1,0.8474975261550529
1,42,LogReg,5516,1,1,0.5549103937781968
1,42,LogReg,1397,1,1,0.8782467607847713
1,42,LogReg,8336,0,0,0.02984844924671182
1,42,LogReg,3166,1,1,0.6980185130612792
1,42,LogReg,3957,0,1,0.552627967648479
1,42,LogReg,6596,1,1,0.7864569376335447
1,42,LogReg,8388,0,0,0.08739203583424639
1,42,LogReg,4691,0,0,0.0976482765918094
1,42,LogReg,5625,1,1,0.5982698440203165
1,42,LogReg,3814,0,1,0.5938915222535773
1,42,LogReg,694,1,1,0.7384588098538619
1,42,LogReg,8054,1,1,0.9218988497845713
1,42,LogReg,5710,0,0,0.26095256330938604
1,42,LogReg,820,1,1,0.7446501214163036
1,42,LogReg,2100,1,1,0.9301800731206569
1,42,LogReg,8637,1,1,0.9823255807622513
1,42,LogReg,2296,1,0,0.4646487316302361
1,42,LogReg,5495,1,0,0.2485990837922235
1,42,LogReg,7159,1,1,0.8743862163021193
1,42,LogReg,8423,0,0,0.3759574210962667
1,42,LogReg,675,1,1,0.7075932416958067
1,42,LogReg,2520,1,1,0.8571109968008275
1,42,LogReg,849,1,1,0.8313881931437854
1,42,LogReg,7271,1,1,0.9063827868388868
1,42,LogReg,8319,0,0,0.07620198850700345
1,42,LogReg,9010,1,1,0.9984953413323817
1,42,LogReg,1774,1,1,0.5108671840457045
1,42,LogReg,6070,1,1,0.9345966393411881
1,42,LogReg,1365,0,0,0.07915116536470856
1,42,LogReg,3376,0,0,0.330857657023663
1,42,LogReg,4491,1,1,0.8402521675278571
1,42,LogReg,306,1,0,0.19054981762845388
1,42,LogReg,8417,0,0,0.14428503106322443
1,42,LogReg,4125,0,0,0.06078291988314181
1,42,LogReg,7554,1,1,0.7674931524230951
1,42,LogReg,3972,1,0,0.44174933833481583
1,42,LogReg,7101,1,1,0.6096598284759952
1,42,LogReg,7434,1,1,0.5756166783106081
1,42,LogReg,2897,1,1,0.6415565874690331
1,42,LogReg,1966,1,1,0.9322191039772031
1,42,LogReg,6889,0,0,0.07126481479208555
1,42,LogReg,3104,1,1,0.9497141412703428
1,42,LogReg,1420,1,1,0.9819843980194168
1,42,LogReg,2327,1,1,0.9620571382021865
1,42,LogReg,6159,1,0,0.29374583458242476
1,42,LogReg,4541,1,0,0.18293889760028595
1,42,LogReg,766,1,1,0.948644226316908
1,42,LogReg,799,1,0,0.47175595814541843
1,42,LogReg,2520,1,1,0.8571109968008275
1,42,LogReg,3361,1,0,0.4497762982241059
1,42,LogReg,8051,1,1,0.9032530876259703
1,42,LogReg,2121,1,1,0.8394098840388579
1,42,LogReg,3753,1,1,0.7387337395103047
1,42,LogReg,377,1,0,0.4271881510268238
1,42,LogReg,4082,1,1,0.7337321474630266
1,42,LogReg,3526,1,1,0.6429539579188941
1,42,LogReg,4803,1,1,0.6149079758471342
1,42,LogReg,3372,1,1,0.8150308099509659
1,42,LogReg,111,0,0,0.23055651211306366
1,42,LogReg,8951,1,1,0.963254511935363
1,42,LogReg,9380,1,1,0.8857490195467874
1,42,LogReg,336,1,1,0.8352864861188773
1,42,LogReg,4295,1,0,0.11619968807994432
1,42,LogReg,4517,1,1,0.6776232262899083
1,42,LogReg,8257,1,1,0.7971234203027857
1,42,LogReg,4988,0,0,0.023104357549547896
1,42,LogReg,668,1,1,0.5801470258250307
1,42,LogReg,6650,1,1,0.9726123095954899
1,42,LogReg,1120,1,1,0.9863647593665431
1,42,LogReg,4949,0,1,0.5399452030637077
1,42,LogReg,1388,1,1,0.5699727341291995
1,42,LogReg,1110,1,1,0.8802284791534443
1,42,LogReg,4016,1,1,0.6345399580674901
1,42,LogReg,592,1,1,0.6532989692157337
1,42,LogReg,532,1,0,0.2851204467603995
1,42,LogReg,883,1,1,0.6079260092793731
1,42,LogReg,8125,1,1,0.5843599941585046
1,42,LogReg,5383,0,0,0.11293870437236292
1,42,LogReg,5579,0,1,0.9566761255734831
1,42,LogReg,1297,0,0,0.00391481018415904
1,42,LogReg,4539,1,1,0.6685058321093041
1,42,LogReg,2189,1,1,0.8922246296896672
1,42,LogReg,4722,1,1,0.9105206646208669
1,42,LogReg,8420,0,0,0.20516242411332258
1,42,LogReg,3930,0,1,0.6369650953873476
1,42,LogReg,1500,1,1,0.6090446570242734
1,42,LogReg,6532,0,0,0.06725920180732843
1,42,LogReg,7386,1,1,0.5744526557834247
1,42,LogReg,9318,1,1,0.9972431767152627
1,42,LogReg,8566,1,1,0.9919593497809299
1,42,LogReg,1050,1,1,0.9266304089904572
1,42,LogReg,2985,1,1,0.8339705359339501
1,42,LogReg,8223,0,0,0.2817724968732866
1,42,LogReg,3601,1,1,0.5294651468362331
1,42,LogReg,533,1,1,0.6494662878054389
1,42,LogReg,8931,1,1,0.9988227525431952
1,42,LogReg,2654,1,0,0.2619701305196325
1,42,LogReg,5667,0,0,0.4304974508549828
1,42,LogReg,2567,1,0,0.12603424001571764
1,42,LogReg,4801,1,1,0.8619580611531625
1,42,LogReg,570,1,1,0.8565438815155019
1,42,LogReg,2316,1,1,0.8363175493995743
1,42,LogReg,5156,1,0,0.3999771410386498
1,42,LogReg,8737,1,1,0.9998932133132277
1,42,LogReg,1483,1,1,0.9287913515779174
1,42,LogReg,4467,1,1,0.6721665842885061
1,42,LogReg,8619,1,1,0.7802199316085826
1,42,LogReg,3093,1,1,0.8555416586804563
1,42,LogReg,1686,1,1,0.9694542169332852
1,42,LogReg,9146,1,1,0.9273426879720047
1,42,LogReg,4145,0,0,0.050514699855848604
1,42,LogReg,111,0,0,0.23055651211306366
1,42,LogReg,3034,1,1,0.732320275411089
1,42,LogReg,8054,1,1,0.9218988497845713
1,42,LogReg,7912,1,0,0.1338600271181459
1,42,LogReg,3965,1,1,0.8603197620374841
1,42,LogReg,1804,1,0,0.3963889256026642
1,42,LogReg,2058,1,0,0.03309843884030537
1,42,LogReg,4439,0,1,0.5649345694530312
1,42,LogReg,4492,0,0,0.04766004554003303
1,42,LogReg,8081,0,0,0.4505748536652681
1,42,LogReg,1352,1,1,0.8591170232208899
1,42,LogReg,2067,0,0,0.13975309448615386
1,42,LogReg,3928,1,0,0.30471877731124786
1,42,LogReg,731,1,1,0.93905205239309
1,42,LogReg,1254,1,1,0.5230414438134863
1,42,LogReg,3493,1,1,0.887103479857592
1,42,LogReg,111,0,0,0.23055651211306366
1,42,LogReg,315,1,0,0.32679821634900363
1,42,LogReg,4494,0,0,0.0676375961666199
1,42,LogReg,4813,0,0,0.01204898794002908
1,42,LogReg,4495,0,0,0.266262724852729
1,42,LogReg,5387,0,0,0.1319549460998818
1,42,LogReg,5224,0,0,0.026072056966366847
1,42,LogReg,5241,0,0,0.16333333596546556
1,42,LogReg,2537,0,0,0.09046212740138813
1,42,LogReg,8763,1,1,0.9835417950618314
1,42,LogReg,4405,1,1,0.8873792541050771
1,42,LogReg,5957,1,1,0.8660874751874325
1,42,LogReg,2228,1,0,0.3058579709956845
1,42,LogReg,2027,1,1,0.5744526557834247
1,42,LogReg,3125,1,1,0.9672658220375031
1,42,LogReg,8451,0,0,0.3304932443035679
1,42,LogReg,2190,1,1,0.5529670791080403
1,42,LogReg,5109,0,0,0.1762702023623319
1,42,LogReg,9329,1,1,0.9962352474281642
1,42,LogReg,4,0,1,0.8018935291926957
1,42,LogReg,6000,1,0,0.12568401112085817
1,42,LogReg,2475,1,0,0.47954655618818304
1,42,LogReg,6848,0,0,0.17143401178863493
1,42,LogReg,8312,0,0,0.30357191019821944
1,42,LogReg,6037,1,0,0.26689828134122234
1,42,LogReg,8958,1,1,0.9931833690221331
1,42,LogReg,8547,1,1,0.7798564542043488
1,42,LogReg,3292,1,1,0.6823395947817439
1,42,LogReg,4145,0,0,0.050514699855848604
1,42,LogReg,6783,1,1,0.8135676798758202
1,42,LogReg,5827,0,0,0.12617819429303895
1,42,LogReg,6727,0,0,0.19357779234083972
1,42,LogReg,4281,1,1,0.8136336886717446
1,42,LogReg,7115,0,0,0.23531581230785192
1,42,LogReg,1968,1,1,0.8216574555492479
1,42,LogReg,2985,1,1,0.8339705359339501
1,42,LogReg,2028,1,0,0.4778067084686683
1,42,LogReg,5039,0,0,0.34988243391986396
1,42,LogReg,3928,1,0,0.30471877731124786
1,42,LogReg,4274,1,1,0.9369611147594541
1,42,LogReg,5965,1,0,0.017146224703864284
1,42,LogReg,7697,1,0,0.22343598317822608
1,42,LogReg,5612,0,1,0.6050146269119836
1,42,LogReg,5401,0,0,0.3089669095971793
1,42,LogReg,5640,0,0,0.20710319145722336
1,42,LogReg,8013,0,0,0.3921621400103243
1,42,LogReg,1637,1,1,0.7997316434650198
1,42,LogReg,4025,1,1,0.6551878787497915
1,42,LogReg,4723,1,1,0.9866498880595523
1,42,LogReg,3965,1,1,0.8603197620374841
1,42,LogReg,4753,0,0,0.023701667117579317
1,42,LogReg,9381,1,1,0.9369611147594543
1,42,LogReg,1275,1,1,0.9740227332654855
1,42,LogReg,5203,0,0,0.45027704003637004
1,42,LogReg,3412,1,1,0.8021696820157931
1,42,LogReg,8976,1,1,0.86252943247468
1,42,LogReg,6710,1,1,0.8640473258267855
1,42,LogReg,6896,1,1,0.9831247379521512
1,42,LogReg,4145,0,0,0.050514699855848604
1,42,LogReg,5004,0,0,0.28781643969767656
1,42,LogReg,1301,0,0,0.014648154540818394
1,42,LogReg,5332,0,0,0.013293023283029547
1,42,LogReg,3037,1,1,0.9320102267362148
1,42,LogReg,7347,1,1,0.8650066571244054
1,42,LogReg,490,1,0,0.39308803156164857
1,42,LogReg,4929,1,1,0.8608648431841002
1,42,LogReg,6796,1,1,0.7019216971468827
1,42,LogReg,8437,0,0,0.12839032066874928
1,42,LogReg,9322,1,1,0.9923991026791159
1,42,LogReg,4487,0,0,0.02233630270468209
1,42,LogReg,4025,1,1,0.6551878787497915
1,42,LogReg,4984,1,1,0.7006971367568874
1,42,LogReg,8207,1,1,0.83485001974231
1,42,LogReg,7347,1,1,0.8650066571244054
1,42,LogReg,4316,1,1,0.7104235017788014
1,42,LogReg,8185,1,1,0.8811739441825417
1,42,LogReg,7176,1,0,0.06426060027139814
1,42,LogReg,9551,1,0,0.00010866527805922422
1,42,LogReg,297,1,1,0.7586295231607249
1,42,LogReg,9197,1,1,0.9900850246999581
1,42,LogReg,6088,1,1,0.8448988078556111
1,42,LogReg,8223,0,0,0.2817724968732866
1,42,LogReg,5502,0,0,0.16170591344999546
1,42,LogReg,6040,1,1,0.8467324302320691
1,42,LogReg,8706,1,1,0.5165371406062714
1,42,LogReg,3343,1,1,0.9786896679915281
1,42,LogReg,2377,1,1,0.8002544565277586
1,42,LogReg,5004,0,0,0.28781643969767656
1,42,LogReg,9539,1,1,0.998095941246314
1,42,LogReg,4648,1,1,0.8818484241216168
1,42,LogReg,821,1,1,0.7872424022948256
1,42,LogReg,5516,1,1,0.5549103937781968
1,42,LogReg,4785,1,1,0.962772730798487
1,42,LogReg,2788,0,1,0.5539148989724687
1,42,LogReg,4808,1,1,0.7542512705801742
1,42,LogReg,7615,0,0,0.36126673012977817
1,42,LogReg,3338,1,1,0.962772730798487
1,42,LogReg,6301,1,0,0.13210116768694155
1,42,LogReg,5156,1,0,0.3999771410386498
1,42,LogReg,3796,1,0,0.23436287138815054
1,42,LogReg,8442,0,0,0.026000243123431233
1,42,LogReg,4492,0,0,0.04766004554003303
1,42,LogReg,9381,1,1,0.9369611147594543
1,42,LogReg,8420,0,0,0.20516242411332258
1,42,LogReg,6573,0,0,0.06889376829883229
1,42,LogReg,5375,0,0,0.1604302384110317
1,42,LogReg,1772,1,1,0.8128983478887214
1,42,LogReg,6569,1,0,0.12831388673519228
1,42,LogReg,8931,1,1,0.9988227525431952
1,42,LogReg,1120,1,1,0.9863647593665431
1,42,LogReg,2840,1,1,0.8821520424227188
1,42,LogReg,4450,1,1,0.7862519445374998
1,42,LogReg,950,1,1,0.922615826786371
1,42,LogReg,6543,1,1,0.6091098899511412
1,42,LogReg,6588,1,0,0.05915261584746656
1,42,LogReg,2487,0,0,0.3166653804055178
1,42,LogReg,7478,1,0,0.23078118824576485
1,42,LogReg,7099,1,0,0.4440861218542666
1,42,LogReg,1671,1,1,0.9684743741274822
1,42,LogReg,6015,1,0,0.058118816462937144
1,42,LogReg,8726,1,1,0.9973735724587764
1,42,LogReg,2446,1,1,0.8815918662067528
1,42,LogReg,9131,1,1,0.9122947239169047
1,42,LogReg,3971,1,0,0.3430698256207418
1,42,LogReg,97,0,0,0.27191757411785644
1,42,LogReg,9056,1,1,0.9965830705817434
1,42,LogReg,2028,1,0,0.4778067084686683
1,42,LogReg,6181,0,0,0.4382903871118895
1,42,LogReg,6543,1,1,0.6091098899511412
1,42,LogReg,2744,1,0,0.12290114617424779
1,42,LogReg,1780,1,1,0.9600388206599342
1,42,LogReg,9386,1,1,0.984823325400113
1,42,LogReg,3131,1,1,0.9489567497417949
1,42,LogReg,8600,1,1,0.7508652262943732
1,42,LogReg,8413,0,0,0.06845743882085868
1,42,LogReg,754,1,1,0.6287527888424774
1,42,LogReg,3270,1,0,0.019749964218459704
1,42,LogReg,5894,1,1,0.9670943273276872
1,42,LogReg,6743,1,1,0.8162947100660238
1,42,LogReg,3070,0,0,0.21851166832554944
1,42,LogReg,8571,1,1,0.6833318623216008
1,42,LogReg,5108,0,0,0.16609042646731836
1,42,LogReg,7552,1,0,0.202264487822083
1,42,LogReg,2484,1,0,0.2783436234570169
1,42,LogReg,4324,0,0,0.2182586521843145
1,42,LogReg,7184,1,1,0.5210558896868029
1,42,LogReg,731,1,1,0.93905205239309
1,42,LogReg,6389,1,1,0.9613352969379955
1,42,LogReg,5108,0,0,0.16609042646731836
1,42,LogReg,4016,1,1,0.6345399580674901
1,42,LogReg,411,1,1,0.9964519054396059
1,42,LogReg,5352,0,1,0.7639299618984066
1,42,LogReg,3385,1,1,0.938705496649584
1,42,LogReg,6803,1,1,0.5245853047482382
1,42,LogReg,6719,1,1,0.7740438940815304
1,42,LogReg,849,1,1,0.8313881931437854
1,42,LogReg,9551,1,0,0.00010866527805922422
1,42,LogReg,8670,1,1,0.9508487820768328
1,42,LogReg,8443,0,0,0.18985180175727698
1,42,LogReg,4920,0,0,0.11398629417510947
1,42,LogReg,352,0,1,0.7566841582144247
1,42,LogReg,2500,1,1,0.887479673915052
1,42,LogReg,6842,1,0,0.44589365129913905
1,42,LogReg,8360,0,0,0.27306922096988895
1,42,LogReg,5155,1,1,0.6885919938135413
1,42,LogReg,8338,0,0,0.0647477771333079
1,42,LogReg,8681,1,1,0.9983304444181214
1,42,LogReg,7802,0,1,0.8385956744436673
1,42,LogReg,5806,1,1,0.7730016019969839
1,42,LogReg,639,1,1,0.9135726192211782
1,42,LogReg,6269,1,1,0.8471756384346498
1,42,LogReg,2029,0,0,0.0680788614694575
1,42,LogReg,2162,1,1,0.6189545718663247
1,42,LogReg,9323,1,1,0.9952805168593072
1,42,LogReg,1402,1,1,0.6961766612769651
1,42,LogReg,5498,0,0,0.174927664388541
1,42,LogReg,8712,1,1,0.9642454496766437
1,42,LogReg,2377,1,1,0.8002544565277586
1,42,LogReg,3515,1,0,0.06591655406382149
1,42,LogReg,641,1,1,0.7519054496935156
1,42,LogReg,9383,1,1,0.9621891290669509
1,42,LogReg,4545,0,0,0.03846631310378692
1,42,LogReg,1088,1,1,0.728541121105498
1,42,LogReg,9570,1,1,0.9195977306819301
1,42,LogReg,3135,1,1,0.8225453344629913
1,42,LogReg,1194,1,1,0.8563028594316968
1,42,LogReg,7883,1,0,0.3309438603377831
1,42,LogReg,3070,0,0,0.21851166832554944
1,42,LogReg,1226,1,1,0.8280476076043642
1,42,LogReg,8815,1,1,0.6927512571746116
1,42,LogReg,5328,0,0,0.03846631310378698
1,42,LogReg,2295,0,0,0.302632006433074
1,42,LogReg,7918,0,0,0.40331100820008264
1,42,LogReg,7510,1,0,0.4173098527911716
1,42,LogReg,4256,0,0,0.10183064273014543
1,42,LogReg,2836,1,1,0.9995378318480332
1,42,LogReg,1308,1,1,0.5475712553264073
1,42,LogReg,2273,1,1,0.7114934499116508
1,42,LogReg,5108,0,0,0.16609042646731836
1,42,LogReg,8468,0,0,0.15727473455132934
1,42,LogReg,7647,0,1,0.6188303620737083
1,42,LogReg,1919,1,1,0.9661555466237394
1,42,LogReg,3364,1,0,0.3654808717099076
1,42,LogReg,1716,1,1,0.8281647733953794
1,42,LogReg,226,0,0,0.459422741502578
1,42,LogReg,2374,1,1,0.8949929984461003
1,42,LogReg,1036,0,0,0.2288606579922875
1,42,LogReg,4770,0,0,0.1971169349590419
1,42,LogReg,5894,1,1,0.9670943273276872
1,42,LogReg,8108,1,1,0.9614804447792447
1,42,LogReg,2055,0,0,0.23228973145321763
1,42,LogReg,9094,1,1,0.9611981717899203
1,42,LogReg,8468,0,0,0.15727473455132934
1,42,LogReg,5730,0,0,0.3149447750744794
1,42,LogReg,5838,1,1,0.583803251699663
1,42,LogReg,1373,1,1,0.9823014666142291
1,42,LogReg,6796,1,1,0.7019216971468827
1,42,LogReg,3152,1,1,0.5459300108943635
1,42,LogReg,8976,1,1,0.86252943247468
1,42,LogReg,9529,1,1,0.9981273647641267
1,42,LogReg,3569,1,0,0.12779504341541906
1,42,LogReg,6850,1,0,0.37962276241364634
1,42,LogReg,424,1,1,0.6170923704478981
1,42,LogReg,7159,1,1,0.8743862163021193
1,42,LogReg,2731,1,1,0.998869523651626
1,42,LogReg,2687,1,1,0.9288083220971848
1,42,LogReg,641,1,1,0.7519054496935156
1,42,LogReg,8664,1,1,0.9332565778982551
1,42,LogReg,8993,1,1,0.9275625610052123
1,42,LogReg,6368,1,0,0.4206765163400569
1,42,LogReg,3688,1,0,0.44925258935111456
1,42,LogReg,7790,1,1,0.8590040173290983
1,42,LogReg,6225,1,0,0.24597055793824166
1,42,LogReg,8673,1,1,0.9872060895342386
1,42,LogReg,6529,1,0,0.0606595273237299
1,42,LogReg,4545,0,0,0.03846631310378692
1,42,LogReg,2355,1,1,0.5770864940168526
1,42,LogReg,1271,1,1,0.9823255807622513
1,42,LogReg,2271,0,0,0.4381590824353752
1,42,LogReg,1098,0,0,0.16332823287931073
1,42,LogReg,7699,1,1,0.8875682569575155
1,42,LogReg,8471,0,0,0.24801332812774268
1,42,LogReg,2897,1,1,0.6415565874690331
1,42,LogReg,3787,1,1,0.6069345249151321
1,42,LogReg,1878,1,1,0.5848936080266011
1,42,LogReg,5374,1,0,0.13777130850531644
1,42,LogReg,1656,1,1,0.8867048064644703
1,42,LogReg,2919,1,1,0.8173516795783928
1,42,LogReg,8934,1,1,0.9954049493303763
1,42,LogReg,4236,1,0,0.4975063745512526
1,42,LogReg,672,1,1,0.6432389365915298
1,42,LogReg,5957,1,1,0.8660874751874325
1,42,LogReg,9386,1,1,0.984823325400113
1,42,LogReg,9323,1,1,0.9952805168593072
1,42,LogReg,8370,0,0,0.14686509717004653
1,42,LogReg,7533,1,1,0.6983274735241257
1,42,LogReg,3037,1,1,0.9320102267362148
1,42,LogReg,8200,0,0,0.48018733616981923
1,42,LogReg,3383,1,1,0.9291121460931063
1,42,LogReg,7472,1,0,0.20258926038307634
1,42,LogReg,846,1,1,0.9755661305231837
1,42,LogReg,9146,1,1,0.9273426879720047
1,42,LogReg,3672,1,1,0.9189901377052506
1,42,LogReg,5008,0,1,0.6585627232028303
1,42,LogReg,9300,1,1,0.9978927352406839
1,42,LogReg,6669,1,0,0.15047159299609103
1,42,LogReg,6010,0,0,0.007145797359963125
1,42,LogReg,3131,1,1,0.9489567497417949
1,42,LogReg,5548,1,1,0.8582205716172586
1,42,LogReg,1131,0,0,0.09967715608909952
1,42,LogReg,8818,1,1,0.9616772197074993
1,42,LogReg,7095,1,1,0.7390316459543214
1,42,LogReg,6728,0,0,0.24288447350029344
1,42,LogReg,9529,1,1,0.9981273647641267
1,42,LogReg,4235,0,0,0.2726071714856525
1,42,LogReg,4238,0,0,0.1180886322869416
1,42,LogReg,2506,1,1,0.583803251699663
1,42,LogReg,2362,1,1,0.7426008895861106
1,42,LogReg,8251,1,1,0.7408709720293759
1,42,LogReg,4840,1,0,0.18693203866060504
1,42,LogReg,1349,1,1,0.8228120511498788
1,42,LogReg,3292,1,1,0.6823395947817439
1,42,LogReg,8891,1,1,0.9541008957921604
1,42,LogReg,1364,1,1,0.9922741633486629
1,42,LogReg,9380,1,1,0.8857490195467874
1,42,LogReg,4775,0,1,0.6624315555412394
1,42,LogReg,6777,0,0,0.16334769568480179
1,42,LogReg,1621,1,1,0.7020287589195242
1,42,LogReg,7750,0,0,0.3055648164261537
1,42,LogReg,7371,0,0,0.01212166523368686
1,42,LogReg,3182,1,1,0.6297786330642118
1,42,LogReg,4078,1,1,0.5266560210459659
1,42,LogReg,505,1,1,0.9375298315466357
1,42,LogReg,7492,1,0,0.2433749786434043
1,42,LogReg,2028,1,0,0.4778067084686683
1,42,LogReg,1297,0,0,0.00391481018415904
1,42,LogReg,9561,1,1,0.9979413140558863
1,42,LogReg,133,1,0,0.396297907572723
1,42,LogReg,728,1,0,0.45282602299871566
1,42,LogReg,3238,1,0,0.0010489288667456399
1,42,LogReg,1104,1,1,0.829481620616889
1,42,LogReg,1915,0,0,0.019749964218459704
1,42,LogReg,480,1,1,0.8624204913941208
1,42,LogReg,8283,0,1,0.7887181816000407
1,42,LogReg,506,1,1,0.6545244347967913
1,42,LogReg,4644,0,0,0.04882636853290859
1,42,LogReg,6889,0,0,0.07126481479208555
1,42,LogReg,557,1,1,0.7431868231515026
1,42,LogReg,4715,1,1,0.9694542169332852
1,42,LogReg,3902,0,0,0.42715220591383424
1,42,LogReg,8216,0,0,0.28939561375069867
1,42,LogReg,2693,1,1,0.8758518542555241
1,42,LogReg,1464,0,0,0.3055648164261537
1,42,LogReg,6713,1,1,0.9648416613854123
1,42,LogReg,3093,1,1,0.8555416586804563
1,42,LogReg,3865,1,0,0.23784232764911933
1,42,LogReg,3576,0,0,0.1561386306258998
1,42,LogReg,6727,0,0,0.19357779234083972
1,42,LogReg,6000,1,0,0.12568401112085817
1,42,LogReg,4238,0,0,0.1180886322869416
1,42,LogReg,5101,0,1,0.7639299618984066
1,42,LogReg,2317,1,1,0.6195386849542098
1,42,LogReg,2824,1,1,0.8136304710156703
1,42,LogReg,430,1,1,0.8330397864852651
1,42,LogReg,149,1,0,0.09660776566880114
1,42,LogReg,5389,1,1,0.5718608359501668
1,42,LogReg,3033,1,1,0.584359994158505
1,42,LogReg,1513,1,1,0.7995945678563036
1,42,LogReg,6016,1,0,0.05697216913285335
1,42,LogReg,5841,1,0,0.4145481205685359
1,42,LogReg,3995,1,1,0.5357074280185968
1,42,LogReg,4517,1,1,0.6776232262899083
1,42,LogReg,9541,1,1,0.9537965994377968
1,42,LogReg,8659,1,1,0.5459300108943635
1,42,LogReg,7637,0,0,0.28884707919754304
1,42,LogReg,7637,0,0,0.28884707919754304
1,42,LogReg,2604,1,1,0.8587774988688057
1,42,LogReg,2910,1,1,0.8849739859744574
1,42,LogReg,9449,1,1,0.9838190202701376
1,42,LogReg,3596,1,0,0.11725631683116972
1,42,LogReg,2799,1,1,0.7517661388364577
1,42,LogReg,4895,0,1,0.5671404670340853
1,42,LogReg,3296,1,0,0.39056217768930346
1,42,LogReg,7347,1,1,0.8650066571244054
1,42,LogReg,4491,1,1,0.8402521675278571
1,42,LogReg,5600,0,1,0.6366307040455604
1,42,LogReg,4534,0,0,0.45892910694615774
1,42,LogReg,2759,1,0,0.04882636853290853
1,42,LogReg,8114,1,1,0.7999406355400441
1,42,LogReg,5155,1,1,0.6885919938135413
1,42,LogReg,5332,0,0,0.013293023283029547
1,42,LogReg,5107,1,1,0.6245592141837205
1,42,LogReg,6015,1,0,0.058118816462937144
1,42,LogReg,5848,1,1,0.7447505052502077
1,42,LogReg,5659,0,0,0.26464058535664015
1,42,LogReg,3855,1,1,0.5352085067702201
1,42,LogReg,398,1,0,0.48337330430949865
1,42,LogReg,5547,0,1,0.9217464861520555
1,42,LogReg,1870,1,1,0.685116596337153
1,42,LogReg,8274,1,1,0.9637908214212267
1,42,LogReg,9422,1,1,0.9998731173424017
1,42,LogReg,4960,0,0,0.18477306619757214
1,42,LogReg,1821,1,1,0.9643318884106311
1,42,LogReg,39,0,0,0.1817040406333448
1,42,LogReg,2438,1,1,0.9392484348799871
1,42,LogReg,3493,1,1,0.887103479857592
1,42,LogReg,6575,0,0,0.2949023463526977
1,42,LogReg,6015,1,0,0.058118816462937144
1,42,LogReg,4626,1,1,0.6434107285521203
1,42,LogReg,1947,0,1,0.5300009240823228
1,42,LogReg,8721,1,1,0.6737869952428548
1,42,LogReg,4322,0,0,0.31615502102897014
1,42,LogReg,4645,0,0,0.05646861773028984
1,42,LogReg,3026,1,1,0.7822888377194637
1,42,LogReg,8659,1,1,0.5459300108943635
1,42,LogReg,9311,1,1,0.9911867387674997
1,42,LogReg,4119,1,1,0.873604156357326
1,42,LogReg,2693,1,1,0.8758518542555241
1,42,LogReg,3409,1,0,0.14182525071815608
1,42,LogReg,820,1,1,0.7446501214163036
1,42,LogReg,3063,1,0,0.2933828235900823
1,42,LogReg,7371,0,0,0.01212166523368686
1,42,LogReg,8565,1,1,0.8151305133073863
1,42,LogReg,3930,0,1,0.6369650953873476
1,42,LogReg,6402,1,1,0.7105421290686964
1,42,LogReg,3858,1,0,0.3944620490391145
1,42,LogReg,7679,1,1,0.9936342742755626
1,42,LogReg,1582,1,1,0.6210141130112725
1,42,LogReg,2668,1,1,0.6503410470469768
1,42,LogReg,3061,1,0,0.34357225707077826
1,42,LogReg,3928,1,0,0.30471877731124786
1,42,LogReg,2276,1,1,0.6788440923937161
1,42,LogReg,9136,1,1,0.977872777267385
1,42,LogReg,5011,0,0,0.23035108148830238
1,42,LogReg,1464,0,0,0.3055648164261537
1,42,LogReg,4565,1,1,0.5484751162711453
1,42,LogReg,3838,1,0,0.47256704739363
1,42,LogReg,2999,1,1,0.8345645463104693
1,42,LogReg,5573,0,0,0.26404172311385
1,42,LogReg,4593,1,1,0.9671166060222369
1,42,LogReg,8951,1,1,0.963254511935363
1,42,LogReg,4501,0,0,0.11036953416927212
1,42,LogReg,2368,1,1,0.838303152583898
1,42,LogReg,8602,1,1,0.9594971302351601
1,42,LogReg,8930,1,1,0.8009885048723463
1,42,LogReg,2190,1,1,0.5529670791080403
1,42,LogReg,4940,0,0,0.26394129218235585
1,42,LogReg,5573,0,0,0.26404172311385
1,42,LogReg,5780,0,0,0.1673106117744293
1,42,LogReg,3943,1,1,0.7414116168704453
1,42,LogReg,9541,1,1,0.9537965994377968
1,42,LogReg,2517,1,1,0.8812573544512908
1,42,LogReg,371,1,0,0.4375243030997845
1,42,LogReg,1169,1,1,0.5347017451979386
1,42,LogReg,3801,0,0,0.17050895750040373
1,42,LogReg,8451,0,0,0.3304932443035679
1,42,LogReg,4683,1,1,0.567910565367736
1,42,LogReg,7197,0,0,0.051932901141513485
1,42,LogReg,6682,1,0,0.4926346446271426
1,42,LogReg,6864,1,1,0.999148201130299
1,42,LogReg,6588,1,0,0.05915261584746656
1,42,LogReg,3672,1,1,0.9189901377052506
1,42,LogReg,4810,1,1,0.9161325804552876
1,42,LogReg,3560,1,0,0.0956092460959703
1,42,LogReg,5516,1,1,0.5549103937781968
1,42,LogReg,7076,1,1,0.7462993357813553
1,42,LogReg,8566,1,1,0.9919593497809299
1,42,LogReg,8358,0,0,0.07493900016546073
1,42,LogReg,1053,1,1,0.7542772724886261
1,42,LogReg,2609,1,1,0.916415287850654
1,42,LogReg,3207,1,0,0.02856789161390951
1,42,LogReg,7344,1,1,0.7466429057136885
1,42,LogReg,4803,1,1,0.6149079758471342
1,42,LogReg,4240,1,1,0.8744863079669326
1,42,LogReg,6190,1,1,0.7149231824148148
1,42,LogReg,8252,1,0,0.4822488588675996
1,42,LogReg,5517,0,0,0.019702931579508618
1,42,LogReg,1854,0,0,0.02856789161390951
1,42,LogReg,2414,1,1,0.9892111285390184
1,42,LogReg,1365,0,0,0.07915116536470856
1,42,LogReg,8351,0,0,0.1628300244127881
1,42,LogReg,5730,0,0,0.3149447750744794
1,42,LogReg,533,1,1,0.6494662878054389
1,42,LogReg,2741,1,0,0.08935068422948769
1,42,LogReg,3409,1,0,0.14182525071815608
1,42,LogReg,7335,1,1,0.737983543357954
1,42,LogReg,7465,1,1,0.5651990587180029
1,42,LogReg,3038,1,1,0.767090858543724
1,42,LogReg,7750,0,0,0.3055648164261537
1,42,LogReg,673,1,1,0.931817299965403
1,42,LogReg,2754,1,0,0.3405236640214369
1,42,LogReg,426,1,0,0.4365704498932551
1,42,LogReg,4087,1,0,0.269930723602987
1,42,LogReg,5290,0,0,0.21240777666929048
1,42,LogReg,5036,1,1,0.5402572763437102
1,42,LogReg,4659,0,0,0.45060742172522966
1,42,LogReg,610,1,1,0.7982458264064523
1,42,LogReg,7115,0,0,0.23531581230785192
1,42,LogReg,5728,0,1,0.6514409900606569
1,42,LogReg,6192,0,0,0.29898115195698133
1,42,LogReg,4338,0,0,0.023711685878304353
1,42,LogReg,3493,1,1,0.887103479857592
1,42,LogReg,3942,1,0,0.28724761040277635
1,42,LogReg,41,0,0,0.4738015616107537
1,42,LogReg,7344,1,1,0.7466429057136885
1,42,LogReg,9320,1,1,0.9921536099235136
1,42,LogReg,3746,0,1,0.599946794880599
1,42,LogReg,5091,0,0,0.42146707074098894
1,42,LogReg,4722,1,1,0.9105206646208669
1,42,LogReg,7510,1,0,0.4173098527911716
1,42,LogReg,5611,0,0,0.054601951720104853
1,42,LogReg,7509,1,0,0.40468569895973144
1,42,LogReg,8423,0,0,0.3759574210962667
1,42,LogReg,1582,1,1,0.6210141130112725
1,42,LogReg,5806,1,1,0.7730016019969839
1,42,LogReg,7099,1,0,0.4440861218542666
1,42,LogReg,8136,1,1,0.8131809599911076
1,42,LogReg,4500,0,0,0.146644263632805
1,42,LogReg,8991,1,1,0.9970739166860761
1,42,LogReg,6280,1,0,0.08798581063527743
1,42,LogReg,9465,1,1,0.6912897101215913
1,42,LogReg,4405,1,1,0.8873792541050771
1,42,LogReg,9417,1,1,0.9102802619834547
1,42,LogReg,8687,1,1,0.7463412731234162
1,42,LogReg,3211,1,0,0.053819272516824716
1,42,LogReg,8458,0,0,0.02450117681530813
1,42,LogReg,7490,1,0,0.2733146005855796
1,42,LogReg,8056,1,1,0.8326575123949688
1,42,LogReg,5045,0,0,0.010313737097754334
1,42,LogReg,7227,1,0,0.467162160798574
1,42,LogReg,3090,1,1,0.8914238626141854
1,42,LogReg,3152,1,1,0.5459300108943635
1,42,LogReg,8313,0,0,0.3008865048733349
1,42,LogReg,1181,1,1,0.8660874751874325
1,42,LogReg,2374,1,1,0.8949929984461003
1,42,LogReg,377,1,0,0.4271881510268238
1,42,LogReg,5874,1,1,0.8375828613960278
1,42,LogReg,9090,1,1,0.9161422278116883
1,42,LogReg,6632,1,1,0.7882046735226415
1,42,LogReg,5815,0,0,0.12470527706466442
1,42,LogReg,5583,0,0,0.07710975375518136
1,42,LogReg,6728,0,0,0.24288447350029344
1,42,LogReg,3033,1,1,0.584359994158505
1,42,LogReg,5966,1,0,0.09371539489385225
1,42,LogReg,2058,1,0,0.03309843884030537
1,42,LogReg,6805,0,0,0.33871836942779154
1,42,LogReg,2500,1,1,0.887479673915052
1,42,LogReg,9465,1,1,0.6912897101215913
1,42,LogReg,5611,0,0,0.054601951720104853
1,42,LogReg,8925,1,1,0.9967574285083383
1,42,LogReg,3129,1,1,0.8583909259539279
1,42,LogReg,673,1,1,0.931817299965403
1,42,LogReg,6611,1,0,0.4394990637497343
1,42,LogReg,9293,1,1,0.9091609826022152
1,42,LogReg,2959,1,1,0.7995945678563036
1,42,LogReg,6704,1,1,0.9444535450640742
1,42,LogReg,3858,1,0,0.3944620490391145
1,42,LogReg,129,0,1,0.604563339937641
1,42,LogReg,2449,1,1,0.7882281920041777
1,42,LogReg,3852,0,0,0.3686168083360166
1,42,LogReg,7148,1,1,0.9559641462522394
1,42,LogReg,4644,0,0,0.04882636853290859
1,42,LogReg,2711,1,0,0.49273064301791714
1,42,LogReg,2346,1,1,0.9060926999452138
1,42,LogReg,4645,0,0,0.05646861773028984
1,42,LogReg,8188,1,0,0.25716579795227607
1,42,LogReg,9380,1,1,0.8857490195467874
1,42,LogReg,5682,0,0,0.15244902757484305
1,42,LogReg,2277,1,1,0.7352257866346468
1,42,LogReg,8360,0,0,0.27306922096988895
1,42,LogReg,8624,1,1,0.9525265657819191
1,42,LogReg,1190,1,1,0.9300159205922389
1,42,LogReg,5882,1,0,0.2101166037036547
1,42,LogReg,2474,1,1,0.7427041010682606
1,42,LogReg,7571,0,1,0.6732601201788803
1,42,LogReg,447,1,1,0.6986720143683076
1,42,LogReg,3046,1,1,0.8271689613397202
1,42,LogReg,4539,1,1,0.6685058321093041
1,42,LogReg,2711,1,0,0.49273064301791714
1,42,LogReg,9198,1,1,0.9454602622053501
1,42,LogReg,2979,1,1,0.8971097777021078
1,42,LogReg,7595,1,1,0.5687636938181759
1,42,LogReg,3721,0,1,0.7364601222563331
1,42,LogReg,4932,1,0,0.4558548126328604
1,42,LogReg,6196,1,1,0.7046541794733951
1,42,LogReg,2788,0,1,0.5539148989724687
1,42,LogReg,4269,0,0,0.13878157927712517
1,42,LogReg,1893,0,0,0.12694778443766014
1,42,LogReg,8051,1,1,0.9032530876259703
1,42,LogReg,293,1,1,0.6838886049673837
1,42,LogReg,6645,1,1,0.8575371441315912
1,42,LogReg,8832,1,1,0.8363287337539302
1,42,LogReg,4494,0,0,0.0676375961666199
1,42,LogReg,9401,1,1,0.917836402820494
1,42,LogReg,4281,1,1,0.8136336886717446
1,42,LogReg,1933,1,0,0.49674910684837553
1,42,LogReg,5138,1,1,0.9187971225260776
1,42,LogReg,4492,0,0,0.04766004554003303
1,42,LogReg,2349,1,1,0.7278876219228235
1,42,LogReg,5743,0,1,0.5887536305928279
1,42,LogReg,5905,1,1,0.963867374964408
1,42,LogReg,7679,1,1,0.9936342742755626
1,42,LogReg,1465,1,0,0.47977883550554506
1,42,LogReg,7524,1,1,0.9369272809181811
1,42,LogReg,1060,1,0,0.267483108191857
1,42,LogReg,8589,1,1,0.8748603519999687
1,42,LogReg,3296,1,0,0.39056217768930346
1,42,LogReg,2573,1,1,0.5993354623987989
1,42,LogReg,6786,1,1,0.9964728421701057
1,42,LogReg,6923,1,1,0.8467324302320691
1,42,LogReg,328,1,1,0.8452888333163567
1,42,LogReg,7524,1,1,0.9369272809181811
1,42,LogReg,6408,1,1,0.8495052427918
1,42,LogReg,9544,1,1,0.8791181989072138
1,42,LogReg,5375,0,0,0.1604302384110317
1,42,LogReg,4645,0,0,0.05646861773028984
1,42,LogReg,7802,0,1,0.8385956744436673
1,42,LogReg,4593,1,1,0.9671166060222369
1,42,LogReg,6534,1,1,0.7892075534982832
1,42,LogReg,1878,1,1,0.5848936080266011
1,42,LogReg,6301,1,0,0.13210116768694155
1,42,LogReg,3887,1,0,0.3889949642222935
1,42,LogReg,7101,1,1,0.6096598284759952
1,42,LogReg,5706,0,0,0.2550896872311396
1,42,LogReg,5391,0,0,0.19058240371220928
1,42,LogReg,3543,1,1,0.6091098899511416
1,42,KNN,6912,1,1,1.0
1,42,KNN,694,1,1,0.9399089280437587
1,42,KNN,8954,1,1,1.0
1,42,KNN,3928,1,1,0.5432168230555736
1,42,KNN,7410,1,1,0.9999988987637717
1,42,KNN,4487,0,0,0.4
1,42,KNN,4782,1,1,1.0
1,42,KNN,3774,0,1,0.7086468202482595
1,42,KNN,7322,0,0,0.0
1,42,KNN,5105,0,0,0.24187096127217766
1,42,KNN,1540,1,1,0.9999999647713909
1,42,KNN,7818,0,1,0.8016269043165435
1,42,KNN,8568,1,1,0.9601789343837818
1,42,KNN,3416,1,0,0.3437296182624414
1,42,KNN,645,1,1,0.9218294796242008
1,42,KNN,7185,1,0,0.0
1,42,KNN,5045,0,0,0.0832914693671121
1,42,KNN,5501,0,0,8.163515808602781e-07
1,42,KNN,5451,0,1,0.7393134575852713
1,42,KNN,4331,0,0,0.4323893178653582
1,42,KNN,2426,1,1,0.9130071993077182
1,42,KNN,1746,1,1,1.0
1,42,KNN,5461,0,0,0.22382149284408212
1,42,KNN,5819,0,0,0.19344603986425843
1,42,KNN,5368,0,1,0.872922191074131
1,42,KNN,4495,0,0,0.23250806300646398
1,42,KNN,5401,0,0,0.459884585344378
1,42,KNN,8712,1,1,1.0
1,42,KNN,7185,1,0,0.0
1,42,KNN,1540,1,1,0.9999999647713909
1,42,KNN,7819,0,1,0.697799160600988
1,42,KNN,6682,1,0,1.575825474739481e-06
1,42,KNN,8419,0,0,0.20620753388430618
1,42,KNN,1852,0,0,0.25
1,42,KNN,2474,1,1,0.9315839822013049
1,42,KNN,9534,1,1,0.8971156674197606
1,42,KNN,1206,1,1,1.0
1,42,KNN,2967,1,1,1.0
1,42,KNN,972,1,1,0.9421798826934003
1,42,KNN,9573,1,1,0.9232726446163346
1,42,KNN,8907,1,1,0.9321492236260559
1,42,KNN,3376,0,0,0.0
1,42,KNN,4670,1,1,1.0
1,42,KNN,7980,0,0,4.0788449224844245e-07
1,42,KNN,2188,1,1,0.7730153553009788
1,42,KNN,6824,1,0,0.06554773790861859
1,42,KNN,9146,1,1,0.9466278045452773
1,42,KNN,3733,0,1,0.8079438598623199
1,42,KNN,8804,1,1,0.8875929850201143
1,42,KNN,3981,0,1,0.8140213644647032
1,42,KNN,4704,1,1,1.0
1,42,KNN,9401,1,1,1.0
1,42,KNN,489,1,1,0.7158731357023279
1,42,KNN,611,1,1,0.8607435763913766
1,42,KNN,4532,1,1,1.0
1,42,KNN,6280,1,0,0.3333332087939842
1,42,KNN,4626,1,1,0.8982158067029657
1,42,KNN,4995,0,1,1.0
1,42,KNN,570,1,1,1.0
1,42,KNN,1388,1,0,0.49936386638306857
1,42,KNN,7703,0,0,0.12348234989793848
1,42,KNN,7554,1,1,0.9999999332337073
1,42,KNN,5503,0,0,0.32448505754813795
1,42,KNN,6131,1,1,1.0
1,42,KNN,8089,1,1,0.9495770770590862
1,42,KNN,3434,0,0,0.3134278955624589
1,42,KNN,3688,1,1,0.7446462632635079
1,42,KNN,8429,0,0,0.4999999900566975
1,42,KNN,6267,1,1,0.999999809580194
1,42,KNN,8468,0,0,0.470462106272132
1,42,KNN,814,1,1,1.0
1,42,KNN,5963,1,1,1.0
1,42,KNN,1029,0,0,0.0791715884836553
1,42,KNN,7670,1,0,0.5
1,42,KNN,2924,1,1,1.0
1,42,KNN,2337,1,1,1.0
1,42,KNN,3365,1,1,1.0
1,42,KNN,4208,0,0,0.33333326470041563
1,42,KNN,4119,1,1,1.0
1,42,KNN,3336,1,1,1.0
1,42,KNN,5130,0,1,0.7917599994265251
1,42,KNN,7453,1,1,1.0
1,42,KNN,1584,1,1,1.0
1,42,KNN,5118,0,0,0.4513562451012335
1,42,KNN,8803,1,1,0.8791472819473456
1,42,KNN,4995,0,1,1.0
1,42,KNN,8269,1,1,1.0
1,42,KNN,1969,1,1,1.0
1,42,KNN,2478,0,0,0.47078633443902906
1,42,KNN,5505,0,0,0.21378607339768796
1,42,KNN,7890,0,1,0.620690423054155
1,42,KNN,8290,0,0,0.23128486563029882
1,42,KNN,9301,1,1,1.0
1,42,KNN,8875,1,1,1.0
1,42,KNN,9541,1,1,1.0
1,42,KNN,2999,1,1,1.0
1,42,KNN,1840,1,1,1.0
1,42,KNN,5018,0,0,4.8886285991363e-07
1,42,KNN,4495,0,0,0.23250806300646398
1,42,KNN,4269,0,0,0.5
1,42,KNN,2567,1,0,0.2000000792411854
1,42,KNN,8870,1,1,1.0
1,42,KNN,4119,1,1,1.0
1,42,KNN,3620,1,1,1.0
1,42,KNN,3090,1,1,1.0
1,42,KNN,5348,0,0,0.25546961920818717
1,42,KNN,7604,0,1,0.999999852675357
1,42,KNN,2474,1,1,0.9315839822013049
1,42,KNN,8370,0,0,0.26898898375512154
1,42,KNN,2449,1,1,0.8904953079136458
1,42,KNN,1402,1,1,1.0
1,42,KNN,5706,0,1,0.8010140578877999
1,42,KNN,1352,1,1,0.7030919404944352
1,42,KNN,2475,1,0,0.4402520620998321
1,42,KNN,8823,1,1,1.0
1,42,KNN,523,1,1,0.8019500726930113
1,42,KNN,3356,1,1,0.9652930548355253
1,42,KNN,3074,1,0,0.05411955946376445
1,42,KNN,1120,1,1,1.0
1,42,KNN,8382,0,0,1.7882301083447118e-07
1,42,KNN,1405,1,1,1.0
1,42,KNN,5570,0,1,0.9343466531645912
1,42,KNN,8763,1,1,0.935877459299857
1,42,KNN,189,0,1,0.5064112861319929
1,42,KNN,5013,0,0,0.1785313839868753
1,42,KNN,2373,1,1,1.0
1,42,KNN,2945,1,1,1.0
1,42,KNN,7705,0,0,0.446548519638039
1,42,KNN,8283,0,1,0.6984501815738738
1,42,KNN,3721,0,1,0.7317752120824663
1,42,KNN,2022,0,0,2.7206085783284155e-07
1,42,KNN,5751,0,1,0.7137858928393573
1,42,KNN,4388,0,0,0.22164376797866447
1,42,KNN,7395,1,1,1.0
1,42,KNN,2189,1,1,1.0
1,42,KNN,4960,0,1,0.5600788301397494
1,42,KNN,4231,0,1,0.9053811715510901
1,42,KNN,950,1,1,1.0
1,42,KNN,5014,0,0,0.4868020390552916
1,42,KNN,2312,1,1,0.8792915894301951
1,42,KNN,4646,1,1,0.9893655232880589
1,42,KNN,4316,1,1,1.0
1,42,KNN,1511,1,1,1.0
1,42,KNN,8571,1,1,0.6857685761775593
1,42,KNN,5332,0,0,0.10620439429756369
1,42,KNN,2205,1,1,0.9321717446304802
1,42,KNN,3814,0,1,0.8271037316126721
1,42,KNN,3000,1,1,1.0
1,42,KNN,880,1,1,1.0
1,42,KNN,8841,1,1,0.8623364342949692
1,42,KNN,5786,0,1,0.6978269100106329
1,42,KNN,428,1,1,0.8455153272416873
1,42,KNN,7524,1,1,1.0
1,42,KNN,6326,0,0,0.0
1,42,KNN,2496,1,1,0.7968999406790676
1,42,KNN,279,1,1,0.9999999208384853
1,42,KNN,2855,1,1,1.0
1,42,KNN,1134,1,1,1.0
1,42,KNN,129,0,1,0.6080060446139014
1,42,KNN,7664,0,0,0.4174674587945427
1,42,KNN,7264,1,1,0.8025159630001878
1,42,KNN,7053,1,1,1.0
1,42,KNN,1111,1,1,0.9999999655082885
1,42,KNN,7980,0,0,4.0788449224844245e-07
1,42,KNN,5965,1,0,0.0
1,42,KNN,1116,1,1,0.999999978975599
1,42,KNN,2586,1,1,0.9999997825228196
1,42,KNN,9475,1,1,0.8738289750598041
1,42,KNN,1379,1,1,1.0
1,42,KNN,8748,1,1,0.9283797508015207
1,42,KNN,4280,1,1,1.0
1,42,KNN,9091,1,1,1.0
1,42,KNN,6534,1,1,0.8789441389420201
1,42,KNN,4541,1,1,1.0
1,42,KNN,5352,0,1,1.0
1,42,KNN,5962,1,1,1.0
1,42,KNN,5885,1,1,1.0
1,42,KNN,328,1,1,1.0
1,42,KNN,4487,0,0,0.4
1,42,KNN,6997,1,1,0.7865784829442485
1,42,KNN,7793,1,1,0.8822811616035321
1,42,KNN,9323,1,1,1.0
1,42,KNN,2520,1,1,1.0
1,42,KNN,6780,0,0,0.25
1,42,KNN,4548,0,1,1.0
1,42,KNN,9137,1,1,0.9356329165549254
1,42,KNN,2030,0,0,3.5128351221691417e-07
1,42,KNN,2741,1,0,0.4734012672646652
1,42,KNN,3694,1,1,1.0
1,42,KNN,7492,1,0,0.25679990604837577
1,42,KNN,3070,0,0,0.4339365707044919
1,42,KNN,7534,1,1,1.0
1,42,KNN,5502,0,1,0.6580149443471588
1,42,KNN,9203,1,1,0.9502899711733163
1,42,KNN,7112,1,1,1.0
1,42,KNN,2250,1,1,1.0
1,42,KNN,1138,0,0,0.3333334176443673
1,42,KNN,5008,0,1,1.0
1,42,KNN,4078,1,1,1.0
1,42,KNN,6569,1,0,0.33333350346456103
1,42,KNN,4157,1,1,0.9999999606410078
1,42,KNN,6389,1,1,1.0
1,42,KNN,4275,1,1,1.0
1,42,KNN,4747,0,0,0.49999981826966794
1,42,KNN,8687,1,1,1.0
1,42,KNN,8547,1,1,1.0
1,42,KNN,611,1,1,0.8607435763913766
1,42,KNN,9417,1,1,0.9377593060011827
1,42,KNN,8840,1,1,0.9531802076167943
1,42,KNN,8051,1,1,0.9411432593134641
1,42,KNN,4834,1,1,0.8182193049786112
1,42,KNN,2143,1,1,1.0
1,42,KNN,5682,0,0,0.46794583718014415
1,42,KNN,8081,0,0,0.41640527557684315
1,42,KNN,3531,1,0,0.4
1,42,KNN,340,1,0,0.344893355443992
1,42,KNN,6488,1,1,1.0
1,42,KNN,7227,1,1,0.5687769407322173
1,42,KNN,2990,1,1,1.0
1,42,KNN,2956,1,1,1.0
1,42,KNN,883,1,1,0.9999999740331343
1,42,KNN,5343,0,1,0.7780916132344922
1,42,KNN,2337,1,1,1.0
1,42,KNN,7216,0,0,1.6692445248523698e-07
1,42,KNN,8351,0,0,3.1479435776210027e-07
1,42,KNN,1,0,0,0.27432286914007176
1,42,KNN,3038,1,1,1.0
1,42,KNN,8338,0,0,0.30772162612058807
1,42,KNN,159,1,0,0.39479900698371445
1,42,KNN,279,1,1,0.9999999208384853
1,42,KNN,990,0,1,1.0
1,42,KNN,3957,0,0,0.19110127276633965
1,42,KNN,2762,1,0,0.33544719473276313
1,42,KNN,5927,1,1,1.0
1,42,KNN,8076,1,1,1.0
1,42,KNN,291,1,1,0.8521473930910585
1,42,KNN,8459,0,0,0.42857142857142855
1,42,KNN,5498,0,1,0.5101976074381431
1,42,KNN,8023,1,1,0.8519048198903532
1,42,KNN,3911,0,0,0.3344669924261078
1,42,KNN,1720,1,1,1.0
1,42,KNN,5190,0,1,0.7996229333813087
1,42,KNN,3375,1,1,0.9522501249524608
1,42,KNN,2205,1,1,0.9321717446304802
1,42,KNN,7883,1,1,0.6234760139876376
1,42,KNN,3942,1,1,0.5364671480797175
1,42,KNN,3234,1,1,0.9999999827743352
1,42,KNN,4280,1,1,1.0
1,42,KNN,9544,1,1,1.0
1,42,KNN,4545,0,0,3.3859678707952387e-07
1,42,KNN,7465,1,1,0.5230739411828736
1,42,KNN,5697,0,1,0.5924300310426769
1,42,KNN,4956,0,0,0.0
1,42,KNN,6705,0,0,1.4753469459179061e-06
1,42,KNN,8637,1,1,1.0
1,42,KNN,5389,1,1,0.88836442866835
1,42,KNN,5841,1,1,0.9999998882349779
1,42,KNN,2654,1,1,0.5064112861319929
1,42,KNN,5013,0,0,0.1785313839868753
1,42,KNN,5501,0,0,8.163515808602781e-07
1,42,KNN,2226,0,0,0.23250806300646398
1,42,KNN,5689,0,1,0.5806348447510966
1,42,KNN,2414,1,1,1.0
1,42,KNN,6780,0,0,0.25
1,42,KNN,2657,0,0,0.0
1,42,KNN,784,1,1,1.0
1,42,KNN,7136,1,0,0.2826050034963534
1,42,KNN,7073,1,0,6.009223468920205e-07
1,42,KNN,7570,1,1,1.0
1,42,KNN,2802,1,1,1.0
1,42,KNN,5592,0,1,0.7265248700832775
1,42,KNN,7458,1,1,1.0
1,42,KNN,823,1,1,0.868419744781535
1,42,KNN,4980,0,1,0.6073798481515742
1,42,KNN,3819,1,1,0.6070107019276212
1,42,KNN,4708,0,0,0.5
1,42,KNN,2258,1,1,0.9999998690010962
1,42,KNN,7994,0,0,3.093244456532605e-06
1,42,KNN,3849,1,1,0.9312669594923213
1,42,KNN,4548,0,1,1.0
1,42,KNN,5966,1,1,0.9999986852921551
1,42,KNN,2199,1,1,0.5573300173746983
1,42,KNN,5004,0,1,0.8525427354903199
1,42,KNN,7522,1,1,0.5000000184813257
1,42,KNN,7176,1,1,0.6666663151874213
1,42,KNN,5887,1,1,1.0
1,42,KNN,2373,1,1,1.0
1,42,KNN,2512,1,1,1.0
1,42,KNN,4789,1,1,1.0
1,42,KNN,2836,1,1,1.0
1,42,KNN,4078,1,1,1.0
1,42,KNN,3718,0,1,0.8030347139790722
1,42,KNN,8875,1,1,1.0
1,42,KNN,1379,1,1,1.0
1,42,KNN,3372,1,1,1.0
1,42,KNN,2230,1,1,0.9299296514998632
1,42,KNN,3745,0,1,0.6713219435716905
1,42,KNN,4027,1,1,1.0
1,42,KNN,5368,0,1,0.872922191074131
1,42,KNN,7444,0,0,0.0
1,42,KNN,7217,0,0,0.19999994171922134
1,42,KNN,5957,1,1,1.0
1,42,KNN,6402,1,1,1.0
1,42,KNN,4865,1,1,1.0
1,42,KNN,645,1,1,0.9218294796242008
1,42,KNN,6805,0,0,0.2
1,42,KNN,4276,0,1,0.6261547937797945
1,42,KNN,8832,1,1,1.0
1,42,KNN,6727,0,0,0.13073954175365726
1,42,KNN,2346,1,1,1.0
1,42,KNN,1685,1,1,1.0
1,42,KNN,8170,1,1,0.8283153266152012
1,42,KNN,7136,1,0,0.2826050034963534
1,42,KNN,5706,0,1,0.8010140578877999
1,42,KNN,1172,0,1,0.5853451658930237
1,42,KNN,7448,0,0,1.0039250249572618e-06
1,42,KNN,7604,0,1,0.999999852675357
1,42,KNN,9109,1,1,1.0
1,42,KNN,8027,1,1,1.0
1,42,KNN,2860,1,0,0.2500007318538126
1,42,KNN,2929,1,1,1.0
1,42,KNN,8672,1,1,1.0
1,42,KNN,3569,1,1,0.6666666666666666
1,42,KNN,834,1,1,1.0
1,42,KNN,7703,0,0,0.12348234989793848
1,42,KNN,335,1,1,1.0
1,42,KNN,9162,1,1,1.0
1,42,KNN,6800,1,1,1.0
1,42,KNN,1772,1,1,0.9386691058544245
1,42,KNN,2951,1,0,0.25
1,42,KNN,2516,1,1,1.0
1,42,KNN,6740,1,1,1.0
1,42,KNN,7386,1,1,0.9999996843195522
1,42,KNN,3452,1,1,0.9999999617030196
1,42,KNN,8251,1,1,0.7496196217715158
1,42,KNN,5329,0,0,0.05674356745116844
1,42,KNN,5375,0,0,0.0
1,42,KNN,8815,1,1,0.8834469471604545
1,42,KNN,2746,1,0,6.497396428236665e-07
1,42,KNN,814,1,1,1.0
1,42,KNN,4287,1,1,0.9999999276877956
1,42,KNN,8687,1,1,1.0
1,42,KNN,4648,1,1,1.0
1,42,KNN,2622,0,0,6.913367706138937e-08
1,42,KNN,6588,1,0,0.3266083588645066
1,42,KNN,7699,1,1,1.0
1,42,KNN,8118,1,1,0.8532288422197885
1,42,KNN,3011,1,0,0.2857142857142857
1,42,KNN,1330,1,1,0.9759427601259617
1,42,KNN,5112,0,1,0.9999996964080214
1,42,KNN,9094,1,1,1.0
1,42,KNN,5328,0,0,3.3859678707952387e-07
1,42,KNN,8081,0,0,0.41640527557684315
1,42,KNN,4920,0,0,0.4823270602951098
1,42,KNN,4818,1,1,1.0
1,42,KNN,9550,1,1,1.0
1,42,KNN,3996,1,1,1.0
1,42,KNN,8547,1,1,1.0
1,42,KNN,6669,1,1,0.6355768224519115
1,42,KNN,5786,0,1,0.6978269100106329
1,42,KNN,457,1,1,0.8725883110756185
1,42,KNN,692,1,1,0.7683073620344465
1,42,KNN,2506,1,1,1.0
1,42,KNN,4915,0,0,0.0
1,42,KNN,4303,0,0,0.4
1,42,KNN,4895,0,1,0.9999998085087147
1,42,KNN,3061,1,0,5.223352689472673e-06
1,42,KNN,4636,1,1,1.0
1,42,KNN,2547,1,1,1.0
1,42,KNN,9494,1,1,1.0
1,42,KNN,6669,1,1,0.6355768224519115
1,42,KNN,5519,0,1,0.6021172225610377
1,42,KNN,1220,1,1,1.0
1,42,KNN,7022,1,0,0.0
1,42,KNN,5336,0,0,2.50090529369832e-07
1,42,KNN,4331,0,0,0.4323893178653582
1,42,KNN,2121,1,1,0.9414703508350135
1,42,KNN,8496,1,1,1.0
1,42,KNN,1194,1,1,1.0
1,42,KNN,7522,1,1,0.5000000184813257
1,42,KNN,4665,1,1,0.9117075232250248
1,42,KNN,4932,1,1,0.999999902288944
1,42,KNN,5011,0,1,1.0
1,42,KNN,9109,1,1,1.0
1,42,KNN,6475,1,1,1.0
1,42,KNN,426,1,1,0.7400139328112859
1,42,KNN,5203,0,0,0.473037032211549
1,42,KNN,5743,0,0,0.3415563650837218
1,42,KNN,5703,0,1,0.8595402998621208
1,42,KNN,8815,1,1,0.8834469471604545
1,42,KNN,3315,1,1,1.0
1,42,KNN,6569,1,0,0.33333350346456103
1,42,KNN,7595,1,1,1.0
1,42,KNN,4791,1,1,1.0
1,42,KNN,5047,1,1,1.0
1,42,KNN,9131,1,1,0.8632381924235613
1,42,KNN,5045,0,0,0.0832914693671121
1,42,KNN,1206,1,1,1.0
1,42,KNN,2765,1,0,0.09843828764374811
1,42,KNN,4659,0,0,0.31707375945230054
1,42,KNN,5205,0,1,0.7448544199708039
1,42,KNN,4524,0,0,0.025566511095460927
1,42,KNN,1923,1,1,1.0
1,42,KNN,8188,1,1,0.8759145334570092
1,42,KNN,3400,1,1,0.9999999803962162
1,42,KNN,1406,1,1,1.0
1,42,KNN,6783,1,0,6.229724835577859e-07
1,42,KNN,9529,1,1,0.9522280873159688
1,42,KNN,3786,0,1,1.0
1,42,KNN,810,1,1,0.9999999586340784
1,42,KNN,7327,1,1,1.0
1,42,KNN,5336,0,0,2.50090529369832e-07
1,42,KNN,3930,0,1,0.7801190167009033
1,42,KNN,8251,1,1,0.7496196217715158
1,42,KNN,9117,1,1,1.0
1,42,KNN,5463,0,0,0.41056591227437933
1,42,KNN,4596,0,0,6.090983136406362e-08
1,42,KNN,6889,0,0,7.872078662368514e-08
1,42,KNN,5531,0,1,0.7875158665372779
1,42,KNN,4168,0,0,0.083224687004105
1,42,KNN,453,1,1,0.6642159438466593
1,42,KNN,8459,0,0,0.42857142857142855
1,42,KNN,411,1,1,0.9370760630255527
1,42,KNN,2045,1,1,1.0
1,42,KNN,8581,1,1,1.0
1,42,KNN,9551,1,1,0.6324674188127029
1,42,KNN,3343,1,1,1.0
1,42,KNN,2576,1,1,0.8388769314171133
1,42,KNN,4097,1,1,1.0
1,42,KNN,747,1,1,1.0
1,42,KNN,1138,0,0,0.3333334176443673
1,42,KNN,359,1,1,0.8719402541847338
1,42,KNN,8474,0,0,0.20222821082712136
1,42,KNN,8687,1,1,1.0
1,42,KNN,5328,0,0,3.3859678707952387e-07
1,42,KNN,7185,1,0,0.0
1,42,KNN,3242,0,0,0.0
1,42,KNN,9388,1,1,0.9462980437923754
1,42,KNN,7571,0,1,1.0
1,42,KNN,5551,0,1,0.6688979778311005
1,42,KNN,4228,0,0,0.3333333333333333
1,42,KNN,6480,1,1,1.0
1,42,KNN,5680,0,0,0.3247517060591213
1,42,KNN,2029,0,0,0.32822812305433813
1,42,KNN,7271,1,1,1.0
1,42,KNN,7802,0,0,0.2995116024584647
1,42,KNN,8946,1,1,1.0
1,42,KNN,694,1,1,0.9399089280437587
1,42,KNN,1943,0,0,0.5
1,42,KNN,5401,0,0,0.459884585344378
1,42,KNN,5495,1,1,0.6552435189939634
1,42,KNN,5838,1,1,1.0
1,42,KNN,1866,1,1,0.5999997489545809
1,42,KNN,4681,1,1,1.0
1,42,KNN,5179,1,1,1.0
1,42,KNN,5743,0,0,0.3415563650837218
1,42,KNN,4490,0,0,0.0
1,42,KNN,9386,1,1,0.774850211417481
1,42,KNN,1933,1,1,1.0
1,42,KNN,2414,1,1,1.0
1,42,KNN,8207,1,1,1.0
1,42,KNN,2028,1,1,1.0
1,42,KNN,9288,1,1,1.0
1,42,KNN,4577,1,1,1.0
1,42,KNN,4750,0,1,0.8333333333333334
1,42,KNN,6250,1,1,1.0
1,42,KNN,3943,1,1,0.6351993331690565
1,42,KNN,5728,0,1,0.6776079172640814
1,42,KNN,4418,0,0,3.1479435776210027e-07
1,42,KNN,5011,0,1,1.0
1,42,KNN,3476,1,1,0.9999998558864927
1,42,KNN,8946,1,1,1.0
1,42,KNN,3887,1,1,0.8069369428620666
1,42,KNN,1688,1,1,0.9166543655287704
1,42,KNN,7994,0,0,3.093244456532605e-06
1,42,KNN,3182,1,1,1.0
1,42,KNN,4579,1,1,0.9829768344976787
1,42,KNN,4593,1,1,1.0
1,42,KNN,1030,1,1,1.0
1,42,KNN,4183,1,1,1.0
1,42,KNN,1500,1,1,0.9481754563980673
1,42,KNN,9529,1,1,0.9522280873159688
1,42,KNN,9094,1,1,1.0
1,42,KNN,5965,1,0,0.0
1,42,KNN,4593,1,1,1.0
1,42,KNN,1110,1,1,1.0
1,42,KNN,4138,0,0,0.33608907041375397
1,42,KNN,8274,1,1,1.0
1,42,KNN,3971,1,1,0.7232977174280228
1,42,KNN,5773,0,0,0.4877324038263446
1,42,KNN,768,1,1,1.0
1,42,KNN,4267,1,1,1.0
1,42,KNN,5356,0,0,0.5
1,42,KNN,4748,0,0,0.3333333487333786
1,42,KNN,7441,1,1,0.7404956014166866
1,42,KNN,5130,0,1,0.7917599994265251
1,42,KNN,7312,1,1,1.0
1,42,KNN,5849,1,1,1.0
1,42,KNN,4905,0,1,0.6666666666666666
1,42,KNN,9491,1,1,1.0
1,42,KNN,6269,1,1,1.0
1,42,KNN,1919,1,1,1.0
1,42,KNN,4775,0,1,0.6666666903203537
1,42,KNN,2384,1,1,1.0
1,42,KNN,6745,1,1,1.0
1,42,KNN,2385,1,1,0.9403708587484785
1,42,KNN,8312,0,0,0.047846694307410044
1,42,KNN,8223,0,1,1.0
1,42,KNN,6211,1,1,1.0
1,42,KNN,635,1,1,1.0
1,42,KNN,3556,0,1,1.0
1,42,KNN,7003,1,1,0.7159175449685226
1,42,KNN,3104,1,1,1.0
1,42,KNN,2508,1,1,1.0
1,42,KNN,6705,0,0,1.4753469459179061e-06
1,42,KNN,3338,1,1,1.0
1,42,KNN,7458,1,1,1.0
1,42,KNN,2668,1,1,0.9488850706776237
1,42,KNN,3576,0,1,0.5294678419351425
1,42,KNN,6997,1,1,0.7865784829442485
1,42,KNN,147,0,0,0.4423175193062993
1,42,KNN,11,0,1,0.5199132703567768
1,42,KNN,4670,1,1,1.0
1,42,KNN,7796,0,0,0.0
1,42,KNN,2284,1,1,0.9487167987906587
1,42,KNN,8634,1,1,0.9772460631775503
1,42,KNN,7234,0,0,0.4831993615031361
1,42,KNN,3838,1,1,0.8745053122624207
1,42,KNN,1297,0,0,2.790176670909683e-07
1,42,KNN,3038,1,1,1.0
1,42,KNN,2687,1,1,0.9999997409372756
1,42,KNN,4295,1,1,0.6582152817903263
1,42,KNN,5105,0,0,0.24187096127217766
1,42,KNN,6580,1,1,0.6695755443048271
1,42,KNN,4195,1,1,1.0
1,42,KNN,4827,1,1,1.0
1,42,KNN,5887,1,1,1.0
1,42,KNN,4748,0,0,0.3333333487333786
1,42,KNN,8036,0,0,4.098891302584789e-07
1,42,KNN,133,1,1,0.8103370919167573
1,42,KNN,5433,0,1,0.6009824146003978
1,42,KNN,7271,1,1,1.0
1,42,KNN,9570,1,1,1.0
1,42,KNN,1630,1,1,0.7012172587484733
1,42,KNN,8644,1,1,1.0
1,42,KNN,19,0,0,0.24604885016334904
1,42,KNN,4801,1,1,1.0
1,42,KNN,5531,0,1,0.7875158665372779
1,42,KNN,5373,0,0,0.25
1,42,KNN,5583,0,1,0.5218111031056153
1,42,KNN,6599,1,1,1.0
1,42,KNN,4075,0,0,0.3333333333333333
1,42,KNN,1324,1,1,0.9999999946941931
1,42,KNN,4389,0,0,0.31819260346434824
1,42,KNN,41,0,1,0.7588633218924239
1,42,KNN,846,1,1,1.0
1,42,KNN,8717,1,1,1.0
1,42,KNN,5710,0,1,0.5276483342692262
1,42,KNN,1477,1,1,0.6856366565434587
1,42,KNN,7781,0,0,0.10700986472955724
1,42,KNN,4303,0,0,0.4
1,42,KNN,389,1,1,0.6455441751010352
1,42,KNN,6743,1,1,1.0
1,42,KNN,2123,1,1,0.9537977429490992
1,42,KNN,3238,1,0,0.33333330912553594
1,42,KNN,574,1,1,1.0
1,42,KNN,8925,1,1,1.0
1,42,KNN,877,1,1,1.0
1,42,KNN,4865,1,1,1.0
1,42,KNN,4521,0,0,0.0
1,42,KNN,4072,0,0,0.05067147235481578
1,42,KNN,5640,0,1,0.6325834862900053
1,42,KNN,4615,1,1,0.9999999085077311
1,42,KNN,8340,0,0,0.1063437459082605
1,42,KNN,9519,1,1,1.0
1,42,KNN,547,1,1,1.0
1,42,KNN,7750,0,1,1.0
1,42,KNN,9159,1,1,0.9267641132814693
1,42,KNN,5535,0,0,0.28724137759705853
1,42,KNN,1060,1,1,1.0
1,42,KNN,5710,0,1,0.5276483342692262
1,42,KNN,2746,1,0,6.497396428236665e-07
1,42,KNN,1109,1,1,1.0
1,42,KNN,4535,1,1,0.9999998951149033
1,42,KNN,4978,0,0,0.33576750675717354
1,42,KNN,6617,1,1,1.0
1,42,KNN,7947,1,1,0.6941081093513319
1,42,KNN,6070,1,1,1.0
1,42,KNN,639,1,1,0.9999999837388481
1,42,KNN,9491,1,1,1.0
1,42,KNN,7570,1,1,1.0
1,42,KNN,5451,0,1,0.7393134575852713
1,42,KNN,6250,1,1,1.0
1,42,KNN,3990,1,1,0.9999998882349779
1,42,KNN,7401,1,1,1.0
1,42,KNN,2967,1,1,1.0
1,42,KNN,8378,0,0,0.3333334176443673
1,42,KNN,7535,1,1,1.0
1,42,KNN,7533,1,1,1.0
1,42,KNN,8413,0,0,0.2257896063016848
1,42,KNN,8815,1,1,0.8834469471604545
1,42,KNN,5905,1,1,1.0
1,42,KNN,7245,0,1,0.6666666903203537
1,42,KNN,5838,1,1,1.0
1,42,KNN,8687,1,1,1.0
1,42,KNN,6437,1,0,0.0
1,42,KNN,2273,1,1,0.9682504834781506
1,42,KNN,2384,1,1,1.0
1,42,KNN,1089,1,1,0.9999997613056119
1,42,KNN,190,1,1,0.8030848689109438
1,42,KNN,5374,1,1,0.5999997489545809
1,42,KNN,6301,1,0,0.2500000849019889
1,42,KNN,6251,1,1,1.0
1,42,KNN,5773,0,0,0.4877324038263446
1,42,KNN,4978,0,0,0.33576750675717354
1,42,KNN,2896,1,1,1.0
1,42,KNN,7129,0,1,0.9999978602187253
1,42,KNN,9343,1,1,0.8887988476678043
1,42,KNN,9543,1,1,1.0
1,42,KNN,8096,1,1,1.0
1,42,KNN,1184,0,0,0.49999995970588473
1,42,KNN,6605,1,1,1.0
1,42,KNN,4183,1,1,1.0
1,42,KNN,3583,1,1,0.9999999441155207
1,42,KNN,7886,0,1,0.944082894154418
1,42,KNN,8664,1,1,0.9340474091426838
1,42,KNN,3319,1,1,0.8639203672574334
1,42,KNN,2897,1,1,1.0
1,42,KNN,4535,1,1,0.9999998951149033
1,42,KNN,4465,1,1,0.9999998724719705
1,42,KNN,9539,1,1,1.0
1,42,KNN,6691,1,1,1.0
1,42,KNN,4336,1,1,1.0
1,42,KNN,5105,0,0,0.24187096127217766
1,42,KNN,7276,1,1,1.0
1,42,KNN,7455,1,1,1.0
1,42,KNN,1866,1,1,0.5999997489545809
1,42,KNN,9321,1,1,1.0
1,42,KNN,1893,0,0,0.19999994171922134
1,42,KNN,4848,1,1,0.9999999907651543
1,42,KNN,2385,1,1,0.9403708587484785
1,42,KNN,4801,1,1,1.0
1,42,KNN,7918,0,1,0.5391109383040195
1,42,KNN,5552,0,1,0.5295103547406402
1,42,KNN,6896,1,1,1.0
1,42,KNN,3500,1,0,4.252687123115263e-08
1,42,KNN,5743,0,0,0.3415563650837218
1,42,KNN,9502,1,1,1.0
1,42,KNN,9518,1,1,0.9434251111616923
1,42,KNN,3538,1,1,1.0
1,42,KNN,6599,1,1,1.0
1,42,KNN,6189,1,0,0.29289294503206115
1,42,KNN,9204,1,1,1.0
1,42,KNN,6489,1,1,0.9999998639699301
1,42,KNN,741,1,1,1.0
1,42,KNN,8747,1,1,1.0
1,42,KNN,16,0,1,0.5068252954333323
1,42,KNN,8615,1,0,0.46347220526165994
1,42,KNN,4641,0,0,0.0
1,42,KNN,7554,1,1,0.9999999332337073
1,42,KNN,4226,1,1,1.0
1,42,KNN,4012,1,1,1.0
1,42,KNN,8237,1,1,0.9477860553092576
1,42,KNN,513,1,1,1.0
1,42,KNN,8659,1,1,1.0
1,42,KNN,7608,0,1,1.0
1,42,KNN,6159,1,0,0.25
1,42,KNN,814,1,1,1.0
1,42,KNN,3592,1,0,0.46410172316883863
1,42,KNN,5108,0,0,0.5
1,42,KNN,7664,0,0,0.4174674587945427
1,42,KNN,8673,1,1,0.9480208641723143
1,42,KNN,6259,1,1,1.0
1,42,KNN,2228,1,1,0.9999997848490035
1,42,KNN,1804,1,1,0.9383643519185726
1,42,KNN,2316,1,1,1.0
1,42,KNN,9042,1,1,0.6150101415579402
1,42,KNN,2123,1,1,0.9537977429490992
1,42,KNN,39,0,0,0.13613113062346088
1,42,KNN,1301,0,0,0.3360890704137539
1,42,KNN,8073,1,1,0.9559848551673187
1,42,KNN,4597,0,0,0.3333334043623981
1,42,KNN,2742,1,0,6.705848158850016e-08
1,42,KNN,433,1,1,1.0
1,42,KNN,3447,1,1,1.0
1,42,KNN,4288,1,1,0.9999999575552835
1,42,KNN,1840,1,1,1.0
1,42,KNN,814,1,1,1.0
1,42,KNN,189,0,1,0.5064112861319929
1,42,KNN,1590,1,1,0.8586791685063075
1,42,KNN,4654,0,0,0.4690969893998325
1,42,KNN,3943,1,1,0.6351993331690565
1,42,KNN,2438,1,1,1.0
1,42,KNN,8188,1,1,0.8759145334570092
1,42,KNN,5091,0,0,0.44736146552729095
1,42,KNN,6605,1,1,1.0
1,42,KNN,4596,0,0,6.090983136406362e-08
1,42,KNN,3046,1,1,1.0
1,42,KNN,5027,0,1,0.5564203420751436
1,42,KNN,8571,1,1,0.6857685761775593
1,42,KNN,8568,1,1,0.9601789343837818
1,42,KNN,1501,1,1,0.573575755882183
1,42,KNN,6702,1,1,1.0
1,42,KNN,7819,0,1,0.697799160600988
1,42,KNN,4240,1,1,1.0
1,42,KNN,8912,1,1,0.9213162197453091
1,42,KNN,1788,1,1,1.0
1,42,KNN,1826,1,1,1.0
1,42,KNN,7045,0,0,0.0
1,42,KNN,3074,1,0,0.05411955946376445
1,42,KNN,343,1,1,0.9384459487779397
1,42,KNN,8602,1,1,0.8033448439930928
1,42,KNN,7722,1,1,0.9999997544610966
1,42,KNN,2613,1,1,1.0
1,42,KNN,621,1,1,1.0
1,42,KNN,877,1,1,1.0
1,42,KNN,7773,0,1,0.9999996272773635
1,42,KNN,8287,0,0,0.33333333390960135
1,42,KNN,7790,1,1,1.0
1,42,KNN,7622,0,1,0.9379950338734586
1,42,KNN,2188,1,1,0.7730153553009788
1,42,KNN,7913,0,0,0.1852475716381134
1,42,KNN,8474,0,0,0.20222821082712136
1,42,KNN,7357,1,1,0.6607114993571797
1,42,KNN,9168,1,1,1.0
1,42,KNN,8740,1,1,1.0
1,42,KNN,336,1,1,1.0
1,42,KNN,1540,1,1,0.9999999647713909
1,42,KNN,9300,1,1,1.0
1,42,KNN,9519,1,1,1.0
1,42,KNN,9386,1,1,0.774850211417481
1,42,KNN,5445,0,0,0.3486344246428209
1,42,KNN,8443,0,0,0.2816840836534052
1,42,KNN,2498,0,1,0.9425574026976568
1,42,KNN,9149,1,1,1.0
1,42,KNN,4590,1,1,1.0
1,42,KNN,9010,1,1,0.9392867492522087
1,42,KNN,9198,1,1,1.0
1,42,KNN,4946,0,0,0.0
1,42,KNN,7022,1,0,0.0
1,42,KNN,1290,0,0,0.0
1,42,KNN,5848,1,1,1.0
1,42,KNN,3376,0,0,0.0
1,42,KNN,9318,1,1,1.0
1,42,KNN,5461,0,0,0.22382149284408212
1,42,KNN,728,1,1,0.6075994394188364
1,42,KNN,3872,1,1,0.5467564853378162
1,42,KNN,6275,1,0,0.0
1,42,KNN,4491,1,1,1.0
1,42,KNN,7183,0,0,0.2500000849019889
1,42,KNN,5383,0,0,0.11961932574593222
1,42,KNN,713,1,1,1.0
1,42,KNN,8627,1,1,1.0
1,42,KNN,3906,1,1,0.8527239982049933
1,42,KNN,5668,0,1,0.8759926556104278
1,42,KNN,8458,0,0,0.26593667234461216
1,42,KNN,2840,1,1,1.0
1,42,KNN,6010,0,0,0.2499999917977259
1,42,KNN,5039,0,1,0.8578572549845254
1,42,KNN,2267,1,1,0.7825138575915161
1,42,KNN,4757,1,1,1.0
1,42,KNN,8018,0,0,0.20458171690597196
1,42,KNN,3753,1,1,0.6498437687168305
1,42,KNN,6250,1,1,1.0
1,42,KNN,3033,1,0,0.5
1,42,KNN,782,1,1,0.7885375500654268
1,42,KNN,8748,1,1,0.9283797508015207
1,42,KNN,3375,1,1,0.9522501249524608
1,42,KNN,9494,1,1,1.0
1,42,KNN,7656,1,1,0.9062001279029551
1,42,KNN,2781,1,1,1.0
1,42,KNN,2930,1,1,1.0
1,42,KNN,6304,1,1,0.9669310980978381
1,42,KNN,7410,1,1,0.9999988987637717
1,42,KNN,9383,1,1,1.0
1,42,KNN,2844,1,1,1.0
1,42,KNN,4548,0,1,1.0
1,42,KNN,5159,1,1,0.9999999321190989
1,42,KNN,7271,1,1,1.0
1,42,KNN,2511,1,1,0.9999999184937307
1,42,KNN,1983,1,1,1.0
1,42,KNN,5558,0,1,0.5594265189658963
1,42,KNN,4298,0,1,0.5015500861222302
1,42,KNN,2908,1,1,1.0
1,42,KNN,5130,0,1,0.7917599994265251
1,42,KNN,2190,1,1,1.0
1,42,KNN,8811,1,1,1.0
1,42,KNN,9544,1,1,1.0
1,42,KNN,880,1,1,1.0
1,42,KNN,1579,1,1,1.0
1,42,KNN,336,1,1,1.0
1,42,KNN,7790,1,1,1.0
1,42,KNN,1116,1,1,0.999999978975599
1,42,KNN,7264,1,1,0.8025159630001878
1,42,KNN,2058,1,1,0.6066253232257675
1,42,KNN,2438,1,1,1.0
1,42,KNN,1826,1,1,1.0
1,42,KNN,8946,1,1,1.0
1,42,KNN,4932,1,1,0.999999902288944
1,42,KNN,4637,0,0,0.2008144370004759
1,42,KNN,1168,1,1,1.0
1,42,KNN,5846,1,0,6.762933288410846e-08
1,42,KNN,11,0,1,0.5199132703567768
1,42,KNN,4945,0,1,0.5117310012683545
1,42,KNN,7003,1,1,0.7159175449685226
1,42,KNN,8325,0,0,0.0
1,42,KNN,6848,0,0,0.0
1,42,KNN,4523,1,1,0.9999997489034277
1,42,KNN,9334,1,1,1.0
1,42,KNN,4087,1,1,0.9999998422628977
1,42,KNN,1297,0,0,2.790176670909683e-07
1,42,KNN,513,1,1,1.0
1,42,KNN,8817,1,1,0.6968911885893008
1,42,KNN,7733,1,1,1.0
1,42,KNN,290,1,1,0.8521473930910585
1,42,KNN,9314,1,1,1.0
1,42,KNN,6318,1,0,2.0043214281842307e-08
1,42,KNN,4879,1,1,1.0
1,42,KNN,4920,0,0,0.4823270602951098
1,42,KNN,6092,1,1,1.0
1,42,KNN,1878,1,1,1.0
1,42,KNN,4867,0,0,0.0
1,42,KNN,5962,1,1,1.0
1,42,KNN,352,0,1,0.9299252200247043
1,42,KNN,9086,1,1,1.0
1,42,KNN,410,0,0,3.093244456532605e-06
1,42,KNN,4029,0,0,0.3387127738915686
1,42,KNN,1664,1,1,1.0
1,42,KNN,508,1,0,0.4187900983444286
1,42,KNN,1689,1,1,1.0
1,42,KNN,3011,1,0,0.2857142857142857
1,42,KNN,7434,1,0,0.0
1,42,KNN,2030,0,0,3.5128351221691417e-07
1,42,KNN,8036,0,0,4.098891302584789e-07
1,42,KNN,6923,1,1,1.0
1,42,KNN,8946,1,1,1.0
1,42,KNN,5199,0,0,0.4053218433396415
1,42,KNN,371,1,1,1.0
1,42,KNN,2122,1,1,1.0
1,42,KNN,2967,1,1,1.0
1,42,KNN,5394,0,0,0.44008008760673767
1,42,KNN,2517,1,1,1.0
1,42,KNN,3415,1,0,0.46159346716607497
1,42,KNN,713,1,1,1.0
1,42,KNN,2316,1,1,1.0
1,42,KNN,4093,1,1,1.0
1,42,KNN,2489,1,0,0.430843496674211
1,42,KNN,430,1,1,0.9118382873207534
1,42,KNN,972,1,1,0.9421798826934003
1,42,KNN,7535,1,1,1.0
1,42,KNN,8216,0,0,0.11414286247714915
1,42,KNN,7114,1,1,0.5000004124233514
1,42,KNN,873,1,1,1.0
1,42,KNN,7482,0,0,0.46950283281436633
1,42,KNN,1359,1,1,1.0
1,42,KNN,7080,0,0,0.34891546405545715
1,42,KNN,6205,1,1,1.0
1,42,KNN,5249,0,1,0.5127689898753389
1,42,KNN,675,1,1,1.0
1,42,KNN,7458,1,1,1.0
1,42,KNN,9149,1,1,1.0
1,42,KNN,5894,1,1,1.0
1,42,KNN,8451,0,0,0.49999997321419076
1,42,KNN,4260,1,1,1.0
1,42,KNN,5281,0,1,0.8034557006933457
1,42,KNN,3577,1,1,0.5573300173746983
1,42,KNN,1030,1,1,1.0
1,42,KNN,6611,1,1,1.0
1,42,KNN,3941,1,1,0.5364671480797175
1,42,KNN,6915,1,1,1.0
1,42,KNN,7697,1,1,0.8292813863529064
1,42,KNN,6092,1,1,1.0
1,42,KNN,9091,1,1,1.0
1,42,KNN,7401,1,1,1.0
1,42,KNN,9581,1,1,0.9364692539174707
1,42,KNN,5263,1,1,1.0
1,42,KNN,3556,0,1,1.0
1,42,KNN,6599,1,1,1.0
1,42,KNN,508,1,0,0.4187900983444286
1,42,KNN,3901,1,1,0.6369200334352052
1,42,KNN,3981,0,1,0.8140213644647032
1,42,KNN,8581,1,1,1.0
1,42,KNN,5199,0,0,0.4053218433396415
1,42,KNN,8568,1,1,0.9601789343837818
1,42,KNN,290,1,1,0.8521473930910585
1,42,KNN,9146,1,1,0.9466278045452773
1,42,KNN,4295,1,1,0.6582152817903263
1,42,KNN,1330,1,1,0.9759427601259617
1,42,KNN,4717,0,0,5.223352689472673e-06
1,42,KNN,3553,1,1,0.9369196489302154
1,42,KNN,8698,1,1,1.0
1,42,KNN,6576,1,1,1.0
1,42,KNN,4330,0,0,0.42110538320498986
1,42,KNN,1746,1,1,1.0
1,42,KNN,5179,1,1,1.0
1,42,KNN,9494,1,1,1.0
1,42,KNN,226,0,1,0.894568346586687
1,42,KNN,8013,0,0,0.3597727779287045
1,42,KNN,3218,0,0,0.0
1,42,KNN,2967,1,1,1.0
1,42,KNN,9131,1,1,0.8632381924235613
1,42,KNN,2522,1,1,1.0
1,42,KNN,7205,1,1,0.802882228842068
1,42,KNN,5751,0,1,0.7137858928393573
1,42,KNN,8251,1,1,0.7496196217715158
1,42,KNN,3858,1,0,0.37229994764180574
1,42,KNN,3774,0,1,0.7086468202482595
1,42,KNN,7642,0,1,0.9356105613051876
1,42,KNN,3447,1,1,1.0
1,42,KNN,8274,1,1,1.0
1,42,KNN,1365,0,1,0.6212671908059075
1,42,KNN,8237,1,1,0.9477860553092576
1,42,KNN,5283,0,1,0.6061841521729332
1,42,KNN,3409,1,1,0.9999998616992715
1,42,KNN,6040,1,1,1.0
1,42,KNN,5641,0,1,0.5307746928718069
1,42,KNN,1029,0,0,0.0791715884836553
1,42,KNN,2371,1,1,1.0
1,42,KNN,4439,0,0,0.034681013630009326
1,42,KNN,1854,0,0,0.2500000550655598
1,42,KNN,4597,0,0,0.3333334043623981
1,42,KNN,1983,1,1,1.0
1,42,KNN,9313,1,1,0.9231465908406711
1,42,KNN,139,1,1,0.5017261087234388
1,42,KNN,6079,1,1,1.0
1,42,KNN,3319,1,1,0.8639203672574334
1,42,KNN,9329,1,1,1.0
1,42,KNN,6712,1,1,1.0
1,42,KNN,2477,0,1,0.8222102365138374
1,42,KNN,5976,0,0,0.39250741954915414
1,42,KNN,9207,1,1,1.0
1,42,KNN,782,1,1,0.7885375500654268
1,42,KNN,5495,1,1,0.6552435189939634
1,42,KNN,7472,1,1,0.6666662785714254
1,42,KNN,7218,0,0,0.0
1,42,KNN,8832,1,1,1.0
1,42,KNN,139,1,1,0.5017261087234388
1,42,KNN,1093,1,1,1.0
1,42,KNN,2938,1,1,1.0
1,42,KNN,5451,0,1,0.7393134575852713
1,42,KNN,2741,1,0,0.4734012672646652
1,42,KNN,3385,1,1,1.0
1,42,KNN,1327,1,1,1.0
1,42,KNN,1350,1,1,0.9501493888712845
1,42,KNN,9475,1,1,0.8738289750598041
1,42,KNN,2675,1,1,1.0
1,42,KNN,377,1,1,1.0
1,42,KNN,5497,0,1,0.7237546906076048
1,42,KNN,5625,1,1,0.8744638116536172
1,42,KNN,1168,1,1,1.0
1,42,KNN,5140,1,1,0.9438210161223717
1,42,KNN,857,1,1,1.0
1,42,KNN,5141,1,1,0.941388778144153
1,42,KNN,5592,0,1,0.7265248700832775
1,42,KNN,424,1,1,0.8267179545133548
1,42,KNN,3438,1,0,0.0
1,42,KNN,1845,0,1,1.0
1,42,KNN,4873,1,1,1.0
1,42,KNN,2673,1,0,0.47213584143937554
1,42,KNN,1767,1,1,0.9475346367626359
1,42,KNN,1364,1,1,1.0
1,42,KNN,5512,1,1,1.0
1,42,KNN,6588,1,0,0.3266083588645066
1,42,KNN,6196,1,1,0.9413338380325652
1,42,KNN,9541,1,1,1.0
1,42,KNN,7918,0,1,0.5391109383040195
1,42,KNN,9329,1,1,1.0
1,42,KNN,5905,1,1,1.0
1,42,KNN,7781,0,0,0.10700986472955724
1,42,KNN,9137,1,1,0.9356329165549254
1,42,KNN,4761,0,0,0.3674141313972476
1,42,KNN,7327,1,1,1.0
1,42,KNN,139,1,1,0.5017261087234388
1,42,KNN,990,0,1,1.0
1,42,KNN,556,1,1,0.9392556027358144
1,42,KNN,4817,0,0,2.720608578328408e-07
1,42,KNN,7535,1,1,1.0
1,42,KNN,2754,1,0,0.33333329663358874
1,42,KNN,8933,1,1,0.9703679646164021
1,42,KNN,8619,1,1,1.0
1,42,KNN,1671,1,1,1.0
1,42,KNN,1791,1,1,1.0
1,42,KNN,3759,1,1,0.6675586178873681
1,42,KNN,9314,1,1,1.0
1,42,KNN,5461,0,0,0.22382149284408212
1,42,KNN,2923,1,1,1.0
1,42,KNN,7148,1,1,1.0
1,42,KNN,3508,1,1,1.0
1,42,KNN,3096,1,1,1.0
1,42,KNN,5827,0,0,0.3825239497475381
1,42,KNN,6849,1,1,0.5000001032062529
1,42,KNN,1368,1,1,1.0
1,42,KNN,4810,1,1,1.0
1,42,KNN,8294,0,0,0.16732822980274253
1,42,KNN,1686,1,1,0.9827976960399685
1,42,KNN,8890,1,1,0.891127642283661
1,42,KNN,8093,1,1,0.9199116254809288
1,42,KNN,3797,0,1,0.7434456521859205
1,42,KNN,2910,1,1,1.0
1,42,KNN,2317,1,1,0.9778018650266992
1,42,KNN,211,1,1,0.9374284786594496
1,42,KNN,328,1,1,1.0
1,42,KNN,2349,1,1,1.0
1,42,KNN,4260,1,1,1.0
1,42,KNN,4208,0,0,0.33333326470041563
1,42,KNN,2480,1,1,0.9405958670496243
1,42,KNN,3643,1,1,1.0
1,42,KNN,621,1,1,1.0
1,42,KNN,3801,0,1,0.5941459651305134
1,42,KNN,1056,1,1,1.0
1,42,KNN,5047,1,1,1.0
1,42,KNN,8257,1,1,1.0
1,42,KNN,7455,1,1,1.0
1,42,KNN,7992,1,1,0.9325822121436207
1,42,KNN,7053,1,1,1.0
1,42,KNN,8815,1,1,0.8834469471604545
1,42,KNN,505,1,1,1.0
1,42,KNN,9244,1,1,1.0
1,42,KNN,3792,1,1,0.6727167863992192
1,42,KNN,8665,1,1,1.0
1,42,KNN,3718,0,1,0.8030347139790722
1,42,KNN,9005,1,1,1.0
1,42,KNN,5281,0,1,0.8034557006933457
1,42,KNN,3963,0,1,1.0
1,42,KNN,9313,1,1,0.9231465908406711
1,42,KNN,9131,1,1,0.8632381924235613
1,42,KNN,5571,0,1,0.66637713680432
1,42,KNN,8545,1,1,1.0
1,42,KNN,6189,1,0,0.29289294503206115
1,42,KNN,5945,0,1,0.5064112861319929
1,42,KNN,4564,1,1,0.9913780350009536
1,42,KNN,7148,1,1,1.0
1,42,KNN,379,1,1,1.0
1,42,KNN,3861,1,1,0.6156005410543967
1,42,KNN,377,1,1,1.0
1,42,KNN,661,1,1,1.0
1,42,KNN,2069,0,0,0.2
1,42,KNN,8891,1,1,0.9362805711889975
1,42,KNN,6225,1,0,0.4999995924128222
1,42,KNN,5108,0,0,0.5
1,42,KNN,5900,1,1,1.0
1,42,KNN,8112,1,1,1.0
1,42,KNN,4226,1,1,1.0
1,42,KNN,3412,1,1,0.9999988987637717
1,42,KNN,2320,1,1,0.9999999753185967
1,42,KNN,1395,1,1,1.0
1,42,KNN,7509,1,0,0.40232755689164745
1,42,KNN,5150,1,1,0.6867710611034247
1,42,KNN,9380,1,1,1.0
1,42,KNN,4615,1,1,0.9999999085077311
1,42,KNN,9561,1,1,1.0
1,42,KNN,5256,0,1,0.7860567554720039
1,42,KNN,3361,1,1,1.0
1,42,KNN,140,1,1,0.9284896612793564
1,42,KNN,4975,0,1,0.7910022850024999
1,42,KNN,9524,1,1,1.0
1,42,KNN,5231,0,0,0.29367450132777767
1,42,KNN,1137,1,1,1.0
1,42,KNN,2361,1,1,1.0
1,42,KNN,9491,1,1,1.0
1,42,KNN,6489,1,1,0.9999998639699301
1,42,KNN,4145,0,0,0.25886239775329645
1,42,KNN,7057,0,0,0.33333333390960135
1,42,KNN,925,1,1,0.9147996761926498
1,42,KNN,971,1,1,1.0
1,42,KNN,1513,1,1,1.0
1,42,KNN,6929,1,1,1.0
1,42,KNN,6765,1,1,1.0
1,42,KNN,3270,1,0,0.25
1,42,KNN,211,1,1,0.9374284786594496
1,42,KNN,3011,1,0,0.2857142857142857
1,42,KNN,139,1,1,0.5017261087234388
1,42,KNN,7264,1,1,0.8025159630001878
1,42,KNN,2436,1,1,1.0
1,42,KNN,749,1,1,0.9485193201563296
1,42,KNN,7515,1,1,1.0
1,42,KNN,211,1,1,0.9374284786594496
1,42,KNN,6826,1,1,1.0
1,42,KNN,3400,1,1,0.9999999803962162
1,42,KNN,4604,1,1,1.0
1,42,KNN,7877,1,1,0.9414787123340754
1,42,KNN,1314,1,1,1.0
1,42,KNN,9293,1,1,1.0
1,42,KNN,6596,1,1,0.9999999752239105
1,42,KNN,4336,1,1,1.0
1,42,KNN,5091,0,0,0.44736146552729095
1,42,KNN,8665,1,1,1.0
1,42,KNN,4775,0,1,0.6666666903203537
1,42,KNN,8571,1,1,0.6857685761775593
1,42,KNN,9010,1,1,0.9392867492522087
1,42,KNN,4775,0,1,0.6666666903203537
1,42,KNN,4138,0,0,0.33608907041375397
1,42,KNN,7697,1,1,0.8292813863529064
1,42,KNN,2421,1,1,0.8952668392843646
1,42,KNN,4367,0,1,0.5322178134297808
1,42,KNN,8566,1,1,1.0
1,42,KNN,6542,1,1,1.0
1,42,KNN,5887,1,1,1.0
1,42,KNN,5140,1,1,0.9438210161223717
1,42,KNN,2410,1,1,0.9479182137711232
1,42,KNN,8168,0,1,0.9106740618425349
1,42,KNN,727,1,1,0.8808232687780558
1,42,KNN,7635,0,1,1.0
1,42,KNN,4984,1,1,1.0
1,42,KNN,403,1,1,0.8586476640053946
1,42,KNN,4238,0,0,0.08195992674748169
1,42,KNN,4665,1,1,0.9117075232250248
1,42,KNN,2163,1,1,1.0
1,42,KNN,3221,1,0,3.1479435776210027e-07
1,42,KNN,8235,1,1,0.9572183696301585
1,42,KNN,7299,1,1,0.6174122215583014
1,42,KNN,2058,1,1,0.6066253232257675
1,42,KNN,3930,0,1,0.7801190167009033
1,42,KNN,4278,1,1,1.0
1,42,KNN,8231,1,1,1.0
1,42,KNN,8696,1,1,1.0
1,42,KNN,5841,1,1,0.9999998882349779
1,42,KNN,3416,1,0,0.3437296182624414
1,42,KNN,7159,1,1,1.0
1,42,KNN,5568,0,1,0.589575470159055
1,42,KNN,2224,1,1,0.7106456062586716
1,42,KNN,3814,0,1,0.8271037316126721
1,42,KNN,6543,1,1,1.0
1,42,KNN,4683,1,1,1.0
1,42,KNN,9528,1,1,0.7593311167556439
1,42,KNN,8545,1,1,1.0
1,42,KNN,883,1,1,0.9999999740331343
1,42,KNN,5561,0,1,0.6333879443740297
1,42,KNN,5435,0,1,0.6103091337562287
1,42,KNN,5819,0,0,0.19344603986425843
1,42,KNN,9085,1,1,0.9333528464915338
1,42,KNN,1346,1,1,0.8740716837275182
1,42,KNN,389,1,1,0.6455441751010352
1,42,KNN,3290,1,0,0.0
1,42,KNN,5435,0,1,0.6103091337562287
1,42,KNN,9066,1,1,0.8953112346028984
1,42,KNN,5495,1,1,0.6552435189939634
1,42,KNN,1562,1,1,0.8695924127120858
1,42,KNN,727,1,1,0.8808232687780558
1,42,KNN,1858,1,1,0.8333333333333334
1,42,KNN,4579,1,1,0.9829768344976787
1,42,KNN,2118,1,1,1.0
1,42,KNN,4516,1,1,0.9682504834781506
1,42,KNN,8598,1,1,1.0
1,42,KNN,7316,0,0,0.33333327199032886
1,42,KNN,4593,1,1,1.0
1,42,KNN,2496,1,1,0.7968999406790676
1,42,KNN,2027,1,1,0.9999996843195522
1,42,KNN,4022,1,1,1.0
1,42,KNN,6783,1,0,6.229724835577859e-07
1,42,KNN,6805,0,0,0.2
1,42,KNN,733,1,1,0.9999999858097328
1,42,KNN,1464,0,1,1.0
1,42,KNN,8983,1,1,0.8184779398883458
1,42,KNN,7194,1,0,0.2786309789761588
1,42,KNN,1137,1,1,1.0
1,42,KNN,5061,0,1,0.5964659942727557
1,42,KNN,6569,1,0,0.33333350346456103
1,42,KNN,1034,1,1,1.0
1,42,KNN,5838,1,1,1.0
1,42,KNN,8856,1,1,1.0
1,42,KNN,9546,1,1,1.0
1,42,KNN,9168,1,1,1.0
1,42,KNN,1297,0,0,2.790176670909683e-07
1,42,KNN,7227,1,1,0.5687769407322173
1,42,KNN,3796,1,1,0.5457558757721569
1,42,KNN,6743,1,1,1.0
1,42,KNN,5435,0,1,0.6103091337562287
1,42,KNN,3139,0,0,0.0
1,42,KNN,5640,0,1,0.6325834862900053
1,42,KNN,9388,1,1,0.9462980437923754
1,42,KNN,7524,1,1,1.0
1,42,KNN,9293,1,1,1.0
1,42,KNN,2389,1,1,1.0
1,42,KNN,2919,1,1,1.0
1,42,KNN,1453,1,1,1.0
1,42,KNN,7120,0,1,0.9999938686609997
1,42,KNN,7271,1,1,1.0
1,42,KNN,5639,0,1,0.6047447833271221
1,42,KNN,8890,1,1,0.891127642283661
1,42,KNN,4241,0,0,0.33333333390960135
1,42,KNN,5389,1,1,0.88836442866835
1,42,KNN,6203,1,1,1.0
1,42,KNN,4827,1,1,1.0
1,42,KNN,6454,1,1,0.9999994605784926
1,42,KNN,8170,1,1,0.8283153266152012
1,42,KNN,4324,0,0,0.0
1,42,KNN,5682,0,0,0.46794583718014415
1,42,KNN,2312,1,1,0.8792915894301951
1,42,KNN,1642,1,1,1.0
1,42,KNN,4655,1,1,0.999999970203616
1,42,KNN,159,1,0,0.39479900698371445
1,42,KNN,7297,0,0,0.25786403576324646
1,42,KNN,508,1,0,0.4187900983444286
1,42,KNN,4774,0,1,0.6666662122189514
1,42,KNN,249,1,1,0.7661768714883175
1,42,KNN,4630,1,1,1.0
1,42,KNN,4367,0,1,0.5322178134297808
1,42,KNN,1168,1,1,1.0
1,42,KNN,2385,1,1,0.9403708587484785
1,42,KNN,1688,1,1,0.9166543655287704
1,42,KNN,7056,1,1,1.0
1,42,KNN,9491,1,1,1.0
1,42,KNN,9378,1,1,1.0
1,42,KNN,5516,1,1,0.6397551245389137
1,42,KNN,1397,1,1,1.0
1,42,KNN,8336,0,0,0.0
1,42,KNN,3166,1,1,1.0
1,42,KNN,3957,0,0,0.19110127276633965
1,42,KNN,6596,1,1,0.9999999752239105
1,42,KNN,8388,0,0,0.3273510345117522
1,42,KNN,4691,0,0,0.323055349012457
1,42,KNN,5625,1,1,0.8744638116536172
1,42,KNN,3814,0,1,0.8271037316126721
1,42,KNN,694,1,1,0.9399089280437587
1,42,KNN,8054,1,1,0.692836604947156
1,42,KNN,5710,0,1,0.5276483342692262
1,42,KNN,820,1,1,0.9999999586340784
1,42,KNN,2100,1,1,1.0
1,42,KNN,8637,1,1,1.0
1,42,KNN,2296,1,1,0.935712688838589
1,42,KNN,5495,1,1,0.6552435189939634
1,42,KNN,7159,1,1,1.0
1,42,KNN,8423,0,0,0.02537086542277933
1,42,KNN,675,1,1,1.0
1,42,KNN,2520,1,1,1.0
1,42,KNN,849,1,1,0.9480181732546735
1,42,KNN,7271,1,1,1.0
1,42,KNN,8319,0,0,0.2260157317262874
1,42,KNN,9010,1,1,0.9392867492522087
1,42,KNN,1774,1,1,0.901919038512608
1,42,KNN,6070,1,1,1.0
1,42,KNN,1365,0,1,0.6212671908059075
1,42,KNN,3376,0,0,0.0
1,42,KNN,4491,1,1,1.0
1,42,KNN,306,1,0,0.24460724583838073
1,42,KNN,8417,0,0,0.40273109469912227
1,42,KNN,4125,0,0,0.3999999845162068
1,42,KNN,7554,1,1,0.9999999332337073
1,42,KNN,3972,1,1,0.7809422521669787
1,42,KNN,7101,1,1,1.0
1,42,KNN,7434,1,0,0.0
1,42,KNN,2897,1,1,1.0
1,42,KNN,1966,1,1,1.0
1,42,KNN,6889,0,0,7.872078662368514e-08
1,42,KNN,3104,1,1,1.0
1,42,KNN,1420,1,1,1.0
1,42,KNN,2327,1,1,1.0
1,42,KNN,6159,1,0,0.25
1,42,KNN,4541,1,1,1.0
1,42,KNN,766,1,1,1.0
1,42,KNN,799,1,1,0.6922078398328743
1,42,KNN,2520,1,1,1.0
1,42,KNN,3361,1,1,1.0
1,42,KNN,8051,1,1,0.9411432593134641
1,42,KNN,2121,1,1,0.9414703508350135
1,42,KNN,3753,1,1,0.6498437687168305
1,42,KNN,377,1,1,1.0
1,42,KNN,4082,1,1,1.0
1,42,KNN,3526,1,1,0.9999999907651543
1,42,KNN,4803,1,1,1.0
1,42,KNN,3372,1,1,1.0
1,42,KNN,111,0,0,0.3592562667859505
1,42,KNN,8951,1,1,0.8790263895997406
1,42,KNN,9380,1,1,1.0
1,42,KNN,336,1,1,1.0
1,42,KNN,4295,1,1,0.6582152817903263
1,42,KNN,4517,1,1,0.932944388255615
1,42,KNN,8257,1,1,1.0
1,42,KNN,4988,0,0,0.45895578164951223
1,42,KNN,668,1,1,0.9385120574017652
1,42,KNN,6650,1,1,0.9848196826347548
1,42,KNN,1120,1,1,1.0
1,42,KNN,4949,0,0,2.2209161300488717e-07
1,42,KNN,1388,1,0,0.49936386638306857
1,42,KNN,1110,1,1,1.0
1,42,KNN,4016,1,1,1.0
1,42,KNN,592,1,1,0.92474582922418
1,42,KNN,532,1,1,0.6693144302120172
1,42,KNN,883,1,1,0.9999999740331343
1,42,KNN,8125,1,0,0.5
1,42,KNN,5383,0,0,0.11961932574593222
1,42,KNN,5579,0,1,1.0
1,42,KNN,1297,0,0,2.790176670909683e-07
1,42,KNN,4539,1,1,1.0
1,42,KNN,2189,1,1,1.0
1,42,KNN,4722,1,1,1.0
1,42,KNN,8420,0,0,0.24860736943621423
1,42,KNN,3930,0,1,0.7801190167009033
1,42,KNN,1500,1,1,0.9481754563980673
1,42,KNN,6532,0,0,0.3333333032134986
1,42,KNN,7386,1,1,0.9999996843195522
1,42,KNN,9318,1,1,1.0
1,42,KNN,8566,1,1,1.0
1,42,KNN,1050,1,1,1.0
1,42,KNN,2985,1,1,1.0
1,42,KNN,8223,0,1,1.0
1,42,KNN,3601,1,1,1.0
1,42,KNN,533,1,1,1.0
1,42,KNN,8931,1,1,1.0
1,42,KNN,2654,1,1,0.5064112861319929
1,42,KNN,5667,0,0,0.0
1,42,KNN,2567,1,0,0.2000000792411854
1,42,KNN,4801,1,1,1.0
1,42,KNN,570,1,1,1.0
1,42,KNN,2316,1,1,1.0
1,42,KNN,5156,1,0,0.5
1,42,KNN,8737,1,1,1.0
1,42,KNN,1483,1,1,1.0
1,42,KNN,4467,1,1,0.999999813234909
1,42,KNN,8619,1,1,1.0
1,42,KNN,3093,1,1,1.0
1,42,KNN,1686,1,1,0.9827976960399685
1,42,KNN,9146,1,1,0.9466278045452773
1,42,KNN,4145,0,0,0.25886239775329645
1,42,KNN,111,0,0,0.3592562667859505
1,42,KNN,3034,1,1,1.0
1,42,KNN,8054,1,1,0.692836604947156
1,42,KNN,7912,1,1,0.6666665992269047
1,42,KNN,3965,1,1,0.8093500974753226
1,42,KNN,1804,1,1,0.9383643519185726
1,42,KNN,2058,1,1,0.6066253232257675
1,42,KNN,4439,0,0,0.034681013630009326
1,42,KNN,4492,0,0,0.0
1,42,KNN,8081,0,0,0.41640527557684315
1,42,KNN,1352,1,1,0.7030919404944352
1,42,KNN,2067,0,0,0.0
1,42,KNN,3928,1,1,0.5432168230555736
1,42,KNN,731,1,1,1.0
1,42,KNN,1254,1,1,0.9285950462964896
1,42,KNN,3493,1,1,1.0
1,42,KNN,111,0,0,0.3592562667859505
1,42,KNN,315,1,1,0.9405474056938617
1,42,KNN,4494,0,0,0.16347174381684085
1,42,KNN,4813,0,0,0.0
1,42,KNN,4495,0,0,0.23250806300646398
1,42,KNN,5387,0,0,2.720608578328408e-07
1,42,KNN,5224,0,0,0.0
1,42,KNN,5241,0,0,0.45999432714560456
1,42,KNN,2537,0,0,0.0
1,42,KNN,8763,1,1,0.935877459299857
1,42,KNN,4405,1,1,0.9786319637130387
1,42,KNN,5957,1,1,1.0
1,42,KNN,2228,1,1,0.9999997848490035
1,42,KNN,2027,1,1,0.9999996843195522
1,42,KNN,3125,1,1,1.0
1,42,KNN,8451,0,0,0.49999997321419076
1,42,KNN,2190,1,1,1.0
1,42,KNN,5109,0,0,0.09269120731029853
1,42,KNN,9329,1,1,1.0
1,42,KNN,4,0,1,0.5870492569263944
1,42,KNN,6000,1,0,0.0
1,42,KNN,2475,1,0,0.4402520620998321
1,42,KNN,6848,0,0,0.0
1,42,KNN,8312,0,0,0.047846694307410044
1,42,KNN,6037,1,1,0.6666666666666666
1,42,KNN,8958,1,1,1.0
1,42,KNN,8547,1,1,1.0
1,42,KNN,3292,1,1,1.0
1,42,KNN,4145,0,0,0.25886239775329645
1,42,KNN,6783,1,0,6.229724835577859e-07
1,42,KNN,5827,0,0,0.3825239497475381
1,42,KNN,6727,0,0,0.13073954175365726
1,42,KNN,4281,1,1,1.0
1,42,KNN,7115,0,0,0.49999985648684253
1,42,KNN,1968,1,1,1.0
1,42,KNN,2985,1,1,1.0
1,42,KNN,2028,1,1,1.0
1,42,KNN,5039,0,1,0.8578572549845254
1,42,KNN,3928,1,1,0.5432168230555736
1,42,KNN,4274,1,1,1.0
1,42,KNN,5965,1,0,0.0
1,42,KNN,7697,1,1,0.8292813863529064
1,42,KNN,5612,0,1,0.5406492978317166
1,42,KNN,5401,0,0,0.459884585344378
1,42,KNN,5640,0,1,0.6325834862900053
1,42,KNN,8013,0,0,0.3597727779287045
1,42,KNN,1637,1,1,1.0
1,42,KNN,4025,1,1,1.0
1,42,KNN,4723,1,1,1.0
1,42,KNN,3965,1,1,0.8093500974753226
1,42,KNN,4753,0,0,0.2854350002990864
1,42,KNN,9381,1,1,1.0
1,42,KNN,1275,1,1,1.0
1,42,KNN,5203,0,0,0.473037032211549
1,42,KNN,3412,1,1,0.9999988987637717
1,42,KNN,8976,1,1,1.0
1,42,KNN,6710,1,1,1.0
1,42,KNN,6896,1,1,1.0
1,42,KNN,4145,0,0,0.25886239775329645
1,42,KNN,5004,0,1,0.8525427354903199
1,42,KNN,1301,0,0,0.3360890704137539
1,42,KNN,5332,0,0,0.10620439429756369
1,42,KNN,3037,1,1,1.0
1,42,KNN,7347,1,0,7.443837112807244e-07
1,42,KNN,490,1,1,0.9517523682092961
1,42,KNN,4929,1,1,1.0
1,42,KNN,6796,1,1,1.0
1,42,KNN,8437,0,0,2.0043214281842307e-08
1,42,KNN,9322,1,1,1.0
1,42,KNN,4487,0,0,0.4
1,42,KNN,4025,1,1,1.0
1,42,KNN,4984,1,1,1.0
1,42,KNN,8207,1,1,1.0
1,42,KNN,7347,1,0,7.443837112807244e-07
1,42,KNN,4316,1,1,1.0
1,42,KNN,8185,1,1,1.0
1,42,KNN,7176,1,1,0.6666663151874213
1,42,KNN,9551,1,1,0.6324674188127029
1,42,KNN,297,1,1,1.0
1,42,KNN,9197,1,1,1.0
1,42,KNN,6088,1,1,1.0
1,42,KNN,8223,0,1,1.0
1,42,KNN,5502,0,1,0.6580149443471588
1,42,KNN,6040,1,1,1.0
1,42,KNN,8706,1,1,0.803871258480689
1,42,KNN,3343,1,1,1.0
1,42,KNN,2377,1,1,1.0
1,42,KNN,5004,0,1,0.8525427354903199
1,42,KNN,9539,1,1,1.0
1,42,KNN,4648,1,1,1.0
1,42,KNN,821,1,1,0.8521293672927188
1,42,KNN,5516,1,1,0.6397551245389137
1,42,KNN,4785,1,1,1.0
1,42,KNN,2788,0,1,0.9999979040002793
1,42,KNN,4808,1,1,1.0
1,42,KNN,7615,0,0,0.26519439421417174
1,42,KNN,3338,1,1,1.0
1,42,KNN,6301,1,0,0.2500000849019889
1,42,KNN,5156,1,0,0.5
1,42,KNN,3796,1,1,0.5457558757721569
1,42,KNN,8442,0,0,0.4053371461220293
1,42,KNN,4492,0,0,0.0
1,42,KNN,9381,1,1,1.0
1,42,KNN,8420,0,0,0.24860736943621423
1,42,KNN,6573,0,0,0.0
1,42,KNN,5375,0,0,0.0
1,42,KNN,1772,1,1,0.9386691058544245
1,42,KNN,6569,1,0,0.33333350346456103
1,42,KNN,8931,1,1,1.0
1,42,KNN,1120,1,1,1.0
1,42,KNN,2840,1,1,1.0
1,42,KNN,4450,1,1,1.0
1,42,KNN,950,1,1,1.0
1,42,KNN,6543,1,1,1.0
1,42,KNN,6588,1,0,0.3266083588645066
1,42,KNN,2487,0,1,0.5871113168455864
1,42,KNN,7478,1,0,0.3914019163327796
1,42,KNN,7099,1,0,0.3837000103811928
1,42,KNN,1671,1,1,1.0
1,42,KNN,6015,1,0,0.25000000010802015
1,42,KNN,8726,1,1,1.0
1,42,KNN,2446,1,1,0.9411046506342357
1,42,KNN,9131,1,1,0.8632381924235613
1,42,KNN,3971,1,1,0.7232977174280228
1,42,KNN,97,0,0,0.4096341558331806
1,42,KNN,9056,1,1,1.0
1,42,KNN,2028,1,1,1.0
1,42,KNN,6181,0,0,0.0
1,42,KNN,6543,1,1,1.0
1,42,KNN,2744,1,0,0.0
1,42,KNN,1780,1,1,1.0
1,42,KNN,9386,1,1,0.774850211417481
1,42,KNN,3131,1,1,1.0
1,42,KNN,8600,1,1,1.0
1,42,KNN,8413,0,0,0.2257896063016848
1,42,KNN,754,1,1,0.9079120664320608
1,42,KNN,3270,1,0,0.25
1,42,KNN,5894,1,1,1.0
1,42,KNN,6743,1,1,1.0
1,42,KNN,3070,0,0,0.4339365707044919
1,42,KNN,8571,1,1,0.6857685761775593
1,42,KNN,5108,0,0,0.5
1,42,KNN,7552,1,1,1.0
1,42,KNN,2484,1,1,0.859815632990544
1,42,KNN,4324,0,0,0.0
1,42,KNN,7184,1,1,1.0
1,42,KNN,731,1,1,1.0
1,42,KNN,6389,1,1,1.0
1,42,KNN,5108,0,0,0.5
1,42,KNN,4016,1,1,1.0
1,42,KNN,411,1,1,0.9370760630255527
1,42,KNN,5352,0,1,1.0
1,42,KNN,3385,1,1,1.0
1,42,KNN,6803,1,1,0.9999999085077311
1,42,KNN,6719,1,1,1.0
1,42,KNN,849,1,1,0.9480181732546735
1,42,KNN,9551,1,1,0.6324674188127029
1,42,KNN,8670,1,1,0.7980639853155351
1,42,KNN,8443,0,0,0.2816840836534052
1,42,KNN,4920,0,0,0.4823270602951098
1,42,KNN,352,0,1,0.9299252200247043
1,42,KNN,2500,1,1,0.9413345314761697
1,42,KNN,6842,1,0,0.0
1,42,KNN,8360,0,0,0.25
1,42,KNN,5155,1,1,0.7391735919044277
1,42,KNN,8338,0,0,0.30772162612058807
1,42,KNN,8681,1,1,0.9423233062151528
1,42,KNN,7802,0,0,0.2995116024584647
1,42,KNN,5806,1,1,0.7837328652565041
1,42,KNN,639,1,1,0.9999999837388481
1,42,KNN,6269,1,1,1.0
1,42,KNN,2029,0,0,0.32822812305433813
1,42,KNN,2162,1,1,0.6334646222569268
1,42,KNN,9323,1,1,1.0
1,42,KNN,1402,1,1,1.0
1,42,KNN,5498,0,1,0.5101976074381431
1,42,KNN,8712,1,1,1.0
1,42,KNN,2377,1,1,1.0
1,42,KNN,3515,1,0,0.0
1,42,KNN,641,1,1,0.9068129472619945
1,42,KNN,9383,1,1,1.0
1,42,KNN,4545,0,0,3.3859678707952387e-07
1,42,KNN,1088,1,1,0.8254605430685102
1,42,KNN,9570,1,1,1.0
1,42,KNN,3135,1,1,1.0
1,42,KNN,1194,1,1,1.0
1,42,KNN,7883,1,1,0.6234760139876376
1,42,KNN,3070,0,0,0.4339365707044919
1,42,KNN,1226,1,1,0.8189493897781254
1,42,KNN,8815,1,1,0.8834469471604545
1,42,KNN,5328,0,0,3.3859678707952387e-07
1,42,KNN,2295,0,1,0.606984695859864
1,42,KNN,7918,0,1,0.5391109383040195
1,42,KNN,7510,1,0,0.41039999377966646
1,42,KNN,4256,0,0,0.39250741954915414
1,42,KNN,2836,1,1,1.0
1,42,KNN,1308,1,1,0.9999999519355675
1,42,KNN,2273,1,1,0.9682504834781506
1,42,KNN,5108,0,0,0.5
1,42,KNN,8468,0,0,0.470462106272132
1,42,KNN,7647,0,1,1.0
1,42,KNN,1919,1,1,1.0
1,42,KNN,3364,1,1,0.9999999543428999
1,42,KNN,1716,1,1,1.0
1,42,KNN,226,0,1,0.894568346586687
1,42,KNN,2374,1,1,1.0
1,42,KNN,1036,0,1,0.9999984852375735
1,42,KNN,4770,0,0,2.9172296892213956e-07
1,42,KNN,5894,1,1,1.0
1,42,KNN,8108,1,1,1.0
1,42,KNN,2055,0,1,0.6935414644111021
1,42,KNN,9094,1,1,1.0
1,42,KNN,8468,0,0,0.470462106272132
1,42,KNN,5730,0,1,0.5268684956993318
1,42,KNN,5838,1,1,1.0
1,42,KNN,1373,1,1,1.0
1,42,KNN,6796,1,1,1.0
1,42,KNN,3152,1,1,1.0
1,42,KNN,8976,1,1,1.0
1,42,KNN,9529,1,1,0.9522280873159688
1,42,KNN,3569,1,1,0.6666666666666666
1,42,KNN,6850,1,1,0.5000001032062529
1,42,KNN,424,1,1,0.8267179545133548
1,42,KNN,7159,1,1,1.0
1,42,KNN,2731,1,1,1.0
1,42,KNN,2687,1,1,0.9999997409372756
1,42,KNN,641,1,1,0.9068129472619945
1,42,KNN,8664,1,1,0.9340474091426838
1,42,KNN,8993,1,1,1.0
1,42,KNN,6368,1,0,0.5
1,42,KNN,3688,1,1,0.7446462632635079
1,42,KNN,7790,1,1,1.0
1,42,KNN,6225,1,0,0.4999995924128222
1,42,KNN,8673,1,1,0.9480208641723143
1,42,KNN,6529,1,0,0.0
1,42,KNN,4545,0,0,3.3859678707952387e-07
1,42,KNN,2355,1,1,1.0
1,42,KNN,1271,1,1,1.0
1,42,KNN,2271,0,0,5.975091543898903e-08
1,42,KNN,1098,0,0,0.2500000311944461
1,42,KNN,7699,1,1,1.0
1,42,KNN,8471,0,1,1.0
1,42,KNN,2897,1,1,1.0
1,42,KNN,3787,1,1,0.7321827962377513
1,42,KNN,1878,1,1,1.0
1,42,KNN,5374,1,1,0.5999997489545809
1,42,KNN,1656,1,1,1.0
1,42,KNN,2919,1,1,1.0
1,42,KNN,8934,1,1,1.0
1,42,KNN,4236,1,1,0.9999997863014933
1,42,KNN,672,1,1,0.9363175373207989
1,42,KNN,5957,1,1,1.0
1,42,KNN,9386,1,1,0.774850211417481
1,42,KNN,9323,1,1,1.0
1,42,KNN,8370,0,0,0.26898898375512154
1,42,KNN,7533,1,1,1.0
1,42,KNN,3037,1,1,1.0
1,42,KNN,8200,0,0,0.24008159186193273
1,42,KNN,3383,1,1,1.0
1,42,KNN,7472,1,1,0.6666662785714254
1,42,KNN,846,1,1,1.0
1,42,KNN,9146,1,1,0.9466278045452773
1,42,KNN,3672,1,1,1.0
1,42,KNN,5008,0,1,1.0
1,42,KNN,9300,1,1,1.0
1,42,KNN,6669,1,1,0.6355768224519115
1,42,KNN,6010,0,0,0.2499999917977259
1,42,KNN,3131,1,1,1.0
1,42,KNN,5548,1,1,1.0
1,42,KNN,1131,0,0,0.3333333333333333
1,42,KNN,8818,1,1,0.9283970557534047
1,42,KNN,7095,1,1,1.0
1,42,KNN,6728,0,1,0.7307264119247866
1,42,KNN,9529,1,1,0.9522280873159688
1,42,KNN,4235,0,0,0.2436866273993124
1,42,KNN,4238,0,0,0.08195992674748169
1,42,KNN,2506,1,1,1.0
1,42,KNN,2362,1,1,0.9828903759038545
1,42,KNN,8251,1,1,0.7496196217715158
1,42,KNN,4840,1,1,0.9999998558864927
1,42,KNN,1349,1,1,0.9381617531660352
1,42,KNN,3292,1,1,1.0
1,42,KNN,8891,1,1,0.9362805711889975
1,42,KNN,1364,1,1,1.0
1,42,KNN,9380,1,1,1.0
1,42,KNN,4775,0,1,0.6666666903203537
1,42,KNN,6777,0,0,0.3333334176443673
1,42,KNN,1621,1,1,0.6852629421172094
1,42,KNN,7750,0,1,1.0
1,42,KNN,7371,0,1,0.6666666666666666
1,42,KNN,3182,1,1,1.0
1,42,KNN,4078,1,1,1.0
1,42,KNN,505,1,1,1.0
1,42,KNN,7492,1,0,0.25679990604837577
1,42,KNN,2028,1,1,1.0
1,42,KNN,1297,0,0,2.790176670909683e-07
1,42,KNN,9561,1,1,1.0
1,42,KNN,133,1,1,0.8103370919167573
1,42,KNN,728,1,1,0.6075994394188364
1,42,KNN,3238,1,0,0.33333330912553594
1,42,KNN,1104,1,1,1.0
1,42,KNN,1915,0,0,0.25
1,42,KNN,480,1,1,0.8666995225124535
1,42,KNN,8283,0,1,0.6984501815738738
1,42,KNN,506,1,1,1.0
1,42,KNN,4644,0,0,9.81886223292944e-08
1,42,KNN,6889,0,0,7.872078662368514e-08
1,42,KNN,557,1,1,1.0
1,42,KNN,4715,1,1,0.9827976960399759
1,42,KNN,3902,0,1,0.7272167648492225
1,42,KNN,8216,0,0,0.11414286247714915
1,42,KNN,2693,1,1,1.0
1,42,KNN,1464,0,1,1.0
1,42,KNN,6713,1,1,1.0
1,42,KNN,3093,1,1,1.0
1,42,KNN,3865,1,1,0.7257378989733148
1,42,KNN,3576,0,1,0.5294678419351425
1,42,KNN,6727,0,0,0.13073954175365726
1,42,KNN,6000,1,0,0.0
1,42,KNN,4238,0,0,0.08195992674748169
1,42,KNN,5101,0,1,1.0
1,42,KNN,2317,1,1,0.9778018650266992
1,42,KNN,2824,1,1,1.0
1,42,KNN,430,1,1,0.9118382873207534
1,42,KNN,149,1,1,0.713551462301907
1,42,KNN,5389,1,1,0.88836442866835
1,42,KNN,3033,1,0,0.5
1,42,KNN,1513,1,1,1.0
1,42,KNN,6016,1,0,0.3333332034573419
1,42,KNN,5841,1,1,0.9999998882349779
1,42,KNN,3995,1,1,1.0
1,42,KNN,4517,1,1,0.932944388255615
1,42,KNN,9541,1,1,1.0
1,42,KNN,8659,1,1,1.0
1,42,KNN,7637,0,1,0.6471839898280118
1,42,KNN,7637,0,1,0.6471839898280118
1,42,KNN,2604,1,1,1.0
1,42,KNN,2910,1,1,1.0
1,42,KNN,9449,1,1,1.0
1,42,KNN,3596,1,1,0.659161232384888
1,42,KNN,2799,1,0,0.1402763346219188
1,42,KNN,4895,0,1,0.9999998085087147
1,42,KNN,3296,1,1,1.0
1,42,KNN,7347,1,0,7.443837112807244e-07
1,42,KNN,4491,1,1,1.0
1,42,KNN,5600,0,1,0.9278062304110644
1,42,KNN,4534,0,0,0.0
1,42,KNN,2759,1,0,9.81886223292944e-08
1,42,KNN,8114,1,1,1.0
1,42,KNN,5155,1,1,0.7391735919044277
1,42,KNN,5332,0,0,0.10620439429756369
1,42,KNN,5107,1,1,0.8721153400532867
1,42,KNN,6015,1,0,0.25000000010802015
1,42,KNN,5848,1,1,1.0
1,42,KNN,5659,0,1,0.7987456201600222
1,42,KNN,3855,1,1,1.0
1,42,KNN,398,1,1,1.0
1,42,KNN,5547,0,1,0.8244467486438998
1,42,KNN,1870,1,1,1.0
1,42,KNN,8274,1,1,1.0
1,42,KNN,9422,1,1,1.0
1,42,KNN,4960,0,1,0.5600788301397494
1,42,KNN,1821,1,1,1.0
1,42,KNN,39,0,0,0.13613113062346088
1,42,KNN,2438,1,1,1.0
1,42,KNN,3493,1,1,1.0
1,42,KNN,6575,0,0,0.0
1,42,KNN,6015,1,0,0.25000000010802015
1,42,KNN,4626,1,1,0.8982158067029657
1,42,KNN,1947,0,0,0.05488941935439325
1,42,KNN,8721,1,1,0.8824711253237504
1,42,KNN,4322,0,1,0.5000004124233514
1,42,KNN,4645,0,0,6.963546654224479e-07
1,42,KNN,3026,1,1,1.0
1,42,KNN,8659,1,1,1.0
1,42,KNN,9311,1,1,0.9433951732777638
1,42,KNN,4119,1,1,1.0
1,42,KNN,2693,1,1,1.0
1,42,KNN,3409,1,1,0.9999998616992715
1,42,KNN,820,1,1,0.9999999586340784
1,42,KNN,3063,1,0,2.045206295784998e-07
1,42,KNN,7371,0,1,0.6666666666666666
1,42,KNN,8565,1,1,1.0
1,42,KNN,3930,0,1,0.7801190167009033
1,42,KNN,6402,1,1,1.0
1,42,KNN,3858,1,0,0.37229994764180574
1,42,KNN,7679,1,1,0.91467986196133
1,42,KNN,1582,1,1,0.8315854302397967
1,42,KNN,2668,1,1,0.9488850706776237
1,42,KNN,3061,1,0,5.223352689472673e-06
1,42,KNN,3928,1,1,0.5432168230555736
1,42,KNN,2276,1,1,0.9511591396892528
1,42,KNN,9136,1,1,1.0
1,42,KNN,5011,0,1,1.0
1,42,KNN,1464,0,1,1.0
1,42,KNN,4565,1,1,1.0
1,42,KNN,3838,1,1,0.8745053122624207
1,42,KNN,2999,1,1,1.0
1,42,KNN,5573,0,1,0.6796792605827895
1,42,KNN,4593,1,1,1.0
1,42,KNN,8951,1,1,0.8790263895997406
1,42,KNN,4501,0,1,0.7448398177735986
1,42,KNN,2368,1,1,1.0
1,42,KNN,8602,1,1,0.8033448439930928
1,42,KNN,8930,1,1,0.7979862051185911
1,42,KNN,2190,1,1,1.0
1,42,KNN,4940,0,1,0.6666666666666666
1,42,KNN,5573,0,1,0.6796792605827895
1,42,KNN,5780,0,0,0.39999997693724026
1,42,KNN,3943,1,1,0.6351993331690565
1,42,KNN,9541,1,1,1.0
1,42,KNN,2517,1,1,1.0
1,42,KNN,371,1,1,1.0
1,42,KNN,1169,1,1,1.0
1,42,KNN,3801,0,1,0.5941459651305134
1,42,KNN,8451,0,0,0.49999997321419076
1,42,KNN,4683,1,1,1.0
1,42,KNN,7197,0,0,0.0
1,42,KNN,6682,1,0,1.575825474739481e-06
1,42,KNN,6864,1,1,1.0
1,42,KNN,6588,1,0,0.3266083588645066
1,42,KNN,3672,1,1,1.0
1,42,KNN,4810,1,1,1.0
1,42,KNN,3560,1,0,0.20468258468915165
1,42,KNN,5516,1,1,0.6397551245389137
1,42,KNN,7076,1,1,1.0
1,42,KNN,8566,1,1,1.0
1,42,KNN,8358,0,0,0.21675703146227288
1,42,KNN,1053,1,1,1.0
1,42,KNN,2609,1,1,1.0
1,42,KNN,3207,1,0,0.2500000550655598
1,42,KNN,7344,1,1,1.0
1,42,KNN,4803,1,1,1.0
1,42,KNN,4240,1,1,1.0
1,42,KNN,6190,1,1,1.0
1,42,KNN,8252,1,1,0.9649516333315452
1,42,KNN,5517,0,0,0.26740440823525025
1,42,KNN,1854,0,0,0.2500000550655598
1,42,KNN,2414,1,1,1.0
1,42,KNN,1365,0,1,0.6212671908059075
1,42,KNN,8351,0,0,3.1479435776210027e-07
1,42,KNN,5730,0,1,0.5268684956993318
1,42,KNN,533,1,1,1.0
1,42,KNN,2741,1,0,0.4734012672646652
1,42,KNN,3409,1,1,0.9999998616992715
1,42,KNN,7335,1,1,1.0
1,42,KNN,7465,1,1,0.5230739411828736
1,42,KNN,3038,1,1,1.0
1,42,KNN,7750,0,1,1.0
1,42,KNN,673,1,1,0.7093370295990428
1,42,KNN,2754,1,0,0.33333329663358874
1,42,KNN,426,1,1,0.7400139328112859
1,42,KNN,4087,1,1,0.9999998422628977
1,42,KNN,5290,0,0,0.3825288609976219
1,42,KNN,5036,1,1,0.7897874296696056
1,42,KNN,4659,0,0,0.31707375945230054
1,42,KNN,610,1,1,1.0
1,42,KNN,7115,0,0,0.49999985648684253
1,42,KNN,5728,0,1,0.6776079172640814
1,42,KNN,6192,0,0,0.0
1,42,KNN,4338,0,0,0.0
1,42,KNN,3493,1,1,1.0
1,42,KNN,3942,1,1,0.5364671480797175
1,42,KNN,41,0,1,0.7588633218924239
1,42,KNN,7344,1,1,1.0
1,42,KNN,9320,1,1,0.9280212380952619
1,42,KNN,3746,0,0,0.0
1,42,KNN,5091,0,0,0.44736146552729095
1,42,KNN,4722,1,1,1.0
1,42,KNN,7510,1,0,0.41039999377966646
1,42,KNN,5611,0,0,0.46993620400265074
1,42,KNN,7509,1,0,0.40232755689164745
1,42,KNN,8423,0,0,0.02537086542277933
1,42,KNN,1582,1,1,0.8315854302397967
1,42,KNN,5806,1,1,0.7837328652565041
1,42,KNN,7099,1,0,0.3837000103811928
1,42,KNN,8136,1,0,3.3534793131309737e-06
1,42,KNN,4500,0,0,0.1477162294145546
1,42,KNN,8991,1,1,1.0
1,42,KNN,6280,1,0,0.3333332087939842
1,42,KNN,9465,1,0,0.4670031044315684
1,42,KNN,4405,1,1,0.9786319637130387
1,42,KNN,9417,1,1,0.9377593060011827
1,42,KNN,8687,1,1,1.0
1,42,KNN,3211,1,0,0.3999999855316849
1,42,KNN,8458,0,0,0.26593667234461216
1,42,KNN,7490,1,0,0.0
1,42,KNN,8056,1,1,0.8893723629979173
1,42,KNN,5045,0,0,0.0832914693671121
1,42,KNN,7227,1,1,0.5687769407322173
1,42,KNN,3090,1,1,1.0
1,42,KNN,3152,1,1,1.0
1,42,KNN,8313,0,0,0.047750347104475226
1,42,KNN,1181,1,1,1.0
1,42,KNN,2374,1,1,1.0
1,42,KNN,377,1,1,1.0
1,42,KNN,5874,1,1,1.0
1,42,KNN,9090,1,1,0.8379917469586697
1,42,KNN,6632,1,1,1.0
1,42,KNN,5815,0,0,0.4606322841814812
1,42,KNN,5583,0,1,0.5218111031056153
1,42,KNN,6728,0,1,0.7307264119247866
1,42,KNN,3033,1,0,0.5
1,42,KNN,5966,1,1,0.9999986852921551
1,42,KNN,2058,1,1,0.6066253232257675
1,42,KNN,6805,0,0,0.2
1,42,KNN,2500,1,1,0.9413345314761697
1,42,KNN,9465,1,0,0.4670031044315684
1,42,KNN,5611,0,0,0.46993620400265074
1,42,KNN,8925,1,1,1.0
1,42,KNN,3129,1,1,1.0
1,42,KNN,673,1,1,0.7093370295990428
1,42,KNN,6611,1,1,1.0
1,42,KNN,9293,1,1,1.0
1,42,KNN,2959,1,1,1.0
1,42,KNN,6704,1,1,1.0
1,42,KNN,3858,1,0,0.37229994764180574
1,42,KNN,129,0,1,0.6080060446139014
1,42,KNN,2449,1,1,0.8904953079136458
1,42,KNN,3852,0,1,0.6074839876486942
1,42,KNN,7148,1,1,1.0
1,42,KNN,4644,0,0,0.0
1,42,KNN,2711,1,1,1.0
1,42,KNN,2346,1,1,1.0
1,42,KNN,4645,0,0,6.963546654224479e-07
1,42,KNN,8188,1,1,0.8759145334570092
1,42,KNN,9380,1,1,1.0
1,42,KNN,5682,0,0,0.46794583718014415
1,42,KNN,2277,1,1,0.9999999214048338
1,42,KNN,8360,0,0,0.25
1,42,KNN,8624,1,1,1.0
1,42,KNN,1190,1,1,0.9572023231606411
1,42,KNN,5882,1,0,0.3333333333333333
1,42,KNN,2474,1,1,0.9315839822013049
1,42,KNN,7571,0,1,1.0
1,42,KNN,447,1,1,0.9437335401180947
1,42,KNN,3046,1,1,1.0
1,42,KNN,4539,1,1,1.0
1,42,KNN,2711,1,1,0.9999998305969221
1,42,KNN,9198,1,1,1.0
1,42,KNN,2979,1,1,1.0
1,42,KNN,7595,1,1,1.0
1,42,KNN,3721,0,1,0.7317752120824663
1,42,KNN,4932,1,1,0.999999902288944
1,42,KNN,6196,1,1,0.9413338380325652
1,42,KNN,2788,0,1,0.9999979040002793
1,42,KNN,4269,0,0,0.5
1,42,KNN,1893,0,0,0.19999994171922134
1,42,KNN,8051,1,1,0.9411432593134641
1,42,KNN,293,1,1,1.0
1,42,KNN,6645,1,1,0.877734054948253
1,42,KNN,8832,1,1,1.0
1,42,KNN,4494,0,0,0.16347174381684085
1,42,KNN,9401,1,1,1.0
1,42,KNN,4281,1,1,1.0
1,42,KNN,1933,1,1,1.0
1,42,KNN,5138,1,1,0.879432481587096
1,42,KNN,4492,0,0,0.0
1,42,KNN,2349,1,1,1.0
1,42,KNN,5743,0,0,0.3415563650837218
1,42,KNN,5905,1,1,1.0
1,42,KNN,7679,1,1,0.91467986196133
1,42,KNN,1465,1,1,0.9034742629997171
1,42,KNN,7524,1,1,1.0
1,42,KNN,1060,1,1,1.0
1,42,KNN,8589,1,1,0.9410875929636493
1,42,KNN,3296,1,1,1.0
1,42,KNN,2573,1,1,0.9785404537028946
1,42,KNN,6786,1,1,1.0
1,42,KNN,6923,1,1,1.0
1,42,KNN,328,1,1,1.0
1,42,KNN,7524,1,1,1.0
1,42,KNN,6408,1,1,1.0
1,42,KNN,9544,1,1,1.0
1,42,KNN,5375,0,0,0.0
1,42,KNN,4645,0,0,6.963546654224479e-07
1,42,KNN,7802,0,0,0.2995116024584647
1,42,KNN,4593,1,1,1.0
1,42,KNN,6534,1,1,0.8789441389420201
1,42,KNN,1878,1,1,1.0
1,42,KNN,6301,1,0,0.2500000849019889
1,42,KNN,3887,1,1,0.8069369428620666
1,42,KNN,7101,1,1,1.0
1,42,KNN,5706,0,1,0.8010140578877998
1,42,KNN,5391,0,0,0.0
1,42,KNN,3543,1,1,1.0
1,42,RF,6912,1,1,0.9994385986630354
1,42,RF,694,1,1,0.8171177933903295
1,42,RF,8954,1,1,0.9530868030792091
1,42,RF,3928,1,0,0.33554034314653586
1,42,RF,7410,1,1,0.713023941731031
1,42,RF,4487,0,0,0.22881150379532147
1,42,RF,4782,1,1,1.0
1,42,RF,3774,0,1,0.7095680712980474
1,42,RF,7322,0,0,0.0029425757114759817
1,42,RF,5105,0,0,0.15725345456588855
1,42,RF,1540,1,1,0.9260108380924073
1,42,RF,7818,0,1,0.7520272540493076
1,42,RF,8568,1,1,0.9621655311833596
1,42,RF,3416,1,0,0.32609932692282034
1,42,RF,645,1,1,0.5881222291003861
1,42,RF,7185,1,0,0.002205856616593681
1,42,RF,5045,0,0,0.26344540981812814
1,42,RF,5501,0,0,0.2083247826548181
1,42,RF,5451,0,1,0.6065323579100689
1,42,RF,4331,0,0,0.2356167882536768
1,42,RF,2426,1,1,0.8142309776287214
1,42,RF,1746,1,1,0.9565475581766383
1,42,RF,5461,0,0,0.20331148572217572
1,42,RF,5819,0,0,0.24860850759670253
1,42,RF,5368,0,1,0.8113262170506396
1,42,RF,4495,0,0,0.13481170512999385
1,42,RF,5401,0,0,0.3402834545730643
1,42,RF,8712,1,1,0.8448671389383435
1,42,RF,7185,1,0,0.002205856616593681
1,42,RF,1540,1,1,0.9260108380924073
1,42,RF,7819,0,1,0.5835979163913317
1,42,RF,6682,1,0,0.210765614396859
1,42,RF,8419,0,0,0.14191687224982713
1,42,RF,1852,0,0,0.13678591770890455
1,42,RF,2474,1,1,0.8425166407386138
1,42,RF,9534,1,1,0.9288701998064639
1,42,RF,1206,1,1,0.9655107989446171
1,42,RF,2967,1,1,0.9168027995759401
1,42,RF,972,1,1,0.8568529416090851
1,42,RF,9573,1,1,0.9571643398155737
1,42,RF,8907,1,1,0.8002109569965402
1,42,RF,3376,0,0,0.14364179713046543
1,42,RF,4670,1,1,0.9985375178437518
1,42,RF,7980,0,0,0.40684304523507175
1,42,RF,2188,1,1,0.7172053845179653
1,42,RF,6824,1,0,0.19982701375281295
1,42,RF,9146,1,1,0.8414671557622018
1,42,RF,3733,0,1,0.6661066791370256
1,42,RF,8804,1,1,0.7970745934570913
1,42,RF,3981,0,1,0.6627855186217475
1,42,RF,4704,1,1,0.9558773316761645
1,42,RF,9401,1,1,0.9982773099573135
1,42,RF,489,1,1,0.6115837357994873
1,42,RF,611,1,1,0.906357921532464
1,42,RF,4532,1,1,0.9884309139159347
1,42,RF,6280,1,0,0.12839802586851964
1,42,RF,4626,1,1,0.894647410957004
1,42,RF,4995,0,0,0.4075723890187941
1,42,RF,570,1,1,0.9540527283803997
1,42,RF,1388,1,1,0.6439051621088181
1,42,RF,7703,0,0,0.12432796095871773
1,42,RF,7554,1,1,0.9368795802612752
1,42,RF,5503,0,1,0.5269916511065408
1,42,RF,6131,1,1,0.994525678173448
1,42,RF,8089,1,1,0.839008156338928
1,42,RF,3434,0,0,0.18123817584949575
1,42,RF,3688,1,1,0.7884028056199485
1,42,RF,8429,0,0,0.31090590745226077
1,42,RF,6267,1,1,0.761032932973202
1,42,RF,8468,0,0,0.20013409295410903
1,42,RF,814,1,1,0.8743245016059649
1,42,RF,5963,1,1,0.9404344076517128
1,42,RF,1029,0,0,0.17117796857814482
1,42,RF,7670,1,0,0.4350587637826658
1,42,RF,2924,1,1,0.9373200897710254
1,42,RF,2337,1,1,0.9323494871836644
1,42,RF,3365,1,1,0.9772646549269711
1,42,RF,4208,0,0,0.17079272585204397
1,42,RF,4119,1,1,0.9987513432460929
1,42,RF,3336,1,1,0.9992127082577721
1,42,RF,5130,0,1,0.5379870832214396
1,42,RF,7453,1,1,0.9570603257604194
1,42,RF,1584,1,1,0.9622826471027086
1,42,RF,5118,0,1,0.5505801984698
1,42,RF,8803,1,1,0.5094252737445641
1,42,RF,4995,0,0,0.4075723890187941
1,42,RF,8269,1,1,0.9790469156518179
1,42,RF,1969,1,1,0.9932180643069589
1,42,RF,2478,0,0,0.372455830035916
1,42,RF,5505,0,0,0.3220202324048451
1,42,RF,7890,0,0,0.3642737822940358
1,42,RF,8290,0,0,0.31833754061243974
1,42,RF,9301,1,1,0.9381556811652045
1,42,RF,8875,1,1,0.9671072312836
1,42,RF,9541,1,1,0.9218043946241485
1,42,RF,2999,1,1,0.9573337222466209
1,42,RF,1840,1,1,0.9380033897904099
1,42,RF,5018,0,0,0.3559211988059864
1,42,RF,4495,0,0,0.13481170512999385
1,42,RF,4269,0,0,0.3411656156676385
1,42,RF,2567,1,0,0.09886010994041902
1,42,RF,8870,1,1,0.8615490431310816
1,42,RF,4119,1,1,0.9987513432460929
1,42,RF,3620,1,1,0.9762963709843231
1,42,RF,3090,1,1,0.9243130708746695
1,42,RF,5348,0,0,0.31027242077012557
1,42,RF,7604,0,1,0.7501752462747625
1,42,RF,2474,1,1,0.8425166407386138
1,42,RF,8370,0,0,0.26295741727810634
1,42,RF,2449,1,1,0.8770183331676756
1,42,RF,1402,1,1,0.9903437935567354
1,42,RF,5706,0,1,0.631238163237433
1,42,RF,1352,1,1,0.7482015315810545
1,42,RF,2475,1,1,0.7200623688075865
1,42,RF,8823,1,1,0.9728553322118664
1,42,RF,523,1,1,0.6892841143511893
1,42,RF,3356,1,1,0.7917843801569042
1,42,RF,3074,1,0,0.08477908365428015
1,42,RF,1120,1,1,1.0
1,42,RF,8382,0,0,0.013750306010893127
1,42,RF,1405,1,1,0.9444289812944977
1,42,RF,5570,0,1,0.5347534140186728
1,42,RF,8763,1,1,0.8188891750277735
1,42,RF,189,0,0,0.3363716383262313
1,42,RF,5013,0,0,0.25298377022313895
1,42,RF,2373,1,1,0.9004637916705495
1,42,RF,2945,1,1,0.9848832320739604
1,42,RF,7705,0,1,0.57941371985342
1,42,RF,8283,0,1,0.5662703829511828
1,42,RF,3721,0,1,0.7932622165731573
1,42,RF,2022,0,0,0.0830964934942415
1,42,RF,5751,0,1,0.6851717770901512
1,42,RF,4388,0,0,0.12996785656616888
1,42,RF,7395,1,1,0.9957978789165222
1,42,RF,2189,1,1,0.9282152825661872
1,42,RF,4960,0,0,0.3675840828743729
1,42,RF,4231,0,1,0.5984223047018329
1,42,RF,950,1,1,0.9964969865269359
1,42,RF,5014,0,1,0.6009881079608115
1,42,RF,2312,1,1,0.9282331234443834
1,42,RF,4646,1,1,0.8729853235319408
1,42,RF,4316,1,1,0.9844676192455473
1,42,RF,1511,1,1,0.971754972476409
1,42,RF,8571,1,1,0.6743351409904593
1,42,RF,5332,0,0,0.13868323852540398
1,42,RF,2205,1,1,0.686581344171532
1,42,RF,3814,0,1,0.7150751840388437
1,42,RF,3000,1,1,0.9653539060577639
1,42,RF,880,1,1,0.6908420622853012
1,42,RF,8841,1,1,0.9240845359812306
1,42,RF,5786,0,1,0.5790630791328945
1,42,RF,428,1,1,0.7784512935166101
1,42,RF,7524,1,1,0.9323494871836644
1,42,RF,6326,0,0,0.0023986746058415175
1,42,RF,2496,1,1,0.5686046444128331
1,42,RF,279,1,1,0.8269757063004683
1,42,RF,2855,1,1,0.9997625463862874
1,42,RF,1134,1,1,0.9821771722894452
1,42,RF,129,0,1,0.6104927275795723
1,42,RF,7664,0,0,0.2591662794134078
1,42,RF,7264,1,0,0.4628483991096441
1,42,RF,7053,1,1,0.8794940974713874
1,42,RF,1111,1,1,0.9981938922315042
1,42,RF,7980,0,0,0.40684304523507175
1,42,RF,5965,1,0,0.004314032484312281
1,42,RF,1116,1,1,0.9926903032484169
1,42,RF,2586,1,1,0.8159031914060759
1,42,RF,9475,1,1,0.9408647662453451
1,42,RF,1379,1,1,0.9406538827952312
1,42,RF,8748,1,1,0.9603774882985706
1,42,RF,4280,1,1,0.8865128609919515
1,42,RF,9091,1,1,0.9688570933151481
1,42,RF,6534,1,1,0.8546935698238594
1,42,RF,4541,1,1,0.8865621181502865
1,42,RF,5352,0,1,0.7058033663166777
1,42,RF,5962,1,1,0.9610873097734034
1,42,RF,5885,1,1,0.9944164557788675
1,42,RF,328,1,1,0.9821828790906099
1,42,RF,4487,0,0,0.22881150379532147
1,42,RF,6997,1,1,0.7617300921779224
1,42,RF,7793,1,1,0.8777839599544935
1,42,RF,9323,1,1,0.9892286689954285
1,42,RF,2520,1,1,0.9478157898321693
1,42,RF,6780,0,0,0.2204668736857461
1,42,RF,4548,0,1,0.8854007831837204
1,42,RF,9137,1,1,0.9203421561230853
1,42,RF,2030,0,0,0.1286293169830026
1,42,RF,2741,1,0,0.27808019197249806
1,42,RF,3694,1,1,0.9722649127503157
1,42,RF,7492,1,0,0.1574885304792494
1,42,RF,3070,0,0,0.25341477229578635
1,42,RF,7534,1,1,0.9469175945808455
1,42,RF,5502,0,0,0.3684586064409736
1,42,RF,9203,1,1,0.9237334064238576
1,42,RF,7112,1,1,0.9901206850623241
1,42,RF,2250,1,1,0.8828886894705562
1,42,RF,1138,0,0,0.24380306020066725
1,42,RF,5008,0,1,0.849081539409455
1,42,RF,4078,1,1,0.9296667144454233
1,42,RF,6569,1,0,0.2545592721686222
1,42,RF,4157,1,1,0.9584578610489483
1,42,RF,6389,1,1,1.0
1,42,RF,4275,1,1,0.9926449553841273
1,42,RF,4747,0,0,0.3303851247492174
1,42,RF,8687,1,1,0.9034079324711277
1,42,RF,8547,1,1,0.9558135544347753
1,42,RF,611,1,1,0.906357921532464
1,42,RF,9417,1,1,0.9406533042961911
1,42,RF,8840,1,1,0.919193153901646
1,42,RF,8051,1,1,0.9913612400210667
1,42,RF,4834,1,1,0.9534908268656745
1,42,RF,2143,1,1,0.9060999286778868
1,42,RF,5682,0,0,0.3828079194797723
1,42,RF,8081,0,0,0.24510475698327155
1,42,RF,3531,1,0,0.22881150379532147
1,42,RF,340,1,1,0.6716053951392448
1,42,RF,6488,1,1,0.9929565113553379
1,42,RF,7227,1,1,0.6588773500320388
1,42,RF,2990,1,1,0.9211855642215024
1,42,RF,2956,1,1,0.827877238648705
1,42,RF,883,1,1,0.8783774211959876
1,42,RF,5343,0,1,0.6715816770576579
1,42,RF,2337,1,1,0.9323494871836644
1,42,RF,7216,0,0,0.046037800258546285
1,42,RF,8351,0,0,0.06855620360340207
1,42,RF,1,0,0,0.20786299392381477
1,42,RF,3038,1,1,0.9544142505740061
1,42,RF,8338,0,0,0.24945093793766676
1,42,RF,159,1,0,0.2198567748112005
1,42,RF,279,1,1,0.8269757063004683
1,42,RF,990,0,1,0.9747879371004005
1,42,RF,3957,0,0,0.3384361936781321
1,42,RF,2762,1,0,0.3510254481439617
1,42,RF,5927,1,1,0.9170038325004114
1,42,RF,8076,1,1,0.9448381345379875
1,42,RF,291,1,1,0.587648885996463
1,42,RF,8459,0,0,0.2631858563986052
1,42,RF,5498,0,0,0.4037942709593764
1,42,RF,8023,1,1,0.8194930771141385
1,42,RF,3911,0,0,0.42296077311304586
1,42,RF,1720,1,1,0.920048867319354
1,42,RF,5190,0,0,0.3846543386878236
1,42,RF,3375,1,1,0.9406353332995687
1,42,RF,2205,1,1,0.686581344171532
1,42,RF,7883,1,1,0.6029027038482598
1,42,RF,3942,1,1,0.5684505418918261
1,42,RF,3234,1,1,0.979990272695744
1,42,RF,4280,1,1,0.8865128609919515
1,42,RF,9544,1,1,0.9673979128540499
1,42,RF,4545,0,0,0.1499733043682974
1,42,RF,7465,1,1,0.5404685154239884
1,42,RF,5697,0,0,0.30814639880367334
1,42,RF,4956,0,0,0.25582979326942806
1,42,RF,6705,0,0,0.3425453734605642
1,42,RF,8637,1,1,0.9830437490375711
1,42,RF,5389,1,1,0.73278398231265
1,42,RF,5841,1,1,0.8493497468158404
1,42,RF,2654,1,0,0.3363716383262313
1,42,RF,5013,0,0,0.25298377022313895
1,42,RF,5501,0,0,0.2083247826548181
1,42,RF,2226,0,0,0.13481170512999385
1,42,RF,5689,0,0,0.4265740546829156
1,42,RF,2414,1,1,0.9210223579333672
1,42,RF,6780,0,0,0.2204668736857461
1,42,RF,2657,0,0,0.2429915903069288
1,42,RF,784,1,1,1.0
1,42,RF,7136,1,1,0.5416098189694093
1,42,RF,7073,1,0,0.24365353447841734
1,42,RF,7570,1,1,0.9829749248403918
1,42,RF,2802,1,1,0.5871844173967663
1,42,RF,5592,0,0,0.4271988117868561
1,42,RF,7458,1,1,0.9512846647864039
1,42,RF,823,1,1,0.9092388983427544
1,42,RF,4980,0,1,0.758054696244689
1,42,RF,3819,1,1,0.5626744982750268
1,42,RF,4708,0,0,0.301832816368656
1,42,RF,2258,1,1,0.9455717189916474
1,42,RF,7994,0,0,0.38126185531906276
1,42,RF,3849,1,1,0.7167174479455977
1,42,RF,4548,0,1,0.8854007831837204
1,42,RF,5966,1,0,0.24285238536814596
1,42,RF,2199,1,1,0.5383028962896655
1,42,RF,5004,0,1,0.5865839409611019
1,42,RF,7522,1,0,0.3860895487436106
1,42,RF,7176,1,0,0.3906040157242638
1,42,RF,5887,1,1,0.9948100875170448
1,42,RF,2373,1,1,0.9004637916705495
1,42,RF,2512,1,1,0.7543644995543537
1,42,RF,4789,1,1,0.9772646549269711
1,42,RF,2836,1,1,1.0
1,42,RF,4078,1,1,0.9296667144454233
1,42,RF,3718,0,1,0.5819935379250717
1,42,RF,8875,1,1,0.9671072312836
1,42,RF,1379,1,1,0.9406538827952312
1,42,RF,3372,1,1,0.9415754298496349
1,42,RF,2230,1,1,0.8503462624171747
1,42,RF,3745,0,1,0.560619947155404
1,42,RF,4027,1,1,0.9964027489297719
1,42,RF,5368,0,1,0.8113262170506396
1,42,RF,7444,0,0,0.03461341115544813
1,42,RF,7217,0,0,0.10411036018183233
1,42,RF,5957,1,1,0.9907249348058933
1,42,RF,6402,1,1,0.9553395150180105
1,42,RF,4865,1,1,0.9851350414186846
1,42,RF,645,1,1,0.5881222291003861
1,42,RF,6805,0,0,0.13935437397917602
1,42,RF,4276,0,0,0.4675306581807218
1,42,RF,8832,1,1,1.0
1,42,RF,6727,0,0,0.1452334255630714
1,42,RF,2346,1,1,0.9737051890212614
1,42,RF,1685,1,1,0.8934943914057848
1,42,RF,8170,1,1,0.915536549004997
1,42,RF,7136,1,1,0.5416098189694093
1,42,RF,5706,0,1,0.631238163237433
1,42,RF,1172,0,1,0.7247686602628671
1,42,RF,7448,0,0,0.14734069378925194
1,42,RF,7604,0,1,0.7501752462747625
1,42,RF,9109,1,1,0.9206509127260298
1,42,RF,8027,1,1,0.9536333981612952
1,42,RF,2860,1,0,0.18992168231893522
1,42,RF,2929,1,1,0.958458772423403
1,42,RF,8672,1,1,0.9285572116985271
1,42,RF,3569,1,0,0.40054938693273373
1,42,RF,834,1,1,0.9537454121291564
1,42,RF,7703,0,0,0.12432796095871773
1,42,RF,335,1,1,0.5690049191952611
1,42,RF,9162,1,1,0.7918154305311453
1,42,RF,6800,1,1,0.997645486114758
1,42,RF,1772,1,1,0.9234524583399076
1,42,RF,2951,1,0,0.1452097475042698
1,42,RF,2516,1,1,0.9681294326417619
1,42,RF,6740,1,1,0.8112405831690163
1,42,RF,7386,1,1,0.9832113740948885
1,42,RF,3452,1,1,0.981160456684319
1,42,RF,8251,1,1,0.7958201541724916
1,42,RF,5329,0,0,0.07311494942192681
1,42,RF,5375,0,0,0.002205856616593681
1,42,RF,8815,1,1,0.7236176255845242
1,42,RF,2746,1,0,0.17897425710589412
1,42,RF,814,1,1,0.8743245016059649
1,42,RF,4287,1,1,0.9734887967440539
1,42,RF,8687,1,1,0.9034079324711277
1,42,RF,4648,1,1,0.9936284962255474
1,42,RF,2622,0,0,0.013772785580361569
1,42,RF,6588,1,0,0.15461855507693623
1,42,RF,7699,1,1,0.9477290939705072
1,42,RF,8118,1,1,0.7520442831172338
1,42,RF,3011,1,0,0.14970284208046025
1,42,RF,1330,1,1,0.952320358639153
1,42,RF,5112,0,1,0.5156032948691134
1,42,RF,9094,1,1,0.9746972836594019
1,42,RF,5328,0,0,0.1499733043682974
1,42,RF,8081,0,0,0.24510475698327155
1,42,RF,4920,0,0,0.39419727305328245
1,42,RF,4818,1,1,0.9811944020627865
1,42,RF,9550,1,1,0.9745691791714457
1,42,RF,3996,1,1,0.9637994768411187
1,42,RF,8547,1,1,0.9558135544347753
1,42,RF,6669,1,1,0.6546861294929159
1,42,RF,5786,0,1,0.5790630791328945
1,42,RF,457,1,1,0.8282233988738126
1,42,RF,692,1,1,0.8445387748075447
1,42,RF,2506,1,1,0.8846074764854235
1,42,RF,4915,0,0,0.14140348876337425
1,42,RF,4303,0,0,0.24936603221699694
1,42,RF,4895,0,1,0.6015831205723725
1,42,RF,3061,1,0,0.18597220579789706
1,42,RF,4636,1,1,0.9982974373742048
1,42,RF,2547,1,1,0.9311357582342171
1,42,RF,9494,1,1,0.9780430344910911
1,42,RF,6669,1,1,0.6546861294929159
1,42,RF,5519,0,1,0.5554295075167576
1,42,RF,1220,1,1,0.9656804286593872
1,42,RF,7022,1,0,0.2541592419092576
1,42,RF,5336,0,0,0.1521670410111785
1,42,RF,4331,0,0,0.2356167882536768
1,42,RF,2121,1,1,0.8837587558656296
1,42,RF,8496,1,1,0.9104595888599151
1,42,RF,1194,1,1,0.9610873097734034
1,42,RF,7522,1,0,0.3860895487436106
1,42,RF,4665,1,1,0.8747269999929
1,42,RF,4932,1,1,0.8996590037101672
1,42,RF,5011,0,0,0.4932388764305619
1,42,RF,9109,1,1,0.9206509127260298
1,42,RF,6475,1,1,0.9918051420107206
1,42,RF,426,1,1,0.6936566514025558
1,42,RF,5203,0,0,0.24973670035686066
1,42,RF,5743,0,0,0.3292144557842672
1,42,RF,5703,0,1,0.5480512587904018
1,42,RF,8815,1,1,0.7236176255845242
1,42,RF,3315,1,1,0.9550771017312139
1,42,RF,6569,1,0,0.2545592721686222
1,42,RF,7595,1,1,0.704501648665081
1,42,RF,4791,1,1,0.9984415651300412
1,42,RF,5047,1,1,0.8605194953882058
1,42,RF,9131,1,1,0.8385260765830533
1,42,RF,5045,0,0,0.26344540981812814
1,42,RF,1206,1,1,0.9655107989446171
1,42,RF,2765,1,0,0.05474186066870948
1,42,RF,4659,0,0,0.29633676074099596
1,42,RF,5205,0,0,0.4985884608455621
1,42,RF,4524,0,0,0.03408253878253766
1,42,RF,1923,1,1,0.8028655440914423
1,42,RF,8188,1,1,0.8645725303894145
1,42,RF,3400,1,1,0.9548929998908684
1,42,RF,1406,1,1,0.9756925840929688
1,42,RF,6783,1,0,0.4182606795217972
1,42,RF,9529,1,1,0.9068117258315435
1,42,RF,3786,0,1,0.8216653812001806
1,42,RF,810,1,1,0.925739992853148
1,42,RF,7327,1,1,0.9777070159992743
1,42,RF,5336,0,0,0.1521670410111785
1,42,RF,3930,0,1,0.6976146180498596
1,42,RF,8251,1,1,0.7958201541724916
1,42,RF,9117,1,1,0.9343357662985423
1,42,RF,5463,0,0,0.4949346182647241
1,42,RF,4596,0,0,0.010247615682910573
1,42,RF,6889,0,0,0.05423306946153048
1,42,RF,5531,0,1,0.5768414285268645
1,42,RF,4168,0,0,0.04674603383937076
1,42,RF,453,1,1,0.6032609048272669
1,42,RF,8459,0,0,0.2631858563986052
1,42,RF,411,1,1,0.8921279728973918
1,42,RF,2045,1,1,0.9802926412984247
1,42,RF,8581,1,1,0.990850139310171
1,42,RF,9551,1,1,0.7853341700034298
1,42,RF,3343,1,1,0.9968036706639934
1,42,RF,2576,1,1,0.7957827435715515
1,42,RF,4097,1,1,0.9656804286593872
1,42,RF,747,1,1,0.9372792188825915
1,42,RF,1138,0,0,0.24380306020066725
1,42,RF,359,1,1,0.7797122646454706
1,42,RF,8474,0,0,0.222739772800698
1,42,RF,8687,1,1,0.9034079324711277
1,42,RF,5328,0,0,0.1499733043682974
1,42,RF,7185,1,0,0.002205856616593681
1,42,RF,3242,0,0,0.03854855208677602
1,42,RF,9388,1,1,0.9219660944147351
1,42,RF,7571,0,1,0.8997211118573744
1,42,RF,5551,0,0,0.3439333618866173
1,42,RF,4228,0,0,0.24184903804144675
1,42,RF,6480,1,1,0.9996758774227343
1,42,RF,5680,0,0,0.456084883965822
1,42,RF,2029,0,0,0.24501855357665597
1,42,RF,7271,1,1,0.9907446206587883
1,42,RF,7802,0,0,0.37104407316200994
1,42,RF,8946,1,1,0.9515168014181665
1,42,RF,694,1,1,0.8171177933903295
1,42,RF,1943,0,0,0.29842131353235957
1,42,RF,5401,0,0,0.3402834545730643
1,42,RF,5495,1,1,0.5223004891698654
1,42,RF,5838,1,1,0.8846074764854235
1,42,RF,1866,1,0,0.4075187580488261
1,42,RF,4681,1,1,0.9426205258045024
1,42,RF,5179,1,1,0.5502309622213031
1,42,RF,5743,0,0,0.3292144557842672
1,42,RF,4490,0,0,0.06983511196114789
1,42,RF,9386,1,1,0.9112859830527057
1,42,RF,1933,1,1,0.8291442206322719
1,42,RF,2414,1,1,0.9210223579333672
1,42,RF,8207,1,1,0.985765816300542
1,42,RF,2028,1,1,0.9811944020627865
1,42,RF,9288,1,1,0.9662381746177623
1,42,RF,4577,1,1,0.9996704988214922
1,42,RF,4750,0,1,0.6615837552808951
1,42,RF,6250,1,1,0.9322829947896513
1,42,RF,3943,1,1,0.6613260505914382
1,42,RF,5728,0,1,0.7134073862410076
1,42,RF,4418,0,0,0.06855620360340207
1,42,RF,5011,0,0,0.4932388764305619
1,42,RF,3476,1,1,0.8607334903746388
1,42,RF,8946,1,1,0.9515168014181665
1,42,RF,3887,1,1,0.6559405108652006
1,42,RF,1688,1,1,0.9607260533383568
1,42,RF,7994,0,0,0.38126185531906276
1,42,RF,3182,1,1,0.9528548578339453
1,42,RF,4579,1,1,0.9981938922315042
1,42,RF,4593,1,1,0.9967208039202038
1,42,RF,1030,1,1,0.9752330838019766
1,42,RF,4183,1,1,0.9879551714411806
1,42,RF,1500,1,1,0.8565952956920374
1,42,RF,9529,1,1,0.9068117258315435
1,42,RF,9094,1,1,0.9746972836594019
1,42,RF,5965,1,0,0.004314032484312281
1,42,RF,4593,1,1,0.9967208039202038
1,42,RF,1110,1,1,0.9985850923263017
1,42,RF,4138,0,0,0.34541565089368936
1,42,RF,8274,1,1,0.996249506102674
1,42,RF,3971,1,1,0.5707482065128971
1,42,RF,5773,0,0,0.3638660064444574
1,42,RF,768,1,1,0.9575035243326991
1,42,RF,4267,1,1,0.9632569381993192
1,42,RF,5356,0,0,0.2974043466416509
1,42,RF,4748,0,0,0.24768903257306404
1,42,RF,7441,1,0,0.488448185543594
1,42,RF,5130,0,1,0.5379870832214396
1,42,RF,7312,1,1,0.7838640417206486
1,42,RF,5849,1,1,0.9792741014350207
1,42,RF,4905,0,1,0.5711876073442138
1,42,RF,9491,1,1,0.9566678377989595
1,42,RF,6269,1,1,0.9965199518086836
1,42,RF,1919,1,1,0.9989639502023983
1,42,RF,4775,0,1,0.5793006703551139
1,42,RF,2384,1,1,0.753096834504928
1,42,RF,6745,1,1,0.996439894028431
1,42,RF,2385,1,1,0.8058901917816688
1,42,RF,8312,0,0,0.025278694864643837
1,42,RF,8223,0,1,0.7501752462747625
1,42,RF,6211,1,1,0.9957480996560091
1,42,RF,635,1,1,0.9855533221258261
1,42,RF,3556,0,1,0.7033339747843204
1,42,RF,7003,1,1,0.8252869337052098
1,42,RF,3104,1,1,0.9912491010034641
1,42,RF,2508,1,1,0.9040085392480218
1,42,RF,6705,0,0,0.3425453734605642
1,42,RF,3338,1,1,0.9761870627807838
1,42,RF,7458,1,1,0.9512846647864039
1,42,RF,2668,1,1,0.8692699610654561
1,42,RF,3576,0,0,0.40154272975781774
1,42,RF,6997,1,1,0.7617300921779224
1,42,RF,147,0,0,0.33084865368631894
1,42,RF,11,0,1,0.5237314843994785
1,42,RF,4670,1,1,0.9985375178437518
1,42,RF,7796,0,0,0.17050014038386319
1,42,RF,2284,1,1,0.9462338656226545
1,42,RF,8634,1,1,0.8636180113483946
1,42,RF,7234,0,0,0.32131110210687003
1,42,RF,3838,1,1,0.7531561471983597
1,42,RF,1297,0,0,0.13073659874905552
1,42,RF,3038,1,1,0.9544142505740061
1,42,RF,2687,1,1,0.9020475790826396
1,42,RF,4295,1,0,0.4867179467269971
1,42,RF,5105,0,0,0.15725345456588855
1,42,RF,6580,1,0,0.46283047395285776
1,42,RF,4195,1,1,0.9996758774227343
1,42,RF,4827,1,1,0.9625145307450945
1,42,RF,5887,1,1,0.9948100875170448
1,42,RF,4748,0,0,0.24768903257306404
1,42,RF,8036,0,0,0.2161774365874426
1,42,RF,133,1,1,0.7419327481265114
1,42,RF,5433,0,0,0.48231689109393017
1,42,RF,7271,1,1,0.9907446206587883
1,42,RF,9570,1,1,0.9719998035596571
1,42,RF,1630,1,1,0.5966356639747338
1,42,RF,8644,1,1,1.0
1,42,RF,19,0,0,0.14846823768887332
1,42,RF,4801,1,1,0.995629450359303
1,42,RF,5531,0,1,0.5768414285268645
1,42,RF,5373,0,0,0.13678591770890455
1,42,RF,5583,0,0,0.3156661875675335
1,42,RF,6599,1,1,0.9560598134292487
1,42,RF,4075,0,0,0.20228858368856095
1,42,RF,1324,1,1,0.9402868096110201
1,42,RF,4389,0,0,0.242473783617284
1,42,RF,41,0,1,0.6619438483280247
1,42,RF,846,1,1,0.9197646561817066
1,42,RF,8717,1,1,0.9399390081660484
1,42,RF,5710,0,0,0.3708113984585658
1,42,RF,1477,1,1,0.6892686682894592
1,42,RF,7781,0,0,0.10089297641871289
1,42,RF,4303,0,0,0.24936603221699694
1,42,RF,389,1,0,0.4082435599405625
1,42,RF,6743,1,1,0.9973786956908381
1,42,RF,2123,1,1,0.9261206346327632
1,42,RF,3238,1,0,0.21064196898129076
1,42,RF,574,1,1,0.9796993388656459
1,42,RF,8925,1,1,0.9860567913825
1,42,RF,877,1,1,0.9781849292879014
1,42,RF,4865,1,1,0.9851350414186846
1,42,RF,4521,0,0,0.1703992210569996
1,42,RF,4072,0,0,0.04501374727602691
1,42,RF,5640,0,0,0.45319981843485785
1,42,RF,4615,1,1,0.9412246092936145
1,42,RF,8340,0,0,0.13059937600994898
1,42,RF,9519,1,1,0.9419578641011134
1,42,RF,547,1,1,0.9341565945307913
1,42,RF,7750,0,0,0.4365461576903023
1,42,RF,9159,1,1,0.8141898540362286
1,42,RF,5535,0,0,0.2875869501090307
1,42,RF,1060,1,1,0.9221217915058376
1,42,RF,5710,0,0,0.3708113984585658
1,42,RF,2746,1,0,0.17897425710589412
1,42,RF,1109,1,1,0.9995243872634592
1,42,RF,4535,1,1,0.9467087247592034
1,42,RF,4978,0,0,0.4218619323302756
1,42,RF,6617,1,1,0.8822615166183171
1,42,RF,7947,1,0,0.42230148840145615
1,42,RF,6070,1,1,0.9806745294794925
1,42,RF,639,1,1,0.9503969184312295
1,42,RF,9491,1,1,0.9566678377989595
1,42,RF,7570,1,1,0.9829749248403918
1,42,RF,5451,0,1,0.6065323579100689
1,42,RF,6250,1,1,0.9322829947896513
1,42,RF,3990,1,1,0.8493497468158404
1,42,RF,7401,1,1,0.9868299198442275
1,42,RF,2967,1,1,0.9168027995759401
1,42,RF,8378,0,0,0.24380306020066725
1,42,RF,7535,1,1,0.9004637916705495
1,42,RF,7533,1,1,0.7133991501837792
1,42,RF,8413,0,0,0.4981628855170026
1,42,RF,8815,1,1,0.7236176255845242
1,42,RF,5905,1,1,0.9973935938308877
1,42,RF,7245,0,1,0.5793006703551139
1,42,RF,5838,1,1,0.8846074764854235
1,42,RF,8687,1,1,0.9034079324711277
1,42,RF,6437,1,0,0.054580696043116286
1,42,RF,2273,1,1,0.96455360583598
1,42,RF,2384,1,1,0.753096834504928
1,42,RF,1089,1,1,0.881719546703248
1,42,RF,190,1,1,0.6256254831608185
1,42,RF,5374,1,0,0.4075187580488261
1,42,RF,6301,1,0,0.1593444490626635
1,42,RF,6251,1,1,0.9767665619757456
1,42,RF,5773,0,0,0.3638660064444574
1,42,RF,4978,0,0,0.4218619323302756
1,42,RF,2896,1,1,0.886993443701872
1,42,RF,7129,0,1,0.5099326782446241
1,42,RF,9343,1,1,0.9341680910929508
1,42,RF,9543,1,1,0.9926451165758491
1,42,RF,8096,1,1,0.9159022355828615
1,42,RF,1184,0,0,0.3379381517429889
1,42,RF,6605,1,1,0.9934824713540032
1,42,RF,4183,1,1,0.9879551714411806
1,42,RF,3583,1,1,0.7763674538472998
1,42,RF,7886,0,1,0.5911847493771867
1,42,RF,8664,1,1,0.7285437787363631
1,42,RF,3319,1,1,0.7036300264341904
1,42,RF,2897,1,1,0.9169548125664767
1,42,RF,4535,1,1,0.9467087247592034
1,42,RF,4465,1,1,0.9257657430242807
1,42,RF,9539,1,1,0.948682838716157
1,42,RF,6691,1,1,0.9453861177922613
1,42,RF,4336,1,1,0.9752243439876566
1,42,RF,5105,0,0,0.15725345456588855
1,42,RF,7276,1,1,0.9971010498193057
1,42,RF,7455,1,1,0.9074290026122847
1,42,RF,1866,1,0,0.4075187580488261
1,42,RF,9321,1,1,0.9881968300531625
1,42,RF,1893,0,0,0.10411036018183233
1,42,RF,4848,1,1,0.9940587627773145
1,42,RF,2385,1,1,0.8058901917816688
1,42,RF,4801,1,1,0.995629450359303
1,42,RF,7918,0,0,0.3738578773586002
1,42,RF,5552,0,1,0.5136739405129199
1,42,RF,6896,1,1,0.9550654154016756
1,42,RF,3500,1,0,0.02904978057333886
1,42,RF,5743,0,0,0.3292144557842672
1,42,RF,9502,1,1,0.9966930194717432
1,42,RF,9518,1,1,0.8382366516709808
1,42,RF,3538,1,1,0.9237445246878463
1,42,RF,6599,1,1,0.9560598134292487
1,42,RF,6189,1,0,0.1689444696222414
1,42,RF,9204,1,1,0.8750582373898762
1,42,RF,6489,1,1,0.8568214672298988
1,42,RF,741,1,1,0.9237445246878463
1,42,RF,8747,1,1,0.9315876774172355
1,42,RF,16,0,0,0.37183993811713784
1,42,RF,8615,1,1,0.5512735438965718
1,42,RF,4641,0,0,0.019915136445868918
1,42,RF,7554,1,1,0.9368795802612752
1,42,RF,4226,1,1,0.9988028751645358
1,42,RF,4012,1,1,0.832734795334304
1,42,RF,8237,1,1,0.9037587525922721
1,42,RF,513,1,1,0.9750870286881443
1,42,RF,8659,1,1,0.9829613794768801
1,42,RF,7608,0,1,0.834898300250805
1,42,RF,6159,1,0,0.15404780483140032
1,42,RF,814,1,1,0.8743245016059649
1,42,RF,3592,1,0,0.4995875837214649
1,42,RF,5108,0,0,0.36416411039929264
1,42,RF,7664,0,0,0.2591662794134078
1,42,RF,8673,1,1,0.8888494942523092
1,42,RF,6259,1,1,0.9944593925513058
1,42,RF,2228,1,1,0.7701045145392912
1,42,RF,1804,1,1,0.8895671654975401
1,42,RF,2316,1,1,0.8594823337361788
1,42,RF,9042,1,1,0.6641092886055461
1,42,RF,2123,1,1,0.9261206346327632
1,42,RF,39,0,0,0.09131825176257934
1,42,RF,1301,0,0,0.34541565089368936
1,42,RF,8073,1,1,0.9283369298077979
1,42,RF,4597,0,0,0.3054202150490529
1,42,RF,2742,1,0,0.027886545882289622
1,42,RF,433,1,1,0.8128793105816985
1,42,RF,3447,1,1,0.8335600557031551
1,42,RF,4288,1,1,0.9970118980644276
1,42,RF,1840,1,1,0.9380033897904099
1,42,RF,814,1,1,0.8743245016059649
1,42,RF,189,0,0,0.3363716383262313
1,42,RF,1590,1,1,0.8545285868786918
1,42,RF,4654,0,0,0.26030880737348655
1,42,RF,3943,1,1,0.6613260505914382
1,42,RF,2438,1,1,0.9613476982520853
1,42,RF,8188,1,1,0.8645725303894145
1,42,RF,5091,0,0,0.29193154238368113
1,42,RF,6605,1,1,0.9934824713540032
1,42,RF,4596,0,0,0.010247615682910573
1,42,RF,3046,1,1,0.9088910321652045
1,42,RF,5027,0,0,0.47941701730417835
1,42,RF,8571,1,1,0.6743351409904593
1,42,RF,8568,1,1,0.9621655311833596
1,42,RF,1501,1,1,0.7561755402568104
1,42,RF,6702,1,1,0.9942239770107526
1,42,RF,7819,0,1,0.5835979163913317
1,42,RF,4240,1,1,0.9997625463862874
1,42,RF,8912,1,1,0.8666538288682623
1,42,RF,1788,1,1,1.0
1,42,RF,1826,1,1,0.9540190760542044
1,42,RF,7045,0,0,0.02181082223760494
1,42,RF,3074,1,0,0.08477908365428015
1,42,RF,343,1,1,0.7961923105554207
1,42,RF,8602,1,1,0.8319620433605266
1,42,RF,7722,1,1,0.8799930864259575
1,42,RF,2613,1,1,1.0
1,42,RF,621,1,1,0.9438597730715753
1,42,RF,877,1,1,0.9781849292879014
1,42,RF,7773,0,1,0.8721404895331193
1,42,RF,8287,0,0,0.20669599741313402
1,42,RF,7790,1,1,0.9865201585130328
1,42,RF,7622,0,1,0.8318111757685358
1,42,RF,2188,1,1,0.7172053845179653
1,42,RF,7913,0,0,0.2462907124456175
1,42,RF,8474,0,0,0.222739772800698
1,42,RF,7357,1,1,0.5761597515265563
1,42,RF,9168,1,1,0.9531326008357094
1,42,RF,8740,1,1,0.8994137576234061
1,42,RF,336,1,1,0.9553262978971522
1,42,RF,1540,1,1,0.9260108380924073
1,42,RF,9300,1,1,0.9828357669307911
1,42,RF,9519,1,1,0.9419578641011134
1,42,RF,9386,1,1,0.9112859830527057
1,42,RF,5445,0,0,0.4042190489816702
1,42,RF,8443,0,0,0.1533056189621939
1,42,RF,2498,0,1,0.5469864309784807
1,42,RF,9149,1,1,0.947620885359437
1,42,RF,4590,1,1,1.0
1,42,RF,9010,1,1,0.9017770075108952
1,42,RF,9198,1,1,0.9014650866157013
1,42,RF,4946,0,0,0.09178869061298296
1,42,RF,7022,1,0,0.2541592419092576
1,42,RF,1290,0,0,0.019915136445868918
1,42,RF,5848,1,1,0.965501841149072
1,42,RF,3376,0,0,0.14364179713046543
1,42,RF,9318,1,1,0.9723985953078611
1,42,RF,5461,0,0,0.20331148572217572
1,42,RF,728,1,0,0.4842558565525158
1,42,RF,3872,1,0,0.360489856016893
1,42,RF,6275,1,0,0.07031928889137394
1,42,RF,4491,1,1,0.9361733152515335
1,42,RF,7183,0,0,0.1593444490626635
1,42,RF,5383,0,0,0.2645589811376208
1,42,RF,713,1,1,0.9270512970656007
1,42,RF,8627,1,1,0.8922715576903002
1,42,RF,3906,1,1,0.7243969552199063
1,42,RF,5668,0,1,0.7093266935713164
1,42,RF,8458,0,0,0.14754892357979954
1,42,RF,2840,1,1,0.9610630023839352
1,42,RF,6010,0,0,0.13495478777183484
1,42,RF,5039,0,1,0.5510107388409352
1,42,RF,2267,1,1,0.7065219658561362
1,42,RF,4757,1,1,0.9980453450504707
1,42,RF,8018,0,0,0.11870888591159597
1,42,RF,3753,1,1,0.8017863224673027
1,42,RF,6250,1,1,0.9322829947896513
1,42,RF,3033,1,1,0.5279212144024658
1,42,RF,782,1,1,0.779429019653011
1,42,RF,8748,1,1,0.9603774882985706
1,42,RF,3375,1,1,0.9406353332995687
1,42,RF,9494,1,1,0.9780430344910911
1,42,RF,7656,1,1,0.7929230137495071
1,42,RF,2781,1,1,0.9589151151025135
1,42,RF,2930,1,1,0.9740259688416127
1,42,RF,6304,1,1,0.9453701410823827
1,42,RF,7410,1,1,0.713023941731031
1,42,RF,9383,1,1,0.9986675933689555
1,42,RF,2844,1,1,0.9994378148484598
1,42,RF,4548,0,1,0.8854007831837204
1,42,RF,5159,1,1,0.8971186322636452
1,42,RF,7271,1,1,0.9907446206587883
1,42,RF,2511,1,1,0.7901420002674315
1,42,RF,1983,1,1,0.9553395150180105
1,42,RF,5558,0,1,0.5089011874068124
1,42,RF,4298,0,0,0.33518764905108656
1,42,RF,2908,1,1,0.8963096419305145
1,42,RF,5130,0,1,0.5379870832214396
1,42,RF,2190,1,1,0.830645657601686
1,42,RF,8811,1,1,0.9699380630808312
1,42,RF,9544,1,1,0.9673979128540499
1,42,RF,880,1,1,0.6908420622853012
1,42,RF,1579,1,1,0.9630114167639695
1,42,RF,336,1,1,0.9553262978971522
1,42,RF,7790,1,1,0.9865201585130328
1,42,RF,1116,1,1,0.9926903032484169
1,42,RF,7264,1,0,0.4628483991096441
1,42,RF,2058,1,0,0.3014818909663081
1,42,RF,2438,1,1,0.9613476982520853
1,42,RF,1826,1,1,0.9540190760542044
1,42,RF,8946,1,1,0.9515168014181665
1,42,RF,4932,1,1,0.8996590037101672
1,42,RF,4637,0,0,0.16687352759818178
1,42,RF,1168,1,1,0.9929306773564663
1,42,RF,5846,1,0,0.020370255236838428
1,42,RF,11,0,1,0.5237314843994785
1,42,RF,4945,0,0,0.4245074510138668
1,42,RF,7003,1,1,0.8252869337052098
1,42,RF,8325,0,0,0.0032010694662267746
1,42,RF,6848,0,0,0.09690784069291986
1,42,RF,4523,1,1,0.939792974326387
1,42,RF,9334,1,1,0.987257147796506
1,42,RF,4087,1,1,0.6730531004946474
1,42,RF,1297,0,0,0.13073659874905552
1,42,RF,513,1,1,0.9750870286881443
1,42,RF,8817,1,1,0.8180031191777476
1,42,RF,7733,1,1,0.9381760882803276
1,42,RF,290,1,1,0.587648885996463
1,42,RF,9314,1,1,0.9385991700789679
1,42,RF,6318,1,0,0.0036557319036515912
1,42,RF,4879,1,1,0.9609564452896806
1,42,RF,4920,0,0,0.39419727305328245
1,42,RF,6092,1,1,0.9849715096535345
1,42,RF,1878,1,1,0.9724684139145704
1,42,RF,4867,0,0,0.010936502152420537
1,42,RF,5962,1,1,0.9610873097734034
1,42,RF,352,0,1,0.7327366533610119
1,42,RF,9086,1,1,0.8454546739127063
1,42,RF,410,0,0,0.38126185531906276
1,42,RF,4029,0,0,0.2109507572405651
1,42,RF,1664,1,1,0.9719344782615008
1,42,RF,508,1,1,0.6234507121670896
1,42,RF,1689,1,1,0.9466587278957789
1,42,RF,3011,1,0,0.14970284208046025
1,42,RF,7434,1,0,0.43414886531295066
1,42,RF,2030,0,0,0.1286293169830026
1,42,RF,8036,0,0,0.2161774365874426
1,42,RF,6923,1,1,0.9997537255398415
1,42,RF,8946,1,1,0.9515168014181665
1,42,RF,5199,0,0,0.3495786851513502
1,42,RF,371,1,1,0.6248055530380602
1,42,RF,2122,1,1,0.9244638364593147
1,42,RF,2967,1,1,0.9168027995759401
1,42,RF,5394,0,0,0.42924666224800456
1,42,RF,2517,1,1,0.9836201877850521
1,42,RF,3415,1,0,0.45280464748193244
1,42,RF,713,1,1,0.9270512970656007
1,42,RF,2316,1,1,0.8594823337361788
1,42,RF,4093,1,1,0.9873912552927055
1,42,RF,2489,1,0,0.2717404925378945
1,42,RF,430,1,1,0.8567321287000782
1,42,RF,972,1,1,0.8568529416090851
1,42,RF,7535,1,1,0.9004637916705495
1,42,RF,8216,0,0,0.048311610707638335
1,42,RF,7114,1,0,0.49748605922199884
1,42,RF,873,1,1,0.8779959921856242
1,42,RF,7482,0,0,0.3878121008858614
1,42,RF,1359,1,1,0.9773704147221492
1,42,RF,7080,0,0,0.23373026876698702
1,42,RF,6205,1,1,0.9907122319902143
1,42,RF,5249,0,1,0.5554402194212577
1,42,RF,675,1,1,0.9425445195852223
1,42,RF,7458,1,1,0.9512846647864039
1,42,RF,9149,1,1,0.947620885359437
1,42,RF,5894,1,1,0.9967208039202038
1,42,RF,8451,0,0,0.3271762100755812
1,42,RF,4260,1,1,0.9988314074116765
1,42,RF,5281,0,1,0.5523792174158589
1,42,RF,3577,1,1,0.5383028962896655
1,42,RF,1030,1,1,0.9752330838019766
1,42,RF,6611,1,1,0.9769463721398001
1,42,RF,3941,1,1,0.5684505418918261
1,42,RF,6915,1,1,1.0
1,42,RF,7697,1,1,0.8714636905818981
1,42,RF,6092,1,1,0.9849715096535345
1,42,RF,9091,1,1,0.9688570933151481
1,42,RF,7401,1,1,0.9868299198442275
1,42,RF,9581,1,1,0.8469084629995058
1,42,RF,5263,1,1,0.5494249189067183
1,42,RF,3556,0,1,0.7033339747843204
1,42,RF,6599,1,1,0.9560598134292487
1,42,RF,508,1,1,0.6234507121670896
1,42,RF,3901,1,0,0.41280718091702484
1,42,RF,3981,0,1,0.6627855186217475
1,42,RF,8581,1,1,0.990850139310171
1,42,RF,5199,0,0,0.3495786851513502
1,42,RF,8568,1,1,0.9621655311833596
1,42,RF,290,1,1,0.587648885996463
1,42,RF,9146,1,1,0.8414671557622018
1,42,RF,4295,1,0,0.4867179467269971
1,42,RF,1330,1,1,0.952320358639153
1,42,RF,4717,0,0,0.18597220579789706
1,42,RF,3553,1,1,0.8246402682321963
1,42,RF,8698,1,1,0.9896587877276976
1,42,RF,6576,1,1,0.9729121532419639
1,42,RF,4330,0,0,0.32543892661436674
1,42,RF,1746,1,1,0.9565475581766383
1,42,RF,5179,1,1,0.5502309622213031
1,42,RF,9494,1,1,0.9780430344910911
1,42,RF,226,0,1,0.6812372345382438
1,42,RF,8013,0,0,0.33577742523850157
1,42,RF,3218,0,0,0.002205856616593681
1,42,RF,2967,1,1,0.9168027995759401
1,42,RF,9131,1,1,0.8385260765830533
1,42,RF,2522,1,1,0.9860205007444481
1,42,RF,7205,1,0,0.49999975016139714
1,42,RF,5751,0,1,0.6851717770901512
1,42,RF,8251,1,1,0.7958201541724916
1,42,RF,3858,1,0,0.4500890460240401
1,42,RF,3774,0,1,0.7095680712980474
1,42,RF,7642,0,1,0.7349257157620462
1,42,RF,3447,1,1,0.8335600557031551
1,42,RF,8274,1,1,0.996249506102674
1,42,RF,1365,0,0,0.34432493688213645
1,42,RF,8237,1,1,0.9037587525922721
1,42,RF,5283,0,1,0.6073982235572082
1,42,RF,3409,1,1,0.7672535111522056
1,42,RF,6040,1,1,0.9997537255398415
1,42,RF,5641,0,0,0.30710584936628765
1,42,RF,1029,0,0,0.17117796857814482
1,42,RF,2371,1,1,0.8763157932378537
1,42,RF,4439,0,0,0.07285574253352184
1,42,RF,1854,0,0,0.13935528068982525
1,42,RF,4597,0,0,0.3054202150490529
1,42,RF,1983,1,1,0.9553395150180105
1,42,RF,9313,1,1,0.787509239066746
1,42,RF,139,1,1,0.7240820526931114
1,42,RF,6079,1,1,0.8832034868500988
1,42,RF,3319,1,1,0.7036300264341904
1,42,RF,9329,1,1,0.9583620060047774
1,42,RF,6712,1,1,0.9966352358136834
1,42,RF,2477,0,1,0.80444156743368
1,42,RF,5976,0,0,0.2558944273893369
1,42,RF,9207,1,1,0.9864819398207966
1,42,RF,782,1,1,0.779429019653011
1,42,RF,5495,1,1,0.5223004891698654
1,42,RF,7472,1,0,0.3494978913736311
1,42,RF,7218,0,0,0.009580265148199213
1,42,RF,8832,1,1,1.0
1,42,RF,139,1,1,0.7240820526931114
1,42,RF,1093,1,1,0.8112405831690163
1,42,RF,2938,1,1,0.9716015776490114
1,42,RF,5451,0,1,0.6065323579100689
1,42,RF,2741,1,0,0.27808019197249806
1,42,RF,3385,1,1,0.9953389148970126
1,42,RF,1327,1,1,0.9491758383958588
1,42,RF,1350,1,1,0.9132174739499526
1,42,RF,9475,1,1,0.9408647662453451
1,42,RF,2675,1,1,0.9907249348058933
1,42,RF,377,1,1,0.7702180699483497
1,42,RF,5497,0,0,0.2130724689854256
1,42,RF,5625,1,1,0.7593718722619544
1,42,RF,1168,1,1,0.9929306773564663
1,42,RF,5140,1,1,0.9197011502204248
1,42,RF,857,1,1,0.9556878439041041
1,42,RF,5141,1,1,0.9829524702875247
1,42,RF,5592,0,0,0.4271988117868561
1,42,RF,424,1,1,0.7857242573912703
1,42,RF,3438,1,0,0.054580696043116286
1,42,RF,1845,0,1,0.5518356208701984
1,42,RF,4873,1,1,0.9762963709843231
1,42,RF,2673,1,0,0.2911044293763809
1,42,RF,1767,1,1,0.9807861785823551
1,42,RF,1364,1,1,1.0
1,42,RF,5512,1,1,0.7665294895305056
1,42,RF,6588,1,0,0.15461855507693623
1,42,RF,6196,1,1,0.8131442333779164
1,42,RF,9541,1,1,0.9218043946241485
1,42,RF,7918,0,0,0.3738578773586002
1,42,RF,9329,1,1,0.9583620060047774
1,42,RF,5905,1,1,0.9973935938308877
1,42,RF,7781,0,0,0.10089297641871289
1,42,RF,9137,1,1,0.9203421561230853
1,42,RF,4761,0,0,0.22545996542613367
1,42,RF,7327,1,1,0.9777070159992743
1,42,RF,139,1,1,0.7240820526931114
1,42,RF,990,0,1,0.9747879371004005
1,42,RF,556,1,1,0.7705004115561713
1,42,RF,4817,0,0,0.0830964934942415
1,42,RF,7535,1,1,0.9004637916705495
1,42,RF,2754,1,0,0.15835619391244063
1,42,RF,8933,1,1,0.8451968284388636
1,42,RF,8619,1,1,0.8543506210045914
1,42,RF,1671,1,1,0.9929587204446704
1,42,RF,1791,1,1,0.9546280414856904
1,42,RF,3759,1,1,0.6669997909326868
1,42,RF,9314,1,1,0.9385991700789679
1,42,RF,5461,0,0,0.20331148572217572
1,42,RF,2923,1,1,0.9939347574743682
1,42,RF,7148,1,1,0.9971989826741781
1,42,RF,3508,1,1,0.9206675178327833
1,42,RF,3096,1,1,0.9568109028792804
1,42,RF,5827,0,0,0.31797245415174147
1,42,RF,6849,1,0,0.45478298596562977
1,42,RF,1368,1,1,0.9995185549620467
1,42,RF,4810,1,1,1.0
1,42,RF,8294,0,0,0.2081512977267439
1,42,RF,1686,1,1,0.9014202124611179
1,42,RF,8890,1,1,0.901825263042405
1,42,RF,8093,1,1,0.9209455401451844
1,42,RF,3797,0,1,0.5269906693972166
1,42,RF,2910,1,1,0.9529721410131359
1,42,RF,2317,1,1,0.9433059099197199
1,42,RF,211,1,1,0.8109549160962496
1,42,RF,328,1,1,0.9821828790906099
1,42,RF,2349,1,1,0.9296660945372878
1,42,RF,4260,1,1,0.9988314074116765
1,42,RF,4208,0,0,0.17079272585204397
1,42,RF,2480,1,1,0.8881526224296536
1,42,RF,3643,1,1,0.9075684920663641
1,42,RF,621,1,1,0.9438597730715753
1,42,RF,3801,0,0,0.3234881352338214
1,42,RF,1056,1,1,0.9481880650816724
1,42,RF,5047,1,1,0.8605194953882058
1,42,RF,8257,1,1,0.9712295456605269
1,42,RF,7455,1,1,0.9074290026122847
1,42,RF,7992,1,1,0.6702514657309849
1,42,RF,7053,1,1,0.8794940974713874
1,42,RF,8815,1,1,0.7236176255845242
1,42,RF,505,1,1,0.8307156175542717
1,42,RF,9244,1,1,0.9967403347619183
1,42,RF,3792,1,0,0.42869767509446793
1,42,RF,8665,1,1,0.9426034679048962
1,42,RF,3718,0,1,0.5819935379250717
1,42,RF,9005,1,1,0.9004584426404735
1,42,RF,5281,0,1,0.5523792174158589
1,42,RF,3963,0,1,0.6973167547886436
1,42,RF,9313,1,1,0.787509239066746
1,42,RF,9131,1,1,0.8385260765830533
1,42,RF,5571,0,0,0.41686847620094136
1,42,RF,8545,1,1,0.8073751927090143
1,42,RF,6189,1,0,0.1689444696222414
1,42,RF,5945,0,0,0.3363716383262313
1,42,RF,4564,1,1,0.9932326152832737
1,42,RF,7148,1,1,0.9971989826741781
1,42,RF,379,1,1,0.7680928324840899
1,42,RF,3861,1,1,0.5684740370698249
1,42,RF,377,1,1,0.7702180699483497
1,42,RF,661,1,1,0.9132042409163081
1,42,RF,2069,0,0,0.12181251429663648
1,42,RF,8891,1,1,0.9077499020210722
1,42,RF,6225,1,0,0.2552528949997599
1,42,RF,5108,0,0,0.36416411039929264
1,42,RF,5900,1,1,0.9974839886368553
1,42,RF,8112,1,1,0.9704113278735278
1,42,RF,4226,1,1,0.9988028751645358
1,42,RF,3412,1,1,0.713023941731031
1,42,RF,2320,1,1,0.9178149995288023
1,42,RF,1395,1,1,0.9199014689707166
1,42,RF,7509,1,0,0.23042225277119863
1,42,RF,5150,1,1,0.8204127149452141
1,42,RF,9380,1,1,0.9589151151025135
1,42,RF,4615,1,1,0.9412246092936145
1,42,RF,9561,1,1,0.9586179867524633
1,42,RF,5256,0,1,0.750811054028878
1,42,RF,3361,1,1,0.9620987499686041
1,42,RF,140,1,0,0.4231218345964806
1,42,RF,4975,0,0,0.43182771949250837
1,42,RF,9524,1,1,0.9701791777614079
1,42,RF,5231,0,0,0.4056627701234115
1,42,RF,1137,1,1,1.0
1,42,RF,2361,1,1,0.894001118223072
1,42,RF,9491,1,1,0.9566678377989595
1,42,RF,6489,1,1,0.8568214672298988
1,42,RF,4145,0,0,0.12161674715643113
1,42,RF,7057,0,0,0.20669599741313402
1,42,RF,925,1,1,0.9346291152699187
1,42,RF,971,1,1,0.9925359138041422
1,42,RF,1513,1,1,0.99143813995427
1,42,RF,6929,1,1,0.9915523545217836
1,42,RF,6765,1,1,0.9967403347619183
1,42,RF,3270,1,0,0.12628404262127588
1,42,RF,211,1,1,0.8109549160962496
1,42,RF,3011,1,0,0.14970284208046025
1,42,RF,139,1,1,0.7240820526931114
1,42,RF,7264,1,0,0.4628483991096441
1,42,RF,2436,1,1,0.983895653109003
1,42,RF,749,1,1,0.9044100203935921
1,42,RF,7515,1,1,0.9735384430121369
1,42,RF,211,1,1,0.8109549160962496
1,42,RF,6826,1,1,0.987293724045206
1,42,RF,3400,1,1,0.9548929998908684
1,42,RF,4604,1,1,0.9960977905279859
1,42,RF,7877,1,1,0.8842614378271159
1,42,RF,1314,1,1,0.9936284962255474
1,42,RF,9293,1,1,0.9996758774227343
1,42,RF,6596,1,1,0.9042819173474822
1,42,RF,4336,1,1,0.9752243439876566
1,42,RF,5091,0,0,0.29193154238368113
1,42,RF,8665,1,1,0.9426034679048962
1,42,RF,4775,0,1,0.5793006703551139
1,42,RF,8571,1,1,0.6743351409904593
1,42,RF,9010,1,1,0.9017770075108952
1,42,RF,4775,0,1,0.5793006703551139
1,42,RF,4138,0,0,0.34541565089368936
1,42,RF,7697,1,1,0.8714636905818981
1,42,RF,2421,1,1,0.8896030377895656
1,42,RF,4367,0,0,0.4636530778121097
1,42,RF,8566,1,1,0.9621339662613984
1,42,RF,6542,1,1,0.9507340614062336
1,42,RF,5887,1,1,0.9948100875170448
1,42,RF,5140,1,1,0.9197011502204248
1,42,RF,2410,1,1,0.9097429501992319
1,42,RF,8168,0,1,0.6440421191982127
1,42,RF,727,1,1,0.830621354304393
1,42,RF,7635,0,1,0.6072707184103492
1,42,RF,4984,1,1,0.9419827495849681
1,42,RF,403,1,1,0.748740932470365
1,42,RF,4238,0,0,0.07155774254317443
1,42,RF,4665,1,1,0.8747269999929
1,42,RF,2163,1,1,0.9446037504284598
1,42,RF,3221,1,0,0.06855620360340207
1,42,RF,8235,1,1,0.8594190137315807
1,42,RF,7299,1,0,0.3449035379594036
1,42,RF,2058,1,0,0.3014818909663081
1,42,RF,3930,0,1,0.6976146180498596
1,42,RF,4278,1,1,0.9874361582410225
1,42,RF,8231,1,1,0.9621133845297467
1,42,RF,8696,1,1,0.966390867586292
1,42,RF,5841,1,1,0.8493497468158404
1,42,RF,3416,1,0,0.32609932692282034
1,42,RF,7159,1,1,0.9867568005455135
1,42,RF,5568,0,0,0.1910945822119135
1,42,RF,2224,1,1,0.7837637555120831
1,42,RF,3814,0,1,0.7150751840388437
1,42,RF,6543,1,1,0.9446037504284598
1,42,RF,4683,1,1,0.9315387701735525
1,42,RF,9528,1,1,0.7107848173662691
1,42,RF,8545,1,1,0.8073751927090143
1,42,RF,883,1,1,0.8783774211959876
1,42,RF,5561,0,1,0.697876681204483
1,42,RF,5435,0,1,0.627295999495262
1,42,RF,5819,0,0,0.24860850759670253
1,42,RF,9085,1,1,0.9699043976422744
1,42,RF,1346,1,1,0.8744393185268202
1,42,RF,389,1,0,0.4082435599405625
1,42,RF,3290,1,0,0.1146054491928312
1,42,RF,5435,0,1,0.627295999495262
1,42,RF,9066,1,1,0.9145118733202368
1,42,RF,5495,1,1,0.5223004891698654
1,42,RF,1562,1,1,0.6465204509019162
1,42,RF,727,1,1,0.830621354304393
1,42,RF,1858,1,1,0.6615837552808951
1,42,RF,4579,1,1,0.9981938922315042
1,42,RF,2118,1,1,0.8112695855600294
1,42,RF,4516,1,1,0.96455360583598
1,42,RF,8598,1,1,0.8136740833864554
1,42,RF,7316,0,0,0.18742650860409513
1,42,RF,4593,1,1,0.9967208039202038
1,42,RF,2496,1,1,0.5686046444128331
1,42,RF,2027,1,1,0.9832113740948885
1,42,RF,4022,1,1,0.9386451829064621
1,42,RF,6783,1,0,0.4182606795217972
1,42,RF,6805,0,0,0.13935437397917602
1,42,RF,733,1,1,0.9714939038112017
1,42,RF,1464,0,0,0.4365461576903023
1,42,RF,8983,1,1,0.8076689432197531
1,42,RF,7194,1,0,0.147363985445469
1,42,RF,1137,1,1,1.0
1,42,RF,5061,0,0,0.33094398366510197
1,42,RF,6569,1,0,0.2545592721686222
1,42,RF,1034,1,1,0.9522843463162267
1,42,RF,5838,1,1,0.8846074764854235
1,42,RF,8856,1,1,0.9848832320739604
1,42,RF,9546,1,1,1.0
1,42,RF,9168,1,1,0.9531326008357094
1,42,RF,1297,0,0,0.13073659874905552
1,42,RF,7227,1,1,0.6588773500320388
1,42,RF,3796,1,0,0.4720423347510097
1,42,RF,6743,1,1,0.9973786956908381
1,42,RF,5435,0,1,0.627295999495262
1,42,RF,3139,0,0,0.1885680027071344
1,42,RF,5640,0,0,0.45319981843485785
1,42,RF,9388,1,1,0.9219660944147351
1,42,RF,7524,1,1,0.9323494871836644
1,42,RF,9293,1,1,0.9996758774227343
1,42,RF,2389,1,1,0.9401300512073735
1,42,RF,2919,1,1,0.8624957111016326
1,42,RF,1453,1,1,0.8865128609919515
1,42,RF,7120,0,0,0.43604206733790385
1,42,RF,7271,1,1,0.9907446206587883
1,42,RF,5639,0,1,0.5766621374038599
1,42,RF,8890,1,1,0.901825263042405
1,42,RF,4241,0,0,0.20669599741313402
1,42,RF,5389,1,1,0.73278398231265
1,42,RF,6203,1,1,0.9544142505740061
1,42,RF,4827,1,1,0.9625145307450945
1,42,RF,6454,1,1,0.7861835631284214
1,42,RF,8170,1,1,0.915536549004997
1,42,RF,4324,0,0,0.2581555209304715
1,42,RF,5682,0,0,0.3828079194797723
1,42,RF,2312,1,1,0.9282331234443834
1,42,RF,1642,1,1,0.9141642137019828
1,42,RF,4655,1,1,0.9156453105151238
1,42,RF,159,1,0,0.2198567748112005
1,42,RF,7297,0,0,0.123473754042239
1,42,RF,508,1,1,0.6234507121670896
1,42,RF,4774,0,0,0.3373177122336539
1,42,RF,249,1,1,0.6490427753482948
1,42,RF,4630,1,1,0.975782539446719
1,42,RF,4367,0,0,0.4636530778121097
1,42,RF,1168,1,1,0.9929306773564663
1,42,RF,2385,1,1,0.8058901917816688
1,42,RF,1688,1,1,0.9607260533383568
1,42,RF,7056,1,1,0.9903437935567354
1,42,RF,9491,1,1,0.9566678377989595
1,42,RF,9378,1,1,1.0
1,42,RF,5516,1,1,0.6165519652112527
1,42,RF,1397,1,1,0.957376338414455
1,42,RF,8336,0,0,0.0506967339917942
1,42,RF,3166,1,1,0.9653480676408228
1,42,RF,3957,0,0,0.3384361936781321
1,42,RF,6596,1,1,0.9042819173474822
1,42,RF,8388,0,0,0.24755555371129237
1,42,RF,4691,0,0,0.22437898251946564
1,42,RF,5625,1,1,0.7593718722619544
1,42,RF,3814,0,1,0.7150751840388437
1,42,RF,694,1,1,0.8171177933903295
1,42,RF,8054,1,1,0.748903659093012
1,42,RF,5710,0,0,0.3708113984585658
1,42,RF,820,1,1,0.925739992853148
1,42,RF,2100,1,1,0.9987834211872644
1,42,RF,8637,1,1,0.9830437490375711
1,42,RF,2296,1,1,0.6158327829999373
1,42,RF,5495,1,1,0.5223004891698654
1,42,RF,7159,1,1,0.9867568005455135
1,42,RF,8423,0,0,0.052503874413562156
1,42,RF,675,1,1,0.9425445195852223
1,42,RF,2520,1,1,0.9478157898321693
1,42,RF,849,1,1,0.8821595104752028
1,42,RF,7271,1,1,0.9907446206587883
1,42,RF,8319,0,0,0.22250131796550307
1,42,RF,9010,1,1,0.9017770075108952
1,42,RF,1774,1,1,0.6279749258777093
1,42,RF,6070,1,1,0.9806745294794925
1,42,RF,1365,0,0,0.34432493688213645
1,42,RF,3376,0,0,0.14364179713046543
1,42,RF,4491,1,1,0.9361733152515335
1,42,RF,306,1,1,0.5725161849555386
1,42,RF,8417,0,0,0.23775478529143354
1,42,RF,4125,0,0,0.23844836433448058
1,42,RF,7554,1,1,0.9368795802612752
1,42,RF,3972,1,1,0.6007614462433561
1,42,RF,7101,1,1,0.9198917320803257
1,42,RF,7434,1,0,0.43414886531295066
1,42,RF,2897,1,1,0.9169548125664767
1,42,RF,1966,1,1,0.9728992289293132
1,42,RF,6889,0,0,0.05423306946153048
1,42,RF,3104,1,1,0.9912491010034641
1,42,RF,1420,1,1,0.9990605840607836
1,42,RF,2327,1,1,0.953875948537354
1,42,RF,6159,1,0,0.15404780483140032
1,42,RF,4541,1,1,0.8865621181502865
1,42,RF,766,1,1,0.9804076119951786
1,42,RF,799,1,1,0.7859124610433169
1,42,RF,2520,1,1,0.9478157898321693
1,42,RF,3361,1,1,0.9620987499686041
1,42,RF,8051,1,1,0.9913612400210667
1,42,RF,2121,1,1,0.8837587558656296
1,42,RF,3753,1,1,0.8017863224673027
1,42,RF,377,1,1,0.7702180699483497
1,42,RF,4082,1,1,0.9819343329145593
1,42,RF,3526,1,1,0.9940587627773145
1,42,RF,4803,1,1,0.971454821455442
1,42,RF,3372,1,1,0.9415754298496349
1,42,RF,111,0,0,0.20261215330308585
1,42,RF,8951,1,1,0.8616996218656695
1,42,RF,9380,1,1,0.9589151151025135
1,42,RF,336,1,1,0.9553262978971522
1,42,RF,4295,1,0,0.4867179467269971
1,42,RF,4517,1,1,0.9609053260942337
1,42,RF,8257,1,1,0.9712295456605269
1,42,RF,4988,0,0,0.46161694147943244
1,42,RF,668,1,1,0.7640042927824697
1,42,RF,6650,1,1,0.9825675967475469
1,42,RF,1120,1,1,1.0
1,42,RF,4949,0,0,0.05264516198944595
1,42,RF,1388,1,1,0.6439051621088181
1,42,RF,1110,1,1,0.9985850923263017
1,42,RF,4016,1,1,0.9357202664441496
1,42,RF,592,1,1,0.9411674577205832
1,42,RF,532,1,1,0.5573515824853378
1,42,RF,883,1,1,0.8783774211959876
1,42,RF,8125,1,1,0.5279212144024658
1,42,RF,5383,0,0,0.2645589811376208
1,42,RF,5579,0,1,0.7752619916791894
1,42,RF,1297,0,0,0.13073659874905552
1,42,RF,4539,1,1,0.9923769745941271
1,42,RF,2189,1,1,0.9282152825661872
1,42,RF,4722,1,1,0.9568109028792804
1,42,RF,8420,0,0,0.22365948386547893
1,42,RF,3930,0,1,0.6976146180498596
1,42,RF,1500,1,1,0.8565952956920374
1,42,RF,6532,0,0,0.15421824782613744
1,42,RF,7386,1,1,0.9832113740948885
1,42,RF,9318,1,1,0.9723985953078611
1,42,RF,8566,1,1,0.9621339662613984
1,42,RF,1050,1,1,0.952201385003911
1,42,RF,2985,1,1,0.994525678173448
1,42,RF,8223,0,1,0.7501752462747625
1,42,RF,3601,1,1,0.9445296874268854
1,42,RF,533,1,1,0.7811765225958234
1,42,RF,8931,1,1,0.8487902125516971
1,42,RF,2654,1,0,0.3363716383262313
1,42,RF,5667,0,0,0.32331457792335266
1,42,RF,2567,1,0,0.09886010994041902
1,42,RF,4801,1,1,0.995629450359303
1,42,RF,570,1,1,0.9540527283803997
1,42,RF,2316,1,1,0.8594823337361788
1,42,RF,5156,1,1,0.5193795385304789
1,42,RF,8737,1,1,0.9661549723235738
1,42,RF,1483,1,1,0.8167480463707415
1,42,RF,4467,1,1,0.8796936291186196
1,42,RF,8619,1,1,0.8543506210045914
1,42,RF,3093,1,1,0.9945434668303761
1,42,RF,1686,1,1,0.9014202124611179
1,42,RF,9146,1,1,0.8414671557622018
1,42,RF,4145,0,0,0.12161674715643113
1,42,RF,111,0,0,0.20261215330308585
1,42,RF,3034,1,1,0.9826943434749925
1,42,RF,8054,1,1,0.748903659093012
1,42,RF,7912,1,1,0.5207922331145857
1,42,RF,3965,1,1,0.7530656681582226
1,42,RF,1804,1,1,0.8895671654975401
1,42,RF,2058,1,0,0.3014818909663081
1,42,RF,4439,0,0,0.07285574253352184
1,42,RF,4492,0,0,0.002512837991604417
1,42,RF,8081,0,0,0.24510475698327155
1,42,RF,1352,1,1,0.7482015315810545
1,42,RF,2067,0,0,0.10862203317661556
1,42,RF,3928,1,0,0.33554034314653586
1,42,RF,731,1,1,0.9275508088692521
1,42,RF,1254,1,1,0.8753596709213504
1,42,RF,3493,1,1,0.9942028270364611
1,42,RF,111,0,0,0.20261215330308585
1,42,RF,315,1,1,0.7982385220060337
1,42,RF,4494,0,0,0.1364528960457243
1,42,RF,4813,0,0,0.054580696043116286
1,42,RF,4495,0,0,0.13481170512999385
1,42,RF,5387,0,0,0.0830964934942415
1,42,RF,5224,0,0,0.05265458360549209
1,42,RF,5241,0,0,0.3376149730426179
1,42,RF,2537,0,0,0.003639702440619074
1,42,RF,8763,1,1,0.8188891750277735
1,42,RF,4405,1,1,0.9404334544766292
1,42,RF,5957,1,1,0.9907249348058933
1,42,RF,2228,1,1,0.7701045145392912
1,42,RF,2027,1,1,0.9832113740948885
1,42,RF,3125,1,1,0.9575035243326991
1,42,RF,8451,0,0,0.3271762100755812
1,42,RF,2190,1,1,0.830645657601686
1,42,RF,5109,0,0,0.08039075544822243
1,42,RF,9329,1,1,0.9583620060047774
1,42,RF,4,0,0,0.27894879927708455
1,42,RF,6000,1,0,0.12314242303466784
1,42,RF,2475,1,1,0.7200623688075865
1,42,RF,6848,0,0,0.09690784069291986
1,42,RF,8312,0,0,0.025278694864643837
1,42,RF,6037,1,0,0.3214711329015465
1,42,RF,8958,1,1,0.9660328192334073
1,42,RF,8547,1,1,0.9558135544347753
1,42,RF,3292,1,1,0.9832683484951309
1,42,RF,4145,0,0,0.12161674715643113
1,42,RF,6783,1,0,0.4182606795217972
1,42,RF,5827,0,0,0.31797245415174147
1,42,RF,6727,0,0,0.1452334255630714
1,42,RF,4281,1,1,0.9426205258045024
1,42,RF,7115,0,0,0.22793716340347245
1,42,RF,1968,1,1,0.9414290458933485
1,42,RF,2985,1,1,0.994525678173448
1,42,RF,2028,1,1,0.9811944020627865
1,42,RF,5039,0,1,0.5510107388409352
1,42,RF,3928,1,0,0.33554034314653586
1,42,RF,4274,1,1,0.9995288508302648
1,42,RF,5965,1,0,0.004314032484312281
1,42,RF,7697,1,1,0.8714636905818981
1,42,RF,5612,0,1,0.6122707041843145
1,42,RF,5401,0,0,0.3402834545730643
1,42,RF,5640,0,0,0.45319981843485785
1,42,RF,8013,0,0,0.33577742523850157
1,42,RF,1637,1,1,0.9713067455875667
1,42,RF,4025,1,1,0.9152033763637314
1,42,RF,4723,1,1,0.9051335499638934
1,42,RF,3965,1,1,0.7530656681582226
1,42,RF,4753,0,0,0.2982027455699568
1,42,RF,9381,1,1,0.9995288508302648
1,42,RF,1275,1,1,0.9918275987466934
1,42,RF,5203,0,0,0.24973670035686066
1,42,RF,3412,1,1,0.713023941731031
1,42,RF,8976,1,1,0.8542084777707474
1,42,RF,6710,1,1,0.9311357582342171
1,42,RF,6896,1,1,0.9550654154016756
1,42,RF,4145,0,0,0.12161674715643113
1,42,RF,5004,0,1,0.5865839409611019
1,42,RF,1301,0,0,0.34541565089368936
1,42,RF,5332,0,0,0.13868323852540398
1,42,RF,3037,1,1,0.9645951414076518
1,42,RF,7347,1,0,0.23975345748576804
1,42,RF,490,1,1,0.8773840335038918
1,42,RF,4929,1,1,0.9683219630030321
1,42,RF,6796,1,1,0.9493954368586219
1,42,RF,8437,0,0,0.0036557319036515912
1,42,RF,9322,1,1,0.8858167368363395
1,42,RF,4487,0,0,0.22881150379532147
1,42,RF,4025,1,1,0.9152033763637314
1,42,RF,4984,1,1,0.9419827495849681
1,42,RF,8207,1,1,0.985765816300542
1,42,RF,7347,1,0,0.23975345748576804
1,42,RF,4316,1,1,0.9844676192455473
1,42,RF,8185,1,1,0.9636057311967451
1,42,RF,7176,1,0,0.3906040157242638
1,42,RF,9551,1,1,0.7853341700034298
1,42,RF,297,1,1,0.65984010944499
1,42,RF,9197,1,1,0.9667276915141201
1,42,RF,6088,1,1,0.9761728492742691
1,42,RF,8223,0,1,0.7501752462747625
1,42,RF,5502,0,0,0.3684586064409736
1,42,RF,6040,1,1,0.9997537255398415
1,42,RF,8706,1,1,0.7965686242000722
1,42,RF,3343,1,1,0.9968036706639934
1,42,RF,2377,1,1,0.8160116013854156
1,42,RF,5004,0,1,0.5865839409611019
1,42,RF,9539,1,1,0.948682838716157
1,42,RF,4648,1,1,0.9936284962255474
1,42,RF,821,1,1,0.8421589478355392
1,42,RF,5516,1,1,0.6165519652112527
1,42,RF,4785,1,1,0.9761870627807838
1,42,RF,2788,0,0,0.4101976296366653
1,42,RF,4808,1,1,0.9854764812866305
1,42,RF,7615,0,1,0.5539036686678879
1,42,RF,3338,1,1,0.9761870627807838
1,42,RF,6301,1,0,0.1593444490626635
1,42,RF,5156,1,1,0.5193795385304789
1,42,RF,3796,1,0,0.4720423347510097
1,42,RF,8442,0,0,0.2952540038104681
1,42,RF,4492,0,0,0.002512837991604417
1,42,RF,9381,1,1,0.9995288508302648
1,42,RF,8420,0,0,0.22365948386547893
1,42,RF,6573,0,0,0.10071392117306566
1,42,RF,5375,0,0,0.002205856616593681
1,42,RF,1772,1,1,0.9234524583399076
1,42,RF,6569,1,0,0.2545592721686222
1,42,RF,8931,1,1,0.8487902125516971
1,42,RF,1120,1,1,1.0
1,42,RF,2840,1,1,0.9610630023839352
1,42,RF,4450,1,1,0.9576917967672637
1,42,RF,950,1,1,0.9964969865269359
1,42,RF,6543,1,1,0.9446037504284598
1,42,RF,6588,1,0,0.15461855507693623
1,42,RF,2487,0,0,0.3620398480048006
1,42,RF,7478,1,0,0.3249337470775391
1,42,RF,7099,1,0,0.3735423285851155
1,42,RF,1671,1,1,0.9929587204446704
1,42,RF,6015,1,0,0.15108916440228665
1,42,RF,8726,1,1,0.9273888729799995
1,42,RF,2446,1,1,0.897070944079539
1,42,RF,9131,1,1,0.8385260765830533
1,42,RF,3971,1,1,0.5707482065128971
1,42,RF,97,0,0,0.2509931378719124
1,42,RF,9056,1,1,0.930685107440015
1,42,RF,2028,1,1,0.9811944020627865
1,42,RF,6181,0,0,0.060063542651238484
1,42,RF,6543,1,1,0.9446037504284598
1,42,RF,2744,1,0,0.019915136445868918
1,42,RF,1780,1,1,0.9926945083482976
1,42,RF,9386,1,1,0.9112859830527057
1,42,RF,3131,1,1,0.99733638048012
1,42,RF,8600,1,1,0.9372972266229541
1,42,RF,8413,0,0,0.4981628855170026
1,42,RF,754,1,1,0.8397837932991056
1,42,RF,3270,1,0,0.12628404262127588
1,42,RF,5894,1,1,0.9967208039202038
1,42,RF,6743,1,1,0.9973786956908381
1,42,RF,3070,0,0,0.25341477229578635
1,42,RF,8571,1,1,0.6743351409904593
1,42,RF,5108,0,0,0.36416411039929264
1,42,RF,7552,1,1,0.8721837048246247
1,42,RF,2484,1,1,0.6673686633859979
1,42,RF,4324,0,0,0.2581555209304715
1,42,RF,7184,1,1,0.9322514798082854
1,42,RF,731,1,1,0.9275508088692521
1,42,RF,6389,1,1,1.0
1,42,RF,5108,0,0,0.36416411039929264
1,42,RF,4016,1,1,0.9357202664441496
1,42,RF,411,1,1,0.8921279728973918
1,42,RF,5352,0,1,0.7058033663166777
1,42,RF,3385,1,1,0.9953389148970126
1,42,RF,6803,1,1,0.9412246092936145
1,42,RF,6719,1,1,0.8264050702499257
1,42,RF,849,1,1,0.8821595104752028
1,42,RF,9551,1,1,0.7853341700034298
1,42,RF,8670,1,1,0.7246050454415096
1,42,RF,8443,0,0,0.1533056189621939
1,42,RF,4920,0,0,0.39419727305328245
1,42,RF,352,0,1,0.7327366533610119
1,42,RF,2500,1,1,0.7980901054268591
1,42,RF,6842,1,0,0.2945947871726649
1,42,RF,8360,0,0,0.13708489682836628
1,42,RF,5155,1,1,0.8701195055321578
1,42,RF,8338,0,0,0.24945093793766676
1,42,RF,8681,1,1,0.980002390810428
1,42,RF,7802,0,0,0.37104407316200994
1,42,RF,5806,1,1,0.9472794872283987
1,42,RF,639,1,1,0.9503969184312295
1,42,RF,6269,1,1,0.9965199518086836
1,42,RF,2029,0,0,0.24501855357665597
1,42,RF,2162,1,1,0.7917423517652487
1,42,RF,9323,1,1,0.9892286689954285
1,42,RF,1402,1,1,0.9903437935567354
1,42,RF,5498,0,0,0.4037942709593764
1,42,RF,8712,1,1,0.8448671389383435
1,42,RF,2377,1,1,0.8160116013854156
1,42,RF,3515,1,0,0.026327896793626075
1,42,RF,641,1,1,0.908610979652814
1,42,RF,9383,1,1,0.9986675933689555
1,42,RF,4545,0,0,0.1499733043682974
1,42,RF,1088,1,1,0.9336758678539262
1,42,RF,9570,1,1,0.9719998035596571
1,42,RF,3135,1,1,0.9687775344096626
1,42,RF,1194,1,1,0.9610873097734034
1,42,RF,7883,1,1,0.6029027038482598
1,42,RF,3070,0,0,0.25341477229578635
1,42,RF,1226,1,1,0.9247479845562622
1,42,RF,8815,1,1,0.7236176255845242
1,42,RF,5328,0,0,0.1499733043682974
1,42,RF,2295,0,0,0.31991580923508
1,42,RF,7918,0,0,0.3738578773586002
1,42,RF,7510,1,0,0.27290323651431253
1,42,RF,4256,0,0,0.2558944273893369
1,42,RF,2836,1,1,1.0
1,42,RF,1308,1,1,0.8901148335478613
1,42,RF,2273,1,1,0.96455360583598
1,42,RF,5108,0,0,0.36416411039929264
1,42,RF,8468,0,0,0.20013409295410903
1,42,RF,7647,0,1,0.7755682615968538
1,42,RF,1919,1,1,0.9989639502023983
1,42,RF,3364,1,1,0.9310984199339165
1,42,RF,1716,1,1,0.984222858328568
1,42,RF,226,0,1,0.6812372345382438
1,42,RF,2374,1,1,0.9463390210611784
1,42,RF,1036,0,0,0.44732898152159917
1,42,RF,4770,0,0,0.08233812450492829
1,42,RF,5894,1,1,0.9967208039202038
1,42,RF,8108,1,1,0.9794072425154795
1,42,RF,2055,0,0,0.10466404849342154
1,42,RF,9094,1,1,0.9746972836594019
1,42,RF,8468,0,0,0.20013409295410903
1,42,RF,5730,0,0,0.3592602447415475
1,42,RF,5838,1,1,0.8846074764854235
1,42,RF,1373,1,1,0.9967652395892986
1,42,RF,6796,1,1,0.9493954368586219
1,42,RF,3152,1,1,0.9829613794768801
1,42,RF,8976,1,1,0.8542084777707474
1,42,RF,9529,1,1,0.9068117258315435
1,42,RF,3569,1,0,0.40054938693273373
1,42,RF,6850,1,0,0.45478298596562977
1,42,RF,424,1,1,0.7857242573912703
1,42,RF,7159,1,1,0.9867568005455135
1,42,RF,2731,1,1,0.9946043988708686
1,42,RF,2687,1,1,0.9020475790826396
1,42,RF,641,1,1,0.908610979652814
1,42,RF,8664,1,1,0.7285437787363631
1,42,RF,8993,1,1,0.928788535035699
1,42,RF,6368,1,0,0.31838752134462145
1,42,RF,3688,1,1,0.7884028056199485
1,42,RF,7790,1,1,0.9865201585130328
1,42,RF,6225,1,0,0.2552528949997599
1,42,RF,8673,1,1,0.8888494942523092
1,42,RF,6529,1,0,0.03461341115544813
1,42,RF,4545,0,0,0.1499733043682974
1,42,RF,2355,1,1,0.8192267094718325
1,42,RF,1271,1,1,0.9830437490375711
1,42,RF,2271,0,0,0.12397824903016096
1,42,RF,1098,0,0,0.16587613024195508
1,42,RF,7699,1,1,0.9477290939705072
1,42,RF,8471,0,1,0.5496605616577391
1,42,RF,2897,1,1,0.9169548125664767
1,42,RF,3787,1,1,0.6363651971302146
1,42,RF,1878,1,1,0.9724684139145704
1,42,RF,5374,1,0,0.4075187580488261
1,42,RF,1656,1,1,0.9752243439876566
1,42,RF,2919,1,1,0.8624957111016326
1,42,RF,8934,1,1,0.9060275532464992
1,42,RF,4236,1,1,0.7772618267019007
1,42,RF,672,1,1,0.9258047514755655
1,42,RF,5957,1,1,0.9907249348058933
1,42,RF,9386,1,1,0.9112859830527057
1,42,RF,9323,1,1,0.9892286689954285
1,42,RF,8370,0,0,0.26295741727810634
1,42,RF,7533,1,1,0.7133991501837792
1,42,RF,3037,1,1,0.9645951414076518
1,42,RF,8200,0,0,0.2969513895868045
1,42,RF,3383,1,1,0.9789219375296289
1,42,RF,7472,1,0,0.3494978913736311
1,42,RF,846,1,1,0.9197646561817066
1,42,RF,9146,1,1,0.8414671557622018
1,42,RF,3672,1,1,0.9791115132260861
1,42,RF,5008,0,1,0.849081539409455
1,42,RF,9300,1,1,0.9828357669307911
1,42,RF,6669,1,1,0.6546861294929159
1,42,RF,6010,0,0,0.13495478777183484
1,42,RF,3131,1,1,0.99733638048012
1,42,RF,5548,1,1,0.8966851762754879
1,42,RF,1131,0,0,0.20228858368856095
1,42,RF,8818,1,1,0.9653432731899173
1,42,RF,7095,1,1,0.9724295062723398
1,42,RF,6728,0,0,0.40609715275751307
1,42,RF,9529,1,1,0.9068117258315435
1,42,RF,4235,0,0,0.11486831051237008
1,42,RF,4238,0,0,0.07155774254317443
1,42,RF,2506,1,1,0.8846074764854235
1,42,RF,2362,1,1,0.9233423144046639
1,42,RF,8251,1,1,0.7958201541724916
1,42,RF,4840,1,1,0.8607334903746388
1,42,RF,1349,1,1,0.8870934525806237
1,42,RF,3292,1,1,0.9832683484951309
1,42,RF,8891,1,1,0.9077499020210722
1,42,RF,1364,1,1,1.0
1,42,RF,9380,1,1,0.9589151151025135
1,42,RF,4775,0,1,0.5793006703551139
1,42,RF,6777,0,0,0.24380306020066725
1,42,RF,1621,1,1,0.8183099024588932
1,42,RF,7750,0,0,0.4365461576903023
1,42,RF,7371,0,0,0.35900742337638236
1,42,RF,3182,1,1,0.9528548578339453
1,42,RF,4078,1,1,0.9296667144454233
1,42,RF,505,1,1,0.8307156175542717
1,42,RF,7492,1,0,0.1574885304792494
1,42,RF,2028,1,1,0.9811944020627865
1,42,RF,1297,0,0,0.13073659874905552
1,42,RF,9561,1,1,0.9586179867524633
1,42,RF,133,1,1,0.7419327481265114
1,42,RF,728,1,0,0.4842558565525158
1,42,RF,3238,1,0,0.21064196898129076
1,42,RF,1104,1,1,0.9948100875170448
1,42,RF,1915,0,0,0.12628404262127588
1,42,RF,480,1,1,0.8046775007270086
1,42,RF,8283,0,1,0.5662703829511828
1,42,RF,506,1,1,0.8885840203805898
1,42,RF,4644,0,0,0.09634938245548925
1,42,RF,6889,0,0,0.05423306946153048
1,42,RF,557,1,1,0.7972702855047558
1,42,RF,4715,1,1,0.9014202124611179
1,42,RF,3902,0,1,0.6590001035419403
1,42,RF,8216,0,0,0.048311610707638335
1,42,RF,2693,1,1,0.9648592006358808
1,42,RF,1464,0,0,0.4365461576903023
1,42,RF,6713,1,1,0.9966352358136834
1,42,RF,3093,1,1,0.9945434668303761
1,42,RF,3865,1,1,0.62589247792616
1,42,RF,3576,0,0,0.40154272975781774
1,42,RF,6727,0,0,0.1452334255630714
1,42,RF,6000,1,0,0.12314242303466784
1,42,RF,4238,0,0,0.07155774254317443
1,42,RF,5101,0,1,0.7058033663166777
1,42,RF,2317,1,1,0.9433059099197199
1,42,RF,2824,1,1,0.9079778519491751
1,42,RF,430,1,1,0.8567321287000782
1,42,RF,149,1,1,0.5940638476003067
1,42,RF,5389,1,1,0.73278398231265
1,42,RF,3033,1,1,0.5279212144024658
1,42,RF,1513,1,1,0.99143813995427
1,42,RF,6016,1,0,0.17069942651592185
1,42,RF,5841,1,1,0.8493497468158404
1,42,RF,3995,1,1,0.9752330838019766
1,42,RF,4517,1,1,0.9609053260942337
1,42,RF,9541,1,1,0.9218043946241485
1,42,RF,8659,1,1,0.9829613794768801
1,42,RF,7637,0,0,0.3369994446998619
1,42,RF,7637,0,0,0.3369994446998619
1,42,RF,2604,1,1,0.9967403347619183
1,42,RF,2910,1,1,0.9529721410131359
1,42,RF,9449,1,1,0.8638396503876854
1,42,RF,3596,1,1,0.5009699396224047
1,42,RF,2799,1,0,0.11403041512164636
1,42,RF,4895,0,1,0.6015831205723725
1,42,RF,3296,1,1,0.9170698152855462
1,42,RF,7347,1,0,0.23975345748576804
1,42,RF,4491,1,1,0.9361733152515335
1,42,RF,5600,0,1,0.855862068758425
1,42,RF,4534,0,0,0.05911632460176827
1,42,RF,2759,1,0,0.09634938245548925
1,42,RF,8114,1,1,0.9101206348930517
1,42,RF,5155,1,1,0.8701195055321578
1,42,RF,5332,0,0,0.13868323852540398
1,42,RF,5107,1,1,0.9091216718609832
1,42,RF,6015,1,0,0.15108916440228665
1,42,RF,5848,1,1,0.965501841149072
1,42,RF,5659,0,0,0.24261308609003918
1,42,RF,3855,1,1,0.8183856043913407
1,42,RF,398,1,1,0.7562983837068172
1,42,RF,5547,0,1,0.7945244135279143
1,42,RF,1870,1,1,0.9127487398351949
1,42,RF,8274,1,1,0.996249506102674
1,42,RF,9422,1,1,0.9740382883089229
1,42,RF,4960,0,0,0.3675840828743729
1,42,RF,1821,1,1,0.9989973181013112
1,42,RF,39,0,0,0.09131825176257934
1,42,RF,2438,1,1,0.9613476982520853
1,42,RF,3493,1,1,0.9942028270364611
1,42,RF,6575,0,0,0.01590556291129811
1,42,RF,6015,1,0,0.15108916440228665
1,42,RF,4626,1,1,0.894647410957004
1,42,RF,1947,0,0,0.05254477901651847
1,42,RF,8721,1,1,0.6265970147407323
1,42,RF,4322,0,0,0.49748605922199884
1,42,RF,4645,0,0,0.14372059356213046
1,42,RF,3026,1,1,0.9542041363369936
1,42,RF,8659,1,1,0.9829613794768801
1,42,RF,9311,1,1,0.9748847160278226
1,42,RF,4119,1,1,0.9987513432460929
1,42,RF,2693,1,1,0.9648592006358808
1,42,RF,3409,1,1,0.7672535111522056
1,42,RF,820,1,1,0.925739992853148
1,42,RF,3063,1,0,0.04709427299413083
1,42,RF,7371,0,0,0.35900742337638236
1,42,RF,8565,1,1,0.8663425684356397
1,42,RF,3930,0,1,0.6976146180498596
1,42,RF,6402,1,1,0.9553395150180105
1,42,RF,3858,1,0,0.4500890460240401
1,42,RF,7679,1,1,0.9053403364620293
1,42,RF,1582,1,1,0.8435415284465926
1,42,RF,2668,1,1,0.8692699610654561
1,42,RF,3061,1,0,0.18597220579789706
1,42,RF,3928,1,0,0.33554034314653586
1,42,RF,2276,1,1,0.9659088585836072
1,42,RF,9136,1,1,0.9518258067664
1,42,RF,5011,0,0,0.4932388764305619
1,42,RF,1464,0,0,0.4365461576903023
1,42,RF,4565,1,1,0.9649556624393117
1,42,RF,3838,1,1,0.7531561471983597
1,42,RF,2999,1,1,0.9573337222466209
1,42,RF,5573,0,1,0.503407392159047
1,42,RF,4593,1,1,0.9967208039202038
1,42,RF,8951,1,1,0.8616996218656695
1,42,RF,4501,0,1,0.6108086163168185
1,42,RF,2368,1,1,0.9579518837600469
1,42,RF,8602,1,1,0.8319620433605266
1,42,RF,8930,1,1,0.7201681783764116
1,42,RF,2190,1,1,0.830645657601686
1,42,RF,4940,0,0,0.40221898529577593
1,42,RF,5573,0,1,0.503407392159047
1,42,RF,5780,0,0,0.22579502363111903
1,42,RF,3943,1,1,0.6613260505914382
1,42,RF,9541,1,1,0.9218043946241485
1,42,RF,2517,1,1,0.9836201877850521
1,42,RF,371,1,1,0.6248055530380602
1,42,RF,1169,1,1,0.9432694366719666
1,42,RF,3801,0,0,0.3234881352338214
1,42,RF,8451,0,0,0.3271762100755812
1,42,RF,4683,1,1,0.9315387701735525
1,42,RF,7197,0,0,0.00359457005309029
1,42,RF,6682,1,0,0.210765614396859
1,42,RF,6864,1,1,0.9888450790137177
1,42,RF,6588,1,0,0.15461855507693623
1,42,RF,3672,1,1,0.9791115132260861
1,42,RF,4810,1,1,1.0
1,42,RF,3560,1,0,0.13140886864391374
1,42,RF,5516,1,1,0.6165519652112527
1,42,RF,7076,1,1,0.9653539060577639
1,42,RF,8566,1,1,0.9621339662613984
1,42,RF,8358,0,0,0.0462006027427679
1,42,RF,1053,1,1,0.9883761577983248
1,42,RF,2609,1,1,0.9946492652725502
1,42,RF,3207,1,0,0.13935528068982525
1,42,RF,7344,1,0,0.2574334202350165
1,42,RF,4803,1,1,0.971454821455442
1,42,RF,4240,1,1,0.9997625463862874
1,42,RF,6190,1,1,0.8499834780519342
1,42,RF,8252,1,1,0.8165214712808195
1,42,RF,5517,0,0,0.28663789000719897
1,42,RF,1854,0,0,0.13935528068982525
1,42,RF,2414,1,1,0.9210223579333672
1,42,RF,1365,0,0,0.34432493688213645
1,42,RF,8351,0,0,0.06855620360340207
1,42,RF,5730,0,0,0.3592602447415475
1,42,RF,533,1,1,0.7811765225958234
1,42,RF,2741,1,0,0.27808019197249806
1,42,RF,3409,1,1,0.7672535111522056
1,42,RF,7335,1,1,0.9799079693234024
1,42,RF,7465,1,1,0.5404685154239884
1,42,RF,3038,1,1,0.9544142505740061
1,42,RF,7750,0,0,0.4365461576903023
1,42,RF,673,1,1,0.6032906017677463
1,42,RF,2754,1,0,0.15835619391244063
1,42,RF,426,1,1,0.6936566514025558
1,42,RF,4087,1,1,0.6730531004946474
1,42,RF,5290,0,1,0.6548599631110388
1,42,RF,5036,1,1,0.7445214506438285
1,42,RF,4659,0,0,0.29633676074099596
1,42,RF,610,1,1,0.8515517193648197
1,42,RF,7115,0,0,0.22793716340347245
1,42,RF,5728,0,1,0.7134073862410076
1,42,RF,6192,0,0,0.20115849096480232
1,42,RF,4338,0,0,0.03897014442343377
1,42,RF,3493,1,1,0.9942028270364611
1,42,RF,3942,1,1,0.5684505418918261
1,42,RF,41,0,1,0.6619438483280247
1,42,RF,7344,1,0,0.2574334202350165
1,42,RF,9320,1,1,0.9277490099745868
1,42,RF,3746,0,0,0.171217877461886
1,42,RF,5091,0,0,0.29193154238368113
1,42,RF,4722,1,1,0.9568109028792804
1,42,RF,7510,1,0,0.27290323651431253
1,42,RF,5611,0,0,0.28677365147103323
1,42,RF,7509,1,0,0.23042225277119863
1,42,RF,8423,0,0,0.052503874413562156
1,42,RF,1582,1,1,0.8435415284465926
1,42,RF,5806,1,1,0.9472794872283987
1,42,RF,7099,1,0,0.3735423285851155
1,42,RF,8136,1,1,0.621923848073858
1,42,RF,4500,0,0,0.19279817710051933
1,42,RF,8991,1,1,0.9884899653817346
1,42,RF,6280,1,0,0.12839802586851964
1,42,RF,9465,1,1,0.9356835513665708
1,42,RF,4405,1,1,0.9404334544766292
1,42,RF,9417,1,1,0.9406533042961911
1,42,RF,8687,1,1,0.9034079324711277
1,42,RF,3211,1,0,0.2532345180442179
1,42,RF,8458,0,0,0.14754892357979954
1,42,RF,7490,1,0,0.1844732976134821
1,42,RF,8056,1,1,0.882293883682521
1,42,RF,5045,0,0,0.26344540981812814
1,42,RF,7227,1,1,0.6588773500320388
1,42,RF,3090,1,1,0.9243130708746695
1,42,RF,3152,1,1,0.9829613794768801
1,42,RF,8313,0,0,0.04652954730431552
1,42,RF,1181,1,1,0.9907249348058933
1,42,RF,2374,1,1,0.9463390210611784
1,42,RF,377,1,1,0.7702180699483497
1,42,RF,5874,1,1,0.9722410986072205
1,42,RF,9090,1,1,0.9075335791151389
1,42,RF,6632,1,1,0.860422679310207
1,42,RF,5815,0,1,0.5071676401198559
1,42,RF,5583,0,0,0.3156661875675335
1,42,RF,6728,0,0,0.40609715275751307
1,42,RF,3033,1,1,0.5279212144024658
1,42,RF,5966,1,0,0.24285238536814596
1,42,RF,2058,1,0,0.3014818909663081
1,42,RF,6805,0,0,0.13935437397917602
1,42,RF,2500,1,1,0.7980901054268591
1,42,RF,9465,1,1,0.9356835513665708
1,42,RF,5611,0,0,0.28677365147103323
1,42,RF,8925,1,1,0.9860567913825
1,42,RF,3129,1,1,0.9613409521399053
1,42,RF,673,1,1,0.6032906017677463
1,42,RF,6611,1,1,0.9769463721398001
1,42,RF,9293,1,1,0.9996758774227343
1,42,RF,2959,1,1,0.99143813995427
1,42,RF,6704,1,1,0.9878018095354807
1,42,RF,3858,1,0,0.4500890460240401
1,42,RF,129,0,1,0.6104927275795723
1,42,RF,2449,1,1,0.8770183331676756
1,42,RF,3852,0,1,0.5743268277534521
1,42,RF,7148,1,1,0.9971989826741781
1,42,RF,4644,0,0,0.09634938245548925
1,42,RF,2711,1,1,0.8923835462962368
1,42,RF,2346,1,1,0.9737051890212614
1,42,RF,4645,0,0,0.14372059356213046
1,42,RF,8188,1,1,0.8645725303894145
1,42,RF,9380,1,1,0.9589151151025135
1,42,RF,5682,0,0,0.3828079194797723
1,42,RF,2277,1,1,0.916494684360503
1,42,RF,8360,0,0,0.13708489682836628
1,42,RF,8624,1,1,0.9284679325920829
1,42,RF,1190,1,1,0.9005246900198404
1,42,RF,5882,1,0,0.18022906705803024
1,42,RF,2474,1,1,0.8425166407386138
1,42,RF,7571,0,1,0.8997211118573744
1,42,RF,447,1,1,0.8811340508841247
1,42,RF,3046,1,1,0.9088910321652045
1,42,RF,4539,1,1,0.9923769745941271
1,42,RF,2711,1,1,0.8923835462962368
1,42,RF,9198,1,1,0.9014650866157013
1,42,RF,2979,1,1,0.9858442506764244
1,42,RF,7595,1,1,0.704501648665081
1,42,RF,3721,0,1,0.7932622165731573
1,42,RF,4932,1,1,0.8996590037101672
1,42,RF,6196,1,1,0.8131442333779164
1,42,RF,2788,0,0,0.4101976296366653
1,42,RF,4269,0,0,0.3411656156676385
1,42,RF,1893,0,0,0.10411036018183233
1,42,RF,8051,1,1,0.9913612400210667
1,42,RF,293,1,1,0.8411867819090877
1,42,RF,6645,1,1,0.899874697996463
1,42,RF,8832,1,1,1.0
1,42,RF,4494,0,0,0.1364528960457243
1,42,RF,9401,1,1,0.9982773099573135
1,42,RF,4281,1,1,0.9426205258045024
1,42,RF,1933,1,1,0.8291442206322719
1,42,RF,5138,1,1,0.8655503969784505
1,42,RF,4492,0,0,0.002512837991604417
1,42,RF,2349,1,1,0.9296660945372878
1,42,RF,5743,0,0,0.3292144557842672
1,42,RF,5905,1,1,0.9973935938308877
1,42,RF,7679,1,1,0.9053403364620293
1,42,RF,1465,1,1,0.8797986002576899
1,42,RF,7524,1,1,0.9323494871836644
1,42,RF,1060,1,1,0.9221217915058376
1,42,RF,8589,1,1,0.8805882710996206
1,42,RF,3296,1,1,0.9170698152855462
1,42,RF,2573,1,1,0.9198937959620531
1,42,RF,6786,1,1,0.8925032803324164
1,42,RF,6923,1,1,0.9997537255398415
1,42,RF,328,1,1,0.9821828790906099
1,42,RF,7524,1,1,0.9323494871836644
1,42,RF,6408,1,1,0.9772646549269711
1,42,RF,9544,1,1,0.9673979128540499
1,42,RF,5375,0,0,0.002205856616593681
1,42,RF,4645,0,0,0.14372059356213046
1,42,RF,7802,0,0,0.37104407316200994
1,42,RF,4593,1,1,0.9967208039202038
1,42,RF,6534,1,1,0.8546935698238594
1,42,RF,1878,1,1,0.9724684139145704
1,42,RF,6301,1,0,0.1593444490626635
1,42,RF,3887,1,1,0.6559405108652006
1,42,RF,7101,1,1,0.9198917320803257
1,42,RF,5706,0,1,0.631238163237433
1,42,RF,5391,0,0,0.32777141322931574
1,42,RF,3543,1,1,0.9446037504284598
1,42,ET,6912,1,1,0.9992437887118101
1,42,ET,694,1,1,0.7818104381263699
1,42,ET,8954,1,1,0.9542694099924823
1,42,ET,3928,1,0,0.3102845221150655
1,42,ET,7410,1,0,0.3702451475557446
1,42,ET,4487,0,0,0.21607423213925983
1,42,ET,4782,1,1,1.0
1,42,ET,3774,0,1,0.7419782104802272
1,42,ET,7322,0,0,0.0003772275114704558
1,42,ET,5105,0,0,0.11422871378931267
1,42,ET,1540,1,1,0.9491071107530528
1,42,ET,7818,0,1,0.6435583432424503
1,42,ET,8568,1,1,0.9428627396367538
1,42,ET,3416,1,0,0.23151186113410413
1,42,ET,645,1,1,0.5551583626763763
1,42,ET,7185,1,0,0.0006630571296562205
1,42,ET,5045,0,0,0.23531125219039603
1,42,ET,5501,0,0,0.028144446832676577
1,42,ET,5451,0,1,0.6853335796372204
1,42,ET,4331,0,0,0.20032707434322683
1,42,ET,2426,1,1,0.945340161271496
1,42,ET,1746,1,1,0.9794013590257018
1,42,ET,5461,0,0,0.18964167925877706
1,42,ET,5819,0,0,0.2513745169842334
1,42,ET,5368,0,1,0.7755357561536406
1,42,ET,4495,0,0,0.11833330976755439
1,42,ET,5401,0,0,0.25772587920063184
1,42,ET,8712,1,1,0.8895736555382543
1,42,ET,7185,1,0,0.0006630571296562205
1,42,ET,1540,1,1,0.9491071107530528
1,42,ET,7819,0,1,0.5948144460970252
1,42,ET,6682,1,0,0.09208171780455023
1,42,ET,8419,0,0,0.12656924531380256
1,42,ET,1852,0,0,0.12031408994756225
1,42,ET,2474,1,1,0.8292581099470777
1,42,ET,9534,1,1,0.9348529988069917
1,42,ET,1206,1,1,0.9638111818377378
1,42,ET,2967,1,1,0.9720966696071146
1,42,ET,972,1,1,0.9268690689145587
1,42,ET,9573,1,1,0.9806574300784179
1,42,ET,8907,1,1,0.8014589490216469
1,42,ET,3376,0,0,0.016429309539158145
1,42,ET,4670,1,1,0.9974784255090925
1,42,ET,7980,0,0,0.1831500344069
1,42,ET,2188,1,1,0.8054166235097654
1,42,ET,6824,1,0,0.07416890426640903
1,42,ET,9146,1,1,0.8724275849888863
1,42,ET,3733,0,1,0.7288637079290428
1,42,ET,8804,1,1,0.8324681803389162
1,42,ET,3981,0,1,0.6900900348552901
1,42,ET,4704,1,1,0.9818418910674385
1,42,ET,9401,1,1,0.9982206398709458
1,42,ET,489,1,0,0.4902914955520293
1,42,ET,611,1,1,0.9469568082931717
1,42,ET,4532,1,1,0.9992913786357115
1,42,ET,6280,1,0,0.10685054507362036
1,42,ET,4626,1,1,0.7935288797520008
1,42,ET,4995,0,0,0.4059888586656543
1,42,ET,570,1,1,0.9692135127776981
1,42,ET,1388,1,1,0.7067634633169556
1,42,ET,7703,0,0,0.050781503122094854
1,42,ET,7554,1,1,0.9679754497970549
1,42,ET,5503,0,0,0.40027437734167837
1,42,ET,6131,1,1,0.992172734693523
1,42,ET,8089,1,1,0.8438543126781606
1,42,ET,3434,0,0,0.19940696801287563
1,42,ET,3688,1,1,0.838513960723254
1,42,ET,8429,0,0,0.26599817396184416
1,42,ET,6267,1,1,0.8806585489441033
1,42,ET,8468,0,0,0.26116818100368927
1,42,ET,814,1,1,0.9615808833184907
1,42,ET,5963,1,1,0.9724043743264833
1,42,ET,1029,0,0,0.14361087480738657
1,42,ET,7670,1,0,0.2431835385834069
1,42,ET,2924,1,1,0.9831868213996837
1,42,ET,2337,1,1,0.9772330739007515
1,42,ET,3365,1,1,0.963669518834135
1,42,ET,4208,0,0,0.16679979144845336
1,42,ET,4119,1,1,0.9996218943559051
1,42,ET,3336,1,1,1.0
1,42,ET,5130,0,1,0.5175439191787622
1,42,ET,7453,1,1,0.9612397979368819
1,42,ET,1584,1,1,0.9790385232436758
1,42,ET,5118,0,1,0.6334251078799134
1,42,ET,8803,1,1,0.5004389812519979
1,42,ET,4995,0,0,0.4059888586656543
1,42,ET,8269,1,1,0.9956226328688234
1,42,ET,1969,1,1,1.0
1,42,ET,2478,0,0,0.37998868834455884
1,42,ET,5505,0,0,0.33241505071134353
1,42,ET,7890,0,0,0.3646264799131562
1,42,ET,8290,0,0,0.18973460615575802
1,42,ET,9301,1,1,0.9471590400422055
1,42,ET,8875,1,1,0.9780512630743502
1,42,ET,9541,1,1,0.9462077131702754
1,42,ET,2999,1,1,0.985643844716348
1,42,ET,1840,1,1,0.9724994465403849
1,42,ET,5018,0,0,0.14959640807691257
1,42,ET,4495,0,0,0.11833330976755439
1,42,ET,4269,0,0,0.2944668627218787
1,42,ET,2567,1,0,0.07997508345987943
1,42,ET,8870,1,1,0.9117333818588436
1,42,ET,4119,1,1,0.9996218943559051
1,42,ET,3620,1,1,0.9930483946231844
1,42,ET,3090,1,1,0.9651022812986573
1,42,ET,5348,0,0,0.26232863266549494
1,42,ET,7604,0,1,0.808259899415025
1,42,ET,2474,1,1,0.8292581099470777
1,42,ET,8370,0,0,0.1873833607740196
1,42,ET,2449,1,1,0.9377557262726753
1,42,ET,1402,1,1,0.9927096548261934
1,42,ET,5706,0,1,0.6495391533436463
1,42,ET,1352,1,1,0.7973767658974223
1,42,ET,2475,1,1,0.709708497599651
1,42,ET,8823,1,1,0.9915012511541617
1,42,ET,523,1,1,0.6672101763578114
1,42,ET,3356,1,1,0.8707358129081456
1,42,ET,3074,1,0,0.011323589732914042
1,42,ET,1120,1,1,1.0
1,42,ET,8382,0,0,0.0055204845885589325
1,42,ET,1405,1,1,0.9294555738989994
1,42,ET,5570,0,1,0.6040391412252735
1,42,ET,8763,1,1,0.8083966517269816
1,42,ET,189,0,0,0.3022609990237999
1,42,ET,5013,0,0,0.13359651326693778
1,42,ET,2373,1,1,0.9569448940869612
1,42,ET,2945,1,1,0.9967276998132866
1,42,ET,7705,0,1,0.5883056218519223
1,42,ET,8283,0,0,0.4812519968375148
1,42,ET,3721,0,1,0.7621066152325542
1,42,ET,2022,0,0,0.05357375295262429
1,42,ET,5751,0,1,0.574018255902917
1,42,ET,4388,0,0,0.10164327948863884
1,42,ET,7395,1,1,0.9986739245936105
1,42,ET,2189,1,1,0.9908941081632845
1,42,ET,4960,0,0,0.23320750958604605
1,42,ET,4231,0,1,0.5703826864011551
1,42,ET,950,1,1,0.9985065356042543
1,42,ET,5014,0,0,0.4265683132152478
1,42,ET,2312,1,1,0.876602759503201
1,42,ET,4646,1,1,0.9557496749518799
1,42,ET,4316,1,1,0.9955829849143941
1,42,ET,1511,1,1,0.9503048479505507
1,42,ET,8571,1,1,0.7483102530722316
1,42,ET,5332,0,0,0.11441529235348648
1,42,ET,2205,1,1,0.7315224507299521
1,42,ET,3814,0,1,0.738327656154996
1,42,ET,3000,1,1,0.9925608608220676
1,42,ET,880,1,1,0.7672910396477555
1,42,ET,8841,1,1,0.9095922363260135
1,42,ET,5786,0,1,0.6281644924181771
1,42,ET,428,1,1,0.6970507673634769
1,42,ET,7524,1,1,0.9772330739007515
1,42,ET,6326,0,0,0.0015748703350141869
1,42,ET,2496,1,1,0.5712851881178431
1,42,ET,279,1,1,0.9635324884907479
1,42,ET,2855,1,1,0.9996218943559051
1,42,ET,1134,1,1,0.9926776423460922
1,42,ET,129,0,1,0.6160870380597432
1,42,ET,7664,0,0,0.26983191180748756
1,42,ET,7264,1,0,0.4268302440885352
1,42,ET,7053,1,1,0.955572825176949
1,42,ET,1111,1,1,0.9824260108744163
1,42,ET,7980,0,0,0.1831500344069
1,42,ET,5965,1,0,0.00040048113650261694
1,42,ET,1116,1,1,0.9959982170627949
1,42,ET,2586,1,1,0.9417855339839617
1,42,ET,9475,1,1,0.8988600843083309
1,42,ET,1379,1,1,0.9586398425381383
1,42,ET,8748,1,1,0.9743965160642472
1,42,ET,4280,1,1,0.9801994279263245
1,42,ET,9091,1,1,0.9516636929954337
1,42,ET,6534,1,1,0.8288965317642764
1,42,ET,4541,1,1,0.9657443671951159
1,42,ET,5352,0,1,0.586302591047539
1,42,ET,5962,1,1,0.9882328512842312
1,42,ET,5885,1,1,0.9972350865268157
1,42,ET,328,1,1,0.9898922436185057
1,42,ET,4487,0,0,0.21607423213925983
1,42,ET,6997,1,1,0.7911569163872059
1,42,ET,7793,1,1,0.959700262117779
1,42,ET,9323,1,1,0.9966665646141846
1,42,ET,2520,1,1,0.9852556587366689
1,42,ET,6780,0,0,0.12778489856785635
1,42,ET,4548,0,1,0.8860971058387493
1,42,ET,9137,1,1,0.9382897490599836
1,42,ET,2030,0,0,0.10493209729233448
1,42,ET,2741,1,0,0.22799599288091746
1,42,ET,3694,1,1,0.9925197841323786
1,42,ET,7492,1,0,0.20247469299545315
1,42,ET,3070,0,0,0.21392296652550194
1,42,ET,7534,1,1,0.9901376219997585
1,42,ET,5502,0,0,0.4066951526020233
1,42,ET,9203,1,1,0.9334065688669297
1,42,ET,7112,1,1,0.9991741811296998
1,42,ET,2250,1,1,0.9029211936431585
1,42,ET,1138,0,0,0.1775832073309909
1,42,ET,5008,0,1,0.8216477884201885
1,42,ET,4078,1,1,0.9778282445626364
1,42,ET,6569,1,0,0.18849827850260725
1,42,ET,4157,1,1,0.9868886798636566
1,42,ET,6389,1,1,1.0
1,42,ET,4275,1,1,0.9938478640137828
1,42,ET,4747,0,0,0.2989048411773744
1,42,ET,8687,1,1,0.9439384350614887
1,42,ET,8547,1,1,0.9782048328903855
1,42,ET,611,1,1,0.9469568082931717
1,42,ET,9417,1,1,0.8972439792308529
1,42,ET,8840,1,1,0.9398197548557553
1,42,ET,8051,1,1,0.9755353752874706
1,42,ET,4834,1,1,0.9471193676934043
1,42,ET,2143,1,1,0.9503294536979785
1,42,ET,5682,0,0,0.33149347633519705
1,42,ET,8081,0,0,0.15423491035069622
1,42,ET,3531,1,0,0.21607423213925983
1,42,ET,340,1,1,0.5488693398481597
1,42,ET,6488,1,1,0.9986568603213843
1,42,ET,7227,1,1,0.6030416025973684
1,42,ET,2990,1,1,0.9934870201286105
1,42,ET,2956,1,1,0.841883320276026
1,42,ET,883,1,1,0.9065424859564712
1,42,ET,5343,0,1,0.6169799658942491
1,42,ET,2337,1,1,0.9772330739007515
1,42,ET,7216,0,0,0.011857284945338128
1,42,ET,8351,0,0,0.010773934149434995
1,42,ET,1,0,0,0.14379011249410653
1,42,ET,3038,1,1,0.9752873249128666
1,42,ET,8338,0,0,0.17946117519132535
1,42,ET,159,1,0,0.11365960761868026
1,42,ET,279,1,1,0.9635324884907479
1,42,ET,990,0,1,0.9873963780516397
1,42,ET,3957,0,0,0.10685447404291633
1,42,ET,2762,1,0,0.2811926610396461
1,42,ET,5927,1,1,0.9316176338589233
1,42,ET,8076,1,1,0.9785920098279997
1,42,ET,291,1,1,0.5660029951698123
1,42,ET,8459,0,0,0.2254225915921393
1,42,ET,5498,0,0,0.4655382906809264
1,42,ET,8023,1,1,0.928798141017991
1,42,ET,3911,0,0,0.3771002555121751
1,42,ET,1720,1,1,0.9876881678263337
1,42,ET,5190,0,0,0.395445715667215
1,42,ET,3375,1,1,0.9079781473792115
1,42,ET,2205,1,1,0.7315224507299521
1,42,ET,7883,1,1,0.7218560946553241
1,42,ET,3942,1,0,0.48223648973272953
1,42,ET,3234,1,1,0.987287307059318
1,42,ET,4280,1,1,0.9801994279263245
1,42,ET,9544,1,1,0.989686593271312
1,42,ET,4545,0,0,0.1019277270566913
1,42,ET,7465,1,1,0.5352951120304085
1,42,ET,5697,0,0,0.2974222772423103
1,42,ET,4956,0,0,0.18143126790954567
1,42,ET,6705,0,0,0.25995929814850444
1,42,ET,8637,1,1,0.9968660074165635
1,42,ET,5389,1,1,0.7125438126824546
1,42,ET,5841,1,1,0.9847188455197692
1,42,ET,2654,1,0,0.3022609990237999
1,42,ET,5013,0,0,0.13359651326693778
1,42,ET,5501,0,0,0.028144446832676577
1,42,ET,2226,0,0,0.11833330976755439
1,42,ET,5689,0,0,0.3948598377951721
1,42,ET,2414,1,1,0.9621055125317721
1,42,ET,6780,0,0,0.12778489856785635
1,42,ET,2657,0,0,0.10348020982784371
1,42,ET,784,1,1,1.0
1,42,ET,7136,1,0,0.4515195903286594
1,42,ET,7073,1,0,0.03178687373976178
1,42,ET,7570,1,1,0.989184206225279
1,42,ET,2802,1,1,0.6418811287304645
1,42,ET,5592,0,0,0.4335265895590838
1,42,ET,7458,1,1,0.9948731160616181
1,42,ET,823,1,1,0.9696787419464972
1,42,ET,4980,0,1,0.7610707744284405
1,42,ET,3819,1,1,0.5740500559608237
1,42,ET,4708,0,0,0.2906851166650773
1,42,ET,2258,1,1,0.9558787643178384
1,42,ET,7994,0,0,0.3519529591020367
1,42,ET,3849,1,1,0.7380662481576878
1,42,ET,4548,0,1,0.8860971058387493
1,42,ET,5966,1,0,0.23678038796993478
1,42,ET,2199,1,1,0.6166597225011298
1,42,ET,5004,0,1,0.5113031430956325
1,42,ET,7522,1,0,0.27154553395727365
1,42,ET,7176,1,0,0.41208414274387073
1,42,ET,5887,1,1,0.9775808042384113
1,42,ET,2373,1,1,0.9569448940869612
1,42,ET,2512,1,1,0.951533519136169
1,42,ET,4789,1,1,0.963669518834135
1,42,ET,2836,1,1,0.9997551802112506
1,42,ET,4078,1,1,0.9778282445626364
1,42,ET,3718,0,1,0.5096998288080574
1,42,ET,8875,1,1,0.9780512630743502
1,42,ET,1379,1,1,0.9586398425381383
1,42,ET,3372,1,1,0.9427685832595405
1,42,ET,2230,1,1,0.8850554933335916
1,42,ET,3745,0,1,0.5509985085366058
1,42,ET,4027,1,1,0.9997421574676095
1,42,ET,5368,0,1,0.7755357561536406
1,42,ET,7444,0,0,0.003252289499772801
1,42,ET,7217,0,0,0.09187857215102391
1,42,ET,5957,1,1,0.9977787773555816
1,42,ET,6402,1,1,0.9629296386365424
1,42,ET,4865,1,1,0.9982787546772894
1,42,ET,645,1,1,0.5551583626763763
1,42,ET,6805,0,0,0.09736529988192182
1,42,ET,4276,0,0,0.4043882749946249
1,42,ET,8832,1,1,0.9949553476021504
1,42,ET,6727,0,0,0.09617958356220334
1,42,ET,2346,1,1,0.9886669246135564
1,42,ET,1685,1,1,0.9497527031953528
1,42,ET,8170,1,1,0.9729053529470917
1,42,ET,7136,1,0,0.4515195903286594
1,42,ET,5706,0,1,0.6495391533436463
1,42,ET,1172,0,1,0.7703529124729745
1,42,ET,7448,0,0,0.10163584917712482
1,42,ET,7604,0,1,0.808259899415025
1,42,ET,9109,1,1,0.9861850912605759
1,42,ET,8027,1,1,0.9798525315228404
1,42,ET,2860,1,0,0.128763751361532
1,42,ET,2929,1,1,0.9844773108574555
1,42,ET,8672,1,1,0.9219392708815282
1,42,ET,3569,1,0,0.35452586250460605
1,42,ET,834,1,1,0.9747526167402436
1,42,ET,7703,0,0,0.050781503122094854
1,42,ET,335,1,1,0.6354142281232147
1,42,ET,9162,1,1,0.8228187144885164
1,42,ET,6800,1,1,0.9954670754553023
1,42,ET,1772,1,1,0.9453246839419327
1,42,ET,2951,1,0,0.11901232521173628
1,42,ET,2516,1,1,0.9833005881815704
1,42,ET,6740,1,1,0.8892991157440796
1,42,ET,7386,1,1,0.986539763275499
1,42,ET,3452,1,1,0.9834577765998057
1,42,ET,8251,1,1,0.7991702131152623
1,42,ET,5329,0,0,0.023448263257245413
1,42,ET,5375,0,0,0.0006630571296562205
1,42,ET,8815,1,1,0.7291932652827109
1,42,ET,2746,1,0,0.14006104047941928
1,42,ET,814,1,1,0.9615808833184907
1,42,ET,4287,1,1,0.997215444279938
1,42,ET,8687,1,1,0.9439384350614887
1,42,ET,4648,1,1,0.9975186326689672
1,42,ET,2622,0,0,0.00040576988722679865
1,42,ET,6588,1,0,0.16326302622260402
1,42,ET,7699,1,1,0.9622703480679712
1,42,ET,8118,1,1,0.8780081244740454
1,42,ET,3011,1,0,0.14087316529107058
1,42,ET,1330,1,1,0.9735154214683787
1,42,ET,5112,0,1,0.523549322085838
1,42,ET,9094,1,1,0.95709142808231
1,42,ET,5328,0,0,0.1019277270566913
1,42,ET,8081,0,0,0.15423491035069622
1,42,ET,4920,0,0,0.3919937977424467
1,42,ET,4818,1,1,0.988584014041399
1,42,ET,9550,1,1,0.9598078485808751
1,42,ET,3996,1,1,0.9809323325183071
1,42,ET,8547,1,1,0.9782048328903855
1,42,ET,6669,1,1,0.7651228800429788
1,42,ET,5786,0,1,0.6281644924181771
1,42,ET,457,1,1,0.803894866736427
1,42,ET,692,1,1,0.8205829668103515
1,42,ET,2506,1,1,0.9373604432919725
1,42,ET,4915,0,0,0.06740710504068755
1,42,ET,4303,0,0,0.2156381618761706
1,42,ET,4895,0,1,0.5751482853700469
1,42,ET,3061,1,0,0.14450182817650048
1,42,ET,4636,1,1,0.9991570849165478
1,42,ET,2547,1,1,0.9530732702159115
1,42,ET,9494,1,1,0.9911511617470405
1,42,ET,6669,1,1,0.7651228800429788
1,42,ET,5519,0,1,0.5736246776648596
1,42,ET,1220,1,1,0.9896110486872409
1,42,ET,7022,1,0,0.11649354587801108
1,42,ET,5336,0,0,0.08968920468537334
1,42,ET,4331,0,0,0.20032707434322683
1,42,ET,2121,1,1,0.8973863950118499
1,42,ET,8496,1,1,0.9635151707304803
1,42,ET,1194,1,1,0.9882328512842312
1,42,ET,7522,1,0,0.27154553395727365
1,42,ET,4665,1,1,0.9516963239319279
1,42,ET,4932,1,1,0.9774581238037962
1,42,ET,5011,0,1,0.6350196240250789
1,42,ET,9109,1,1,0.9861850912605759
1,42,ET,6475,1,1,0.9973331846252403
1,42,ET,426,1,1,0.6919849811006221
1,42,ET,5203,0,0,0.30452379684373115
1,42,ET,5743,0,0,0.19196429048889885
1,42,ET,5703,0,0,0.4668355736224512
1,42,ET,8815,1,1,0.7291932652827109
1,42,ET,3315,1,1,0.9837974875008495
1,42,ET,6569,1,0,0.18849827850260725
1,42,ET,7595,1,1,0.7662541188016819
1,42,ET,4791,1,1,0.9953204600467084
1,42,ET,5047,1,1,0.8833796497172804
1,42,ET,9131,1,1,0.9100452974822671
1,42,ET,5045,0,0,0.23531125219039603
1,42,ET,1206,1,1,0.9638111818377378
1,42,ET,2765,1,0,0.020974113120816814
1,42,ET,4659,0,0,0.28432759722437695
1,42,ET,5205,0,1,0.5112489473587079
1,42,ET,4524,0,0,0.0019004855708843443
1,42,ET,1923,1,1,0.8392480230889137
1,42,ET,8188,1,1,0.9058641392447908
1,42,ET,3400,1,1,0.978939548886378
1,42,ET,1406,1,1,0.9906774132610101
1,42,ET,6783,1,0,0.14753583596693817
1,42,ET,9529,1,1,0.9310208311267587
1,42,ET,3786,0,1,0.8270113497050783
1,42,ET,810,1,1,0.9916369065174092
1,42,ET,7327,1,1,0.9914387052036003
1,42,ET,5336,0,0,0.08968920468537334
1,42,ET,3930,0,1,0.6384284874679601
1,42,ET,8251,1,1,0.7991702131152623
1,42,ET,9117,1,1,0.934577916683093
1,42,ET,5463,0,1,0.5078911857573226
1,42,ET,4596,0,0,0.0007909151757446132
1,42,ET,6889,0,0,0.04162434832086818
1,42,ET,5531,0,1,0.5274630352457913
1,42,ET,4168,0,0,0.01013105012463037
1,42,ET,453,1,1,0.5745213243008672
1,42,ET,8459,0,0,0.2254225915921393
1,42,ET,411,1,1,0.9672478759808252
1,42,ET,2045,1,1,0.9910021575110345
1,42,ET,8581,1,1,0.9962189435590506
1,42,ET,9551,1,1,0.8143629222525826
1,42,ET,3343,1,1,0.9994537357444051
1,42,ET,2576,1,1,0.8674616785701265
1,42,ET,4097,1,1,0.9896110486872409
1,42,ET,747,1,1,0.9843797603137414
1,42,ET,1138,0,0,0.1775832073309909
1,42,ET,359,1,1,0.7593835899010712
1,42,ET,8474,0,0,0.2101941876792707
1,42,ET,8687,1,1,0.9439384350614887
1,42,ET,5328,0,0,0.1019277270566913
1,42,ET,7185,1,0,0.0006630571296562205
1,42,ET,3242,0,0,0.0020737696156293466
1,42,ET,9388,1,1,0.9502847495217633
1,42,ET,7571,0,1,0.976405219283248
1,42,ET,5551,0,0,0.32931865522273046
1,42,ET,4228,0,0,0.18352779215743104
1,42,ET,6480,1,1,0.9995772154470145
1,42,ET,5680,0,0,0.35675463583540096
1,42,ET,2029,0,0,0.2294594824339913
1,42,ET,7271,1,1,0.9967355077589375
1,42,ET,7802,0,0,0.1180288177619807
1,42,ET,8946,1,1,0.8957414728225822
1,42,ET,694,1,1,0.7818104381263699
1,42,ET,1943,0,0,0.2728798434259358
1,42,ET,5401,0,0,0.25772587920063184
1,42,ET,5495,1,0,0.41911346782440223
1,42,ET,5838,1,1,0.9373604432919725
1,42,ET,1866,1,0,0.3904270195797173
1,42,ET,4681,1,1,0.9812782841117094
1,42,ET,5179,1,1,0.600574279733036
1,42,ET,5743,0,0,0.19196429048889885
1,42,ET,4490,0,0,0.01328213404039204
1,42,ET,9386,1,1,0.8868440736189334
1,42,ET,1933,1,1,0.8713477983506823
1,42,ET,2414,1,1,0.9621055125317721
1,42,ET,8207,1,1,0.9883275919343312
1,42,ET,2028,1,1,0.988584014041399
1,42,ET,9288,1,1,0.96108206587716
1,42,ET,4577,1,1,1.0
1,42,ET,4750,0,1,0.6574450709764655
1,42,ET,6250,1,1,0.9614677946261962
1,42,ET,3943,1,1,0.5086694467307843
1,42,ET,5728,0,1,0.613767964973319
1,42,ET,4418,0,0,0.010773934149434995
1,42,ET,5011,0,1,0.6350196240250789
1,42,ET,3476,1,1,0.9105968706706025
1,42,ET,8946,1,1,0.8957414728225822
1,42,ET,3887,1,1,0.6688819149692918
1,42,ET,1688,1,1,0.9043614572953355
1,42,ET,7994,0,0,0.3519529591020367
1,42,ET,3182,1,1,0.9758132885769817
1,42,ET,4579,1,1,0.9853325652074858
1,42,ET,4593,1,1,1.0
1,42,ET,1030,1,1,0.9930216288657898
1,42,ET,4183,1,1,0.9978585828916133
1,42,ET,1500,1,1,0.8850687296471862
1,42,ET,9529,1,1,0.9310208311267587
1,42,ET,9094,1,1,0.95709142808231
1,42,ET,5965,1,0,0.00040048113650261694
1,42,ET,4593,1,1,1.0
1,42,ET,1110,1,1,1.0
1,42,ET,4138,0,0,0.27897507077771044
1,42,ET,8274,1,1,0.9989132729916165
1,42,ET,3971,1,1,0.52311671736897
1,42,ET,5773,0,0,0.28126514118820545
1,42,ET,768,1,1,0.9638258077534442
1,42,ET,4267,1,1,0.9855807547527272
1,42,ET,5356,0,0,0.26887295417796786
1,42,ET,4748,0,0,0.1988114929503361
1,42,ET,7441,1,0,0.49555666417340144
1,42,ET,5130,0,1,0.5175439191787622
1,42,ET,7312,1,1,0.9521634430141555
1,42,ET,5849,1,1,0.9957338695862994
1,42,ET,4905,0,0,0.48606788455208866
1,42,ET,9491,1,1,0.9738066874005568
1,42,ET,6269,1,1,0.9993843482581243
1,42,ET,1919,1,1,1.0
1,42,ET,4775,0,0,0.47447255944458894
1,42,ET,2384,1,1,0.8414519719640319
1,42,ET,6745,1,1,0.9975583261959897
1,42,ET,2385,1,1,0.8469365371541975
1,42,ET,8312,0,0,0.015996175368975872
1,42,ET,8223,0,1,0.808259899415025
1,42,ET,6211,1,1,0.9908562688044467
1,42,ET,635,1,1,0.9874077987968999
1,42,ET,3556,0,1,0.7436120634606532
1,42,ET,7003,1,1,0.7996171108822838
1,42,ET,3104,1,1,1.0
1,42,ET,2508,1,1,0.9811918992489058
1,42,ET,6705,0,0,0.25995929814850444
1,42,ET,3338,1,1,0.9884901942009481
1,42,ET,7458,1,1,0.9948731160616181
1,42,ET,2668,1,1,0.9112255302016273
1,42,ET,3576,0,0,0.29834526374618797
1,42,ET,6997,1,1,0.7911569163872059
1,42,ET,147,0,0,0.29245097763877403
1,42,ET,11,0,0,0.47490473107132203
1,42,ET,4670,1,1,0.9974784255090925
1,42,ET,7796,0,0,0.04256242366047778
1,42,ET,2284,1,1,0.9318642737169746
1,42,ET,8634,1,1,0.882472382548905
1,42,ET,7234,0,0,0.27641265304091195
1,42,ET,3838,1,1,0.7666435399429671
1,42,ET,1297,0,0,0.08950583184024336
1,42,ET,3038,1,1,0.9752873249128666
1,42,ET,2687,1,1,0.9204387770888808
1,42,ET,4295,1,0,0.4865059929197537
1,42,ET,5105,0,0,0.11422871378931267
1,42,ET,6580,1,0,0.4260459718889826
1,42,ET,4195,1,1,0.9981016449003844
1,42,ET,4827,1,1,0.9828085216261218
1,42,ET,5887,1,1,0.9775808042384113
1,42,ET,4748,0,0,0.1988114929503361
1,42,ET,8036,0,0,0.09162456345411102
1,42,ET,133,1,1,0.8266260264217218
1,42,ET,5433,0,0,0.438332846307868
1,42,ET,7271,1,1,0.9967355077589375
1,42,ET,9570,1,1,0.9691362244959827
1,42,ET,1630,1,1,0.6413064971006663
1,42,ET,8644,1,1,0.9985591149403344
1,42,ET,19,0,0,0.07415200042174255
1,42,ET,4801,1,1,0.9986739245936105
1,42,ET,5531,0,1,0.5274630352457913
1,42,ET,5373,0,0,0.12031408994756225
1,42,ET,5583,0,0,0.31467261794163476
1,42,ET,6599,1,1,0.9811934297992538
1,42,ET,4075,0,0,0.17351555548818845
1,42,ET,1324,1,1,0.9811676629942773
1,42,ET,4389,0,0,0.248315379454515
1,42,ET,41,0,1,0.6704310834836249
1,42,ET,846,1,1,0.9622728464977915
1,42,ET,8717,1,1,0.9512527181050832
1,42,ET,5710,0,0,0.3474343133322316
1,42,ET,1477,1,1,0.7609620789824971
1,42,ET,7781,0,0,0.038911821967404114
1,42,ET,4303,0,0,0.2156381618761706
1,42,ET,389,1,0,0.48048966697927425
1,42,ET,6743,1,1,0.9969770937845828
1,42,ET,2123,1,1,0.9549453918373112
1,42,ET,3238,1,0,0.1817108543373208
1,42,ET,574,1,1,0.993195229717779
1,42,ET,8925,1,1,0.9810072106913417
1,42,ET,877,1,1,0.9887350206653748
1,42,ET,4865,1,1,0.9982787546772894
1,42,ET,4521,0,0,0.03125911027520801
1,42,ET,4072,0,0,0.0061496093525885386
1,42,ET,5640,0,1,0.5447311698246065
1,42,ET,4615,1,1,0.9797153627054006
1,42,ET,8340,0,0,0.107516525702636
1,42,ET,9519,1,1,0.9477675861010968
1,42,ET,547,1,1,0.9658049541234386
1,42,ET,7750,0,0,0.40014460369565874
1,42,ET,9159,1,1,0.879959436890267
1,42,ET,5535,0,0,0.28518312447057037
1,42,ET,1060,1,1,0.983445088187913
1,42,ET,5710,0,0,0.3474343133322316
1,42,ET,2746,1,0,0.14006104047941928
1,42,ET,1109,1,1,0.9989034259958384
1,42,ET,4535,1,1,0.9820949646873206
1,42,ET,4978,0,0,0.4147214384458361
1,42,ET,6617,1,1,0.9342327574451357
1,42,ET,7947,1,0,0.3721696181302226
1,42,ET,6070,1,1,0.9968139634168901
1,42,ET,639,1,1,0.9895614538513856
1,42,ET,9491,1,1,0.9738066874005568
1,42,ET,7570,1,1,0.989184206225279
1,42,ET,5451,0,1,0.6853335796372204
1,42,ET,6250,1,1,0.9614677946261962
1,42,ET,3990,1,1,0.9847188455197692
1,42,ET,7401,1,1,0.995907263927155
1,42,ET,2967,1,1,0.9720966696071146
1,42,ET,8378,0,0,0.1775832073309909
1,42,ET,7535,1,1,0.9569448940869612
1,42,ET,7533,1,1,0.7868281751066301
1,42,ET,8413,0,0,0.3921803443840177
1,42,ET,8815,1,1,0.7291932652827109
1,42,ET,5905,1,1,0.9994693723506946
1,42,ET,7245,0,0,0.47447255944458894
1,42,ET,5838,1,1,0.9373604432919725
1,42,ET,8687,1,1,0.9439384350614887
1,42,ET,6437,1,0,0.10277697275741365
1,42,ET,2273,1,1,0.9274995106319802
1,42,ET,2384,1,1,0.8414519719640319
1,42,ET,1089,1,1,0.9502128030492685
1,42,ET,190,1,1,0.7369865338892925
1,42,ET,5374,1,0,0.3904270195797173
1,42,ET,6301,1,0,0.13847817143386967
1,42,ET,6251,1,1,0.9886509616423499
1,42,ET,5773,0,0,0.28126514118820545
1,42,ET,4978,0,0,0.4147214384458361
1,42,ET,2896,1,1,0.9781637716967057
1,42,ET,7129,0,1,0.5347906819593806
1,42,ET,9343,1,1,0.9157149498595853
1,42,ET,9543,1,1,0.9963878274663528
1,42,ET,8096,1,1,0.9885240170328445
1,42,ET,1184,0,0,0.3081898152753174
1,42,ET,6605,1,1,0.9951233097618158
1,42,ET,4183,1,1,0.9978585828916133
1,42,ET,3583,1,1,0.8775271541570119
1,42,ET,7886,0,1,0.559998532150799
1,42,ET,8664,1,1,0.745914190999039
1,42,ET,3319,1,1,0.6883135429430765
1,42,ET,2897,1,1,0.9764253125404755
1,42,ET,4535,1,1,0.9820949646873206
1,42,ET,4465,1,1,0.9310421990736757
1,42,ET,9539,1,1,0.9718913924014917
1,42,ET,6691,1,1,0.9851622824465519
1,42,ET,4336,1,1,0.9794926015167901
1,42,ET,5105,0,0,0.11422871378931267
1,42,ET,7276,1,1,1.0
1,42,ET,7455,1,1,0.9701801269272295
1,42,ET,1866,1,0,0.3904270195797173
1,42,ET,9321,1,1,0.9992913786357115
1,42,ET,1893,0,0,0.09187857215102391
1,42,ET,4848,1,1,0.9971786573489348
1,42,ET,2385,1,1,0.8469365371541975
1,42,ET,4801,1,1,0.9986739245936105
1,42,ET,7918,0,0,0.28198452214939745
1,42,ET,5552,0,0,0.46486577495260645
1,42,ET,6896,1,1,0.9645500848592358
1,42,ET,3500,1,0,0.0004061221695032632
1,42,ET,5743,0,0,0.19196429048889885
1,42,ET,9502,1,1,0.9992913786357115
1,42,ET,9518,1,1,0.8283937000040528
1,42,ET,3538,1,1,0.9599407828063033
1,42,ET,6599,1,1,0.9811934297992538
1,42,ET,6189,1,0,0.12124599822979903
1,42,ET,9204,1,1,0.8770930022267173
1,42,ET,6489,1,1,0.9301300336698052
1,42,ET,741,1,1,0.9599407828063033
1,42,ET,8747,1,1,0.9705688168814692
1,42,ET,16,0,0,0.3101440694581442
1,42,ET,8615,1,1,0.5995308508915758
1,42,ET,4641,0,0,0.00021375712482915967
1,42,ET,7554,1,1,0.9679754497970549
1,42,ET,4226,1,1,0.9988822390728883
1,42,ET,4012,1,1,0.9671328622784511
1,42,ET,8237,1,1,0.9139389652127484
1,42,ET,513,1,1,0.976664807649519
1,42,ET,8659,1,1,0.9916778749462222
1,42,ET,7608,0,1,0.8065040244596545
1,42,ET,6159,1,0,0.12059658702593139
1,42,ET,814,1,1,0.9615808833184907
1,42,ET,3592,1,0,0.4152344570310418
1,42,ET,5108,0,0,0.3140621487777444
1,42,ET,7664,0,0,0.26983191180748756
1,42,ET,8673,1,1,0.779590244417701
1,42,ET,6259,1,1,0.9996218943559051
1,42,ET,2228,1,1,0.9188288941745955
1,42,ET,1804,1,1,0.9580467553025632
1,42,ET,2316,1,1,0.9535298077103683
1,42,ET,9042,1,1,0.6118764263900921
1,42,ET,2123,1,1,0.9549453918373112
1,42,ET,39,0,0,0.018572202497470613
1,42,ET,1301,0,0,0.27897507077771044
1,42,ET,8073,1,1,0.9404177967460575
1,42,ET,4597,0,0,0.27606782716828954
1,42,ET,2742,1,0,0.0003252518124209907
1,42,ET,433,1,1,0.9110716819018053
1,42,ET,3447,1,1,0.912803962162349
1,42,ET,4288,1,1,0.9991527053800219
1,42,ET,1840,1,1,0.9724994465403849
1,42,ET,814,1,1,0.9615808833184907
1,42,ET,189,0,0,0.3022609990237999
1,42,ET,1590,1,1,0.9369714862880787
1,42,ET,4654,0,0,0.23230534304811737
1,42,ET,3943,1,1,0.5086694467307843
1,42,ET,2438,1,1,0.9951933349788729
1,42,ET,8188,1,1,0.9058641392447908
1,42,ET,5091,0,0,0.2871941954213325
1,42,ET,6605,1,1,0.9951233097618158
1,42,ET,4596,0,0,0.0007909151757446132
1,42,ET,3046,1,1,0.897914322859084
1,42,ET,5027,0,0,0.2995084791629063
1,42,ET,8571,1,1,0.7483102530722316
1,42,ET,8568,1,1,0.9428627396367538
1,42,ET,1501,1,1,0.7783334526126883
1,42,ET,6702,1,1,0.9958609901544425
1,42,ET,7819,0,1,0.5948144460970252
1,42,ET,4240,1,1,0.9996218943559051
1,42,ET,8912,1,1,0.8939396171944438
1,42,ET,1788,1,1,1.0
1,42,ET,1826,1,1,0.974220021981065
1,42,ET,7045,0,0,0.0025513893797678936
1,42,ET,3074,1,0,0.011323589732914042
1,42,ET,343,1,1,0.7850928393102249
1,42,ET,8602,1,1,0.8763682950733979
1,42,ET,7722,1,1,0.9775258696060817
1,42,ET,2613,1,1,1.0
1,42,ET,621,1,1,0.9559486234264013
1,42,ET,877,1,1,0.9887350206653748
1,42,ET,7773,0,1,0.881576594995475
1,42,ET,8287,0,0,0.17269989585929024
1,42,ET,7790,1,1,0.9975233932276331
1,42,ET,7622,0,1,0.8211491751489342
1,42,ET,2188,1,1,0.8054166235097654
1,42,ET,7913,0,0,0.13004204330813715
1,42,ET,8474,0,0,0.2101941876792707
1,42,ET,7357,1,1,0.6257339894993785
1,42,ET,9168,1,1,0.9775671666525029
1,42,ET,8740,1,1,0.8757455943841146
1,42,ET,336,1,1,0.9573834609087826
1,42,ET,1540,1,1,0.9491071107530528
1,42,ET,9300,1,1,0.994414688397527
1,42,ET,9519,1,1,0.9477675861010968
1,42,ET,9386,1,1,0.8868440736189334
1,42,ET,5445,0,0,0.23356908402413146
1,42,ET,8443,0,0,0.12929039543667403
1,42,ET,2498,0,1,0.6055382073206682
1,42,ET,9149,1,1,0.9805495912297538
1,42,ET,4590,1,1,1.0
1,42,ET,9010,1,1,0.9342744751027271
1,42,ET,9198,1,1,0.8896604271032759
1,42,ET,4946,0,0,0.018687496021603175
1,42,ET,7022,1,0,0.11649354587801108
1,42,ET,1290,0,0,0.00021375712482915967
1,42,ET,5848,1,1,0.9598679975199114
1,42,ET,3376,0,0,0.016429309539158145
1,42,ET,9318,1,1,0.9960680496403108
1,42,ET,5461,0,0,0.18964167925877706
1,42,ET,728,1,0,0.3999641809071459
1,42,ET,3872,1,0,0.4361125939057034
1,42,ET,6275,1,0,0.019380789121785563
1,42,ET,4491,1,1,0.9401172931864009
1,42,ET,7183,0,0,0.13847817143386967
1,42,ET,5383,0,0,0.1618735531412716
1,42,ET,713,1,1,0.9480009989004243
1,42,ET,8627,1,1,0.9680045059716523
1,42,ET,3906,1,1,0.7282099161479126
1,42,ET,5668,0,1,0.6478651469120545
1,42,ET,8458,0,0,0.11914429687020466
1,42,ET,2840,1,1,0.9852352581586208
1,42,ET,6010,0,0,0.11518099999067659
1,42,ET,5039,0,1,0.6779147002971175
1,42,ET,2267,1,1,0.6162797709659359
1,42,ET,4757,1,1,1.0
1,42,ET,8018,0,0,0.0581952720923953
1,42,ET,3753,1,1,0.8296669236390396
1,42,ET,6250,1,1,0.9614677946261962
1,42,ET,3033,1,0,0.3126037610817899
1,42,ET,782,1,1,0.7792053234959286
1,42,ET,8748,1,1,0.9743965160642472
1,42,ET,3375,1,1,0.9079781473792115
1,42,ET,9494,1,1,0.9911511617470405
1,42,ET,7656,1,1,0.8483396679331847
1,42,ET,2781,1,1,0.9965025724201079
1,42,ET,2930,1,1,0.994883500589965
1,42,ET,6304,1,1,0.9619262485289414
1,42,ET,7410,1,0,0.3702451475557446
1,42,ET,9383,1,1,0.9986910799253146
1,42,ET,2844,1,1,0.9993455399626573
1,42,ET,4548,0,1,0.8860971058387493
1,42,ET,5159,1,1,0.886887220329733
1,42,ET,7271,1,1,0.9967355077589375
1,42,ET,2511,1,1,0.8772625197935674
1,42,ET,1983,1,1,0.9629296386365424
1,42,ET,5558,0,1,0.5223235590274395
1,42,ET,4298,0,0,0.28526824343361407
1,42,ET,2908,1,1,0.9744273173008512
1,42,ET,5130,0,1,0.5175439191787622
1,42,ET,2190,1,1,0.8723705820397728
1,42,ET,8811,1,1,0.9746741303379343
1,42,ET,9544,1,1,0.989686593271312
1,42,ET,880,1,1,0.7672910396477555
1,42,ET,1579,1,1,0.983304465162229
1,42,ET,336,1,1,0.9573834609087826
1,42,ET,7790,1,1,0.9975233932276331
1,42,ET,1116,1,1,0.9959982170627949
1,42,ET,7264,1,0,0.4268302440885352
1,42,ET,2058,1,0,0.37474969150670073
1,42,ET,2438,1,1,0.9951933349788729
1,42,ET,1826,1,1,0.974220021981065
1,42,ET,8946,1,1,0.8957414728225822
1,42,ET,4932,1,1,0.9774581238037962
1,42,ET,4637,0,0,0.13043287060080316
1,42,ET,1168,1,1,0.9971655145428459
1,42,ET,5846,1,0,0.0006168685598264952
1,42,ET,11,0,0,0.47490473107132203
1,42,ET,4945,0,0,0.4084437803445495
1,42,ET,7003,1,1,0.7996171108822838
1,42,ET,8325,0,0,0.0008338740458560304
1,42,ET,6848,0,0,0.0172598796195585
1,42,ET,4523,1,1,0.982683299809048
1,42,ET,9334,1,1,0.9973700260732645
1,42,ET,4087,1,1,0.7485739351306164
1,42,ET,1297,0,0,0.08950583184024336
1,42,ET,513,1,1,0.976664807649519
1,42,ET,8817,1,1,0.7994786220885068
1,42,ET,7733,1,1,0.9800902723991324
1,42,ET,290,1,1,0.5660029951698123
1,42,ET,9314,1,1,0.9796781325574316
1,42,ET,6318,1,0,0.000671885389939711
1,42,ET,4879,1,1,0.9967076052923947
1,42,ET,4920,0,0,0.3919937977424467
1,42,ET,6092,1,1,0.9984441268549212
1,42,ET,1878,1,1,0.9944620658052084
1,42,ET,4867,0,0,0.0005668635784157102
1,42,ET,5962,1,1,0.9882328512842312
1,42,ET,352,0,1,0.7467877732378897
1,42,ET,9086,1,1,0.8327265146017533
1,42,ET,410,0,0,0.3519529591020367
1,42,ET,4029,0,0,0.08660704847089074
1,42,ET,1664,1,1,0.9634184395541988
1,42,ET,508,1,1,0.5049363635397596
1,42,ET,1689,1,1,0.9295080818501268
1,42,ET,3011,1,0,0.14087316529107058
1,42,ET,7434,1,0,0.2139729529263454
1,42,ET,2030,0,0,0.10493209729233448
1,42,ET,8036,0,0,0.09162456345411102
1,42,ET,6923,1,1,0.9982919557766969
1,42,ET,8946,1,1,0.8957414728225822
1,42,ET,5199,0,0,0.3330223173797719
1,42,ET,371,1,1,0.7788692996607448
1,42,ET,2122,1,1,0.9316518117585899
1,42,ET,2967,1,1,0.9720966696071146
1,42,ET,5394,0,0,0.2998609173040197
1,42,ET,2517,1,1,0.9896924436958925
1,42,ET,3415,1,0,0.44435183516958565
1,42,ET,713,1,1,0.9480009989004243
1,42,ET,2316,1,1,0.9535298077103683
1,42,ET,4093,1,1,0.9982620986557961
1,42,ET,2489,1,0,0.1603377136711759
1,42,ET,430,1,1,0.9005377462465499
1,42,ET,972,1,1,0.9268690689145587
1,42,ET,7535,1,1,0.9569448940869612
1,42,ET,8216,0,0,0.020230302017415717
1,42,ET,7114,1,0,0.47192341836581087
1,42,ET,873,1,1,0.96480885342841
1,42,ET,7482,0,0,0.3641981751874023
1,42,ET,1359,1,1,0.9867926038867739
1,42,ET,7080,0,0,0.18448762390808265
1,42,ET,6205,1,1,0.9981634883816664
1,42,ET,5249,0,1,0.5469112913777493
1,42,ET,675,1,1,0.9461827413228333
1,42,ET,7458,1,1,0.9948731160616181
1,42,ET,9149,1,1,0.9805495912297538
1,42,ET,5894,1,1,1.0
1,42,ET,8451,0,0,0.28773490114904604
1,42,ET,4260,1,1,0.9974784255090925
1,42,ET,5281,0,1,0.5597477416758311
1,42,ET,3577,1,1,0.6166597225011298
1,42,ET,1030,1,1,0.9930216288657898
1,42,ET,6611,1,1,0.9879046787126448
1,42,ET,3941,1,0,0.48223648973272953
1,42,ET,6915,1,1,0.9997551802112506
1,42,ET,7697,1,1,0.8981370712473696
1,42,ET,6092,1,1,0.9984441268549212
1,42,ET,9091,1,1,0.9516636929954337
1,42,ET,7401,1,1,0.995907263927155
1,42,ET,9581,1,1,0.7921988559548871
1,42,ET,5263,1,1,0.7562704089136356
1,42,ET,3556,0,1,0.7436120634606532
1,42,ET,6599,1,1,0.9811934297992538
1,42,ET,508,1,1,0.5049363635397596
1,42,ET,3901,1,0,0.3956985411185828
1,42,ET,3981,0,1,0.6900900348552901
1,42,ET,8581,1,1,0.9962189435590506
1,42,ET,5199,0,0,0.3330223173797719
1,42,ET,8568,1,1,0.9428627396367538
1,42,ET,290,1,1,0.5660029951698123
1,42,ET,9146,1,1,0.8724275849888863
1,42,ET,4295,1,0,0.4865059929197537
1,42,ET,1330,1,1,0.9735154214683787
1,42,ET,4717,0,0,0.14450182817650048
1,42,ET,3553,1,1,0.9330283248397618
1,42,ET,8698,1,1,0.9929739508229902
1,42,ET,6576,1,1,0.9944746003328933
1,42,ET,4330,0,0,0.25983732514295044
1,42,ET,1746,1,1,0.9794013590257018
1,42,ET,5179,1,1,0.600574279733036
1,42,ET,9494,1,1,0.9911511617470405
1,42,ET,226,0,1,0.6257514530316205
1,42,ET,8013,0,0,0.1884642295966836
1,42,ET,3218,0,0,0.0006630571296562205
1,42,ET,2967,1,1,0.9720966696071146
1,42,ET,9131,1,1,0.9100452974822671
1,42,ET,2522,1,1,0.97899273616737
1,42,ET,7205,1,1,0.5426063972661629
1,42,ET,5751,0,1,0.574018255902917
1,42,ET,8251,1,1,0.7991702131152623
1,42,ET,3858,1,0,0.33896012704122513
1,42,ET,3774,0,1,0.7419782104802272
1,42,ET,7642,0,1,0.7519061161756398
1,42,ET,3447,1,1,0.912803962162349
1,42,ET,8274,1,1,0.9989132729916165
1,42,ET,1365,0,0,0.33259333749297254
1,42,ET,8237,1,1,0.9139389652127484
1,42,ET,5283,0,1,0.5571268213186443
1,42,ET,3409,1,1,0.8775088084447816
1,42,ET,6040,1,1,0.9982919557766969
1,42,ET,5641,0,0,0.32338263287813596
1,42,ET,1029,0,0,0.14361087480738657
1,42,ET,2371,1,1,0.9298388940985899
1,42,ET,4439,0,0,0.02039219607607058
1,42,ET,1854,0,0,0.11499909950384138
1,42,ET,4597,0,0,0.27606782716828954
1,42,ET,1983,1,1,0.9629296386365424
1,42,ET,9313,1,1,0.8111860906336854
1,42,ET,139,1,1,0.6334566399903828
1,42,ET,6079,1,1,0.8196430136850776
1,42,ET,3319,1,1,0.6883135429430765
1,42,ET,9329,1,1,0.9634794566360826
1,42,ET,6712,1,1,0.9991045735475895
1,42,ET,2477,0,1,0.725550011896262
1,42,ET,5976,0,0,0.21741811623433788
1,42,ET,9207,1,1,0.9945619161400248
1,42,ET,782,1,1,0.7792053234959286
1,42,ET,5495,1,0,0.41911346782440223
1,42,ET,7472,1,0,0.34690492913919047
1,42,ET,7218,0,0,0.002485591739167836
1,42,ET,8832,1,1,0.9949553476021504
1,42,ET,139,1,1,0.6334566399903828
1,42,ET,1093,1,1,0.8892991157440796
1,42,ET,2938,1,1,0.9941373481511601
1,42,ET,5451,0,1,0.6853335796372204
1,42,ET,2741,1,0,0.22799599288091746
1,42,ET,3385,1,1,0.9993360012531092
1,42,ET,1327,1,1,0.9809481483562821
1,42,ET,1350,1,1,0.8887354234516404
1,42,ET,9475,1,1,0.8988600843083309
1,42,ET,2675,1,1,0.9977787773555816
1,42,ET,377,1,1,0.7898956316480095
1,42,ET,5497,0,0,0.26101842140176956
1,42,ET,5625,1,1,0.7295198096485044
1,42,ET,1168,1,1,0.9971655145428459
1,42,ET,5140,1,1,0.9024558678059105
1,42,ET,857,1,1,0.9818765852118934
1,42,ET,5141,1,1,0.9589463760665674
1,42,ET,5592,0,0,0.4335265895590838
1,42,ET,424,1,1,0.8352967406753616
1,42,ET,3438,1,0,0.10277697275741365
1,42,ET,1845,0,1,0.5427548112318622
1,42,ET,4873,1,1,0.9930483946231844
1,42,ET,2673,1,0,0.25074038089285944
1,42,ET,1767,1,1,0.9726129783045723
1,42,ET,1364,1,1,1.0
1,42,ET,5512,1,1,0.9504372866495965
1,42,ET,6588,1,0,0.16326302622260402
1,42,ET,6196,1,1,0.8375869665769139
1,42,ET,9541,1,1,0.9462077131702754
1,42,ET,7918,0,0,0.28198452214939745
1,42,ET,9329,1,1,0.9634794566360826
1,42,ET,5905,1,1,0.9994693723506946
1,42,ET,7781,0,0,0.038911821967404114
1,42,ET,9137,1,1,0.9382897490599836
1,42,ET,4761,0,0,0.21581876282579476
1,42,ET,7327,1,1,0.9914387052036003
1,42,ET,139,1,1,0.6334566399903828
1,42,ET,990,0,1,0.9873963780516397
1,42,ET,556,1,1,0.7872445911069134
1,42,ET,4817,0,0,0.05357375295262429
1,42,ET,7535,1,1,0.9569448940869612
1,42,ET,2754,1,0,0.15397369205130051
1,42,ET,8933,1,1,0.9429111655177747
1,42,ET,8619,1,1,0.8466893008377199
1,42,ET,1671,1,1,0.9926270839821276
1,42,ET,1791,1,1,0.9897950998532882
1,42,ET,3759,1,1,0.6910664450010549
1,42,ET,9314,1,1,0.9796781325574316
1,42,ET,5461,0,0,0.18964167925877706
1,42,ET,2923,1,1,0.9996727699813287
1,42,ET,7148,1,1,1.0
1,42,ET,3508,1,1,0.9829716718187173
1,42,ET,3096,1,1,0.9834881784901129
1,42,ET,5827,0,0,0.29458933579096497
1,42,ET,6849,1,0,0.3323542597124359
1,42,ET,1368,1,1,0.9967649881915013
1,42,ET,4810,1,1,0.9998362938153947
1,42,ET,8294,0,0,0.21408093501380449
1,42,ET,1686,1,1,0.9730406745028822
1,42,ET,8890,1,1,0.8902089162416256
1,42,ET,8093,1,1,0.97136713411415
1,42,ET,3797,0,1,0.6089075882554811
1,42,ET,2910,1,1,0.944919298729197
1,42,ET,2317,1,1,0.9903126635508525
1,42,ET,211,1,1,0.8291076212477847
1,42,ET,328,1,1,0.9898922436185057
1,42,ET,2349,1,1,0.9023011011820865
1,42,ET,4260,1,1,0.9974784255090925
1,42,ET,4208,0,0,0.16679979144845336
1,42,ET,2480,1,1,0.8698819784206634
1,42,ET,3643,1,1,0.968309427759154
1,42,ET,621,1,1,0.9559486234264013
1,42,ET,3801,0,0,0.3599884516510359
1,42,ET,1056,1,1,0.9922661410914183
1,42,ET,5047,1,1,0.8833796497172804
1,42,ET,8257,1,1,0.9733956450389323
1,42,ET,7455,1,1,0.9701801269272295
1,42,ET,7992,1,1,0.6277231375793606
1,42,ET,7053,1,1,0.955572825176949
1,42,ET,8815,1,1,0.7291932652827109
1,42,ET,505,1,1,0.9460710334313789
1,42,ET,9244,1,1,0.997878249829057
1,42,ET,3792,1,0,0.42711075740772175
1,42,ET,8665,1,1,0.8746989647408874
1,42,ET,3718,0,1,0.5096998288080574
1,42,ET,9005,1,1,0.9319581298016719
1,42,ET,5281,0,1,0.5597477416758311
1,42,ET,3963,0,1,0.7348120585696484
1,42,ET,9313,1,1,0.8111860906336854
1,42,ET,9131,1,1,0.9100452974822671
1,42,ET,5571,0,0,0.40349947340609504
1,42,ET,8545,1,1,0.8279661434255623
1,42,ET,6189,1,0,0.12124599822979903
1,42,ET,5945,0,0,0.3022609990237999
1,42,ET,4564,1,1,0.9962047076622116
1,42,ET,7148,1,1,1.0
1,42,ET,379,1,1,0.7852797100206199
1,42,ET,3861,1,1,0.6008836502966204
1,42,ET,377,1,1,0.7898956316480095
1,42,ET,661,1,1,0.9166619653157343
1,42,ET,2069,0,0,0.08411380940076782
1,42,ET,8891,1,1,0.8948445282059653
1,42,ET,6225,1,0,0.23592389347478
1,42,ET,5108,0,0,0.3140621487777444
1,42,ET,5900,1,1,0.9985044097431816
1,42,ET,8112,1,1,0.9972688302226261
1,42,ET,4226,1,1,0.9988822390728883
1,42,ET,3412,1,0,0.3702451475557446
1,42,ET,2320,1,1,0.9670478214473303
1,42,ET,1395,1,1,0.9646926936446464
1,42,ET,7509,1,0,0.11662094174812043
1,42,ET,5150,1,1,0.7746483258338274
1,42,ET,9380,1,1,0.9965025724201079
1,42,ET,4615,1,1,0.9797153627054006
1,42,ET,9561,1,1,0.9722612769402813
1,42,ET,5256,0,1,0.6549319841455701
1,42,ET,3361,1,1,0.9837861270697005
1,42,ET,140,1,0,0.474885870872061
1,42,ET,4975,0,0,0.4135665578731145
1,42,ET,9524,1,1,0.9935524984281574
1,42,ET,5231,0,0,0.398709792782792
1,42,ET,1137,1,1,0.9952972138164824
1,42,ET,2361,1,1,0.9325584197497735
1,42,ET,9491,1,1,0.9738066874005568
1,42,ET,6489,1,1,0.9301300336698052
1,42,ET,4145,0,0,0.08764843371243297
1,42,ET,7057,0,0,0.17269989585929024
1,42,ET,925,1,1,0.9653419265525135
1,42,ET,971,1,1,0.9991761123400883
1,42,ET,1513,1,1,0.992933156200777
1,42,ET,6929,1,1,0.9965320781663632
1,42,ET,6765,1,1,0.997878249829057
1,42,ET,3270,1,0,0.10753986075318402
1,42,ET,211,1,1,0.8291076212477847
1,42,ET,3011,1,0,0.14087316529107058
1,42,ET,139,1,1,0.6334566399903828
1,42,ET,7264,1,0,0.4268302440885352
1,42,ET,2436,1,1,0.9986763243038559
1,42,ET,749,1,1,0.9139339454044492
1,42,ET,7515,1,1,0.9868226907128876
1,42,ET,211,1,1,0.8291076212477847
1,42,ET,6826,1,1,0.9989165586931388
1,42,ET,3400,1,1,0.978939548886378
1,42,ET,4604,1,1,0.9929081685050022
1,42,ET,7877,1,1,0.904985655876496
1,42,ET,1314,1,1,0.9975186326689672
1,42,ET,9293,1,1,0.9986875363295351
1,42,ET,6596,1,1,0.9527228403654249
1,42,ET,4336,1,1,0.9794926015167901
1,42,ET,5091,0,0,0.2871941954213325
1,42,ET,8665,1,1,0.8746989647408874
1,42,ET,4775,0,0,0.47447255944458894
1,42,ET,8571,1,1,0.7483102530722316
1,42,ET,9010,1,1,0.9342744751027271
1,42,ET,4775,0,0,0.47447255944458894
1,42,ET,4138,0,0,0.27897507077771044
1,42,ET,7697,1,1,0.8981370712473696
1,42,ET,2421,1,1,0.8660120521869045
1,42,ET,4367,0,0,0.4625878697640253
1,42,ET,8566,1,1,0.9854640904914295
1,42,ET,6542,1,1,0.9705547018736423
1,42,ET,5887,1,1,0.9775808042384113
1,42,ET,5140,1,1,0.9024558678059105
1,42,ET,2410,1,1,0.9015869982336875
1,42,ET,8168,0,1,0.7131656228515851
1,42,ET,727,1,1,0.8921247901599552
1,42,ET,7635,0,1,0.7426440926899612
1,42,ET,4984,1,1,0.9695893228216512
1,42,ET,403,1,1,0.8003742424023027
1,42,ET,4238,0,0,0.006552739042968048
1,42,ET,4665,1,1,0.9516963239319279
1,42,ET,2163,1,1,0.9925941974451459
1,42,ET,3221,1,0,0.010773934149434995
1,42,ET,8235,1,1,0.8887254126158114
1,42,ET,7299,1,0,0.24527556170356507
1,42,ET,2058,1,0,0.37474969150670073
1,42,ET,3930,0,1,0.6384284874679601
1,42,ET,4278,1,1,0.9985587639672165
1,42,ET,8231,1,1,0.9602211814871799
1,42,ET,8696,1,1,0.9480090472762356
1,42,ET,5841,1,1,0.9847188455197692
1,42,ET,3416,1,0,0.23151186113410413
1,42,ET,7159,1,1,0.9935139322451326
1,42,ET,5568,0,0,0.21133680200838803
1,42,ET,2224,1,1,0.903105387253314
1,42,ET,3814,0,1,0.738327656154996
1,42,ET,6543,1,1,0.9925941974451459
1,42,ET,4683,1,1,0.9829534680338211
1,42,ET,9528,1,1,0.7585567370889585
1,42,ET,8545,1,1,0.8279661434255623
1,42,ET,883,1,1,0.9065424859564712
1,42,ET,5561,0,0,0.49852751325693373
1,42,ET,5435,0,1,0.5728196320155974
1,42,ET,5819,0,0,0.2513745169842334
1,42,ET,9085,1,1,0.9454875810513597
1,42,ET,1346,1,1,0.9248883267804482
1,42,ET,389,1,0,0.48048966697927425
1,42,ET,3290,1,0,0.007193316121822588
1,42,ET,5435,0,1,0.5728196320155974
1,42,ET,9066,1,1,0.9289583206062357
1,42,ET,5495,1,0,0.41911346782440223
1,42,ET,1562,1,1,0.625228279825163
1,42,ET,727,1,1,0.8921247901599552
1,42,ET,1858,1,1,0.6574450709764655
1,42,ET,4579,1,1,0.9853325652074858
1,42,ET,2118,1,1,0.922498854133405
1,42,ET,4516,1,1,0.9274995106319802
1,42,ET,8598,1,1,0.8304685263840661
1,42,ET,7316,0,0,0.16183076680984537
1,42,ET,4593,1,1,1.0
1,42,ET,2496,1,1,0.5712851881178431
1,42,ET,2027,1,1,0.986539763275499
1,42,ET,4022,1,1,0.9880667216191615
1,42,ET,6783,1,0,0.14753583596693817
1,42,ET,6805,0,0,0.09736529988192182
1,42,ET,733,1,1,0.9846563056359764
1,42,ET,1464,0,0,0.40014460369565874
1,42,ET,8983,1,1,0.8227532287533171
1,42,ET,7194,1,0,0.16531628569010187
1,42,ET,1137,1,1,0.9952972138164824
1,42,ET,5061,0,0,0.42303784608060335
1,42,ET,6569,1,0,0.18849827850260725
1,42,ET,1034,1,1,0.9777658720525806
1,42,ET,5838,1,1,0.9373604432919725
1,42,ET,8856,1,1,0.9967276998132866
1,42,ET,9546,1,1,0.9999508018581739
1,42,ET,9168,1,1,0.9775671666525029
1,42,ET,1297,0,0,0.08950583184024336
1,42,ET,7227,1,1,0.6030416025973684
1,42,ET,3796,1,0,0.4487632893587614
1,42,ET,6743,1,1,0.9969770937845828
1,42,ET,5435,0,1,0.5728196320155974
1,42,ET,3139,0,0,0.0540084938216007
1,42,ET,5640,0,1,0.5447311698246065
1,42,ET,9388,1,1,0.9502847495217633
1,42,ET,7524,1,1,0.9772330739007515
1,42,ET,9293,1,1,0.9986875363295351
1,42,ET,2389,1,1,0.9099979008185012
1,42,ET,2919,1,1,0.891278757876315
1,42,ET,1453,1,1,0.9801994279263245
1,42,ET,7120,0,0,0.3106960895284181
1,42,ET,7271,1,1,0.9967355077589375
1,42,ET,5639,0,1,0.6086962635645365
1,42,ET,8890,1,1,0.8902089162416256
1,42,ET,4241,0,0,0.17269989585929024
1,42,ET,5389,1,1,0.7125438126824546
1,42,ET,6203,1,1,0.9752873249128666
1,42,ET,4827,1,1,0.9828085216261218
1,42,ET,6454,1,1,0.9581680925145658
1,42,ET,8170,1,1,0.9729053529470917
1,42,ET,4324,0,0,0.24567266370962418
1,42,ET,5682,0,0,0.33149347633519705
1,42,ET,2312,1,1,0.876602759503201
1,42,ET,1642,1,1,0.9491100478006429
1,42,ET,4655,1,1,0.9625639346616198
1,42,ET,159,1,0,0.11365960761868026
1,42,ET,7297,0,0,0.10722699336416293
1,42,ET,508,1,1,0.5049363635397596
1,42,ET,4774,0,0,0.3177395215775643
1,42,ET,249,1,1,0.6292055377082232
1,42,ET,4630,1,1,0.9993455399626573
1,42,ET,4367,0,0,0.4625878697640253
1,42,ET,1168,1,1,0.9971655145428459
1,42,ET,2385,1,1,0.8469365371541975
1,42,ET,1688,1,1,0.9043614572953355
1,42,ET,7056,1,1,0.9927096548261934
1,42,ET,9491,1,1,0.9738066874005568
1,42,ET,9378,1,1,0.9952972138164824
1,42,ET,5516,1,1,0.5636005252448497
1,42,ET,1397,1,1,0.953053519312549
1,42,ET,8336,0,0,0.010790147341272857
1,42,ET,3166,1,1,0.9867680400731487
1,42,ET,3957,0,0,0.10685447404291633
1,42,ET,6596,1,1,0.9527228403654249
1,42,ET,8388,0,0,0.2010390270444066
1,42,ET,4691,0,0,0.17397914764223213
1,42,ET,5625,1,1,0.7295198096485044
1,42,ET,3814,0,1,0.738327656154996
1,42,ET,694,1,1,0.7818104381263699
1,42,ET,8054,1,1,0.8359576370517335
1,42,ET,5710,0,0,0.3474343133322316
1,42,ET,820,1,1,0.9916369065174092
1,42,ET,2100,1,1,0.9994149274489382
1,42,ET,8637,1,1,0.9968660074165635
1,42,ET,2296,1,1,0.6083112866724542
1,42,ET,5495,1,0,0.41911346782440223
1,42,ET,7159,1,1,0.9935139322451326
1,42,ET,8423,0,0,0.01328374682286017
1,42,ET,675,1,1,0.9461827413228333
1,42,ET,2520,1,1,0.9852556587366689
1,42,ET,849,1,1,0.9763151744836912
1,42,ET,7271,1,1,0.9967355077589375
1,42,ET,8319,0,0,0.15275431902519915
1,42,ET,9010,1,1,0.9342744751027271
1,42,ET,1774,1,1,0.6985154883133823
1,42,ET,6070,1,1,0.9968139634168901
1,42,ET,1365,0,0,0.33259333749297254
1,42,ET,3376,0,0,0.016429309539158145
1,42,ET,4491,1,1,0.9401172931864009
1,42,ET,306,1,1,0.502591791658664
1,42,ET,8417,0,0,0.2078146755576384
1,42,ET,4125,0,0,0.2199137808318808
1,42,ET,7554,1,1,0.9679754497970549
1,42,ET,3972,1,1,0.6216054659640492
1,42,ET,7101,1,1,0.9706274131263882
1,42,ET,7434,1,0,0.2139729529263454
1,42,ET,2897,1,1,0.9764253125404755
1,42,ET,1966,1,1,0.9482001341860087
1,42,ET,6889,0,0,0.04162434832086818
1,42,ET,3104,1,1,1.0
1,42,ET,1420,1,1,0.9997619454485704
1,42,ET,2327,1,1,0.9881396536031487
1,42,ET,6159,1,0,0.12059658702593139
1,42,ET,4541,1,1,0.9657443671951159
1,42,ET,766,1,1,0.9985827572714229
1,42,ET,799,1,1,0.8310283530873804
1,42,ET,2520,1,1,0.9852556587366689
1,42,ET,3361,1,1,0.9837861270697005
1,42,ET,8051,1,1,0.9755353752874706
1,42,ET,2121,1,1,0.8973863950118499
1,42,ET,3753,1,1,0.8296669236390396
1,42,ET,377,1,1,0.7898956316480095
1,42,ET,4082,1,1,0.9946465622259641
1,42,ET,3526,1,1,0.9971786573489348
1,42,ET,4803,1,1,0.9589762597937674
1,42,ET,3372,1,1,0.9427685832595405
1,42,ET,111,0,0,0.08581790420222511
1,42,ET,8951,1,1,0.8588068913167818
1,42,ET,9380,1,1,0.9965025724201079
1,42,ET,336,1,1,0.9573834609087826
1,42,ET,4295,1,0,0.4865059929197537
1,42,ET,4517,1,1,0.9671022252703187
1,42,ET,8257,1,1,0.9733956450389323
1,42,ET,4988,0,0,0.41694227591148
1,42,ET,668,1,1,0.7251790349547719
1,42,ET,6650,1,1,0.9841660206496914
1,42,ET,1120,1,1,1.0
1,42,ET,4949,0,0,0.010302389695929743
1,42,ET,1388,1,1,0.7067634633169556
1,42,ET,1110,1,1,1.0
1,42,ET,4016,1,1,0.9278486931133538
1,42,ET,592,1,1,0.9661861572163309
1,42,ET,532,1,1,0.5123156131099227
1,42,ET,883,1,1,0.9065424859564712
1,42,ET,8125,1,0,0.3126037610817899
1,42,ET,5383,0,0,0.1618735531412716
1,42,ET,5579,0,1,0.7966970225768879
1,42,ET,1297,0,0,0.08950583184024336
1,42,ET,4539,1,1,0.9990814253904536
1,42,ET,2189,1,1,0.9908941081632845
1,42,ET,4722,1,1,0.9834881784901129
1,42,ET,8420,0,0,0.10888037573954591
1,42,ET,3930,0,1,0.6384284874679601
1,42,ET,1500,1,1,0.8850687296471862
1,42,ET,6532,0,0,0.11016575326677497
1,42,ET,7386,1,1,0.986539763275499
1,42,ET,9318,1,1,0.9960680496403108
1,42,ET,8566,1,1,0.9854640904914295
1,42,ET,1050,1,1,0.97051898645121
1,42,ET,2985,1,1,0.992172734693523
1,42,ET,8223,0,1,0.808259899415025
1,42,ET,3601,1,1,0.988239968416902
1,42,ET,533,1,1,0.9037829242322526
1,42,ET,8931,1,1,0.926951360725456
1,42,ET,2654,1,0,0.3022609990237999
1,42,ET,5667,0,0,0.14639473684551474
1,42,ET,2567,1,0,0.07997508345987943
1,42,ET,4801,1,1,0.9986739245936105
1,42,ET,570,1,1,0.9692135127776981
1,42,ET,2316,1,1,0.9535298077103683
1,42,ET,5156,1,0,0.29884797498604787
1,42,ET,8737,1,1,0.9894343764692108
1,42,ET,1483,1,1,0.8374344371035817
1,42,ET,4467,1,1,0.9081153198169786
1,42,ET,8619,1,1,0.8466893008377199
1,42,ET,3093,1,1,0.9972725589024248
1,42,ET,1686,1,1,0.9730406745028822
1,42,ET,9146,1,1,0.8724275849888863
1,42,ET,4145,0,0,0.08764843371243297
1,42,ET,111,0,0,0.08581790420222511
1,42,ET,3034,1,1,0.9932154322523958
1,42,ET,8054,1,1,0.8359576370517335
1,42,ET,7912,1,1,0.5061073888361993
1,42,ET,3965,1,1,0.6440986165385675
1,42,ET,1804,1,1,0.9580467553025632
1,42,ET,2058,1,0,0.37474969150670073
1,42,ET,4439,0,0,0.02039219607607058
1,42,ET,4492,0,0,0.0003006040299493685
1,42,ET,8081,0,0,0.15423491035069622
1,42,ET,1352,1,1,0.7973767658974223
1,42,ET,2067,0,0,0.01655416987837878
1,42,ET,3928,1,0,0.3102845221150655
1,42,ET,731,1,1,0.8954005074953442
1,42,ET,1254,1,1,0.9384665539591158
1,42,ET,3493,1,1,0.9987298882207816
1,42,ET,111,0,0,0.08581790420222511
1,42,ET,315,1,1,0.837640374580974
1,42,ET,4494,0,0,0.13080070286944515
1,42,ET,4813,0,0,0.10277697275741365
1,42,ET,4495,0,0,0.11833330976755439
1,42,ET,5387,0,0,0.05357375295262429
1,42,ET,5224,0,0,0.001220331492673975
1,42,ET,5241,0,0,0.35631426461192467
1,42,ET,2537,0,0,0.0011405877992897184
1,42,ET,8763,1,1,0.8083966517269816
1,42,ET,4405,1,1,0.9727137946210453
1,42,ET,5957,1,1,0.9977787773555816
1,42,ET,2228,1,1,0.9188288941745955
1,42,ET,2027,1,1,0.986539763275499
1,42,ET,3125,1,1,0.9638258077534442
1,42,ET,8451,0,0,0.28773490114904604
1,42,ET,2190,1,1,0.8723705820397728
1,42,ET,5109,0,0,0.020623169712106135
1,42,ET,9329,1,1,0.9634794566360826
1,42,ET,4,0,0,0.2462605204915775
1,42,ET,6000,1,0,0.0807011184863321
1,42,ET,2475,1,1,0.709708497599651
1,42,ET,6848,0,0,0.0172598796195585
1,42,ET,8312,0,0,0.015996175368975872
1,42,ET,6037,1,0,0.37706463272572094
1,42,ET,8958,1,1,0.962857453374679
1,42,ET,8547,1,1,0.9782048328903855
1,42,ET,3292,1,1,0.995354393255114
1,42,ET,4145,0,0,0.08764843371243297
1,42,ET,6783,1,0,0.14753583596693817
1,42,ET,5827,0,0,0.29458933579096497
1,42,ET,6727,0,0,0.09617958356220334
1,42,ET,4281,1,1,0.9812782841117094
1,42,ET,7115,0,0,0.21060436363060422
1,42,ET,1968,1,1,0.9897955858585124
1,42,ET,2985,1,1,0.992172734693523
1,42,ET,2028,1,1,0.988584014041399
1,42,ET,5039,0,1,0.6779147002971175
1,42,ET,3928,1,0,0.3102845221150655
1,42,ET,4274,1,1,0.9993455399626573
1,42,ET,5965,1,0,0.00040048113650261694
1,42,ET,7697,1,1,0.8981370712473696
1,42,ET,5612,0,1,0.5969378408891761
1,42,ET,5401,0,0,0.25772587920063184
1,42,ET,5640,0,1,0.5447311698246065
1,42,ET,8013,0,0,0.1884642295966836
1,42,ET,1637,1,1,0.9540260258376835
1,42,ET,4025,1,1,0.9327856069255125
1,42,ET,4723,1,1,0.9731057166708373
1,42,ET,3965,1,1,0.6440986165385675
1,42,ET,4753,0,0,0.36652780074322033
1,42,ET,9381,1,1,0.9993455399626573
1,42,ET,1275,1,1,0.998640204299891
1,42,ET,5203,0,0,0.30452379684373115
1,42,ET,3412,1,0,0.3702451475557446
1,42,ET,8976,1,1,0.843498555773313
1,42,ET,6710,1,1,0.9530732702159115
1,42,ET,6896,1,1,0.9645500848592358
1,42,ET,4145,0,0,0.08764843371243297
1,42,ET,5004,0,1,0.5113031430956325
1,42,ET,1301,0,0,0.27897507077771044
1,42,ET,5332,0,0,0.11441529235348648
1,42,ET,3037,1,1,0.9967465153964015
1,42,ET,7347,1,0,0.10123477573435358
1,42,ET,490,1,1,0.9107520531248561
1,42,ET,4929,1,1,0.9948490006448276
1,42,ET,6796,1,1,0.9801633853577377
1,42,ET,8437,0,0,0.000671885389939711
1,42,ET,9322,1,1,0.960002473516326
1,42,ET,4487,0,0,0.21607423213925983
1,42,ET,4025,1,1,0.9327856069255125
1,42,ET,4984,1,1,0.9695893228216512
1,42,ET,8207,1,1,0.9883275919343312
1,42,ET,7347,1,0,0.10123477573435358
1,42,ET,4316,1,1,0.9955829849143941
1,42,ET,8185,1,1,0.9831400525914983
1,42,ET,7176,1,0,0.41208414274387073
1,42,ET,9551,1,1,0.8143629222525826
1,42,ET,297,1,1,0.6736927117302701
1,42,ET,9197,1,1,0.9926131723229207
1,42,ET,6088,1,1,0.9957768357346444
1,42,ET,8223,0,1,0.808259899415025
1,42,ET,5502,0,0,0.4066951526020233
1,42,ET,6040,1,1,0.9982919557766969
1,42,ET,8706,1,1,0.8932039437807592
1,42,ET,3343,1,1,0.9994537357444051
1,42,ET,2377,1,1,0.8864437232190276
1,42,ET,5004,0,1,0.5113031430956325
1,42,ET,9539,1,1,0.9718913924014917
1,42,ET,4648,1,1,0.9975186326689672
1,42,ET,821,1,1,0.8500813734241204
1,42,ET,5516,1,1,0.5636005252448497
1,42,ET,4785,1,1,0.9884901942009481
1,42,ET,2788,0,0,0.30461402628382617
1,42,ET,4808,1,1,0.9964182941903584
1,42,ET,7615,0,0,0.44423224248815296
1,42,ET,3338,1,1,0.9884901942009481
1,42,ET,6301,1,0,0.13847817143386967
1,42,ET,5156,1,0,0.29884797498604787
1,42,ET,3796,1,0,0.4487632893587614
1,42,ET,8442,0,0,0.2860659999797886
1,42,ET,4492,0,0,0.0003006040299493685
1,42,ET,9381,1,1,0.9993455399626573
1,42,ET,8420,0,0,0.10888037573954591
1,42,ET,6573,0,0,0.08779631813019048
1,42,ET,5375,0,0,0.0006630571296562205
1,42,ET,1772,1,1,0.9453246839419327
1,42,ET,6569,1,0,0.18849827850260725
1,42,ET,8931,1,1,0.926951360725456
1,42,ET,1120,1,1,1.0
1,42,ET,2840,1,1,0.9852352581586208
1,42,ET,4450,1,1,0.9806735768384575
1,42,ET,950,1,1,0.9985065356042543
1,42,ET,6543,1,1,0.9925941974451459
1,42,ET,6588,1,0,0.16326302622260402
1,42,ET,2487,0,0,0.34799599210002835
1,42,ET,7478,1,0,0.23799036905981677
1,42,ET,7099,1,0,0.4048654840807051
1,42,ET,1671,1,1,0.9926270839821276
1,42,ET,6015,1,0,0.12662293070711944
1,42,ET,8726,1,1,0.970110214748047
1,42,ET,2446,1,1,0.9027345578555438
1,42,ET,9131,1,1,0.9100452974822671
1,42,ET,3971,1,1,0.52311671736897
1,42,ET,97,0,0,0.21407313981796694
1,42,ET,9056,1,1,0.9760139206595957
1,42,ET,2028,1,1,0.988584014041399
1,42,ET,6181,0,0,0.004830800181625739
1,42,ET,6543,1,1,0.9925941974451459
1,42,ET,2744,1,0,0.00021375712482915967
1,42,ET,1780,1,1,0.9957111596149218
1,42,ET,9386,1,1,0.8868440736189334
1,42,ET,3131,1,1,0.9992437887118101
1,42,ET,8600,1,1,0.9447697195219862
1,42,ET,8413,0,0,0.3921803443840177
1,42,ET,754,1,1,0.9291562342199614
1,42,ET,3270,1,0,0.10753986075318402
1,42,ET,5894,1,1,1.0
1,42,ET,6743,1,1,0.9969770937845828
1,42,ET,3070,0,0,0.21392296652550194
1,42,ET,8571,1,1,0.7483102530722316
1,42,ET,5108,0,0,0.3140621487777444
1,42,ET,7552,1,1,0.9386190781925318
1,42,ET,2484,1,1,0.6921802812417608
1,42,ET,4324,0,0,0.24567266370962418
1,42,ET,7184,1,1,0.9778688222180812
1,42,ET,731,1,1,0.8954005074953442
1,42,ET,6389,1,1,1.0
1,42,ET,5108,0,0,0.3140621487777444
1,42,ET,4016,1,1,0.9278486931133538
1,42,ET,411,1,1,0.9672478759808252
1,42,ET,5352,0,1,0.586302591047539
1,42,ET,3385,1,1,0.9993360012531092
1,42,ET,6803,1,1,0.9797153627054006
1,42,ET,6719,1,1,0.8437160784608201
1,42,ET,849,1,1,0.9763151744836912
1,42,ET,9551,1,1,0.8143629222525826
1,42,ET,8670,1,1,0.7687248624014363
1,42,ET,8443,0,0,0.12929039543667403
1,42,ET,4920,0,0,0.3919937977424467
1,42,ET,352,0,1,0.7467877732378897
1,42,ET,2500,1,1,0.8647003266727147
1,42,ET,6842,1,0,0.11322789495395412
1,42,ET,8360,0,0,0.11711178796853695
1,42,ET,5155,1,1,0.8059664083638802
1,42,ET,8338,0,0,0.17946117519132535
1,42,ET,8681,1,1,0.9661015914908808
1,42,ET,7802,0,0,0.1180288177619807
1,42,ET,5806,1,1,0.799977369560632
1,42,ET,639,1,1,0.9895614538513856
1,42,ET,6269,1,1,0.9993843482581243
1,42,ET,2029,0,0,0.2294594824339913
1,42,ET,2162,1,1,0.6756556888665552
1,42,ET,9323,1,1,0.9966665646141846
1,42,ET,1402,1,1,0.9927096548261934
1,42,ET,5498,0,0,0.4655382906809264
1,42,ET,8712,1,1,0.8895736555382543
1,42,ET,2377,1,1,0.8864437232190276
1,42,ET,3515,1,0,0.006317869721671378
1,42,ET,641,1,1,0.9725911371704575
1,42,ET,9383,1,1,0.9986910799253146
1,42,ET,4545,0,0,0.1019277270566913
1,42,ET,1088,1,1,0.9204197592695748
1,42,ET,9570,1,1,0.9691362244959827
1,42,ET,3135,1,1,0.9826076214122947
1,42,ET,1194,1,1,0.9882328512842312
1,42,ET,7883,1,1,0.7218560946553241
1,42,ET,3070,0,0,0.21392296652550194
1,42,ET,1226,1,1,0.8811714791663501
1,42,ET,8815,1,1,0.7291932652827109
1,42,ET,5328,0,0,0.1019277270566913
1,42,ET,2295,0,0,0.18836213334907362
1,42,ET,7918,0,0,0.28198452214939745
1,42,ET,7510,1,0,0.2950768653179964
1,42,ET,4256,0,0,0.21741811623433788
1,42,ET,2836,1,1,0.9997551802112506
1,42,ET,1308,1,1,0.9690796459261916
1,42,ET,2273,1,1,0.9274995106319802
1,42,ET,5108,0,0,0.3140621487777444
1,42,ET,8468,0,0,0.26116818100368927
1,42,ET,7647,0,1,0.7832841528560784
1,42,ET,1919,1,1,1.0
1,42,ET,3364,1,1,0.9782611760515506
1,42,ET,1716,1,1,0.9922094618390438
1,42,ET,226,0,1,0.6257514530316205
1,42,ET,2374,1,1,0.98650969842459
1,42,ET,1036,0,0,0.3493906328147291
1,42,ET,4770,0,0,0.013578727360073505
1,42,ET,5894,1,1,1.0
1,42,ET,8108,1,1,0.9905814729094963
1,42,ET,2055,0,0,0.06867533533685401
1,42,ET,9094,1,1,0.95709142808231
1,42,ET,8468,0,0,0.26116818100368927
1,42,ET,5730,0,0,0.3862746366246108
1,42,ET,5838,1,1,0.9373604432919725
1,42,ET,1373,1,1,0.9993770745671556
1,42,ET,6796,1,1,0.9801633853577377
1,42,ET,3152,1,1,0.9916778749462222
1,42,ET,8976,1,1,0.843498555773313
1,42,ET,9529,1,1,0.9310208311267587
1,42,ET,3569,1,0,0.35452586250460605
1,42,ET,6850,1,0,0.3323542597124359
1,42,ET,424,1,1,0.8352967406753616
1,42,ET,7159,1,1,0.9935139322451326
1,42,ET,2731,1,1,0.999134734830387
1,42,ET,2687,1,1,0.9204387770888808
1,42,ET,641,1,1,0.9725911371704575
1,42,ET,8664,1,1,0.745914190999039
1,42,ET,8993,1,1,0.9806487255207039
1,42,ET,6368,1,0,0.29142534616184856
1,42,ET,3688,1,1,0.838513960723254
1,42,ET,7790,1,1,0.9975233932276331
1,42,ET,6225,1,0,0.23592389347478
1,42,ET,8673,1,1,0.779590244417701
1,42,ET,6529,1,0,0.003252289499772801
1,42,ET,4545,0,0,0.1019277270566913
1,42,ET,2355,1,1,0.9357398456603743
1,42,ET,1271,1,1,0.9968660074165635
1,42,ET,2271,0,0,0.0110458645602854
1,42,ET,1098,0,0,0.12433868038212845
1,42,ET,7699,1,1,0.9622703480679712
1,42,ET,8471,0,1,0.5421087072812946
1,42,ET,2897,1,1,0.9764253125404755
1,42,ET,3787,1,1,0.6320366558605091
1,42,ET,1878,1,1,0.9944620658052084
1,42,ET,5374,1,0,0.3904270195797173
1,42,ET,1656,1,1,0.9794926015167901
1,42,ET,2919,1,1,0.891278757876315
1,42,ET,8934,1,1,0.8730198946492577
1,42,ET,4236,1,1,0.9598134497078391
1,42,ET,672,1,1,0.9665401148145641
1,42,ET,5957,1,1,0.9977787773555816
1,42,ET,9386,1,1,0.8868440736189334
1,42,ET,9323,1,1,0.9966665646141846
1,42,ET,8370,0,0,0.1873833607740196
1,42,ET,7533,1,1,0.7868281751066301
1,42,ET,3037,1,1,0.9967465153964015
1,42,ET,8200,0,0,0.057949908396414014
1,42,ET,3383,1,1,0.9941659814861814
1,42,ET,7472,1,0,0.34690492913919047
1,42,ET,846,1,1,0.9622728464977915
1,42,ET,9146,1,1,0.8724275849888863
1,42,ET,3672,1,1,0.9820689552185926
1,42,ET,5008,0,1,0.8216477884201885
1,42,ET,9300,1,1,0.994414688397527
1,42,ET,6669,1,1,0.7651228800429788
1,42,ET,6010,0,0,0.11518099999067659
1,42,ET,3131,1,1,0.9992437887118101
1,42,ET,5548,1,1,0.8697544378830757
1,42,ET,1131,0,0,0.17351555548818845
1,42,ET,8818,1,1,0.9519555940845202
1,42,ET,7095,1,1,0.9873625239475115
1,42,ET,6728,0,0,0.4801910930049872
1,42,ET,9529,1,1,0.9310208311267587
1,42,ET,4235,0,0,0.033031890475516225
1,42,ET,4238,0,0,0.006552739042968048
1,42,ET,2506,1,1,0.9373604432919725
1,42,ET,2362,1,1,0.9888734650189086
1,42,ET,8251,1,1,0.7991702131152623
1,42,ET,4840,1,1,0.9105968706706025
1,42,ET,1349,1,1,0.9163200888952584
1,42,ET,3292,1,1,0.995354393255114
1,42,ET,8891,1,1,0.8948445282059653
1,42,ET,1364,1,1,1.0
1,42,ET,9380,1,1,0.9965025724201079
1,42,ET,4775,0,0,0.47447255944458894
1,42,ET,6777,0,0,0.1775832073309909
1,42,ET,1621,1,1,0.7060156378922712
1,42,ET,7750,0,0,0.40014460369565874
1,42,ET,7371,0,0,0.24517137635722286
1,42,ET,3182,1,1,0.9758132885769817
1,42,ET,4078,1,1,0.9778282445626364
1,42,ET,505,1,1,0.9460710334313789
1,42,ET,7492,1,0,0.20247469299545315
1,42,ET,2028,1,1,0.988584014041399
1,42,ET,1297,0,0,0.08950583184024336
1,42,ET,9561,1,1,0.9722612769402813
1,42,ET,133,1,1,0.8266260264217218
1,42,ET,728,1,0,0.3999641809071459
1,42,ET,3238,1,0,0.1817108543373208
1,42,ET,1104,1,1,0.9775808042384113
1,42,ET,1915,0,0,0.10753986075318402
1,42,ET,480,1,1,0.7854198596799722
1,42,ET,8283,0,0,0.4812519968375148
1,42,ET,506,1,1,0.875128424637761
1,42,ET,4644,0,0,0.020039225801951083
1,42,ET,6889,0,0,0.04162434832086818
1,42,ET,557,1,1,0.8249770426699078
1,42,ET,4715,1,1,0.9730406745028822
1,42,ET,3902,0,1,0.6031632857883786
1,42,ET,8216,0,0,0.020230302017415717
1,42,ET,2693,1,1,0.9887268893503272
1,42,ET,1464,0,0,0.40014460369565874
1,42,ET,6713,1,1,0.9991045735475895
1,42,ET,3093,1,1,0.9972725589024248
1,42,ET,3865,1,1,0.5617663086462179
1,42,ET,3576,0,0,0.29834526374618797
1,42,ET,6727,0,0,0.09617958356220334
1,42,ET,6000,1,0,0.0807011184863321
1,42,ET,4238,0,0,0.006552739042968048
1,42,ET,5101,0,1,0.586302591047539
1,42,ET,2317,1,1,0.9903126635508525
1,42,ET,2824,1,1,0.9671253296444544
1,42,ET,430,1,1,0.9005377462465499
1,42,ET,149,1,1,0.7780172094676902
1,42,ET,5389,1,1,0.7125438126824546
1,42,ET,3033,1,0,0.3126037610817899
1,42,ET,1513,1,1,0.992933156200777
1,42,ET,6016,1,0,0.1695967808897812
1,42,ET,5841,1,1,0.9847188455197692
1,42,ET,3995,1,1,0.9930216288657898
1,42,ET,4517,1,1,0.9671022252703187
1,42,ET,9541,1,1,0.9462077131702754
1,42,ET,8659,1,1,0.9916778749462222
1,42,ET,7637,0,0,0.358643341653993
1,42,ET,7637,0,0,0.358643341653993
1,42,ET,2604,1,1,0.997878249829057
1,42,ET,2910,1,1,0.944919298729197
1,42,ET,9449,1,1,0.8873440872263623
1,42,ET,3596,1,1,0.5695658472374859
1,42,ET,2799,1,0,0.02584062240336474
1,42,ET,4895,0,1,0.5751482853700469
1,42,ET,3296,1,1,0.9774821593147647
1,42,ET,7347,1,0,0.10123477573435358
1,42,ET,4491,1,1,0.9401172931864009
1,42,ET,5600,0,1,0.7444047895811401
1,42,ET,4534,0,0,0.011379257460282162
1,42,ET,2759,1,0,0.020039225801951083
1,42,ET,8114,1,1,0.9394035491040019
1,42,ET,5155,1,1,0.8059664083638802
1,42,ET,5332,0,0,0.11441529235348648
1,42,ET,5107,1,1,0.9508357804563666
1,42,ET,6015,1,0,0.12662293070711944
1,42,ET,5848,1,1,0.9598679975199114
1,42,ET,5659,0,0,0.32003358977091906
1,42,ET,3855,1,1,0.9346178759114977
1,42,ET,398,1,1,0.7827494296342964
1,42,ET,5547,0,1,0.774637249364774
1,42,ET,1870,1,1,0.9892837963064868
1,42,ET,8274,1,1,0.9989132729916165
1,42,ET,9422,1,1,0.9911319913183425
1,42,ET,4960,0,0,0.23320750958604605
1,42,ET,1821,1,1,0.9876680867929238
1,42,ET,39,0,0,0.018572202497470613
1,42,ET,2438,1,1,0.9951933349788729
1,42,ET,3493,1,1,0.9987298882207816
1,42,ET,6575,0,0,0.0015418007243204626
1,42,ET,6015,1,0,0.12662293070711944
1,42,ET,4626,1,1,0.7935288797520008
1,42,ET,1947,0,0,0.015653675855844824
1,42,ET,8721,1,1,0.6992487670469223
1,42,ET,4322,0,0,0.47192341836581087
1,42,ET,4645,0,0,0.10666188572978216
1,42,ET,3026,1,1,0.9848696403787595
1,42,ET,8659,1,1,0.9916778749462222
1,42,ET,9311,1,1,0.9363259789636029
1,42,ET,4119,1,1,0.9996218943559051
1,42,ET,2693,1,1,0.9887268893503272
1,42,ET,3409,1,1,0.8775088084447816
1,42,ET,820,1,1,0.9916369065174092
1,42,ET,3063,1,0,0.0033621613137357984
1,42,ET,7371,0,0,0.24517137635722286
1,42,ET,8565,1,1,0.8963862201824172
1,42,ET,3930,0,1,0.6384284874679601
1,42,ET,6402,1,1,0.9629296386365424
1,42,ET,3858,1,0,0.33896012704122513
1,42,ET,7679,1,1,0.6907197153356837
1,42,ET,1582,1,1,0.8325227972965952
1,42,ET,2668,1,1,0.9112255302016273
1,42,ET,3061,1,0,0.14450182817650048
1,42,ET,3928,1,0,0.3102845221150655
1,42,ET,2276,1,1,0.9753334160425949
1,42,ET,9136,1,1,0.9501235346466552
1,42,ET,5011,0,1,0.6350196240250789
1,42,ET,1464,0,0,0.40014460369565874
1,42,ET,4565,1,1,0.9816999111618868
1,42,ET,3838,1,1,0.7666435399429671
1,42,ET,2999,1,1,0.985643844716348
1,42,ET,5573,0,0,0.36368850193546653
1,42,ET,4593,1,1,1.0
1,42,ET,8951,1,1,0.8588068913167818
1,42,ET,4501,0,1,0.8673620111817302
1,42,ET,2368,1,1,0.931971205980491
1,42,ET,8602,1,1,0.8763682950733979
1,42,ET,8930,1,1,0.7005125296201865
1,42,ET,2190,1,1,0.8723705820397728
1,42,ET,4940,0,0,0.34930646261758735
1,42,ET,5573,0,0,0.36368850193546653
1,42,ET,5780,0,0,0.20640620367633308
1,42,ET,3943,1,1,0.5086694467307843
1,42,ET,9541,1,1,0.9462077131702754
1,42,ET,2517,1,1,0.9896924436958925
1,42,ET,371,1,1,0.7788692996607448
1,42,ET,1169,1,1,0.9821510544631913
1,42,ET,3801,0,0,0.3599884516510359
1,42,ET,8451,0,0,0.28773490114904604
1,42,ET,4683,1,1,0.9829534680338211
1,42,ET,7197,0,0,0.0018455506923725428
1,42,ET,6682,1,0,0.09208171780455023
1,42,ET,6864,1,1,0.9983917864240295
1,42,ET,6588,1,0,0.16326302622260402
1,42,ET,3672,1,1,0.9820689552185926
1,42,ET,4810,1,1,0.9998362938153947
1,42,ET,3560,1,0,0.10184380325652785
1,42,ET,5516,1,1,0.5636005252448497
1,42,ET,7076,1,1,0.9925608608220676
1,42,ET,8566,1,1,0.9854640904914295
1,42,ET,8358,0,0,0.02523724835278272
1,42,ET,1053,1,1,0.9934250470198632
1,42,ET,2609,1,1,0.9979351023210802
1,42,ET,3207,1,0,0.11499909950384138
1,42,ET,7344,1,0,0.20724095538787068
1,42,ET,4803,1,1,0.9589762597937674
1,42,ET,4240,1,1,0.9996218943559051
1,42,ET,6190,1,1,0.850824579172
1,42,ET,8252,1,1,0.9166401575046649
1,42,ET,5517,0,0,0.25266200258526833
1,42,ET,1854,0,0,0.11499909950384138
1,42,ET,2414,1,1,0.9621055125317721
1,42,ET,1365,0,0,0.33259333749297254
1,42,ET,8351,0,0,0.010773934149434995
1,42,ET,5730,0,0,0.3862746366246108
1,42,ET,533,1,1,0.9037829242322526
1,42,ET,2741,1,0,0.22799599288091746
1,42,ET,3409,1,1,0.8775088084447816
1,42,ET,7335,1,1,0.9954824985112257
1,42,ET,7465,1,1,0.5352951120304085
1,42,ET,3038,1,1,0.9752873249128666
1,42,ET,7750,0,0,0.40014460369565874
1,42,ET,673,1,0,0.48130533263895336
1,42,ET,2754,1,0,0.15397369205130051
1,42,ET,426,1,1,0.6919849811006221
1,42,ET,4087,1,1,0.7485739351306164
1,42,ET,5290,0,0,0.43375751541768476
1,42,ET,5036,1,1,0.5912734035228061
1,42,ET,4659,0,0,0.28432759722437695
1,42,ET,610,1,1,0.8525049323112182
1,42,ET,7115,0,0,0.21060436363060422
1,42,ET,5728,0,1,0.613767964973319
1,42,ET,6192,0,0,0.10751884628225934
1,42,ET,4338,0,0,0.002950958336131717
1,42,ET,3493,1,1,0.9987298882207816
1,42,ET,3942,1,0,0.48223648973272953
1,42,ET,41,0,1,0.6704310834836249
1,42,ET,7344,1,0,0.20724095538787068
1,42,ET,9320,1,1,0.895350608452973
1,42,ET,3746,0,0,0.044102011507124846
1,42,ET,5091,0,0,0.2871941954213325
1,42,ET,4722,1,1,0.9834881784901129
1,42,ET,7510,1,0,0.2950768653179964
1,42,ET,5611,0,0,0.2575289604973804
1,42,ET,7509,1,0,0.11662094174812043
1,42,ET,8423,0,0,0.01328374682286017
1,42,ET,1582,1,1,0.8325227972965952
1,42,ET,5806,1,1,0.799977369560632
1,42,ET,7099,1,0,0.4048654840807051
1,42,ET,8136,1,0,0.32645923349789613
1,42,ET,4500,0,0,0.11120659561906156
1,42,ET,8991,1,1,0.996571384766382
1,42,ET,6280,1,0,0.10685054507362036
1,42,ET,9465,1,1,0.8257735793967861
1,42,ET,4405,1,1,0.9727137946210453
1,42,ET,9417,1,1,0.8972439792308529
1,42,ET,8687,1,1,0.9439384350614887
1,42,ET,3211,1,0,0.22355570496957664
1,42,ET,8458,0,0,0.11914429687020466
1,42,ET,7490,1,0,0.08879915676887551
1,42,ET,8056,1,1,0.9460230075761481
1,42,ET,5045,0,0,0.23531125219039603
1,42,ET,7227,1,1,0.6030416025973684
1,42,ET,3090,1,1,0.9651022812986573
1,42,ET,3152,1,1,0.9916778749462222
1,42,ET,8313,0,0,0.019239184135056365
1,42,ET,1181,1,1,0.9977787773555816
1,42,ET,2374,1,1,0.98650969842459
1,42,ET,377,1,1,0.7898956316480095
1,42,ET,5874,1,1,0.9957630581757829
1,42,ET,9090,1,1,0.837650467416431
1,42,ET,6632,1,1,0.9665453189412436
1,42,ET,5815,0,0,0.4336172430481954
1,42,ET,5583,0,0,0.31467261794163476
1,42,ET,6728,0,0,0.4801910930049872
1,42,ET,3033,1,0,0.3126037610817899
1,42,ET,5966,1,0,0.23678038796993478
1,42,ET,2058,1,0,0.37474969150670073
1,42,ET,6805,0,0,0.09736529988192182
1,42,ET,2500,1,1,0.8647003266727147
1,42,ET,9465,1,1,0.8257735793967861
1,42,ET,5611,0,0,0.2575289604973804
1,42,ET,8925,1,1,0.9810072106913417
1,42,ET,3129,1,1,0.9950846266267658
1,42,ET,673,1,0,0.48130533263895336
1,42,ET,6611,1,1,0.9879046787126448
1,42,ET,9293,1,1,0.9986875363295351
1,42,ET,2959,1,1,0.992933156200777
1,42,ET,6704,1,1,0.9979918352620254
1,42,ET,3858,1,0,0.33896012704122513
1,42,ET,129,0,1,0.6160870380597432
1,42,ET,2449,1,1,0.9377557262726753
1,42,ET,3852,0,0,0.4684706262120427
1,42,ET,7148,1,1,1.0
1,42,ET,4644,0,0,0.020039225801951083
1,42,ET,2711,1,1,0.9583797125296805
1,42,ET,2346,1,1,0.9886669246135564
1,42,ET,4645,0,0,0.10666188572978216
1,42,ET,8188,1,1,0.9058641392447908
1,42,ET,9380,1,1,0.9965025724201079
1,42,ET,5682,0,0,0.33149347633519705
1,42,ET,2277,1,1,0.9903390308408597
1,42,ET,8360,0,0,0.11711178796853695
1,42,ET,8624,1,1,0.9334194386831531
1,42,ET,1190,1,1,0.9199144232753796
1,42,ET,5882,1,0,0.170592797022142
1,42,ET,2474,1,1,0.8292581099470777
1,42,ET,7571,0,1,0.976405219283248
1,42,ET,447,1,1,0.8956275790317401
1,42,ET,3046,1,1,0.897914322859084
1,42,ET,4539,1,1,0.9990814253904536
1,42,ET,2711,1,1,0.9583797125296805
1,42,ET,9198,1,1,0.8896604271032759
1,42,ET,2979,1,1,0.9904147978578988
1,42,ET,7595,1,1,0.7662541188016819
1,42,ET,3721,0,1,0.7621066152325542
1,42,ET,4932,1,1,0.9774581238037962
1,42,ET,6196,1,1,0.8375869665769139
1,42,ET,2788,0,0,0.30461402628382617
1,42,ET,4269,0,0,0.2944668627218787
1,42,ET,1893,0,0,0.09187857215102391
1,42,ET,8051,1,1,0.9755353752874706
1,42,ET,293,1,1,0.9300963513173135
1,42,ET,6645,1,1,0.8970793607345414
1,42,ET,8832,1,1,0.9949553476021504
1,42,ET,4494,0,0,0.13080070286944515
1,42,ET,9401,1,1,0.9982206398709458
1,42,ET,4281,1,1,0.9812782841117094
1,42,ET,1933,1,1,0.8713477983506823
1,42,ET,5138,1,1,0.7792332023442491
1,42,ET,4492,0,0,0.0003006040299493685
1,42,ET,2349,1,1,0.9023011011820865
1,42,ET,5743,0,0,0.19196429048889885
1,42,ET,5905,1,1,0.9994693723506946
1,42,ET,7679,1,1,0.6907197153356837
1,42,ET,1465,1,1,0.9176254854467008
1,42,ET,7524,1,1,0.9772330739007515
1,42,ET,1060,1,1,0.983445088187913
1,42,ET,8589,1,1,0.9221376285069294
1,42,ET,3296,1,1,0.9774821593147647
1,42,ET,2573,1,1,0.9653140847637153
1,42,ET,6786,1,1,0.8674866352649443
1,42,ET,6923,1,1,0.9982919557766969
1,42,ET,328,1,1,0.9898922436185057
1,42,ET,7524,1,1,0.9772330739007515
1,42,ET,6408,1,1,0.963669518834135
1,42,ET,9544,1,1,0.989686593271312
1,42,ET,5375,0,0,0.0006630571296562205
1,42,ET,4645,0,0,0.10666188572978216
1,42,ET,7802,0,0,0.1180288177619807
1,42,ET,4593,1,1,1.0
1,42,ET,6534,1,1,0.8288965317642764
1,42,ET,1878,1,1,0.9944620658052084
1,42,ET,6301,1,0,0.13847817143386967
1,42,ET,3887,1,1,0.6688819149692918
1,42,ET,7101,1,1,0.9706274131263882
1,42,ET,5706,0,1,0.6495391533436463
1,42,ET,5391,0,0,0.15484031153655378
1,42,ET,3543,1,1,0.9925941974451459
2,101,LogReg,9168,1,1,0.9654572363606572
2,101,LogReg,7148,1,1,0.9559641462522394
2,101,LogReg,159,1,0,0.37585451150495386
2,101,LogReg,1281,0,0,0.08935068422948769
2,101,LogReg,4007,0,1,0.8571365428333774
2,101,LogReg,2567,1,0,0.12603424001571764
2,101,LogReg,3672,1,1,0.9189901377052506
2,101,LogReg,1780,1,1,0.9600388206599342
2,101,LogReg,4761,0,0,0.2683906701324969
2,101,LogReg,8600,1,1,0.7508652262943732
2,101,LogReg,23,0,1,0.710287097447474
2,101,LogReg,1420,1,1,0.9819843980194168
2,101,LogReg,7796,0,0,0.3064896230394859
2,101,LogReg,6606,1,1,0.938905531540776
2,101,LogReg,417,1,1,0.6410738860568593
2,101,LogReg,7642,0,1,0.5789095542390094
2,101,LogReg,7120,0,0,0.20809436474471985
2,101,LogReg,4747,0,0,0.07386397411961296
2,101,LogReg,593,1,1,0.6581361498612199
2,101,LogReg,3476,1,0,0.1869320386606051
2,101,LogReg,1590,1,1,0.6290056962944134
2,101,LogReg,2695,1,1,0.806513866529711
2,101,LogReg,5689,0,0,0.20899540411790885
2,101,LogReg,5257,0,0,0.08243761207123616
2,101,LogReg,8496,1,1,0.6407428489337247
2,101,LogReg,1093,1,0,0.4588223320882947
2,101,LogReg,2555,1,0,0.15437363667463824
2,101,LogReg,6016,1,0,0.05697216913285335
2,101,LogReg,8687,1,1,0.7463412731234162
2,101,LogReg,4119,1,1,0.873604156357326
2,101,LogReg,4845,1,0,0.3096333388743689
2,101,LogReg,1896,1,1,0.95035657883435
2,101,LogReg,7091,1,1,0.6715964447354666
2,101,LogReg,4031,1,1,0.71721562950844
2,101,LogReg,9038,1,0,0.46542321005855547
2,101,LogReg,3166,1,1,0.6980185130612792
2,101,LogReg,4696,1,1,0.9381441176686993
2,101,LogReg,8607,1,1,0.9924980956761861
2,101,LogReg,6152,1,0,0.4455001503684566
2,101,LogReg,8274,1,1,0.9637908214212267
2,101,LogReg,4275,1,1,0.6779285663140389
2,101,LogReg,5510,0,0,0.2611460809628404
2,101,LogReg,306,1,0,0.19054981762845388
2,101,LogReg,2956,1,1,0.6002361349576618
2,101,LogReg,4810,1,1,0.9161325804552876
2,101,LogReg,2581,0,1,0.6741923765366501
2,101,LogReg,5019,0,1,0.5141677411850624
2,101,LogReg,3090,1,1,0.8914238626141854
2,101,LogReg,3238,1,0,0.0010489288667456399
2,101,LogReg,211,1,1,0.7742627672567998
2,101,LogReg,6617,1,1,0.8311611166727251
2,101,LogReg,3787,1,1,0.6069345249151321
2,101,LogReg,6253,1,1,0.9550564906490323
2,101,LogReg,425,1,0,0.4859086014490313
2,101,LogReg,547,1,1,0.8898722816796567
2,101,LogReg,4654,0,0,0.0027493939565861004
2,101,LogReg,9334,1,1,0.9983639316121187
2,101,LogReg,2959,1,1,0.7995945678563036
2,101,LogReg,5229,0,0,0.0010590738182056118
2,101,LogReg,7622,0,1,0.6842931300572583
2,101,LogReg,978,1,1,0.7931713682848748
2,101,LogReg,5179,1,0,0.3422246310478397
2,101,LogReg,8571,1,1,0.6833318623216008
2,101,LogReg,6702,1,1,0.5126948734696789
2,101,LogReg,7453,1,1,0.693534429152971
2,101,LogReg,3365,1,1,0.8495052427918
2,101,LogReg,3569,1,0,0.12779504341541906
2,101,LogReg,2765,1,0,0.082892972191092
2,101,LogReg,1388,1,1,0.5699727341291995
2,101,LogReg,4313,1,1,0.806483062731498
2,101,LogReg,2446,1,1,0.8815918662067528
2,101,LogReg,7441,1,0,0.30013933122340286
2,101,LogReg,97,0,0,0.27191757411785644
2,101,LogReg,2188,1,0,0.41091065303310204
2,101,LogReg,8021,1,1,0.8524199521217395
2,101,LogReg,1465,1,0,0.47977883550554506
2,101,LogReg,4675,1,1,0.6748504907295018
2,101,LogReg,7026,0,0,0.18420428487374657
2,101,LogReg,9208,1,1,0.940601756275082
2,101,LogReg,8991,1,1,0.9970739166860761
2,101,LogReg,4006,1,1,0.9844428198856778
2,101,LogReg,3760,1,0,0.47189582850658496
2,101,LogReg,2154,1,1,0.7931627803976895
2,101,LogReg,8993,1,1,0.9275625610052123
2,101,LogReg,4873,1,1,0.9432574732666125
2,101,LogReg,4295,1,0,0.11619968807994432
2,101,LogReg,7434,1,1,0.5756166783106081
2,101,LogReg,7818,0,1,0.794445746463838
2,101,LogReg,3476,1,0,0.1869320386606051
2,101,LogReg,9581,1,1,0.9505550939859423
2,101,LogReg,8340,0,0,0.21464205260689737
2,101,LogReg,1072,1,1,0.7463412731234162
2,101,LogReg,2840,1,1,0.8821520424227188
2,101,LogReg,5555,0,1,0.5728341138470462
2,101,LogReg,6727,0,0,0.19357779234083972
2,101,LogReg,2609,1,1,0.916415287850654
2,101,LogReg,3814,0,1,0.5938915222535773
2,101,LogReg,4329,0,0,0.21525419539713397
2,101,LogReg,9421,1,1,0.9967696433266877
2,101,LogReg,1642,1,1,0.6110510116797095
2,101,LogReg,8555,1,1,0.9941640593705979
2,101,LogReg,335,1,1,0.6890353622857219
2,101,LogReg,9313,1,0,0.45623379495587835
2,101,LogReg,5943,1,1,0.7649192973104112
2,101,LogReg,16,0,0,0.22209445210657616
2,101,LogReg,6896,1,1,0.9831247379521512
2,101,LogReg,6275,1,0,0.49586333402841887
2,101,LogReg,6783,1,1,0.8135676798758202
2,101,LogReg,2811,1,0,0.13871975593310024
2,101,LogReg,5139,1,1,0.9050546030076091
2,101,LogReg,1688,1,1,0.825748030197879
2,101,LogReg,4722,1,1,0.9105206646208669
2,101,LogReg,457,1,0,0.2889037232280675
2,101,LogReg,4654,0,0,0.0027493939565861004
2,101,LogReg,6060,1,1,0.9819843980194168
2,101,LogReg,4817,0,0,0.1319549460998818
2,101,LogReg,7535,1,1,0.5296143501315805
2,101,LogReg,291,1,1,0.6391854889895703
2,101,LogReg,6452,1,1,0.5475712553264067
2,101,LogReg,7595,1,1,0.5687636938181759
2,101,LogReg,2478,0,0,0.2810404914716803
2,101,LogReg,2731,1,1,0.998869523651626
2,101,LogReg,6800,1,1,0.7576921579016113
2,101,LogReg,4691,0,0,0.0976482765918094
2,101,LogReg,4298,0,0,0.3505445282294562
2,101,LogReg,447,1,1,0.6986720143683076
2,101,LogReg,7510,1,0,0.4173098527911716
2,101,LogReg,749,1,1,0.7890728054664518
2,101,LogReg,9056,1,1,0.9965830705817434
2,101,LogReg,7947,1,0,0.3343763355866624
2,101,LogReg,4961,0,1,0.736322722172154
2,101,LogReg,4329,0,0,0.21525419539713397
2,101,LogReg,7415,1,1,0.5475712553264067
2,101,LogReg,8135,1,1,0.9723991624933406
2,101,LogReg,3620,1,1,0.9432574732666127
2,101,LogReg,3718,0,0,0.23104505868882463
2,101,LogReg,713,1,1,0.5217256737045173
2,101,LogReg,5257,0,0,0.08243761207123616
2,101,LogReg,9222,1,0,0.275549169654917
2,101,LogReg,5571,0,0,0.3844641560996591
2,101,LogReg,8313,0,0,0.3008865048733349
2,101,LogReg,4593,1,1,0.9671166060222369
2,101,LogReg,2504,1,0,0.33308861973965265
2,101,LogReg,4501,0,0,0.11036953416927212
2,101,LogReg,5573,0,0,0.26404172311385
2,101,LogReg,4388,0,0,0.01308224240513083
2,101,LogReg,3166,1,1,0.6980185130612792
2,101,LogReg,7381,1,1,0.9295270484845791
2,101,LogReg,1389,1,1,0.7625306421076701
2,101,LogReg,7060,1,1,0.7053812861959999
2,101,LogReg,3400,1,0,0.4642268778107169
2,101,LogReg,3400,1,0,0.4642268778107169
2,101,LogReg,4948,0,1,0.5354861482469319
2,101,LogReg,2836,1,1,0.9995378318480332
2,101,LogReg,8417,0,0,0.14428503106322443
2,101,LogReg,5088,1,0,0.21547581451482992
2,101,LogReg,1206,1,1,0.7939724834682718
2,101,LogReg,6599,1,1,0.6940651981159202
2,101,LogReg,2215,1,1,0.7307192249732788
2,101,LogReg,4641,0,0,0.12290114617424762
2,101,LogReg,4887,0,0,0.3716433850030255
2,101,LogReg,5404,0,0,0.058953746535344576
2,101,LogReg,1330,1,0,0.4376881892976753
2,101,LogReg,4961,0,1,0.736322722172154
2,101,LogReg,4843,1,0,0.4542127181919449
2,101,LogReg,2122,1,1,0.8347490083293786
2,101,LogReg,9473,1,1,0.998025634595508
2,101,LogReg,4895,0,1,0.5671404670340853
2,101,LogReg,1800,1,1,0.5373062622091758
2,101,LogReg,5011,0,0,0.23035108148830238
2,101,LogReg,1349,1,1,0.8228120511498788
2,101,LogReg,3852,0,0,0.3686168083360166
2,101,LogReg,6355,1,0,0.07947786961057988
2,101,LogReg,1405,1,1,0.7507027108066274
2,101,LogReg,5348,0,0,0.043634662876131755
2,101,LogReg,5401,0,0,0.3089669095971793
2,101,LogReg,8319,0,0,0.07620198850700345
2,101,LogReg,3270,1,0,0.019749964218459704
2,101,LogReg,5790,0,0,0.4318159834640388
2,101,LogReg,9038,1,0,0.46542321005855547
2,101,LogReg,5288,0,0,0.0726537304194642
2,101,LogReg,5045,0,0,0.010313737097754334
2,101,LogReg,23,0,1,0.710287097447474
2,101,LogReg,2567,1,0,0.12603424001571764
2,101,LogReg,929,1,1,0.5010903445420688
2,101,LogReg,4022,1,1,0.6132150284364608
2,101,LogReg,4439,0,1,0.5649345694530312
2,101,LogReg,5451,0,1,0.8141344916086113
2,101,LogReg,1705,0,0,0.2248144246006217
2,101,LogReg,7994,0,1,0.5587576567740694
2,101,LogReg,5505,0,0,0.37474280386414505
2,101,LogReg,9242,1,1,0.9233412810360447
2,101,LogReg,2373,1,1,0.52961435013158
2,101,LogReg,8726,1,1,0.9973735724587764
2,101,LogReg,6368,1,0,0.4206765163400569
2,101,LogReg,9548,1,1,0.9774006575820442
2,101,LogReg,5373,0,0,0.0598849049567718
2,101,LogReg,5548,1,1,0.8582205716172586
2,101,LogReg,3166,1,1,0.6980185130612792
2,101,LogReg,7386,1,1,0.5744526557834247
2,101,LogReg,7386,1,1,0.5744526557834247
2,101,LogReg,1406,1,1,0.7191908175094205
2,101,LogReg,2693,1,1,0.8758518542555241
2,101,LogReg,3965,1,1,0.8603197620374841
2,101,LogReg,5790,0,0,0.4318159834640388
2,101,LogReg,797,1,1,0.8843489505666372
2,101,LogReg,9528,1,1,0.889589245849927
2,101,LogReg,1029,0,0,0.3435031899227303
2,101,LogReg,6864,1,1,0.999148201130299
2,101,LogReg,8547,1,1,0.7798564542043488
2,101,LogReg,3296,1,0,0.39056217768930346
2,101,LogReg,1111,1,1,0.8178076830121452
2,101,LogReg,8513,1,1,0.9932296855274181
2,101,LogReg,6437,1,0,0.012048987940028889
2,101,LogReg,3361,1,0,0.4497762982241059
2,101,LogReg,8274,1,1,0.9637908214212267
2,101,LogReg,7005,1,0,0.3055815291462842
2,101,LogReg,4532,1,1,0.8676761344354146
2,101,LogReg,4236,1,0,0.4975063745512526
2,101,LogReg,5391,0,0,0.19058240371220928
2,101,LogReg,5945,0,0,0.2619701305196325
2,101,LogReg,7542,1,0,0.21240777666929048
2,101,LogReg,1516,1,1,0.9525524441430421
2,101,LogReg,2480,1,1,0.8612093426002232
2,101,LogReg,6368,1,0,0.4206765163400569
2,101,LogReg,1512,1,1,0.8270607686074463
2,101,LogReg,2708,1,1,0.5179841778278724
2,101,LogReg,3262,1,1,0.664803770274701
2,101,LogReg,7961,1,1,0.817651890404948
2,101,LogReg,883,1,1,0.6079260092793731
2,101,LogReg,673,1,1,0.931817299965403
2,101,LogReg,7316,0,0,0.18083832440215689
2,101,LogReg,3848,0,0,0.3038261475212873
2,101,LogReg,3406,1,0,0.08254501280909826
2,101,LogReg,1562,1,1,0.5667544817013167
2,101,LogReg,7839,0,0,0.00640037501478769
2,101,LogReg,1483,1,1,0.9287913515779174
2,101,LogReg,8712,1,1,0.9642454496766437
2,101,LogReg,8231,1,1,0.8807806267779356
2,101,LogReg,3500,1,0,0.03274648063722156
2,101,LogReg,4803,1,1,0.6149079758471342
2,101,LogReg,102,0,0,0.29455665267359993
2,101,LogReg,1582,1,1,0.6210141130112725
2,101,LogReg,5874,1,1,0.8375828613960278
2,101,LogReg,4879,1,1,0.8178333007056255
2,101,LogReg,5611,0,0,0.054601951720104853
2,101,LogReg,8021,1,1,0.8524199521217395
2,101,LogReg,4900,0,0,0.4016328284341838
2,101,LogReg,1324,1,0,0.32296888201652657
2,101,LogReg,4980,0,1,0.5456442540473531
2,101,LogReg,3526,1,1,0.6429539579188941
2,101,LogReg,6010,0,0,0.007145797359963125
2,101,LogReg,4046,1,1,0.6623561454272641
2,101,LogReg,5018,0,0,0.2985082442959856
2,101,LogReg,8214,1,0,0.4558213363400734
2,101,LogReg,5017,0,0,0.23349099404277626
2,101,LogReg,5668,0,1,0.5022216336390362
2,101,LogReg,3344,1,1,0.5125727408332568
2,101,LogReg,5377,0,1,0.6969219662081018
2,101,LogReg,2349,1,1,0.7278876219228235
2,101,LogReg,8536,1,0,0.3200203849319794
2,101,LogReg,6705,0,0,0.26342726593557403
2,101,LogReg,4025,1,1,0.6551878787497915
2,101,LogReg,3290,1,0,0.36149324211237227
2,101,LogReg,1056,1,1,0.9073889335290594
2,101,LogReg,8122,0,0,0.48752433394782213
2,101,LogReg,4675,1,1,0.6748504907295018
2,101,LogReg,2389,1,1,0.7522427519971546
2,101,LogReg,3152,1,1,0.5459300108943635
2,101,LogReg,9347,1,1,0.7050058051938073
2,101,LogReg,3672,1,1,0.9189901377052506
2,101,LogReg,727,1,1,0.917832428768577
2,101,LogReg,5205,0,0,0.4349288868174483
2,101,LogReg,6402,1,1,0.7105421290686964
2,101,LogReg,2699,1,0,0.4851901221602423
2,101,LogReg,3296,1,0,0.39056217768930346
2,101,LogReg,4978,0,0,0.4266598456785025
2,101,LogReg,1177,1,1,0.7263972605326529
2,101,LogReg,6591,1,0,0.452805549319631
2,101,LogReg,23,0,1,0.710287097447474
2,101,LogReg,4266,1,1,0.9844146843361838
2,101,LogReg,7877,1,1,0.6595518452251959
2,101,LogReg,9222,1,0,0.275549169654917
2,101,LogReg,8706,1,1,0.5165371406062714
2,101,LogReg,3643,1,1,0.732819429449504
2,101,LogReg,4019,0,0,0.22364582375311837
2,101,LogReg,1120,1,1,0.9863647593665431
2,101,LogReg,9014,1,1,0.9168034042440549
2,101,LogReg,2604,1,1,0.8587774988688057
2,101,LogReg,9207,1,1,0.9992035643634724
2,101,LogReg,2718,1,1,0.644145051103652
2,101,LogReg,3344,1,1,0.5125727408332568
2,101,LogReg,2643,1,1,0.8900584920961473
2,101,LogReg,2438,1,1,0.9392484348799871
2,101,LogReg,7405,0,0,0.08254501280909758
2,101,LogReg,8362,0,0,0.13878157927712523
2,101,LogReg,4770,0,0,0.1971169349590419
2,101,LogReg,5740,0,1,0.7309883691283915
2,101,LogReg,5061,0,0,0.30378261082156227
2,101,LogReg,2860,1,0,0.49653520926582834
2,101,LogReg,2316,1,1,0.8363175493995743
2,101,LogReg,3030,1,1,0.9001618057892321
2,101,LogReg,3577,1,0,0.18818641196656155
2,101,LogReg,893,1,1,0.6264085094939389
2,101,LogReg,1098,0,0,0.16332823287931073
2,101,LogReg,5849,1,1,0.768432786553541
2,101,LogReg,4495,0,0,0.266262724852729
2,101,LogReg,2480,1,1,0.8612093426002232
2,101,LogReg,9449,1,1,0.9838190202701376
2,101,LogReg,3858,1,0,0.3944620490391145
2,101,LogReg,8443,0,0,0.18985180175727698
2,101,LogReg,4196,1,1,0.7586621683447434
2,101,LogReg,4717,0,0,0.34357225707077826
2,101,LogReg,249,1,1,0.6704489722443195
2,101,LogReg,4775,0,1,0.6624315555412394
2,101,LogReg,2487,0,0,0.3166653804055178
2,101,LogReg,4670,1,1,0.8468162050185954
2,101,LogReg,587,1,1,0.981249956029666
2,101,LogReg,6218,0,0,0.24475947962097078
2,101,LogReg,5966,1,0,0.09371539489385225
2,101,LogReg,5435,0,1,0.5551341519253048
2,101,LogReg,6576,1,1,0.718398181984238
2,101,LogReg,8382,0,0,0.18211886108794148
2,101,LogReg,6062,1,1,0.9265118685545293
2,101,LogReg,249,1,1,0.6704489722443195
2,101,LogReg,9177,1,1,0.984835247247171
2,101,LogReg,2371,1,1,0.8255164946176329
2,101,LogReg,5445,0,0,0.46179403519165746
2,101,LogReg,7403,1,1,0.7509837132720903
2,101,LogReg,1999,0,0,0.13820993926671743
2,101,LogReg,4541,1,0,0.18293889760028595
2,101,LogReg,978,1,1,0.7931713682848748
2,101,LogReg,8712,1,1,0.9642454496766437
2,101,LogReg,672,1,1,0.6432389365915298
2,101,LogReg,426,1,0,0.4365704498932551
2,101,LogReg,7183,0,0,0.13210116768694155
2,101,LogReg,1271,1,1,0.9823255807622513
2,101,LogReg,9570,1,1,0.9195977306819301
2,101,LogReg,5611,0,0,0.054601951720104853
2,101,LogReg,4626,1,1,0.6434107285521203
2,101,LogReg,2346,1,1,0.9060926999452138
2,101,LogReg,8570,1,1,0.8007391553686553
2,101,LogReg,1349,1,1,0.8228120511498788
2,101,LogReg,4221,0,0,0.05391431699939998
2,101,LogReg,3546,1,1,0.8402521675278571
2,101,LogReg,8200,0,0,0.48018733616981923
2,101,LogReg,3037,1,1,0.9320102267362148
2,101,LogReg,3500,1,0,0.03274648063722156
2,101,LogReg,8875,1,1,0.98989708891078
2,101,LogReg,8615,1,1,0.542166066066558
2,101,LogReg,505,1,1,0.9375298315466357
2,101,LogReg,2600,1,1,0.8178076830121452
2,101,LogReg,6645,1,1,0.8575371441315912
2,101,LogReg,1533,1,0,0.26420292017666547
2,101,LogReg,7314,1,1,0.6446848597979
2,101,LogReg,2626,1,0,0.46877912722097764
2,101,LogReg,6682,1,0,0.4926346446271426
2,101,LogReg,9042,1,1,0.8855475277263509
2,101,LogReg,293,1,1,0.6838886049673837
2,101,LogReg,209,0,0,0.45682994762729634
2,101,LogReg,9177,1,1,0.984835247247171
2,101,LogReg,8056,1,1,0.8326575123949688
2,101,LogReg,7912,1,0,0.1338600271181459
2,101,LogReg,6698,1,0,0.1339946475636564
2,101,LogReg,4405,1,1,0.8873792541050771
2,101,LogReg,5560,0,0,0.4293623257538926
2,101,LogReg,4577,1,1,0.8804966690988917
2,101,LogReg,4238,0,0,0.1180886322869416
2,101,LogReg,4317,1,1,0.7767476347062484
2,101,LogReg,4590,1,1,0.9863647593665431
2,101,LogReg,2508,1,1,0.6735237655568996
2,101,LogReg,6383,1,1,0.8771671284733719
2,101,LogReg,7410,1,1,0.8021696820157931
2,101,LogReg,1685,1,1,0.7304043120360055
2,101,LogReg,3416,1,0,0.2756578851427518
2,101,LogReg,3037,1,1,0.9320102267362148
2,101,LogReg,7117,1,0,0.2004171805983929
2,101,LogReg,2819,1,1,0.9502034073405697
2,101,LogReg,1915,0,0,0.019749964218459704
2,101,LogReg,8637,1,1,0.9823255807622513
2,101,LogReg,4213,1,1,0.8773111073485301
2,101,LogReg,639,1,1,0.9135726192211782
2,101,LogReg,4298,0,0,0.3505445282294562
2,101,LogReg,6836,0,0,0.09747527928617707
2,101,LogReg,6596,1,1,0.7864569376335447
2,101,LogReg,7947,1,0,0.3343763355866624
2,101,LogReg,8128,0,0,0.3400116973797014
2,101,LogReg,1689,1,1,0.8691313099761606
2,101,LogReg,8926,1,1,0.9556770330096626
2,101,LogReg,5846,1,0,0.3899623513794328
2,101,LogReg,1420,1,1,0.9819843980194168
2,101,LogReg,490,1,0,0.39308803156164857
2,101,LogReg,3312,0,1,0.5300009240823228
2,101,LogReg,7615,0,0,0.36126673012977817
2,101,LogReg,2384,1,1,0.6037871885514139
2,101,LogReg,4067,1,1,0.9633840868016168
2,101,LogReg,8890,1,1,0.9697743882483225
2,101,LogReg,2489,1,0,0.462752359007679
2,101,LogReg,8294,0,0,0.13525703800395986
2,101,LogReg,8471,0,0,0.24801332812774268
2,101,LogReg,7080,0,0,0.36235179348856966
2,101,LogReg,5347,0,1,0.5697916952765264
2,101,LogReg,2728,1,1,0.8346148285989966
2,101,LogReg,2361,1,1,0.9053972419916652
2,101,LogReg,1275,1,1,0.9740227332654855
2,101,LogReg,8856,1,1,0.9869589163127007
2,101,LogReg,5445,0,0,0.46179403519165746
2,101,LogReg,4940,0,0,0.26394129218235585
2,101,LogReg,5671,0,0,0.49052232979826876
2,101,LogReg,8627,1,1,0.8829419779257732
2,101,LogReg,3753,1,1,0.7387337395103047
2,101,LogReg,5885,1,1,0.8265717691026526
2,101,LogReg,4467,1,1,0.6721665842885061
2,101,LogReg,7335,1,1,0.737983543357954
2,101,LogReg,3774,0,0,0.0885213292876795
2,101,LogReg,2097,1,1,0.5292785572517493
2,101,LogReg,1712,1,1,0.8652432683787212
2,101,LogReg,3409,1,0,0.14182525071815608
2,101,LogReg,8930,1,1,0.8009885048723463
2,101,LogReg,8140,1,1,0.8512218472435066
2,101,LogReg,8470,0,0,0.16332823287931067
2,101,LogReg,4782,1,1,0.9613352969379955
2,101,LogReg,3670,1,1,0.6218713983379061
2,101,LogReg,6301,1,0,0.13210116768694155
2,101,LogReg,4539,1,1,0.6685058321093041
2,101,LogReg,3990,1,0,0.41454812056853635
2,101,LogReg,1349,1,1,0.8228120511498788
2,101,LogReg,8855,1,1,0.8200911861906961
2,101,LogReg,6429,1,1,0.6760283152792524
2,101,LogReg,9491,1,1,0.9753616179742757
2,101,LogReg,1194,1,1,0.8563028594316968
2,101,LogReg,6121,1,1,0.5592071820628336
2,101,LogReg,9301,1,1,0.9927058601264811
2,101,LogReg,7781,0,0,0.11788097081801667
2,101,LogReg,2788,0,1,0.5539148989724687
2,101,LogReg,8168,0,1,0.7653576911032262
2,101,LogReg,2608,1,1,0.9327961587351713
2,101,LogReg,8319,0,0,0.07620198850700345
2,101,LogReg,4879,1,1,0.8178333007056255
2,101,LogReg,6275,1,0,0.49586333402841887
2,101,LogReg,4491,1,1,0.8402521675278571
2,101,LogReg,300,1,0,0.06436967672871928
2,101,LogReg,7796,0,0,0.3064896230394859
2,101,LogReg,2478,0,0,0.2810404914716803
2,101,LogReg,401,1,1,0.592826697989956
2,101,LogReg,5751,0,1,0.7169407945062228
2,101,LogReg,1858,1,0,0.1375128450206895
2,101,LogReg,4269,0,0,0.13878157927712517
2,101,LogReg,3569,1,0,0.12779504341541906
2,101,LogReg,7183,0,0,0.13210116768694155
2,101,LogReg,7347,1,1,0.8650066571244054
2,101,LogReg,6728,0,0,0.24288447350029344
2,101,LogReg,1226,1,1,0.8280476076043642
2,101,LogReg,3415,1,0,0.2605202920631703
2,101,LogReg,5780,0,0,0.1673106117744293
2,101,LogReg,4665,1,1,0.8098865993488166
2,101,LogReg,4925,0,0,0.17225320111672257
2,101,LogReg,4087,1,0,0.269930723602987
2,101,LogReg,587,1,1,0.981249956029666
2,101,LogReg,4606,1,1,0.9413629655105118
2,101,LogReg,5205,0,0,0.4349288868174483
2,101,LogReg,6326,0,0,0.0158364618965771
2,101,LogReg,5036,1,1,0.5402572763437102
2,101,LogReg,352,0,1,0.7566841582144247
2,101,LogReg,4564,1,1,0.50815057911832
2,101,LogReg,6196,1,1,0.7046541794733951
2,101,LogReg,9086,1,1,0.9958401565640848
2,101,LogReg,7481,0,0,0.16910950132110647
2,101,LogReg,2205,1,1,0.8941256542189204
2,101,LogReg,8717,1,1,0.9813111398662171
2,101,LogReg,9513,1,1,0.9982218517663677
2,101,LogReg,4761,0,0,0.2683906701324969
2,101,LogReg,4925,0,0,0.17225320111672257
2,101,LogReg,593,1,1,0.6581361498612199
2,101,LogReg,4932,1,0,0.4558548126328604
2,101,LogReg,8135,1,1,0.9723991624933406
2,101,LogReg,731,1,1,0.93905205239309
2,101,LogReg,7647,0,1,0.6188303620737083
2,101,LogReg,8832,1,1,0.8363287337539302
2,101,LogReg,3827,1,1,0.528090915243832
2,101,LogReg,784,1,1,0.9613352969379955
2,101,LogReg,3400,1,0,0.4642268778107169
2,101,LogReg,9337,1,1,0.9819843980194168
2,101,LogReg,8170,1,1,0.7402275619385508
2,101,LogReg,7455,1,1,0.9928836046355084
2,101,LogReg,8360,0,0,0.27306922096988895
2,101,LogReg,6796,1,1,0.7019216971468827
2,101,LogReg,4630,1,1,0.832862659433159
2,101,LogReg,8672,1,1,0.7718321493897573
2,101,LogReg,853,1,1,0.9250685516194516
2,101,LogReg,3282,1,1,0.8821778566887579
2,101,LogReg,5671,0,0,0.49052232979826876
2,101,LogReg,6896,1,1,0.9831247379521512
2,101,LogReg,9167,1,1,0.7955221368992729
2,101,LogReg,1786,1,1,0.9323990216710294
2,101,LogReg,5927,1,1,0.7487123378528125
2,101,LogReg,8125,1,1,0.5843599941585046
2,101,LogReg,149,1,0,0.09660776566880114
2,101,LogReg,9567,1,1,0.8228470412016664
2,101,LogReg,8451,0,0,0.3304932443035679
2,101,LogReg,9300,1,1,0.9978927352406839
2,101,LogReg,1840,1,1,0.7199833783288331
2,101,LogReg,4087,1,0,0.269930723602987
2,101,LogReg,5383,0,0,0.11293870437236292
2,101,LogReg,2643,1,1,0.8900584920961473
2,101,LogReg,1981,1,1,0.5316842380828809
2,101,LogReg,1034,1,1,0.5540322175874618
2,101,LogReg,5205,0,0,0.4349288868174483
2,101,LogReg,6190,1,1,0.7149231824148148
2,101,LogReg,6129,1,1,0.7597465494156265
2,101,LogReg,2287,1,1,0.7637354093574018
2,101,LogReg,4950,1,1,0.8935213650088963
2,101,LogReg,1177,1,1,0.7263972605326529
2,101,LogReg,6599,1,1,0.6940651981159202
2,101,LogReg,5806,1,1,0.7730016019969839
2,101,LogReg,7839,0,0,0.00640037501478769
2,101,LogReg,6047,1,1,0.8218496036923965
2,101,LogReg,5205,0,0,0.4349288868174483
2,101,LogReg,5283,0,1,0.6409514020383726
2,101,LogReg,1637,1,1,0.7997316434650198
2,101,LogReg,6475,1,1,0.9221822949678783
2,101,LogReg,1858,1,0,0.1375128450206895
2,101,LogReg,4303,0,0,0.34017025936906203
2,101,LogReg,4579,1,1,0.8164305202537785
2,101,LogReg,9117,1,1,0.9763529836692888
2,101,LogReg,8696,1,1,0.9956692157513689
2,101,LogReg,2500,1,1,0.887479673915052
2,101,LogReg,5004,0,0,0.28781643969767656
2,101,LogReg,5436,0,1,0.6284570916035207
2,101,LogReg,8817,1,1,0.9932575411729214
2,101,LogReg,7448,0,0,0.06807368998160925
2,101,LogReg,259,1,1,0.9178680748932685
2,101,LogReg,8378,0,0,0.163347695684802
2,101,LogReg,4569,0,0,0.15605293764540365
2,101,LogReg,4945,0,0,0.0896882406901931
2,101,LogReg,4389,0,0,0.0719852963370232
2,101,LogReg,9494,1,1,0.9979306610607437
2,101,LogReg,5680,0,0,0.34054715128656676
2,101,LogReg,2555,1,0,0.15437363667463824
2,101,LogReg,7458,1,1,0.8950432285529103
2,101,LogReg,7796,0,0,0.3064896230394859
2,101,LogReg,5348,0,0,0.043634662876131755
2,101,LogReg,4490,0,0,0.44889128648889726
2,101,LogReg,8287,0,0,0.2240655347977741
2,101,LogReg,2811,1,0,0.13871975593310024
2,101,LogReg,6643,1,1,0.6768931014600442
2,101,LogReg,5905,1,1,0.963867374964408
2,101,LogReg,9311,1,1,0.9911867387674997
2,101,LogReg,8214,1,0,0.4558213363400734
2,101,LogReg,5241,0,0,0.16333333596546556
2,101,LogReg,9235,1,1,0.9972615855329207
2,101,LogReg,5882,1,0,0.2101166037036547
2,101,LogReg,2799,1,1,0.7517661388364577
2,101,LogReg,2728,1,1,0.8346148285989966
2,101,LogReg,2967,1,0,0.3948139703859375
2,101,LogReg,9167,1,1,0.7955221368992729
2,101,LogReg,4948,0,1,0.5354861482469319
2,101,LogReg,5579,0,1,0.9566761255734831
2,101,LogReg,9314,1,1,0.9473410465303621
2,101,LogReg,1938,1,1,0.7628768224555684
2,101,LogReg,5797,0,0,0.04011875992099392
2,101,LogReg,5561,0,1,0.9170950931141353
2,101,LogReg,2028,1,0,0.4778067084686683
2,101,LogReg,6596,1,1,0.7864569376335447
2,101,LogReg,8715,1,0,0.15658284988087398
2,101,LogReg,5347,0,1,0.5697916952765264
2,101,LogReg,1705,0,0,0.2248144246006217
2,101,LogReg,9539,1,1,0.998095941246314
2,101,LogReg,5867,1,0,0.40629546022962876
2,101,LogReg,5139,1,1,0.9050546030076091
2,101,LogReg,4495,0,0,0.266262724852729
2,101,LogReg,3023,1,1,0.7625306421076703
2,101,LogReg,5531,0,0,0.3007758460110165
2,101,LogReg,6827,1,1,0.8660874751874325
2,101,LogReg,2613,1,1,0.9863647593665431
2,101,LogReg,3090,1,1,0.8914238626141854
2,101,LogReg,7091,1,1,0.6715964447354666
2,101,LogReg,2436,1,1,0.7474973765994947
2,101,LogReg,4067,1,1,0.9633840868016168
2,101,LogReg,8336,0,0,0.02984844924671182
2,101,LogReg,2436,1,1,0.7474973765994947
2,101,LogReg,7441,1,0,0.30013933122340286
2,101,LogReg,6915,1,1,0.9995378318480332
2,101,LogReg,1397,1,1,0.8782467607847713
2,101,LogReg,7604,0,0,0.2817724968732864
2,101,LogReg,1350,1,1,0.8576160872173404
2,101,LogReg,7129,0,0,0.2815905008011878
2,101,LogReg,7818,0,1,0.794445746463838
2,101,LogReg,4775,0,1,0.6624315555412394
2,101,LogReg,6070,1,1,0.9345966393411881
2,101,LogReg,1780,1,1,0.9600388206599342
2,101,LogReg,2273,1,1,0.7114934499116508
2,101,LogReg,4329,0,0,0.21525419539713397
2,101,LogReg,5356,0,0,0.31485998967466994
2,101,LogReg,8434,0,0,0.10437510876238403
2,101,LogReg,129,0,1,0.604563339937641
2,101,LogReg,8122,0,0,0.48752433394782213
2,101,LogReg,3546,1,1,0.8402521675278571
2,101,LogReg,8183,1,1,0.5964836159503674
2,101,LogReg,8513,1,1,0.9932296855274181
2,101,LogReg,8740,1,1,0.9957796729225038
2,101,LogReg,610,1,1,0.7982458264064523
2,101,LogReg,5849,1,1,0.768432786553541
2,101,LogReg,508,1,0,0.18626044145699808
2,101,LogReg,6827,1,1,0.8660874751874325
2,101,LogReg,9048,1,1,0.6956287453416403
2,101,LogReg,7637,0,0,0.28884707919754304
2,101,LogReg,8930,1,1,0.8009885048723463
2,101,LogReg,3033,1,1,0.584359994158505
2,101,LogReg,8930,1,1,0.8009885048723463
2,101,LogReg,9539,1,1,0.998095941246314
2,101,LogReg,2785,1,0,0.11065646771273753
2,101,LogReg,8247,1,1,0.845644143457245
2,101,LogReg,8644,1,1,0.9200248543790633
2,101,LogReg,6826,1,1,0.9615111233263908
2,101,LogReg,5332,0,0,0.013293023283029547
2,101,LogReg,971,1,1,0.9454764425006266
2,101,LogReg,846,1,1,0.9755661305231837
2,101,LogReg,2863,1,1,0.7446501214163038
2,101,LogReg,4016,1,1,0.6345399580674901
2,101,LogReg,4952,0,0,0.25057106386142775
2,101,LogReg,1688,1,1,0.825748030197879
2,101,LogReg,2520,1,1,0.8571109968008275
2,101,LogReg,7961,1,1,0.817651890404948
2,101,LogReg,3353,1,0,0.1821188610879412
2,101,LogReg,3672,1,1,0.9189901377052506
2,101,LogReg,6617,1,1,0.8311611166727251
2,101,LogReg,5004,0,0,0.28781643969767656
2,101,LogReg,9148,1,1,0.561710610896013
2,101,LogReg,8459,0,0,0.01341842604681463
2,101,LogReg,2296,1,0,0.4646487316302361
2,101,LogReg,4717,0,0,0.34357225707077826
2,101,LogReg,6727,0,0,0.19357779234083972
2,101,LogReg,8606,1,1,0.9103069994636935
2,101,LogReg,2512,1,0,0.18903971491563257
2,101,LogReg,8076,1,1,0.832545870965406
2,101,LogReg,163,0,0,0.14316049859829677
2,101,LogReg,6152,1,0,0.4455001503684566
2,101,LogReg,4808,1,1,0.7542512705801742
2,101,LogReg,9085,1,1,0.9971511227420506
2,101,LogReg,4105,0,0,0.16284370276519342
2,101,LogReg,2316,1,1,0.8363175493995743
2,101,LogReg,8933,1,1,0.9312633236867073
2,101,LogReg,506,1,1,0.6545244347967913
2,101,LogReg,4517,1,1,0.6776232262899083
2,101,LogReg,5790,0,0,0.4318159834640388
2,101,LogReg,5410,0,0,0.14046939525415117
2,101,LogReg,8365,0,0,0.13956724188071523
2,101,LogReg,4658,1,1,0.683481891787571
2,101,LogReg,4319,1,1,0.8348179839665326
2,101,LogReg,6190,1,1,0.7149231824148148
2,101,LogReg,3774,0,0,0.0885213292876795
2,101,LogReg,5491,0,0,0.4189755422374195
2,101,LogReg,4801,1,1,0.8619580611531625
2,101,LogReg,6092,1,1,0.9821128130834903
2,101,LogReg,8339,0,0,0.000727459935985463
2,101,LogReg,1893,0,0,0.12694778443766014
2,101,LogReg,4686,1,1,0.9821128130834903
2,101,LogReg,8811,1,1,0.9985542572130524
2,101,LogReg,5848,1,1,0.7447505052502077
2,101,LogReg,6929,1,1,0.9644198654637258
2,101,LogReg,4943,0,1,0.6824432034783019
2,101,LogReg,4770,0,0,0.1971169349590419
2,101,LogReg,3374,1,1,0.7047207425813323
2,101,LogReg,8907,1,1,0.9882508555087435
2,101,LogReg,147,0,0,0.17730251070061268
2,101,LogReg,9146,1,1,0.9273426879720047
2,101,LogReg,8804,1,1,0.8569386759301753
2,101,LogReg,564,1,1,0.6293716699466126
2,101,LogReg,754,1,1,0.6287527888424774
2,101,LogReg,2985,1,1,0.8339705359339501
2,101,LogReg,4012,1,1,0.6989746661478501
2,101,LogReg,5190,0,0,0.34153866646653935
2,101,LogReg,1174,1,0,0.2699307236029871
2,101,LogReg,8706,1,1,0.5165371406062714
2,101,LogReg,9159,1,1,0.9292152210421554
2,101,LogReg,6802,0,0,0.226835430243876
2,101,LogReg,4267,1,1,0.7902440485027576
2,101,LogReg,3500,1,0,0.03274648063722156
2,101,LogReg,1104,1,1,0.829481620616889
2,101,LogReg,1403,1,1,0.8733963386119165
2,101,LogReg,5953,1,1,0.6850369979425853
2,101,LogReg,3861,1,0,0.3154998702886001
2,101,LogReg,9048,1,1,0.6956287453416403
2,101,LogReg,3282,1,1,0.8821778566887579
2,101,LogReg,7120,0,0,0.20809436474471985
2,101,LogReg,6450,1,1,0.8857490195467876
2,101,LogReg,2693,1,1,0.8758518542555241
2,101,LogReg,8606,1,1,0.9103069994636935
2,101,LogReg,3943,1,1,0.7414116168704453
2,101,LogReg,7615,0,0,0.36126673012977817
2,101,LogReg,2858,1,0,0.224065534797773
2,101,LogReg,259,1,1,0.9178680748932685
2,101,LogReg,1352,1,1,0.8591170232208899
2,101,LogReg,2069,0,0,0.012581652504633948
2,101,LogReg,7750,0,0,0.3055648164261537
2,101,LogReg,3968,1,0,0.4610043409682649
2,101,LogReg,6121,1,1,0.5592071820628336
2,101,LogReg,4168,0,0,0.19308123858302298
2,101,LogReg,3089,1,1,0.7527847493225028
2,101,LogReg,344,1,1,0.8326575123949688
2,101,LogReg,3763,1,0,0.1911730293691808
2,101,LogReg,2373,1,1,0.52961435013158
2,101,LogReg,4833,1,1,0.6908384880914586
2,101,LogReg,4541,1,0,0.18293889760028595
2,101,LogReg,4670,1,1,0.8468162050185954
2,101,LogReg,3485,1,1,0.901102334505806
2,101,LogReg,3313,1,1,0.7380593952576022
2,101,LogReg,6275,1,0,0.49586333402841887
2,101,LogReg,672,1,1,0.6432389365915298
2,101,LogReg,1120,1,1,0.9863647593665431
2,101,LogReg,7615,0,0,0.36126673012977817
2,101,LogReg,7217,0,0,0.12694778443766014
2,101,LogReg,6534,1,1,0.7892075534982832
2,101,LogReg,8351,0,0,0.1628300244127881
2,101,LogReg,6983,1,1,0.6981950053955894
2,101,LogReg,1587,0,0,0.27938924314959757
2,101,LogReg,4241,0,0,0.2240655347977738
2,101,LogReg,5571,0,0,0.3844641560996591
2,101,LogReg,4895,0,1,0.5671404670340853
2,101,LogReg,3230,1,0,0.39997714103864845
2,101,LogReg,6109,1,1,0.7995945678563036
2,101,LogReg,5671,0,0,0.49052232979826876
2,101,LogReg,5980,1,1,0.8739797798249257
2,101,LogReg,9086,1,1,0.9958401565640848
2,101,LogReg,5203,0,0,0.45027704003637004
2,101,LogReg,8509,1,1,0.8929522901307525
2,101,LogReg,3612,0,0,0.00844072905751651
2,101,LogReg,3026,1,1,0.7822888377194637
2,101,LogReg,4138,0,0,0.014648154540818418
2,101,LogReg,8891,1,1,0.9541008957921604
2,101,LogReg,2608,1,1,0.9327961587351713
2,101,LogReg,508,1,0,0.18626044145699808
2,101,LogReg,8112,1,1,0.9538317318043471
2,101,LogReg,592,1,1,0.6532989692157337
2,101,LogReg,2493,0,0,0.47919201891056734
2,101,LogReg,5894,1,1,0.9670943273276872
2,101,LogReg,4926,0,0,0.4681172354054315
2,101,LogReg,507,1,1,0.7192054061931152
2,101,LogReg,2493,0,0,0.47919201891056734
2,101,LogReg,5555,0,1,0.5728341138470462
2,101,LogReg,6829,1,1,0.8975378141065957
2,101,LogReg,7045,0,0,0.07841498256449023
2,101,LogReg,9301,1,1,0.9927058601264811
2,101,LogReg,9541,1,1,0.9537965994377968
2,101,LogReg,8257,1,1,0.7971234203027857
2,101,LogReg,7162,1,0,0.2209541600001338
2,101,LogReg,5710,0,0,0.26095256330938604
2,101,LogReg,5841,1,0,0.4145481205685359
2,101,LogReg,877,1,1,0.7887117993245899
2,101,LogReg,5561,0,1,0.9170950931141353
2,101,LogReg,4067,1,1,0.9633840868016168
2,101,LogReg,9504,1,0,0.0037437308845519168
2,101,LogReg,8336,0,0,0.02984844924671182
2,101,LogReg,1981,1,1,0.5316842380828809
2,101,LogReg,8803,1,1,0.5222724468648596
2,101,LogReg,7853,1,1,0.768238443698401
2,101,LogReg,3538,1,1,0.9988866547311462
2,101,LogReg,6196,1,1,0.7046541794733951
2,101,LogReg,4541,1,0,0.18293889760028595
2,101,LogReg,727,1,1,0.917832428768577
2,101,LogReg,1089,1,1,0.5615498315517156
2,101,LogReg,5332,0,0,0.013293023283029547
2,101,LogReg,2004,1,1,0.9589223560704928
2,101,LogReg,3201,0,0,0.1604302384110317
2,101,LogReg,9437,1,1,0.9977421071188871
2,101,LogReg,4317,1,1,0.7767476347062484
2,101,LogReg,1600,0,0,0.17937652540198767
2,101,LogReg,3663,1,1,0.5162426427684377
2,101,LogReg,7234,0,0,0.03475170071878489
2,101,LogReg,6070,1,1,0.9345966393411881
2,101,LogReg,1954,1,0,0.2708026447425139
2,101,LogReg,2045,1,1,0.5158841369691438
2,101,LogReg,5976,0,0,0.10183064273014543
2,101,LogReg,4880,1,1,0.8170779113280062
2,101,LogReg,3033,1,1,0.584359994158505
2,101,LogReg,8257,1,1,0.7971234203027857
2,101,LogReg,799,1,0,0.47175595814541843
2,101,LogReg,2188,1,0,0.41091065303310204
2,101,LogReg,4226,1,1,0.8876633726275274
2,101,LogReg,5600,0,1,0.6366307040455604
2,101,LogReg,4274,1,1,0.9369611147594541
2,101,LogReg,5336,0,0,0.14034177211864873
2,101,LogReg,344,1,1,0.8326575123949688
2,101,LogReg,1416,1,1,0.9644198654637258
2,101,LogReg,1656,1,1,0.8867048064644703
2,101,LogReg,7635,0,0,0.49464864217115806
2,101,LogReg,5581,1,0,0.46276345914198574
2,101,LogReg,4577,1,1,0.8804966690988917
2,101,LogReg,3851,0,0,0.10986208112363113
2,101,LogReg,8718,1,1,0.953630888771341
2,101,LogReg,7635,0,0,0.49464864217115806
2,101,LogReg,1029,0,0,0.3435031899227303
2,101,LogReg,1367,1,1,0.9496872818961132
2,101,LogReg,3228,0,1,0.587358517170803
2,101,LogReg,8377,0,0,0.29374583458242476
2,101,LogReg,3941,1,0,0.28724761040277635
2,101,LogReg,2368,1,1,0.838303152583898
2,101,LogReg,413,1,1,0.6164422620012874
2,101,LogReg,950,1,1,0.922615826786371
2,101,LogReg,5786,0,0,0.20975349605560567
2,101,LogReg,7664,0,1,0.5459776846572539
2,101,LogReg,1190,1,1,0.9300159205922389
2,101,LogReg,9059,1,1,0.9803706842425842
2,101,LogReg,1664,1,1,0.741316835545102
2,101,LogReg,8036,0,0,0.33957755688361885
2,101,LogReg,3721,0,1,0.7364601222563331
2,101,LogReg,2368,1,1,0.838303152583898
2,101,LogReg,950,1,1,0.922615826786371
2,101,LogReg,2228,1,0,0.3058579709956845
2,101,LogReg,4754,0,0,0.0690372189605835
2,101,LogReg,2979,1,1,0.8971097777021078
2,101,LogReg,5568,0,0,0.173140109055082
2,101,LogReg,7327,1,1,0.7071720414919077
2,101,LogReg,5205,0,0,0.4349288868174483
2,101,LogReg,9038,1,0,0.46542321005855547
2,101,LogReg,174,1,0,0.3671746054326001
2,101,LogReg,532,1,0,0.2851204467603995
2,101,LogReg,3026,1,1,0.7822888377194637
2,101,LogReg,673,1,1,0.931817299965403
2,101,LogReg,3262,1,1,0.664803770274701
2,101,LogReg,2295,0,0,0.302632006433074
2,101,LogReg,4541,1,0,0.18293889760028595
2,101,LogReg,4383,1,1,0.990442474323466
2,101,LogReg,1621,1,1,0.7020287589195242
2,101,LogReg,1840,1,1,0.7199833783288331
2,101,LogReg,7699,1,1,0.8875682569575155
2,101,LogReg,4367,0,0,0.3378247733991404
2,101,LogReg,8936,1,1,0.9646019414168235
2,101,LogReg,1590,1,1,0.6290056962944134
2,101,LogReg,8023,1,0,0.4225307548548262
2,101,LogReg,6650,1,1,0.9726123095954899
2,101,LogReg,7887,0,1,0.8695055401836531
2,101,LogReg,8777,1,1,0.8875079549812025
2,101,LogReg,1772,1,1,0.8128983478887214
2,101,LogReg,4287,1,1,0.7834778629559292
2,101,LogReg,2515,1,1,0.8277487448879595
2,101,LogReg,2480,1,1,0.8612093426002232
2,101,LogReg,6302,0,0,0.21118252255201111
2,101,LogReg,6534,1,1,0.7892075534982832
2,101,LogReg,4801,1,1,0.8619580611531625
2,101,LogReg,5389,1,1,0.5718608359501668
2,101,LogReg,7962,1,1,0.9253248308538868
2,101,LogReg,813,1,1,0.6078310839716506
2,101,LogReg,2475,1,0,0.47954655618818304
2,101,LogReg,4782,1,1,0.9613352969379955
2,101,LogReg,3372,1,1,0.8150308099509659
2,101,LogReg,1870,1,1,0.685116596337153
2,101,LogReg,4715,1,1,0.9694542169332852
2,101,LogReg,8698,1,1,0.8674636823924935
2,101,LogReg,2267,1,1,0.533284124519771
2,101,LogReg,9177,1,1,0.984835247247171
2,101,LogReg,3319,1,0,0.4583814143712937
2,101,LogReg,2741,1,0,0.08935068422948769
2,101,LogReg,4645,0,0,0.05646861773028984
2,101,LogReg,7059,1,1,0.7149231824148148
2,101,LogReg,9131,1,1,0.9122947239169047
2,101,LogReg,9534,1,1,0.9939257055695007
2,101,LogReg,4031,1,1,0.71721562950844
2,101,LogReg,4665,1,1,0.8098865993488166
2,101,LogReg,3353,1,0,0.1821188610879412
2,101,LogReg,9154,1,1,0.9995725568057201
2,101,LogReg,6088,1,1,0.8448988078556111
2,101,LogReg,4266,1,1,0.9844146843361838
2,101,LogReg,9491,1,1,0.9753616179742757
2,101,LogReg,3801,0,0,0.17050895750040373
2,101,LogReg,5027,0,0,0.1811939208846379
2,101,LogReg,834,1,1,0.6323047537764197
2,101,LogReg,4101,0,0,0.3167564855922744
2,101,LogReg,7073,1,1,0.6171481861370651
2,101,LogReg,8108,1,1,0.9614804447792447
2,101,LogReg,4072,0,0,0.08277729352007726
2,101,LogReg,2792,1,0,0.40305665671460755
2,101,LogReg,5159,1,1,0.7974836966806971
2,101,LogReg,3219,1,0,0.08831907612218544
2,101,LogReg,8811,1,1,0.9985542572130524
2,101,LogReg,5547,0,1,0.9217464861520555
2,101,LogReg,2230,1,1,0.8073251094611664
2,101,LogReg,505,1,1,0.9375298315466357
2,101,LogReg,3625,1,1,0.8792777155485183
2,101,LogReg,211,1,1,0.7742627672567998
2,101,LogReg,7615,0,0,0.36126673012977817
2,101,LogReg,1511,1,1,0.7695602288962221
2,101,LogReg,2654,1,0,0.2619701305196325
2,101,LogReg,1425,1,1,0.8894397927795178
2,101,LogReg,2622,0,0,0.25805721005733107
2,101,LogReg,2030,0,0,0.08451350363761168
2,101,LogReg,2027,1,1,0.5744526557834247
2,101,LogReg,556,1,1,0.7497090474713927
2,101,LogReg,5962,1,1,0.8563028594316964
2,101,LogReg,3855,1,1,0.5352085067702201
2,101,LogReg,6745,1,1,0.8009856620254487
2,101,LogReg,7524,1,1,0.9369272809181811
2,101,LogReg,9316,1,1,0.9283072800850561
2,101,LogReg,6573,0,0,0.06889376829883229
2,101,LogReg,3569,1,0,0.12779504341541906
2,101,LogReg,8108,1,1,0.9614804447792447
2,101,LogReg,2377,1,1,0.8002544565277586
2,101,LogReg,7129,0,0,0.2815905008011878
2,101,LogReg,6454,1,1,0.5899325518901484
2,101,LogReg,2295,0,0,0.302632006433074
2,101,LogReg,5495,1,0,0.2485990837922235
2,101,LogReg,7217,0,0,0.12694778443766014
2,101,LogReg,4331,0,0,0.2195731691214118
2,101,LogReg,3942,1,0,0.28724761040277635
2,101,LogReg,814,1,1,0.8402800687630443
2,101,LogReg,4345,1,1,0.5373062622091758
2,101,LogReg,2320,1,1,0.7735214318825057
2,101,LogReg,8816,1,1,0.6161091512478901
2,101,LogReg,8589,1,1,0.8748603519999687
2,101,LogReg,5516,1,1,0.5549103937781968
2,101,LogReg,9244,1,1,0.8587774988688059
2,101,LogReg,9550,1,1,0.8436062315014003
2,101,LogReg,7115,0,0,0.23531581230785192
2,101,LogReg,1915,0,0,0.019749964218459704
2,101,LogReg,4491,1,1,0.8402521675278571
2,101,LogReg,5404,0,0,0.058953746535344576
2,101,LogReg,5352,0,1,0.7639299618984066
2,101,LogReg,6543,1,1,0.6091098899511412
2,101,LogReg,7026,0,0,0.18420428487374657
2,101,LogReg,2189,1,1,0.8922246296896672
2,101,LogReg,9090,1,1,0.9161422278116883
2,101,LogReg,3691,1,1,0.9300402019606009
2,101,LogReg,1516,1,1,0.9525524441430421
2,101,LogReg,672,1,1,0.6432389365915298
2,101,LogReg,2508,1,1,0.6735237655568996
2,101,LogReg,1104,1,1,0.829481620616889
2,101,LogReg,668,1,1,0.5801470258250307
2,101,LogReg,823,1,1,0.6078310839716506
2,101,LogReg,7604,0,0,0.2817724968732864
2,101,LogReg,7410,1,1,0.8021696820157931
2,101,LogReg,9460,1,1,0.9276647587532513
2,101,LogReg,2239,1,0,0.30546268006265515
2,101,LogReg,8791,1,1,0.9712359334136268
2,101,LogReg,9000,1,1,0.9119981656834917
2,101,LogReg,5531,0,0,0.3007758460110165
2,101,LogReg,8777,1,1,0.8875079549812025
2,101,LogReg,7911,0,0,0.25191275620862585
2,101,LogReg,291,1,1,0.6391854889895703
2,101,LogReg,9288,1,1,0.996015386222976
2,101,LogReg,5780,0,0,0.1673106117744293
2,101,LogReg,359,1,0,0.07547508635936269
2,101,LogReg,1242,1,1,0.7227721040277713
2,101,LogReg,1712,1,1,0.8652432683787212
2,101,LogReg,9539,1,1,0.998095941246314
2,101,LogReg,9524,1,1,0.9772287351827398
2,101,LogReg,9038,1,0,0.46542321005855547
2,101,LogReg,6923,1,1,0.8467324302320691
2,101,LogReg,4278,1,1,0.9473008322445831
2,101,LogReg,8804,1,1,0.8569386759301753
2,101,LogReg,3374,1,1,0.7047207425813323
2,101,LogReg,2374,1,1,0.8949929984461003
2,101,LogReg,823,1,1,0.6078310839716506
2,101,LogReg,7337,1,1,0.6672625918708538
2,101,LogReg,4840,1,0,0.18693203866060504
2,101,LogReg,9334,1,1,0.9983639316121187
2,101,LogReg,645,1,0,0.44188769304367914
2,101,LogReg,7649,0,1,0.8144224505783867
2,101,LogReg,4387,0,0,0.029986830894479663
2,101,LogReg,2478,0,0,0.2810404914716803
2,101,LogReg,8025,1,1,0.8605299208017643
2,101,LogReg,5140,1,1,0.8000520752337715
2,101,LogReg,8251,1,1,0.7408709720293759
2,101,LogReg,507,1,1,0.7192054061931152
2,101,LogReg,3376,0,0,0.330857657023663
2,101,LogReg,5367,0,1,0.7272900123679097
2,101,LogReg,5751,0,1,0.7169407945062228
2,101,LogReg,2377,1,1,0.8002544565277586
2,101,LogReg,5469,0,0,0.3354345777819876
2,101,LogReg,5535,0,0,0.48779559205035394
2,101,LogReg,5794,0,1,0.6178567329345764
2,101,LogReg,6894,1,1,0.9677893805152133
2,101,LogReg,371,1,0,0.4375243030997845
2,101,LogReg,5140,1,1,0.8000520752337715
2,101,LogReg,4925,0,0,0.17225320111672257
2,101,LogReg,1590,1,1,0.6290056962944134
2,101,LogReg,4338,0,0,0.023711685878304353
2,101,LogReg,7403,1,1,0.7509837132720903
2,101,LogReg,5375,0,0,0.1604302384110317
2,101,LogReg,1873,1,0,0.39997714103864845
2,101,LogReg,7148,1,1,0.9559641462522394
2,101,LogReg,8118,1,1,0.6268783685809721
2,101,LogReg,8585,1,1,0.9957108121624944
2,101,LogReg,5146,1,1,0.8475300825431268
2,101,LogReg,49,0,1,0.5782895587276594
2,101,LogReg,3383,1,1,0.9291121460931063
2,101,LogReg,3296,1,0,0.39056217768930346
2,101,LogReg,8051,1,1,0.9032530876259703
2,101,LogReg,3313,1,1,0.7380593952576022
2,101,LogReg,7697,1,0,0.22343598317822608
2,101,LogReg,4174,1,1,0.9761805792671334
2,101,LogReg,7371,0,0,0.01212166523368686
2,101,LogReg,7685,1,1,0.8488623562236084
2,101,LogReg,2609,1,1,0.916415287850654
2,101,LogReg,8672,1,1,0.7718321493897573
2,101,LogReg,749,1,1,0.7890728054664518
2,101,LogReg,5556,0,1,0.9387703417523309
2,101,LogReg,9130,1,1,0.9246718709687642
2,101,LogReg,8715,1,0,0.15658284988087398
2,101,LogReg,2898,1,1,0.981613117064354
2,101,LogReg,2385,1,1,0.7193343826870844
2,101,LogReg,6437,1,0,0.012048987940028889
2,101,LogReg,1364,1,1,0.9922741633486629
2,101,LogReg,5088,1,0,0.21547581451482992
2,101,LogReg,5109,0,0,0.1762702023623319
2,101,LogReg,9508,1,1,0.9922741633486629
2,101,LogReg,5710,0,0,0.26095256330938604
2,101,LogReg,881,1,0,0.4807005151289883
2,101,LogReg,2287,1,1,0.7637354093574018
2,101,LogReg,990,0,1,0.9272854178097393
2,101,LogReg,3063,1,0,0.2933828235900823
2,101,LogReg,2860,1,0,0.49653520926582834
2,101,LogReg,4691,0,0,0.0976482765918094
2,101,LogReg,5288,0,0,0.0726537304194642
2,101,LogReg,4626,1,1,0.6434107285521203
2,101,LogReg,4185,1,1,0.9100589979084474
2,101,LogReg,3201,0,0,0.1604302384110317
2,101,LogReg,5894,1,1,0.9670943273276872
2,101,LogReg,9548,1,1,0.9774006575820442
2,101,LogReg,7533,1,1,0.6983274735241257
2,101,LogReg,2022,0,0,0.13195494609988134
2,101,LogReg,8251,1,1,0.7408709720293759
2,101,LogReg,3917,0,1,0.620719684790253
2,101,LogReg,1301,0,0,0.014648154540818394
2,101,LogReg,6786,1,1,0.9964728421701057
2,101,LogReg,1453,1,1,0.981613117064354
2,101,LogReg,3569,1,0,0.12779504341541906
2,101,LogReg,8358,0,0,0.07493900016546073
2,101,LogReg,1134,1,0,0.46877912722097764
2,101,LogReg,1943,0,0,0.05124807494915855
2,101,LogReg,2766,1,0,0.1541911694020403
2,101,LogReg,6056,1,1,0.9169776238067175
2,101,LogReg,4991,1,1,0.731529363970979
2,101,LogReg,447,1,1,0.6986720143683076
2,101,LogReg,8021,1,1,0.8524199521217395
2,101,LogReg,5146,1,1,0.8475300825431268
2,101,LogReg,7947,1,0,0.3343763355866624
2,101,LogReg,2836,1,1,0.9995378318480332
2,101,LogReg,3753,1,1,0.7387337395103047
2,101,LogReg,5343,0,1,0.6770782103944755
2,101,LogReg,5071,0,0,0.020906451872620083
2,101,LogReg,2781,1,1,0.8857490195467876
2,101,LogReg,1788,1,1,0.9607290683231519
2,101,LogReg,5455,0,0,0.44544088699908563
2,101,LogReg,5552,0,0,0.20165120802641742
2,101,LogReg,9167,1,1,0.7955221368992729
2,101,LogReg,279,1,0,0.3308592976581791
2,101,LogReg,8855,1,1,0.8200911861906961
2,101,LogReg,6575,0,0,0.2949023463526977
2,101,LogReg,7670,1,1,0.6895370129766328
2,101,LogReg,3397,1,1,0.7992121651261314
2,101,LogReg,3104,1,1,0.9497141412703428
2,101,LogReg,8654,1,1,0.8600142267176732
2,101,LogReg,7218,0,0,0.1661973627246295
2,101,LogReg,7981,0,1,0.9141858459587069
2,101,LogReg,7194,1,0,0.07588002307174409
2,101,LogReg,5385,0,1,0.5413491952950802
2,101,LogReg,9422,1,1,0.9998731173424017
2,101,LogReg,2695,1,1,0.806513866529711
2,101,LogReg,8715,1,0,0.15658284988087398
2,101,LogReg,7649,0,1,0.8144224505783867
2,101,LogReg,7490,1,0,0.2733146005855796
2,101,LogReg,8180,1,1,0.8033465534478776
2,101,LogReg,1516,1,1,0.9525524441430421
2,101,LogReg,4383,1,1,0.990442474323466
2,101,LogReg,2982,1,1,0.7781848799467592
2,101,LogReg,4775,0,1,0.6624315555412394
2,101,LogReg,5501,0,1,0.5291628056507081
2,101,LogReg,1420,1,1,0.9819843980194168
2,101,LogReg,5806,1,1,0.7730016019969839
2,101,LogReg,8429,0,0,0.3274785463486522
2,101,LogReg,8735,1,1,0.9517820427040117
2,101,LogReg,8672,1,1,0.7718321493897573
2,101,LogReg,4929,1,1,0.8608648431841002
2,101,LogReg,1181,1,1,0.8660874751874325
2,101,LogReg,2355,1,1,0.5770864940168526
2,101,LogReg,4885,1,1,0.9497440508762196
2,101,LogReg,4750,0,0,0.1375128450206895
2,101,LogReg,8249,1,1,0.6691634436427459
2,101,LogReg,133,1,0,0.396297907572723
2,101,LogReg,9094,1,1,0.9611981717899203
2,101,LogReg,7059,1,1,0.7149231824148148
2,101,LogReg,19,0,1,0.5070692241828711
2,101,LogReg,6377,1,0,0.2708026447425144
2,101,LogReg,5685,0,0,0.240875226447638
2,101,LogReg,4517,1,1,0.6776232262899083
2,101,LogReg,4961,0,1,0.736322722172154
2,101,LogReg,5583,0,0,0.07710975375518136
2,101,LogReg,834,1,1,0.6323047537764197
2,101,LogReg,2792,1,0,0.40305665671460755
2,101,LogReg,5205,0,0,0.4349288868174483
2,101,LogReg,4801,1,1,0.8619580611531625
2,101,LogReg,5445,0,0,0.46179403519165746
2,101,LogReg,8351,0,0,0.1628300244127881
2,101,LogReg,2377,1,1,0.8002544565277586
2,101,LogReg,2355,1,1,0.5770864940168526
2,101,LogReg,1919,1,1,0.9661555466237394
2,101,LogReg,2320,1,1,0.7735214318825057
2,101,LogReg,4424,1,0,0.057876342158673974
2,101,LogReg,9109,1,1,0.9277062572219494
2,101,LogReg,3378,1,1,0.8284449620574108
2,101,LogReg,5630,0,1,0.6578110859228427
2,101,LogReg,4843,1,0,0.4542127181919449
2,101,LogReg,2295,0,0,0.302632006433074
2,101,LogReg,7609,0,1,0.6029319050970545
2,101,LogReg,3319,1,0,0.4583814143712937
2,101,LogReg,9197,1,1,0.9900850246999581
2,101,LogReg,7322,0,0,0.05018147645236979
2,101,LogReg,8860,1,1,0.9701340206724939
2,101,LogReg,7656,1,0,0.44340902877998506
2,101,LogReg,159,1,0,0.37585451150495386
2,101,LogReg,4869,1,1,0.5345208345417879
2,101,LogReg,111,0,0,0.23055651211306366
2,101,LogReg,3721,0,1,0.7364601222563331
2,101,LogReg,5451,0,1,0.8141344916086113
2,101,LogReg,4295,1,0,0.11619968807994432
2,101,LogReg,190,1,0,0.03582582697695141
2,101,LogReg,8047,0,0,0.338158846521968
2,101,LogReg,797,1,1,0.8843489505666372
2,101,LogReg,8294,0,0,0.13525703800395986
2,101,LogReg,6328,1,1,0.5944780756494551
2,101,LogReg,6743,1,1,0.8162947100660238
2,101,LogReg,7148,1,1,0.9559641462522394
2,101,LogReg,7791,0,0,0.17122459625766764
2,101,LogReg,6060,1,1,0.9819843980194168
2,101,LogReg,731,1,1,0.93905205239309
2,101,LogReg,5667,0,0,0.4304974508549828
2,101,LogReg,5150,1,1,0.6289890978584093
2,101,LogReg,1368,1,1,0.8218496036923965
2,101,LogReg,2897,1,1,0.6415565874690331
2,101,LogReg,6452,1,1,0.5475712553264067
2,101,LogReg,7802,0,1,0.8385956744436673
2,101,LogReg,8136,1,1,0.8131809599911076
2,101,LogReg,1168,1,1,0.931819303790811
2,101,LogReg,9203,1,1,0.9877221461519146
2,101,LogReg,5014,0,0,0.18991209319192973
2,101,LogReg,4929,1,1,0.8608648431841002
2,101,LogReg,7913,0,0,0.22232865199495222
2,101,LogReg,9545,1,1,0.8257067560386959
2,101,LogReg,1110,1,1,0.8802284791534443
2,101,LogReg,3074,1,0,0.15826586452249897
2,101,LogReg,2735,1,1,0.9621891290669509
2,101,LogReg,8474,0,0,0.06633490099991038
2,101,LogReg,2215,1,1,0.7307192249732788
2,101,LogReg,5011,0,0,0.23035108148830238
2,101,LogReg,4316,1,1,0.7104235017788014
2,101,LogReg,4072,0,0,0.08277729352007726
2,101,LogReg,4813,0,0,0.01204898794002908
2,101,LogReg,8536,1,0,0.3200203849319794
2,101,LogReg,6259,1,1,0.9688609657145496
2,101,LogReg,1513,1,1,0.7995945678563036
2,101,LogReg,6192,0,0,0.29898115195698133
2,101,LogReg,314,1,0,0.32679821634900363
2,101,LogReg,1402,1,1,0.6961766612769651
2,101,LogReg,675,1,1,0.7075932416958067
2,101,LogReg,1821,1,1,0.9643318884106311
2,101,LogReg,1034,1,1,0.5540322175874618
2,101,LogReg,1172,0,0,0.3079558705572001
2,101,LogReg,5848,1,1,0.7447505052502077
2,101,LogReg,1308,1,1,0.5475712553264073
2,101,LogReg,6727,0,0,0.19357779234083972
2,101,LogReg,8311,0,0,0.1833125296701596
2,101,LogReg,9288,1,1,0.996015386222976
2,101,LogReg,1512,1,1,0.8270607686074463
2,101,LogReg,2044,1,1,0.7424782976769523
2,101,LogReg,3493,1,1,0.887103479857592
2,101,LogReg,8440,0,0,0.2732885528129044
2,101,LogReg,7117,1,0,0.2004171805983929
2,101,LogReg,5519,0,0,0.24618347290720463
2,101,LogReg,2349,1,1,0.7278876219228235
2,101,LogReg,6062,1,1,0.9265118685545293
2,101,LogReg,728,1,0,0.45282602299871566
2,101,LogReg,1364,1,1,0.9922741633486629
2,101,LogReg,7420,1,1,0.7022761938959259
2,101,LogReg,379,1,0,0.43124198921932555
2,101,LogReg,2030,0,0,0.08451350363761168
2,101,LogReg,6197,1,1,0.9153307719494505
2,101,LogReg,5780,0,0,0.1673106117744293
2,101,LogReg,1330,1,0,0.4376881892976753
2,101,LogReg,1656,1,1,0.8867048064644703
2,101,LogReg,5653,0,0,0.05695667572465315
2,101,LogReg,8170,1,1,0.7402275619385508
2,101,LogReg,1612,1,0,0.49538907329227
2,101,LogReg,9536,1,1,0.7311517623000636
2,101,LogReg,6218,0,0,0.24475947962097078
2,101,LogReg,7264,1,1,0.5430966473243026
2,101,LogReg,7802,0,1,0.8385956744436673
2,101,LogReg,5027,0,0,0.1811939208846379
2,101,LogReg,8164,0,0,0.39032041113710264
2,101,LogReg,7554,1,1,0.7674931524230951
2,101,LogReg,3023,1,1,0.7625306421076703
2,101,LogReg,3290,1,0,0.36149324211237227
2,101,LogReg,3569,1,0,0.12779504341541906
2,101,LogReg,8571,1,1,0.6833318623216008
2,101,LogReg,1511,1,1,0.7695602288962221
2,101,LogReg,8543,1,1,0.9901220709159282
2,101,LogReg,5463,0,1,0.9992406881288922
2,101,LogReg,9061,1,1,0.986987562504292
2,101,LogReg,1416,1,1,0.9644198654637258
2,101,LogReg,2447,1,1,0.8256578407643025
2,101,LogReg,7818,0,1,0.794445746463838
2,101,LogReg,1098,0,0,0.16332823287931073
2,101,LogReg,3801,0,0,0.17050895750040373
2,101,LogReg,4029,0,1,0.6890591971287672
2,101,LogReg,508,1,0,0.18626044145699808
2,101,LogReg,4769,0,0,0.019749964218459704
2,101,LogReg,5668,0,1,0.5022216336390362
2,101,LogReg,7322,0,0,0.05018147645236979
2,101,LogReg,4948,0,1,0.5354861482469319
2,101,LogReg,635,1,1,0.9879865700944407
2,101,LogReg,490,1,0,0.39308803156164857
2,101,LogReg,6010,0,0,0.007145797359963125
2,101,LogReg,7441,1,0,0.30013933122340286
2,101,LogReg,8946,1,1,0.9932263686992084
2,101,LogReg,6131,1,1,0.8339705359339501
2,101,LogReg,2199,1,0,0.18818641196656155
2,101,LogReg,2478,0,0,0.2810404914716803
2,101,LogReg,4278,1,1,0.9473008322445831
2,101,LogReg,8912,1,1,0.6686180688039981
2,101,LogReg,3203,1,0,0.08831907612218544
2,101,LogReg,9473,1,1,0.998025634595508
2,101,LogReg,6267,1,1,0.5373062622091758
2,101,LogReg,3292,1,1,0.6823395947817439
2,101,LogReg,9378,1,1,0.8474975261550529
2,101,LogReg,641,1,1,0.7519054496935156
2,101,LogReg,9302,1,1,0.8505541812647901
2,101,LogReg,9090,1,1,0.9161422278116883
2,101,LogReg,2473,1,1,0.7069086669107486
2,101,LogReg,2098,1,0,0.4044513466270558
2,101,LogReg,1600,0,0,0.17937652540198767
2,101,LogReg,8951,1,1,0.963254511935363
2,101,LogReg,4240,1,1,0.8744863079669326
2,101,LogReg,2004,1,1,0.9589223560704928
2,101,LogReg,4548,0,1,0.9247758870668136
2,101,LogReg,1393,0,0,0.19226211479841235
2,101,LogReg,8763,1,1,0.9835417950618314
2,101,LogReg,1365,0,0,0.07915116536470856
2,101,LogReg,336,1,1,0.8352864861188773
2,101,LogReg,5848,1,1,0.7447505052502077
2,101,LogReg,7959,1,1,0.930833391801189
2,101,LogReg,6894,1,1,0.9677893805152133
2,101,LogReg,8420,0,0,0.20516242411332258
2,101,LogReg,4991,1,1,0.731529363970979
2,101,LogReg,2199,1,0,0.18818641196656155
2,101,LogReg,9545,1,1,0.8257067560386959
2,101,LogReg,1915,0,0,0.019749964218459704
2,101,LogReg,7608,0,0,0.476500927819257
2,101,LogReg,9090,1,1,0.9161422278116883
2,101,LogReg,7685,1,1,0.8488623562236084
2,101,LogReg,1089,1,1,0.5615498315517156
2,101,LogReg,1845,0,0,0.27401384716560073
2,101,LogReg,9109,1,1,0.9277062572219494
2,101,LogReg,713,1,1,0.5217256737045173
2,101,LogReg,5288,0,0,0.0726537304194642
2,101,LogReg,5140,1,1,0.8000520752337715
2,101,LogReg,7221,0,0,0.15665705924810966
2,101,LogReg,9300,1,1,0.9978927352406839
2,101,LogReg,8607,1,1,0.9924980956761861
2,101,LogReg,209,0,0,0.45682994762729634
2,101,LogReg,2504,1,0,0.33308861973965265
2,101,LogReg,7053,1,1,0.9814594873710041
2,101,LogReg,6305,1,0,0.02856789161390951
2,101,LogReg,8114,1,1,0.7999406355400441
2,101,LogReg,3074,1,0,0.15826586452249897
2,101,LogReg,5391,0,0,0.19058240371220928
2,101,LogReg,4067,1,1,0.9633840868016168
2,101,LogReg,5348,0,0,0.043634662876131755
2,101,LogReg,4648,1,1,0.8818484241216168
2,101,LogReg,3182,1,1,0.6297786330642118
2,101,LogReg,2754,1,0,0.3405236640214369
2,101,LogReg,2295,0,0,0.302632006433074
2,101,LogReg,4761,0,0,0.2683906701324969
2,101,LogReg,532,1,0,0.2851204467603995
2,101,LogReg,5668,0,1,0.5022216336390362
2,101,LogReg,2067,0,0,0.13975309448615386
2,101,LogReg,1983,1,1,0.7105421290686964
2,101,LogReg,1716,1,1,0.8281647733953794
2,101,LogReg,513,1,1,0.877016104700069
2,101,LogReg,766,1,1,0.948644226316908
2,101,LogReg,4388,0,0,0.01308224240513083
2,101,LogReg,8114,1,1,0.7999406355400441
2,101,LogReg,4255,0,0,0.2773334089264564
2,101,LogReg,4280,1,1,0.981613117064354
2,101,LogReg,96,0,0,0.10798447115019984
2,101,LogReg,5535,0,0,0.48779559205035394
2,101,LogReg,7060,1,1,0.7053812861959999
2,101,LogReg,6705,0,0,0.26342726593557403
2,101,LogReg,4322,0,0,0.31615502102897014
2,101,LogReg,4785,1,1,0.962772730798487
2,101,LogReg,9543,1,1,0.9948495463978607
2,101,LogReg,6702,1,1,0.5126948734696789
2,101,LogReg,4867,0,0,0.03853293412069293
2,101,LogReg,4636,1,1,0.8430306757951698
2,101,LogReg,3406,1,0,0.08254501280909826
2,101,LogReg,2284,1,1,0.6842455286775394
2,101,LogReg,480,1,1,0.8624204913941208
2,101,LogReg,8457,0,0,0.01776421180482519
2,101,LogReg,4539,1,1,0.6685058321093041
2,101,LogReg,9042,1,1,0.8855475277263509
2,101,LogReg,3125,1,1,0.9672658220375031
2,101,LogReg,7781,0,0,0.11788097081801667
2,101,LogReg,8180,1,1,0.8033465534478776
2,101,LogReg,8600,1,1,0.7508652262943732
2,101,LogReg,7994,0,1,0.5587576567740694
2,101,LogReg,6704,1,1,0.9444535450640742
2,101,LogReg,6703,1,1,0.5507215906105327
2,101,LogReg,7217,0,0,0.12694778443766014
2,101,LogReg,2759,1,0,0.04882636853290853
2,101,LogReg,109,1,0,0.25843426744736897
2,101,LogReg,8699,1,1,0.9220662073003365
2,101,LogReg,8430,0,0,0.26975148682483135
2,101,LogReg,1804,1,0,0.3963889256026642
2,101,LogReg,9154,1,1,0.9995725568057201
2,101,LogReg,8738,1,1,0.8228331007844318
2,101,LogReg,4389,0,0,0.0719852963370232
2,101,LogReg,8860,1,1,0.9701340206724939
2,101,LogReg,1425,1,1,0.8894397927795178
2,101,LogReg,4833,1,1,0.6908384880914586
2,101,LogReg,4548,0,1,0.9247758870668136
2,101,LogReg,7615,0,0,0.36126673012977817
2,101,LogReg,5155,1,1,0.6885919938135413
2,101,LogReg,4012,1,1,0.6989746661478501
2,101,LogReg,4372,1,1,0.6493897121984092
2,101,LogReg,7542,1,0,0.21240777666929048
2,101,LogReg,149,1,0,0.09660776566880114
2,101,LogReg,7441,1,0,0.30013933122340286
2,101,LogReg,8926,1,1,0.9556770330096626
2,101,LogReg,3447,1,1,0.5046613002998851
2,101,LogReg,5356,0,0,0.31485998967466994
2,101,LogReg,8841,1,1,0.944170579121349
2,101,LogReg,306,1,0,0.19054981762845388
2,101,LogReg,7073,1,1,0.6171481861370651
2,101,LogReg,2027,1,1,0.5744526557834247
2,101,LogReg,8136,1,1,0.8131809599911076
2,101,LogReg,7205,1,1,0.6189314961464332
2,101,LogReg,8698,1,1,0.8674636823924935
2,101,LogReg,7184,1,1,0.5210558896868029
2,101,LogReg,4524,0,0,0.016663075300861217
2,101,LogReg,1271,1,1,0.9823255807622513
2,101,LogReg,5685,0,0,0.240875226447638
2,101,LogReg,4648,1,1,0.8818484241216168
2,101,LogReg,2424,1,1,0.5863243579239293
2,101,LogReg,9528,1,1,0.889589245849927
2,101,LogReg,8013,0,0,0.3921621400103243
2,101,LogReg,4087,1,0,0.269930723602987
2,101,LogReg,3753,1,1,0.7387337395103047
2,101,LogReg,6703,1,1,0.5507215906105327
2,101,LogReg,5900,1,1,0.940674114447288
2,101,LogReg,3228,0,1,0.587358517170803
2,101,LogReg,428,1,1,0.8789625419909624
2,101,LogReg,9392,1,1,0.7995457980113402
2,101,LogReg,2748,1,0,0.051238110321219416
2,101,LogReg,3546,1,1,0.8402521675278571
2,101,LogReg,5592,0,0,0.13189925134057007
2,101,LogReg,7080,0,0,0.36235179348856966
2,101,LogReg,7980,0,1,0.7418134876263106
2,101,LogReg,6181,0,0,0.4382903871118895
2,101,LogReg,4027,1,1,0.9741758536378324
2,101,LogReg,2410,1,1,0.6755701196868769
2,101,LogReg,4683,1,1,0.567910565367736
2,101,LogReg,8944,1,1,0.7143196363768543
2,101,LogReg,6983,1,1,0.6981950053955894
2,101,LogReg,4939,0,1,0.5415715906507669
2,101,LogReg,4539,1,1,0.6685058321093041
2,101,LogReg,2982,1,1,0.7781848799467592
2,101,LogReg,1716,1,1,0.8281647733953794
2,101,LogReg,7510,1,0,0.4173098527911716
2,101,LogReg,9293,1,1,0.9091609826022152
2,101,LogReg,1425,1,1,0.8894397927795178
2,101,LogReg,5345,1,1,0.7410700464104321
2,101,LogReg,3292,1,1,0.6823395947817439
2,101,LogReg,3930,0,1,0.6369650953873476
2,101,LogReg,4715,1,1,0.9694542169332852
2,101,LogReg,92,1,0,0.1140725162632151
2,101,LogReg,2438,1,1,0.9392484348799871
2,101,LogReg,5905,1,1,0.963867374964408
2,101,LogReg,5224,0,0,0.026072056966366847
2,101,LogReg,3902,0,0,0.42715220591383424
2,101,LogReg,2300,0,0,0.02965503165914948
2,101,LogReg,8235,1,1,0.6931813471023786
2,101,LogReg,6304,1,1,0.8719672984982297
2,101,LogReg,7552,1,0,0.202264487822083
2,101,LogReg,5256,0,1,0.9290374283736496
2,101,LogReg,2504,1,0,0.33308861973965265
2,101,LogReg,7415,1,1,0.5475712553264067
2,101,LogReg,8188,1,0,0.25716579795227607
2,101,LogReg,7804,0,1,0.5755325799429782
2,101,LogReg,1364,1,1,0.9922741633486629
2,101,LogReg,4658,1,1,0.683481891787571
2,101,LogReg,3415,1,0,0.2605202920631703
2,101,LogReg,5548,1,1,0.8582205716172586
2,101,LogReg,5045,0,0,0.010313737097754334
2,101,LogReg,7117,1,0,0.2004171805983929
2,101,LogReg,4439,0,1,0.5649345694530312
2,101,LogReg,587,1,1,0.981249956029666
2,101,LogReg,6389,1,1,0.9613352969379955
2,101,LogReg,430,1,1,0.8330397864852651
2,101,LogReg,7542,1,0,0.21240777666929048
2,101,LogReg,428,1,1,0.8789625419909624
2,101,LogReg,5387,0,0,0.1319549460998818
2,101,LogReg,6389,1,1,0.9613352969379955
2,101,LogReg,1050,1,1,0.9266304089904572
2,101,LogReg,3135,1,1,0.8225453344629913
2,101,LogReg,8170,1,1,0.7402275619385508
2,101,LogReg,4027,1,1,0.9741758536378324
2,101,LogReg,7242,0,0,0.4838734196327434
2,101,LogReg,5277,0,0,0.44660315696771097
2,101,LogReg,5019,0,1,0.5141677411850624
2,101,LogReg,2226,0,0,0.266262724852729
2,101,LogReg,5963,1,1,0.7968521355755448
2,101,LogReg,5263,1,1,0.729969229425224
2,101,LogReg,2362,1,1,0.7426008895861106
2,101,LogReg,9392,1,1,0.7995457980113402
2,101,LogReg,1029,0,0,0.3435031899227303
2,101,LogReg,3419,1,1,0.8658154766727281
2,101,LogReg,2446,1,1,0.8815918662067528
2,101,LogReg,3211,1,0,0.053819272516824716
2,101,LogReg,2477,0,1,0.6104703860585137
2,101,LogReg,4389,0,0,0.0719852963370232
2,101,LogReg,828,1,1,0.9306397163499551
2,101,LogReg,8089,1,1,0.6619970028356084
2,101,LogReg,4428,0,0,0.1604302384110317
2,101,LogReg,5867,1,0,0.40629546022962876
2,101,LogReg,4658,1,1,0.683481891787571
2,101,LogReg,610,1,1,0.7982458264064523
2,101,LogReg,1114,1,1,0.8415723707430508
2,101,LogReg,6912,1,1,0.9496872818961132
2,101,LogReg,4331,0,0,0.2195731691214118
2,101,LogReg,8855,1,1,0.8200911861906961
2,101,LogReg,4895,0,1,0.5671404670340853
2,101,LogReg,4183,1,1,0.9231193403061193
2,101,LogReg,5786,0,0,0.20975349605560567
2,101,LogReg,4926,0,0,0.4681172354054315
2,101,LogReg,4895,0,1,0.5671404670340853
2,101,LogReg,8977,1,1,0.6962094878964814
2,101,LogReg,537,1,1,0.7867767740605842
2,101,LogReg,3861,1,0,0.3154998702886001
2,101,LogReg,6560,1,1,0.7262350111557969
2,101,LogReg,4636,1,1,0.8430306757951698
2,101,LogReg,3593,1,0,0.4731762754860898
2,101,LogReg,9168,1,1,0.9654572363606572
2,101,LogReg,6060,1,1,0.9819843980194168
2,101,LogReg,3753,1,1,0.7387337395103047
2,101,LogReg,8537,1,1,0.6191643127195894
2,101,LogReg,5510,0,0,0.2611460809628404
2,101,LogReg,1938,1,1,0.7628768224555684
2,101,LogReg,5882,1,0,0.2101166037036547
2,101,LogReg,7977,0,1,0.6013827654793216
2,101,LogReg,389,1,0,0.34089079166260955
2,101,LogReg,4490,0,0,0.44889128648889726
2,101,LogReg,2604,1,1,0.8587774988688057
2,101,LogReg,7664,0,1,0.5459776846572539
2,101,LogReg,8841,1,1,0.944170579121349
2,101,LogReg,1540,1,1,0.7324930307669465
2,101,LogReg,1800,1,1,0.5373062622091758
2,101,LogReg,6599,1,1,0.6940651981159202
2,101,LogReg,4501,0,0,0.11036953416927212
2,101,LogReg,873,1,1,0.8134667234924073
2,101,LogReg,5019,0,1,0.5141677411850624
2,101,LogReg,8351,0,0,0.1628300244127881
2,101,LogReg,2951,1,0,0.022637145732793667
2,101,LogReg,978,1,1,0.7931713682848748
2,101,LogReg,4101,0,0,0.3167564855922744
2,101,LogReg,2802,1,1,0.7015423299216932
2,101,LogReg,4523,1,1,0.6905754335285733
2,101,LogReg,2154,1,1,0.7931627803976895
2,101,LogReg,3070,0,0,0.21851166832554944
2,101,LogReg,621,1,1,0.8651815110312732
2,101,LogReg,3104,1,1,0.9497141412703428
2,101,LogReg,8815,1,1,0.6927512571746116
2,101,LogReg,5640,0,0,0.20710319145722336
2,101,LogReg,3023,1,1,0.7625306421076703
2,101,LogReg,6576,1,1,0.718398181984238
2,101,LogReg,1408,1,1,0.8243795195423926
2,101,LogReg,8311,0,0,0.1833125296701596
2,101,LogReg,925,1,1,0.9592464596420622
2,101,LogReg,1114,1,1,0.8415723707430508
2,101,LogReg,6929,1,1,0.9644198654637258
2,101,LogReg,4295,1,0,0.11619968807994432
2,101,LogReg,4564,1,1,0.50815057911832
2,101,LogReg,8319,0,0,0.07620198850700345
2,101,LogReg,8122,0,0,0.48752433394782213
2,101,LogReg,7838,0,0,0.20330823460781416
2,101,LogReg,2735,1,1,0.9621891290669509
2,101,LogReg,7633,0,0,0.44032413768009504
2,101,LogReg,2385,1,1,0.7193343826870844
2,101,LogReg,523,1,1,0.6416045951010079
2,101,LogReg,4267,1,1,0.7902440485027576
2,101,LogReg,6650,1,1,0.9726123095954899
2,101,LogReg,490,1,0,0.39308803156164857
2,101,LogReg,810,1,1,0.7446501214163036
2,101,LogReg,5229,0,0,0.0010590738182056118
2,101,LogReg,4975,0,0,0.4461505642715441
2,101,LogReg,9048,1,1,0.6956287453416403
2,101,LogReg,4637,0,0,0.0480773407637605
2,101,LogReg,4949,0,1,0.5399452030637077
2,101,LogReg,4487,0,0,0.02233630270468209
2,101,LogReg,4565,1,1,0.5484751162711453
2,101,LogReg,5548,1,1,0.8582205716172586
2,101,LogReg,6786,1,1,0.9964728421701057
2,101,LogReg,9518,1,1,0.9803116534873475
2,101,LogReg,6437,1,0,0.012048987940028889
2,101,LogReg,8513,1,1,0.9932296855274181
2,101,LogReg,2690,1,1,0.8132546826928903
2,101,LogReg,7887,0,1,0.8695055401836531
2,101,LogReg,7608,0,0,0.476500927819257
2,101,LogReg,6180,1,0,0.07841498256449023
2,101,LogReg,5827,0,0,0.12617819429303895
2,101,LogReg,1029,0,0,0.3435031899227303
2,101,LogReg,768,1,1,0.9672658220375031
2,101,LogReg,5109,0,0,0.1762702023623319
2,101,LogReg,5579,0,1,0.9566761255734831
2,101,LogReg,8946,1,1,0.9932263686992084
2,101,LogReg,6534,1,1,0.7892075534982832
2,101,LogReg,939,1,1,0.6217384778886406
2,101,LogReg,820,1,1,0.7446501214163036
2,101,LogReg,1290,0,0,0.12290114617424779
2,101,LogReg,8870,1,1,0.9949738328315744
2,101,LogReg,8665,1,1,0.9754486264487906
2,101,LogReg,4645,0,0,0.05646861773028984
2,101,LogReg,4950,1,1,0.8935213650088963
2,101,LogReg,6131,1,1,0.8339705359339501
2,101,LogReg,4840,1,0,0.18693203866060504
2,101,LogReg,7482,0,0,0.09608619987713378
2,101,LogReg,7314,1,1,0.6446848597979
2,101,LogReg,6783,1,1,0.8135676798758202
2,101,LogReg,2162,1,1,0.6189545718663247
2,101,LogReg,3038,1,1,0.767090858543724
2,101,LogReg,2731,1,1,0.998869523651626
2,101,LogReg,8860,1,1,0.9701340206724939
2,101,LogReg,990,0,1,0.9272854178097393
2,101,LogReg,5203,0,0,0.45027704003637004
2,101,LogReg,5512,1,0,0.17173469537018463
2,101,LogReg,799,1,0,0.47175595814541843
2,101,LogReg,9491,1,1,0.9753616179742757
2,101,LogReg,7333,1,1,0.5096592268574399
2,101,LogReg,7057,0,0,0.224065534797773
2,101,LogReg,2058,1,0,0.03309843884030537
2,101,LogReg,2919,1,1,0.8173516795783928
2,101,LogReg,8912,1,1,0.6686180688039981
2,101,LogReg,5263,1,1,0.729969229425224
2,101,LogReg,7642,0,1,0.5789095542390094
2,101,LogReg,2502,1,0,0.4145481205685359
2,101,LogReg,4813,0,0,0.01204898794002908
2,101,LogReg,2100,1,1,0.9301800731206569
2,101,LogReg,4238,0,0,0.1180886322869416
2,101,LogReg,2951,1,0,0.022637145732793667
2,101,LogReg,6881,0,0,0.014648154540818394
2,101,LogReg,9539,1,1,0.998095941246314
2,101,LogReg,4833,1,1,0.6908384880914586
2,101,LogReg,4661,1,1,0.9979800864411446
2,101,LogReg,3383,1,1,0.9291121460931063
2,101,LogReg,6740,1,0,0.4588223320882947
2,101,LogReg,9539,1,1,0.998095941246314
2,101,LogReg,9235,1,1,0.9972615855329207
2,101,LogReg,2878,1,1,0.946659411749423
2,101,LogReg,2028,1,0,0.4778067084686683
2,101,LogReg,6923,1,1,0.8467324302320691
2,101,LogReg,1826,1,1,0.7705147648118772
2,101,LogReg,8536,1,0,0.3200203849319794
2,101,LogReg,6560,1,1,0.7262350111557969
2,101,LogReg,4750,0,0,0.1375128450206895
2,101,LogReg,4659,0,0,0.45060742172522966
2,101,LogReg,5751,0,1,0.7169407945062228
2,101,LogReg,9154,1,1,0.9995725568057201
2,101,LogReg,8627,1,1,0.8829419779257732
2,101,LogReg,9547,1,1,0.9985288984337677
2,101,LogReg,8205,1,1,0.9398569780679505
2,101,LogReg,2154,1,1,0.7931627803976895
2,101,LogReg,4379,1,0,0.4448912533164311
2,101,LogReg,7060,1,1,0.7053812861959999
2,101,LogReg,2860,1,0,0.49653520926582834
2,101,LogReg,6275,1,0,0.49586333402841887
2,101,LogReg,2766,1,0,0.1541911694020403
2,101,LogReg,5790,0,0,0.4318159834640388
2,101,LogReg,259,1,1,0.9178680748932685
2,101,LogReg,6580,1,0,0.3450415223268877
2,101,LogReg,2673,1,0,0.08614519467027174
2,101,LogReg,508,1,0,0.18626044145699808
2,101,LogReg,297,1,1,0.7586295231607249
2,101,LogReg,2446,1,1,0.8815918662067528
2,101,LogReg,2475,1,0,0.47954655618818304
2,101,LogReg,3858,1,0,0.3944620490391145
2,101,LogReg,2836,1,1,0.9995378318480332
2,101,LogReg,6705,0,0,0.26342726593557403
2,101,LogReg,820,1,1,0.7446501214163036
2,101,LogReg,9337,1,1,0.9819843980194168
2,101,LogReg,1379,1,1,0.8740679853806369
2,101,LogReg,4615,1,1,0.5245853047482382
2,101,LogReg,7890,0,0,0.1553604183213676
2,101,LogReg,1349,1,1,0.8228120511498788
2,101,LogReg,6047,1,1,0.8218496036923965
2,101,LogReg,2045,1,1,0.5158841369691438
2,101,LogReg,7864,1,0,0.45390014387108346
2,101,LogReg,1919,1,1,0.9661555466237394
2,101,LogReg,8128,0,0,0.3400116973797014
2,101,LogReg,1477,1,1,0.685494509655093
2,101,LogReg,6896,1,1,0.9831247379521512
2,101,LogReg,8602,1,1,0.9594971302351601
2,101,LogReg,2620,0,0,0.24821723924314765
2,101,LogReg,5011,0,0,0.23035108148830238
2,101,LogReg,1612,1,0,0.49538907329227
2,101,LogReg,1190,1,1,0.9300159205922389
2,101,LogReg,5146,1,1,0.8475300825431268
2,101,LogReg,8740,1,1,0.9957796729225038
2,101,LogReg,5201,0,0,0.1530177749922372
2,101,LogReg,3447,1,1,0.5046613002998851
2,101,LogReg,4895,0,1,0.5671404670340853
2,101,LogReg,328,1,1,0.8452888333163567
2,101,LogReg,2489,1,0,0.462752359007679
2,101,LogReg,8954,1,1,0.9918740969904869
2,101,LogReg,7802,0,1,0.8385956744436673
2,101,LogReg,8817,1,1,0.9932575411729214
2,101,LogReg,537,1,1,0.7867767740605842
2,101,LogReg,574,1,1,0.8297549288558683
2,101,LogReg,5436,0,1,0.6284570916035207
2,101,LogReg,7112,1,1,0.929498024975428
2,101,LogReg,3747,0,1,0.6190042272765311
2,101,LogReg,6528,1,0,0.07308171812517772
2,101,LogReg,7710,1,0,0.3721982194651106
2,101,LogReg,1600,0,0,0.17937652540198767
2,101,LogReg,1089,1,1,0.5615498315517156
2,101,LogReg,9491,1,1,0.9753616179742757
2,101,LogReg,9015,1,1,0.7312750124360523
2,101,LogReg,8415,0,0,0.2859104707151375
2,101,LogReg,4532,1,1,0.8676761344354146
2,101,LogReg,2923,1,1,0.8637550572800093
2,101,LogReg,8926,1,1,0.9556770330096626
2,101,LogReg,3135,1,1,0.8225453344629913
2,101,LogReg,5281,0,0,0.3606335225999567
2,101,LogReg,5348,0,0,0.043634662876131755
2,101,LogReg,8856,1,1,0.9869589163127007
2,101,LogReg,747,1,1,0.8310072031658687
2,101,LogReg,3038,1,1,0.767090858543724
2,101,LogReg,3485,1,1,0.901102334505806
2,101,LogReg,749,1,1,0.7890728054664518
2,101,LogReg,2896,1,1,0.7174493208031442
2,101,LogReg,9519,1,1,0.9930947784458232
2,101,LogReg,5882,1,0,0.2101166037036547
2,101,LogReg,8717,1,1,0.9813111398662171
2,101,LogReg,8581,1,1,0.7977225850378875
2,101,LogReg,1346,1,1,0.9692150637216799
2,101,LogReg,1513,1,1,0.7995945678563036
2,101,LogReg,1169,1,1,0.5347017451979386
2,101,LogReg,4012,1,1,0.6989746661478501
2,101,LogReg,2586,1,1,0.5698611209698589
2,101,LogReg,1954,1,0,0.2708026447425139
2,101,LogReg,9197,1,1,0.9900850246999581
2,101,LogReg,3990,1,0,0.41454812056853635
2,101,LogReg,924,1,1,0.6611546662615102
2,101,LogReg,821,1,1,0.7872424022948256
2,101,LogReg,1408,1,1,0.8243795195423926
2,101,LogReg,5689,0,0,0.20899540411790885
2,101,LogReg,1486,1,0,0.28571180255686196
2,101,LogReg,8287,0,0,0.2240655347977741
2,101,LogReg,736,0,0,0.08695496283173597
2,101,LogReg,7073,1,1,0.6171481861370651
2,101,LogReg,2446,1,1,0.8815918662067528
2,101,LogReg,3814,0,1,0.5938915222535773
2,101,LogReg,3691,1,1,0.9300402019606009
2,101,LogReg,813,1,1,0.6078310839716506
2,101,LogReg,3242,0,0,0.030464181907129538
2,101,LogReg,8976,1,1,0.86252943247468
2,101,LogReg,4577,1,1,0.8804966690988917
2,101,LogReg,7810,1,1,0.7780782014472313
2,101,LogReg,5367,0,1,0.7272900123679097
2,101,LogReg,675,1,1,0.7075932416958067
2,101,LogReg,7095,1,1,0.7390316459543214
2,101,LogReg,5045,0,0,0.010313737097754334
2,101,LogReg,4316,1,1,0.7104235017788014
2,101,LogReg,508,1,0,0.18626044145699808
2,101,LogReg,2371,1,1,0.8255164946176329
2,101,LogReg,5611,0,0,0.054601951720104853
2,101,LogReg,3929,1,1,0.5331164133674844
2,101,LogReg,4648,1,1,0.8818484241216168
2,101,LogReg,6429,1,1,0.6760283152792524
2,101,LogReg,505,1,1,0.9375298315466357
2,101,LogReg,1947,0,1,0.5300009240823228
2,101,LogReg,3838,1,0,0.47256704739363
2,101,LogReg,8568,1,1,0.7072014639583201
2,101,LogReg,6573,0,0,0.06889376829883229
2,101,LogReg,6739,0,0,0.1941946208633062
2,101,LogReg,3139,0,0,0.2209541600001338
2,101,LogReg,4138,0,0,0.014648154540818418
2,101,LogReg,2361,1,1,0.9053972419916652
2,101,LogReg,3038,1,1,0.767090858543724
2,101,LogReg,4093,1,1,0.8888113197747103
2,101,LogReg,1767,1,1,0.9585436803055908
2,101,LogReg,1297,0,0,0.00391481018415904
2,101,LogReg,3361,1,0,0.4497762982241059
2,101,LogReg,6450,1,1,0.8857490195467876
2,101,LogReg,5560,0,0,0.4293623257538926
2,101,LogReg,4266,1,1,0.9844146843361838
2,101,LogReg,661,1,1,0.9558671442662011
2,101,LogReg,4055,1,1,0.8170611305886105
2,101,LogReg,1873,1,0,0.39997714103864845
2,101,LogReg,6313,1,0,0.08785634026243813
2,101,LogReg,2581,0,1,0.6741923765366501
2,101,LogReg,4298,0,0,0.3505445282294562
2,101,LogReg,6152,1,0,0.4455001503684566
2,101,LogReg,7542,1,0,0.21240777666929048
2,101,LogReg,754,1,1,0.6287527888424774
2,101,LogReg,1131,0,0,0.09967715608909952
2,101,LogReg,2288,1,0,0.24879507842018447
2,101,LogReg,7552,1,0,0.202264487822083
2,101,LogReg,5201,0,0,0.1530177749922372
2,101,LogReg,2337,1,1,0.9369272809181811
2,101,LogReg,5985,1,1,0.9823255807622513
2,101,LogReg,2189,1,1,0.8922246296896672
2,101,LogReg,1637,1,1,0.7997316434650198
2,101,LogReg,5356,0,0,0.31485998967466994
2,101,LogReg,1671,1,1,0.9684743741274822
2,101,LogReg,6741,1,1,0.5234142054551174
2,101,LogReg,3312,0,1,0.5300009240823228
2,101,LogReg,6015,1,0,0.058118816462937144
2,101,LogReg,5962,1,1,0.8563028594316964
2,101,LogReg,8287,0,0,0.2240655347977741
2,101,LogReg,2228,1,0,0.3058579709956845
2,101,LogReg,211,1,1,0.7742627672567998
2,101,LogReg,7959,1,1,0.930833391801189
2,101,LogReg,3975,1,0,0.434124309750392
2,101,LogReg,3383,1,1,0.9291121460931063
2,101,LogReg,9381,1,1,0.9369611147594543
2,101,LogReg,3476,1,0,0.1869320386606051
2,101,LogReg,9313,1,0,0.45623379495587835
2,101,LogReg,7802,0,1,0.8385956744436673
2,101,LogReg,6682,1,0,0.4926346446271426
2,101,LogReg,5161,0,0,0.18101987862722463
2,101,LogReg,1712,1,1,0.8652432683787212
2,101,LogReg,5334,0,1,0.618009355332468
2,101,LogReg,5579,0,1,0.9566761255734831
2,101,LogReg,8290,0,0,0.0024739280196258984
2,101,LogReg,1870,1,1,0.685116596337153
2,101,LogReg,1953,1,1,0.7337552287242227
2,101,LogReg,3917,0,1,0.620719684790253
2,101,LogReg,4939,0,1,0.5415715906507669
2,101,LogReg,6385,1,0,0.3673470615686507
2,101,LogReg,3721,0,1,0.7364601222563331
2,101,LogReg,6777,0,0,0.16334769568480179
2,101,LogReg,3217,1,0,0.027053520449148088
2,101,LogReg,6534,1,1,0.7892075534982832
2,101,LogReg,2163,1,1,0.6091098899511412
2,101,LogReg,6046,1,1,0.683481891787571
2,101,LogReg,7060,1,1,0.7053812861959999
2,101,LogReg,1403,1,1,0.8733963386119165
2,101,LogReg,4274,1,1,0.9369611147594541
2,101,LogReg,5685,0,0,0.240875226447638
2,101,LogReg,4418,0,0,0.1628300244127881
2,101,LogReg,433,1,1,0.8075137212137414
2,101,LogReg,5385,0,1,0.5413491952950802
2,101,LogReg,1271,1,1,0.9823255807622513
2,101,LogReg,1346,1,1,0.9692150637216799
2,101,LogReg,6070,1,1,0.9345966393411881
2,101,LogReg,4895,0,1,0.5671404670340853
2,101,LogReg,2860,1,0,0.49653520926582834
2,101,LogReg,7732,1,0,0.3491024658417269
2,101,LogReg,2487,0,0,0.3166653804055178
2,101,LogReg,823,1,1,0.6078310839716506
2,101,LogReg,7234,0,0,0.03475170071878489
2,101,LogReg,668,1,1,0.5801470258250307
2,101,LogReg,291,1,1,0.6391854889895703
2,101,LogReg,5203,0,0,0.45027704003637004
2,101,LogReg,2487,0,0,0.3166653804055178
2,101,LogReg,3230,1,0,0.39997714103864845
2,101,LogReg,2121,1,1,0.8394098840388579
2,101,LogReg,4075,0,0,0.09967715608909952
2,101,LogReg,4517,1,1,0.6776232262899083
2,101,LogReg,300,1,0,0.06436967672871928
2,101,LogReg,1078,0,1,0.6890591971287672
2,101,LogReg,6827,1,1,0.8660874751874325
2,101,LogReg,7129,0,0,0.2815905008011878
2,101,LogReg,7752,0,0,0.08448759113032367
2,101,LogReg,5685,0,0,0.240875226447638
2,101,LogReg,6727,0,0,0.19357779234083972
2,101,LogReg,5531,0,0,0.3007758460110165
2,101,LogReg,3796,1,0,0.23436287138815054
2,101,LogReg,6765,1,1,0.8587774988688057
2,101,LogReg,1664,1,1,0.741316835545102
2,101,LogReg,1642,1,1,0.6110510116797095
2,101,LogReg,174,1,0,0.3671746054326001
2,101,LogReg,8313,0,0,0.3008865048733349
2,101,LogReg,7148,1,1,0.9559641462522394
2,101,LogReg,5138,1,1,0.9187971225260776
2,101,LogReg,2355,1,1,0.5770864940168526
2,101,LogReg,97,0,0,0.27191757411785644
2,101,LogReg,8180,1,1,0.8033465534478776
2,101,LogReg,5071,0,0,0.020906451872620083
2,101,LogReg,3166,1,1,0.6980185130612792
2,101,LogReg,9162,1,1,0.9990137369244636
2,101,LogReg,4880,1,1,0.8170779113280062
2,101,LogReg,68,0,0,0.041570193854693994
2,101,LogReg,9534,1,1,0.9939257055695007
2,101,LogReg,3447,1,1,0.5046613002998851
2,101,LogReg,7194,1,0,0.07588002307174409
2,101,LogReg,2226,0,0,0.266262724852729
2,101,LogReg,4467,1,1,0.6721665842885061
2,101,LogReg,2239,1,0,0.30546268006265515
2,101,LogReg,3070,0,0,0.21851166832554944
2,101,LogReg,428,1,1,0.8789625419909624
2,101,LogReg,2929,1,1,0.8239739510355788
2,101,LogReg,6269,1,1,0.8471756384346498
2,101,LogReg,7129,0,0,0.2815905008011878
2,101,LogReg,3238,1,0,0.0010489288667456399
2,101,LogReg,1036,0,0,0.2288606579922875
2,101,LogReg,2327,1,1,0.9620571382021865
2,101,LogReg,2938,1,1,0.8815679088633995
2,101,LogReg,1174,1,0,0.2699307236029871
2,101,LogReg,9085,1,1,0.9971511227420506
2,101,LogReg,1088,1,1,0.728541121105498
2,101,LogReg,1579,1,1,0.8157428848839495
2,101,LogReg,4087,1,0,0.269930723602987
2,101,LogReg,2517,1,1,0.8812573544512908
2,101,LogReg,490,1,0,0.39308803156164857
2,101,LogReg,8673,1,1,0.9872060895342386
2,101,LogReg,3792,1,0,0.14959284251178104
2,101,LogReg,3038,1,1,0.767090858543724
2,101,LogReg,3264,1,1,0.9501870725952886
2,101,LogReg,1139,0,0,0.18569531968385367
2,101,LogReg,7750,0,0,0.3055648164261537
2,101,LogReg,1969,1,1,0.9629307678700258
2,101,LogReg,9347,1,1,0.7050058051938073
2,101,LogReg,668,1,1,0.5801470258250307
2,101,LogReg,2414,1,1,0.9892111285390184
2,101,LogReg,2508,1,1,0.6735237655568996
2,101,LogReg,1983,1,1,0.7105421290686964
2,101,LogReg,2035,0,1,0.7573483263826937
2,101,LogReg,5561,0,1,0.9170950931141353
2,101,LogReg,4565,1,1,0.5484751162711453
2,101,LogReg,4280,1,1,0.981613117064354
2,101,LogReg,4046,1,1,0.6623561454272641
2,101,LogReg,5974,0,0,0.08791228433667983
2,101,LogReg,8330,0,0,0.037929845513768976
2,101,LogReg,7877,1,1,0.6595518452251959
2,101,LogReg,7637,0,0,0.28884707919754304
2,101,LogReg,8791,1,1,0.9712359334136268
2,101,LogReg,537,1,1,0.7867767740605842
2,101,LogReg,8251,1,1,0.7408709720293759
2,101,LogReg,3763,1,0,0.1911730293691808
2,101,LogReg,4405,1,1,0.8873792541050771
2,101,LogReg,5667,0,0,0.4304974508549828
2,101,LogReg,2020,0,0,0.4968695666097133
2,101,LogReg,7316,0,0,0.18083832440215689
2,101,LogReg,4539,1,1,0.6685058321093041
2,101,LogReg,9010,1,1,0.9984953413323817
2,101,LogReg,6489,1,0,0.3854640348614778
2,101,LogReg,6441,0,0,0.05018147645236979
2,101,LogReg,9573,1,1,0.9871431526769552
2,101,LogReg,2475,1,0,0.47954655618818304
2,101,LogReg,6702,1,1,0.5126948734696789
2,101,LogReg,9085,1,1,0.9971511227420506
2,101,LogReg,6140,1,1,0.8039508520566617
2,101,LogReg,4801,1,1,0.8619580611531625
2,101,LogReg,335,1,1,0.6890353622857219
2,101,LogReg,7608,0,0,0.476500927819257
2,101,LogReg,2508,1,1,0.6735237655568996
2,101,LogReg,4683,1,1,0.567910565367736
2,101,LogReg,3823,1,0,0.3159575838217282
2,101,LogReg,4379,1,0,0.4448912533164311
2,101,LogReg,8890,1,1,0.9697743882483225
2,101,LogReg,5953,1,1,0.6850369979425853
2,101,LogReg,7076,1,1,0.7462993357813553
2,101,LogReg,1275,1,1,0.9740227332654855
2,101,LogReg,4491,1,1,0.8402521675278571
2,101,LogReg,5118,0,0,0.24436712809763278
2,101,LogReg,661,1,1,0.9558671442662011
2,101,LogReg,4833,1,1,0.6908384880914586
2,101,LogReg,8961,1,1,0.9630825629865185
2,101,LogReg,1190,1,1,0.9300159205922389
2,101,LogReg,5573,0,0,0.26404172311385
2,101,LogReg,1516,1,1,0.9525524441430421
2,101,LogReg,2508,1,1,0.6735237655568996
2,101,LogReg,4808,1,1,0.7542512705801742
2,101,LogReg,5091,0,0,0.42146707074098894
2,101,LogReg,8958,1,1,0.9931833690221331
2,101,LogReg,6302,0,0,0.21118252255201111
2,101,LogReg,4145,0,0,0.050514699855848604
2,101,LogReg,6714,1,1,0.9837449087464674
2,101,LogReg,1712,1,1,0.8652432683787212
2,101,LogReg,9012,1,1,0.936028131137779
2,101,LogReg,8715,1,0,0.15658284988087398
2,101,LogReg,3996,1,1,0.5517842412761489
2,101,LogReg,5154,0,0,0.1719670004740774
2,101,LogReg,7099,1,0,0.4440861218542666
2,101,LogReg,2979,1,1,0.8971097777021078
2,101,LogReg,3569,1,0,0.12779504341541906
2,101,LogReg,4388,0,0,0.01308224240513083
2,101,LogReg,2296,1,0,0.4646487316302361
2,101,LogReg,6488,1,1,0.958922356070493
2,101,LogReg,7162,1,0,0.2209541600001338
2,101,LogReg,9005,1,1,0.989294315035311
2,101,LogReg,4654,0,0,0.0027493939565861004
2,101,LogReg,1845,0,0,0.27401384716560073
2,101,LogReg,6682,1,0,0.4926346446271426
2,101,LogReg,8274,1,1,0.9637908214212267
2,101,LogReg,4761,0,0,0.2683906701324969
2,101,LogReg,3614,1,0,0.061049278160066806
2,101,LogReg,4492,0,0,0.04766004554003303
2,101,LogReg,6617,1,1,0.8311611166727251
2,101,LogReg,7357,1,1,0.5262378326913322
2,101,LogReg,2346,1,1,0.9060926999452138
2,101,LogReg,3763,1,0,0.1911730293691808
2,101,LogReg,8644,1,1,0.9200248543790633
2,101,LogReg,5352,0,1,0.7639299618984066
2,101,LogReg,877,1,1,0.7887117993245899
2,101,LogReg,4372,1,1,0.6493897121984092
2,101,LogReg,3902,0,0,0.42715220591383424
2,101,LogReg,3012,1,0,0.27306922096988895
2,101,LogReg,2121,1,1,0.8394098840388579
2,101,LogReg,4565,1,1,0.5484751162711453
2,101,LogReg,6923,1,1,0.8467324302320691
2,101,LogReg,3012,1,0,0.27306922096988895
2,101,LogReg,6805,0,0,0.33871836942779154
2,101,LogReg,1053,1,1,0.7542772724886261
2,101,LogReg,4313,1,1,0.806483062731498
2,101,LogReg,7139,1,1,0.8787157115672275
2,101,LogReg,2863,1,1,0.7446501214163038
2,101,LogReg,2084,1,1,0.7316809080848872
2,101,KNN,9168,1,1,1.0
2,101,KNN,7148,1,1,1.0
2,101,KNN,159,1,0,0.39479900698371445
2,101,KNN,1281,0,0,0.4734012672646652
2,101,KNN,4007,0,0,0.3333333333333333
2,101,KNN,2567,1,0,0.2000000792411854
2,101,KNN,3672,1,1,1.0
2,101,KNN,1780,1,1,1.0
2,101,KNN,4761,0,0,0.3674141313972476
2,101,KNN,8600,1,1,1.0
2,101,KNN,23,0,1,0.9205925139598923
2,101,KNN,1420,1,1,1.0
2,101,KNN,7796,0,0,0.0
2,101,KNN,6606,1,1,1.0
2,101,KNN,417,1,1,0.5435847999500505
2,101,KNN,7642,0,1,0.9356105613051876
2,101,KNN,7120,0,1,0.9999938686609997
2,101,KNN,4747,0,0,0.49999981826966794
2,101,KNN,593,1,1,1.0
2,101,KNN,3476,1,1,0.9999998558864927
2,101,KNN,1590,1,1,0.8586791685063075
2,101,KNN,2695,1,1,1.0
2,101,KNN,5689,0,1,0.5806348447510966
2,101,KNN,5257,0,0,0.23346900221452566
2,101,KNN,8496,1,1,1.0
2,101,KNN,1093,1,1,1.0
2,101,KNN,2555,1,0,0.0
2,101,KNN,6016,1,0,0.3333332034573419
2,101,KNN,8687,1,1,1.0
2,101,KNN,4119,1,1,1.0
2,101,KNN,4845,1,1,0.6643344867545184
2,101,KNN,1896,1,1,1.0
2,101,KNN,7091,1,1,1.0
2,101,KNN,4031,1,1,1.0
2,101,KNN,9038,1,1,0.951699842550722
2,101,KNN,3166,1,1,1.0
2,101,KNN,4696,1,1,1.0
2,101,KNN,8607,1,1,0.7453988088196164
2,101,KNN,6152,1,0,0.3592874420835073
2,101,KNN,8274,1,1,1.0
2,101,KNN,4275,1,1,1.0
2,101,KNN,5510,0,1,0.7055311397689658
2,101,KNN,306,1,0,0.24460724583838073
2,101,KNN,2956,1,1,1.0
2,101,KNN,4810,1,1,1.0
2,101,KNN,2581,0,0,0.4299821083189618
2,101,KNN,5019,0,1,0.5995343361061442
2,101,KNN,3090,1,1,1.0
2,101,KNN,3238,1,0,0.33333330912553594
2,101,KNN,211,1,1,0.9374284786594496
2,101,KNN,6617,1,1,1.0
2,101,KNN,3787,1,1,0.7321827962377513
2,101,KNN,6253,1,1,1.0
2,101,KNN,425,1,1,1.0
2,101,KNN,547,1,1,1.0
2,101,KNN,4654,0,0,0.4690969893998325
2,101,KNN,9334,1,1,1.0
2,101,KNN,2959,1,1,1.0
2,101,KNN,5229,0,0,0.0
2,101,KNN,7622,0,1,0.9379950338734586
2,101,KNN,978,1,1,1.0
2,101,KNN,5179,1,1,1.0
2,101,KNN,8571,1,1,0.6857685761775593
2,101,KNN,6702,1,1,1.0
2,101,KNN,7453,1,1,1.0
2,101,KNN,3365,1,1,1.0
2,101,KNN,3569,1,1,0.6666666666666666
2,101,KNN,2765,1,0,0.09843828764374811
2,101,KNN,1388,1,0,0.49936386638306857
2,101,KNN,4313,1,1,0.8367790741868416
2,101,KNN,2446,1,1,0.9411046506342357
2,101,KNN,7441,1,1,0.7404956014166866
2,101,KNN,97,0,0,0.4096341558331806
2,101,KNN,2188,1,1,0.7730153553009788
2,101,KNN,8021,1,1,1.0
2,101,KNN,1465,1,1,0.9034742629997171
2,101,KNN,4675,1,1,1.0
2,101,KNN,7026,0,0,0.5
2,101,KNN,9208,1,1,0.7812965128636069
2,101,KNN,8991,1,1,1.0
2,101,KNN,4006,1,1,1.0
2,101,KNN,3760,1,1,0.5441284637373789
2,101,KNN,2154,1,1,0.9887791310220672
2,101,KNN,8993,1,1,1.0
2,101,KNN,4873,1,1,1.0
2,101,KNN,4295,1,1,0.6582152817903263
2,101,KNN,7434,1,0,0.0
2,101,KNN,7818,0,1,0.8016269043165435
2,101,KNN,3476,1,1,0.9999998558864927
2,101,KNN,9581,1,1,0.9364692539174707
2,101,KNN,8340,0,0,0.1063437459082605
2,101,KNN,1072,1,1,1.0
2,101,KNN,2840,1,1,1.0
2,101,KNN,5555,0,1,1.0
2,101,KNN,6727,0,0,0.13073954175365726
2,101,KNN,2609,1,1,1.0
2,101,KNN,3814,0,1,0.8271037316126721
2,101,KNN,4329,0,0,0.060409734959100625
2,101,KNN,9421,1,1,1.0
2,101,KNN,1642,1,1,1.0
2,101,KNN,8555,1,1,1.0
2,101,KNN,335,1,1,1.0
2,101,KNN,9313,1,1,0.9231465908406711
2,101,KNN,5943,1,1,1.0
2,101,KNN,16,0,1,0.5068252954333323
2,101,KNN,6896,1,1,1.0
2,101,KNN,6275,1,0,0.0
2,101,KNN,6783,1,0,6.229724835577859e-07
2,101,KNN,2811,1,0,0.31698714610871936
2,101,KNN,5139,1,1,1.0
2,101,KNN,1688,1,1,0.9166543655287704
2,101,KNN,4722,1,1,1.0
2,101,KNN,457,1,1,0.8725883110756185
2,101,KNN,4654,0,0,0.4690969893998325
2,101,KNN,6060,1,1,1.0
2,101,KNN,4817,0,0,2.720608578328408e-07
2,101,KNN,7535,1,1,1.0
2,101,KNN,291,1,1,0.8521473930910585
2,101,KNN,6452,1,1,0.9999999519355675
2,101,KNN,7595,1,1,1.0
2,101,KNN,2478,0,0,0.47078633443902906
2,101,KNN,2731,1,1,1.0
2,101,KNN,6800,1,1,1.0
2,101,KNN,4691,0,0,0.323055349012457
2,101,KNN,4298,0,1,0.5015500861222302
2,101,KNN,447,1,1,0.9437335401180947
2,101,KNN,7510,1,0,0.41039999377966646
2,101,KNN,749,1,1,0.9485193201563296
2,101,KNN,9056,1,1,1.0
2,101,KNN,7947,1,1,0.6941081093513319
2,101,KNN,4961,0,1,0.8295053068353028
2,101,KNN,4329,0,0,0.060409734959100625
2,101,KNN,7415,1,1,0.9999999519355675
2,101,KNN,8135,1,1,1.0
2,101,KNN,3620,1,1,1.0
2,101,KNN,3718,0,1,0.8030347139790722
2,101,KNN,713,1,1,1.0
2,101,KNN,5257,0,0,0.23346900221452566
2,101,KNN,9222,1,1,0.8219488647714034
2,101,KNN,5571,0,1,0.66637713680432
2,101,KNN,8313,0,0,0.047750347104475226
2,101,KNN,4593,1,1,1.0
2,101,KNN,2504,1,0,0.3333333333333333
2,101,KNN,4501,0,1,0.7448398177735986
2,101,KNN,5573,0,1,0.6796792605827895
2,101,KNN,4388,0,0,0.22164376797866447
2,101,KNN,3166,1,1,1.0
2,101,KNN,7381,1,1,1.0
2,101,KNN,1389,1,1,0.9999998356019983
2,101,KNN,7060,1,1,1.0
2,101,KNN,3400,1,1,0.9999999803962162
2,101,KNN,3400,1,1,0.9999999803962162
2,101,KNN,4948,0,0,2.8309944874347247e-07
2,101,KNN,2836,1,1,1.0
2,101,KNN,8417,0,0,0.40273109469912227
2,101,KNN,5088,1,1,0.9353481237708983
2,101,KNN,1206,1,1,1.0
2,101,KNN,6599,1,1,1.0
2,101,KNN,2215,1,1,0.9491902309927571
2,101,KNN,4641,0,0,0.0
2,101,KNN,4887,0,0,0.3118794883420748
2,101,KNN,5404,0,0,0.32605032794415423
2,101,KNN,1330,1,1,0.9759427601259617
2,101,KNN,4961,0,1,0.8295053068353028
2,101,KNN,4843,1,1,0.9999999106264679
2,101,KNN,2122,1,1,1.0
2,101,KNN,9473,1,1,1.0
2,101,KNN,4895,0,1,0.9999998085087147
2,101,KNN,1800,1,1,0.999999809580194
2,101,KNN,5011,0,1,1.0
2,101,KNN,1349,1,1,0.9381617531660352
2,101,KNN,3852,0,1,0.6074839876486942
2,101,KNN,6355,1,0,0.33333329229030334
2,101,KNN,1405,1,1,1.0
2,101,KNN,5348,0,0,0.25546961920818717
2,101,KNN,5401,0,0,0.459884585344378
2,101,KNN,8319,0,0,0.2260157317262874
2,101,KNN,3270,1,0,0.25
2,101,KNN,5790,0,1,0.5901848508644066
2,101,KNN,9038,1,1,0.951699842550722
2,101,KNN,5288,0,0,0.34318856708503803
2,101,KNN,5045,0,0,0.0832914693671121
2,101,KNN,23,0,1,0.9205925139598923
2,101,KNN,2567,1,0,0.2000000792411854
2,101,KNN,929,1,1,1.0
2,101,KNN,4022,1,1,1.0
2,101,KNN,4439,0,0,0.034681013630009326
2,101,KNN,5451,0,1,0.7393134575852713
2,101,KNN,1705,0,0,0.3333334754608458
2,101,KNN,7994,0,0,3.093244456532605e-06
2,101,KNN,5505,0,0,0.21378607339768796
2,101,KNN,9242,1,1,0.937968778129125
2,101,KNN,2373,1,1,1.0
2,101,KNN,8726,1,1,1.0
2,101,KNN,6368,1,0,0.5
2,101,KNN,9548,1,1,0.9150089791328285
2,101,KNN,5373,0,0,0.25
2,101,KNN,5548,1,1,1.0
2,101,KNN,3166,1,1,1.0
2,101,KNN,7386,1,1,0.9999996843195522
2,101,KNN,7386,1,1,0.9999996843195522
2,101,KNN,1406,1,1,1.0
2,101,KNN,2693,1,1,1.0
2,101,KNN,3965,1,1,0.8093500974753226
2,101,KNN,5790,0,1,0.5901848508644066
2,101,KNN,797,1,1,0.8801891037057323
2,101,KNN,9528,1,1,0.7593311167556439
2,101,KNN,1029,0,0,0.0791715884836553
2,101,KNN,6864,1,1,1.0
2,101,KNN,8547,1,1,1.0
2,101,KNN,3296,1,1,1.0
2,101,KNN,1111,1,1,0.9999999655082885
2,101,KNN,8513,1,1,0.8900767445804889
2,101,KNN,6437,1,0,0.0
2,101,KNN,3361,1,1,1.0
2,101,KNN,8274,1,1,1.0
2,101,KNN,7005,1,0,0.0
2,101,KNN,4532,1,1,1.0
2,101,KNN,4236,1,1,0.9999997863014933
2,101,KNN,5391,0,0,0.0
2,101,KNN,5945,0,1,0.5064112861319929
2,101,KNN,7542,1,0,0.3825288609976219
2,101,KNN,1516,1,1,1.0
2,101,KNN,2480,1,1,0.9405958670496243
2,101,KNN,6368,1,0,0.5
2,101,KNN,1512,1,1,1.0
2,101,KNN,2708,1,0,0.0
2,101,KNN,3262,1,1,1.0
2,101,KNN,7961,1,1,1.0
2,101,KNN,883,1,1,0.9999999740331343
2,101,KNN,673,1,1,0.7093370295990428
2,101,KNN,7316,0,0,0.33333327199032886
2,101,KNN,3848,0,1,0.5811518493319958
2,101,KNN,3406,1,0,0.0
2,101,KNN,1562,1,1,0.8695924127120858
2,101,KNN,7839,0,0,0.0
2,101,KNN,1483,1,1,1.0
2,101,KNN,8712,1,1,1.0
2,101,KNN,8231,1,1,1.0
2,101,KNN,3500,1,0,4.252687123115263e-08
2,101,KNN,4803,1,1,1.0
2,101,KNN,102,0,1,1.0
2,101,KNN,1582,1,1,0.8315854302397967
2,101,KNN,5874,1,1,1.0
2,101,KNN,4879,1,1,1.0
2,101,KNN,5611,0,0,0.46993620400265074
2,101,KNN,8021,1,1,1.0
2,101,KNN,4900,0,0,4.838359806299977e-07
2,101,KNN,1324,1,1,0.9999999946941931
2,101,KNN,4980,0,1,0.6073798481515742
2,101,KNN,3526,1,1,0.9999999907651543
2,101,KNN,6010,0,0,0.2499999917977259
2,101,KNN,4046,1,1,1.0
2,101,KNN,5018,0,0,4.8886285991363e-07
2,101,KNN,8214,1,1,0.5007280366099448
2,101,KNN,5017,0,0,0.19825245589715682
2,101,KNN,5668,0,1,0.8759926556104278
2,101,KNN,3344,1,1,0.9490434508512777
2,101,KNN,5377,0,0,7.348115970983396e-07
2,101,KNN,2349,1,1,1.0
2,101,KNN,8536,1,1,0.9355241184212442
2,101,KNN,6705,0,0,1.4753469459179061e-06
2,101,KNN,4025,1,1,1.0
2,101,KNN,3290,1,0,0.0
2,101,KNN,1056,1,1,1.0
2,101,KNN,8122,0,0,0.05403545230720161
2,101,KNN,4675,1,1,1.0
2,101,KNN,2389,1,1,1.0
2,101,KNN,3152,1,1,1.0
2,101,KNN,9347,1,1,1.0
2,101,KNN,3672,1,1,1.0
2,101,KNN,727,1,1,0.8808232687780558
2,101,KNN,5205,0,1,0.7448544199708039
2,101,KNN,6402,1,1,1.0
2,101,KNN,2699,1,1,0.9999996293519127
2,101,KNN,3296,1,1,1.0
2,101,KNN,4978,0,0,0.33576750675717354
2,101,KNN,1177,1,1,1.0
2,101,KNN,6591,1,1,0.7829086267721661
2,101,KNN,23,0,1,0.9205925139598923
2,101,KNN,4266,1,1,1.0
2,101,KNN,7877,1,1,0.9414787123340754
2,101,KNN,9222,1,1,0.8219488647714034
2,101,KNN,8706,1,1,0.803871258480689
2,101,KNN,3643,1,1,1.0
2,101,KNN,4019,0,0,1.1676539237019422e-06
2,101,KNN,1120,1,1,1.0
2,101,KNN,9014,1,1,0.8319375374845162
2,101,KNN,2604,1,1,1.0
2,101,KNN,9207,1,1,1.0
2,101,KNN,2718,1,1,1.0
2,101,KNN,3344,1,1,0.9490434508512777
2,101,KNN,2643,1,1,0.9507895720530787
2,101,KNN,2438,1,1,1.0
2,101,KNN,7405,0,0,4.43656858459059e-07
2,101,KNN,8362,0,0,0.5
2,101,KNN,4770,0,0,2.9172296892213956e-07
2,101,KNN,5740,0,1,0.6676349573224077
2,101,KNN,5061,0,1,0.5964659942727557
2,101,KNN,2860,1,0,0.2500007318538126
2,101,KNN,2316,1,1,1.0
2,101,KNN,3030,1,1,1.0
2,101,KNN,3577,1,1,0.5573300173746983
2,101,KNN,893,1,1,0.9999995337465041
2,101,KNN,1098,0,0,0.2500000311944461
2,101,KNN,5849,1,1,1.0
2,101,KNN,4495,0,0,0.23250806300646398
2,101,KNN,2480,1,1,0.9405958670496243
2,101,KNN,9449,1,1,1.0
2,101,KNN,3858,1,0,0.37229994764180574
2,101,KNN,8443,0,0,0.2816840836534052
2,101,KNN,4196,1,1,1.0
2,101,KNN,4717,0,0,5.223352689472673e-06
2,101,KNN,249,1,1,0.7661768714883175
2,101,KNN,4775,0,1,0.6666666903203537
2,101,KNN,2487,0,1,0.5871113168455864
2,101,KNN,4670,1,1,1.0
2,101,KNN,587,1,1,0.875050189517645
2,101,KNN,6218,0,1,0.9999989835316688
2,101,KNN,5966,1,1,0.9999986852921551
2,101,KNN,5435,0,1,0.6103091337562287
2,101,KNN,6576,1,1,1.0
2,101,KNN,8382,0,0,1.7882301083447118e-07
2,101,KNN,6062,1,1,1.0
2,101,KNN,249,1,1,0.7661768714883175
2,101,KNN,9177,1,1,0.8622501149546776
2,101,KNN,2371,1,1,1.0
2,101,KNN,5445,0,0,0.3486344246428209
2,101,KNN,7403,1,1,1.0
2,101,KNN,1999,0,1,0.7071064711036765
2,101,KNN,4541,1,1,1.0
2,101,KNN,978,1,1,1.0
2,101,KNN,8712,1,1,1.0
2,101,KNN,672,1,1,0.9363175373207989
2,101,KNN,426,1,1,0.7400139328112859
2,101,KNN,7183,0,0,0.2500000849019889
2,101,KNN,1271,1,1,1.0
2,101,KNN,9570,1,1,1.0
2,101,KNN,5611,0,0,0.46993620400265074
2,101,KNN,4626,1,1,0.8982158067029657
2,101,KNN,2346,1,1,1.0
2,101,KNN,8570,1,1,0.9480391135868829
2,101,KNN,1349,1,1,0.9381617531660352
2,101,KNN,4221,0,0,0.45553814942572274
2,101,KNN,3546,1,1,1.0
2,101,KNN,8200,0,0,0.24008159186193273
2,101,KNN,3037,1,1,1.0
2,101,KNN,3500,1,0,4.252687123115263e-08
2,101,KNN,8875,1,1,1.0
2,101,KNN,8615,1,0,0.46347220526165994
2,101,KNN,505,1,1,1.0
2,101,KNN,2600,1,1,0.9999999655082885
2,101,KNN,6645,1,1,0.877734054948253
2,101,KNN,1533,1,1,1.0
2,101,KNN,7314,1,1,1.0
2,101,KNN,2626,1,1,1.0
2,101,KNN,6682,1,0,1.575825474739481e-06
2,101,KNN,9042,1,1,0.6150101415579402
2,101,KNN,293,1,1,1.0
2,101,KNN,209,0,0,0.5
2,101,KNN,9177,1,1,0.8622501149546776
2,101,KNN,8056,1,1,0.8893723629979173
2,101,KNN,7912,1,1,0.6666665992269047
2,101,KNN,6698,1,0,0.06346034958147273
2,101,KNN,4405,1,1,0.9786319637130387
2,101,KNN,5560,0,0,0.40239299926592614
2,101,KNN,4577,1,1,1.0
2,101,KNN,4238,0,0,0.08195992674748169
2,101,KNN,4317,1,1,1.0
2,101,KNN,4590,1,1,1.0
2,101,KNN,2508,1,1,1.0
2,101,KNN,6383,1,1,0.9617067473622133
2,101,KNN,7410,1,1,0.9999988987637717
2,101,KNN,1685,1,1,1.0
2,101,KNN,3416,1,0,0.3437296182624414
2,101,KNN,3037,1,1,1.0
2,101,KNN,7117,1,0,0.25000019729903533
2,101,KNN,2819,1,1,1.0
2,101,KNN,1915,0,0,0.25
2,101,KNN,8637,1,1,1.0
2,101,KNN,4213,1,1,0.999999970203616
2,101,KNN,639,1,1,0.9999999837388481
2,101,KNN,4298,0,1,0.5015500861222302
2,101,KNN,6836,0,1,0.6127480049436802
2,101,KNN,6596,1,1,0.9999999752239105
2,101,KNN,7947,1,1,0.6941081093513319
2,101,KNN,8128,0,0,0.2921397167076911
2,101,KNN,1689,1,1,1.0
2,101,KNN,8926,1,1,0.8465549660566646
2,101,KNN,5846,1,0,6.762933288410846e-08
2,101,KNN,1420,1,1,1.0
2,101,KNN,490,1,1,0.9517523682092961
2,101,KNN,3312,0,0,0.05488941935439325
2,101,KNN,7615,0,0,0.26519439421417174
2,101,KNN,2384,1,1,1.0
2,101,KNN,4067,1,1,1.0
2,101,KNN,8890,1,1,0.891127642283661
2,101,KNN,2489,1,0,0.430843496674211
2,101,KNN,8294,0,0,0.16732822980274253
2,101,KNN,8471,0,1,1.0
2,101,KNN,7080,0,0,0.34891546405545715
2,101,KNN,5347,0,0,0.5
2,101,KNN,2728,1,1,1.0
2,101,KNN,2361,1,1,1.0
2,101,KNN,1275,1,1,1.0
2,101,KNN,8856,1,1,1.0
2,101,KNN,5445,0,0,0.3486344246428209
2,101,KNN,4940,0,1,0.6666666666666666
2,101,KNN,5671,0,1,0.746875483743378
2,101,KNN,8627,1,1,1.0
2,101,KNN,3753,1,1,0.6498437687168305
2,101,KNN,5885,1,1,1.0
2,101,KNN,4467,1,1,0.999999813234909
2,101,KNN,7335,1,1,1.0
2,101,KNN,3774,0,1,0.7086468202482595
2,101,KNN,2097,1,1,1.0
2,101,KNN,1712,1,1,1.0
2,101,KNN,3409,1,1,0.9999998616992715
2,101,KNN,8930,1,1,0.7979862051185911
2,101,KNN,8140,1,1,1.0
2,101,KNN,8470,0,0,0.2500000220578047
2,101,KNN,4782,1,1,1.0
2,101,KNN,3670,1,1,0.9999997070098122
2,101,KNN,6301,1,0,0.2500000849019889
2,101,KNN,4539,1,1,1.0
2,101,KNN,3990,1,1,0.9999998882349779
2,101,KNN,1349,1,1,0.9381617531660352
2,101,KNN,8855,1,1,0.9677143506031182
2,101,KNN,6429,1,1,0.9999999617030196
2,101,KNN,9491,1,1,1.0
2,101,KNN,1194,1,1,1.0
2,101,KNN,6121,1,1,0.697074972103194
2,101,KNN,9301,1,1,1.0
2,101,KNN,7781,0,0,0.10700986472955724
2,101,KNN,2788,0,1,0.9999979040002793
2,101,KNN,8168,0,1,0.9106740618425349
2,101,KNN,2608,1,1,1.0
2,101,KNN,8319,0,0,0.2260157317262874
2,101,KNN,4879,1,1,1.0
2,101,KNN,6275,1,0,0.0
2,101,KNN,4491,1,1,1.0
2,101,KNN,300,1,1,0.9229031891827805
2,101,KNN,7796,0,0,0.0
2,101,KNN,2478,0,0,0.47078633443902906
2,101,KNN,401,1,1,0.833093915729688
2,101,KNN,5751,0,1,0.7137858928393573
2,101,KNN,1858,1,1,0.8333333333333334
2,101,KNN,4269,0,0,0.5
2,101,KNN,3569,1,1,0.6666666666666666
2,101,KNN,7183,0,0,0.2500000849019889
2,101,KNN,7347,1,0,7.443837112807244e-07
2,101,KNN,6728,0,1,0.7307264119247866
2,101,KNN,1226,1,1,0.8189493897781254
2,101,KNN,3415,1,0,0.46159346716607497
2,101,KNN,5780,0,0,0.39999997693724026
2,101,KNN,4665,1,1,0.9117075232250248
2,101,KNN,4925,0,1,0.5722484153652748
2,101,KNN,4087,1,1,0.9999998422628977
2,101,KNN,587,1,1,0.875050189517645
2,101,KNN,4606,1,1,1.0
2,101,KNN,5205,0,1,0.7448544199708039
2,101,KNN,6326,0,0,0.0
2,101,KNN,5036,1,1,0.7897874296696056
2,101,KNN,352,0,1,0.9299252200247043
2,101,KNN,4564,1,1,0.9913780350009536
2,101,KNN,6196,1,1,0.9413338380325652
2,101,KNN,9086,1,1,1.0
2,101,KNN,7481,0,1,1.0
2,101,KNN,2205,1,1,0.9321717446304802
2,101,KNN,8717,1,1,1.0
2,101,KNN,9513,1,1,1.0
2,101,KNN,4761,0,0,0.3674141313972476
2,101,KNN,4925,0,1,0.5722484153652748
2,101,KNN,593,1,1,1.0
2,101,KNN,4932,1,1,0.999999902288944
2,101,KNN,8135,1,1,1.0
2,101,KNN,731,1,1,1.0
2,101,KNN,7647,0,1,1.0
2,101,KNN,8832,1,1,1.0
2,101,KNN,3827,1,1,0.7282362203778858
2,101,KNN,784,1,1,1.0
2,101,KNN,3400,1,1,0.9999999803962162
2,101,KNN,9337,1,1,1.0
2,101,KNN,8170,1,1,0.8283153266152012
2,101,KNN,7455,1,1,1.0
2,101,KNN,8360,0,0,0.25
2,101,KNN,6796,1,1,1.0
2,101,KNN,4630,1,1,1.0
2,101,KNN,8672,1,1,1.0
2,101,KNN,853,1,1,1.0
2,101,KNN,3282,1,1,0.9886013478236002
2,101,KNN,5671,0,1,0.746875483743378
2,101,KNN,6896,1,1,1.0
2,101,KNN,9167,1,1,0.9414486059750197
2,101,KNN,1786,1,1,1.0
2,101,KNN,5927,1,1,1.0
2,101,KNN,8125,1,0,0.5
2,101,KNN,149,1,1,0.713551462301907
2,101,KNN,9567,1,1,1.0
2,101,KNN,8451,0,0,0.49999997321419076
2,101,KNN,9300,1,1,1.0
2,101,KNN,1840,1,1,1.0
2,101,KNN,4087,1,1,0.9999998422628977
2,101,KNN,5383,0,0,0.11961932574593222
2,101,KNN,2643,1,1,0.9507895720530787
2,101,KNN,1981,1,1,1.0
2,101,KNN,1034,1,1,1.0
2,101,KNN,5205,0,1,0.7448544199708039
2,101,KNN,6190,1,1,1.0
2,101,KNN,6129,1,1,1.0
2,101,KNN,2287,1,1,0.9422929864182257
2,101,KNN,4950,1,1,0.7440584189450604
2,101,KNN,1177,1,1,1.0
2,101,KNN,6599,1,1,1.0
2,101,KNN,5806,1,1,0.7837328652565041
2,101,KNN,7839,0,0,0.0
2,101,KNN,6047,1,1,1.0
2,101,KNN,5205,0,1,0.7448544199708039
2,101,KNN,5283,0,1,0.6061841521729332
2,101,KNN,1637,1,1,1.0
2,101,KNN,6475,1,1,1.0
2,101,KNN,1858,1,1,0.8333333333333334
2,101,KNN,4303,0,0,0.4
2,101,KNN,4579,1,1,0.9829768344976787
2,101,KNN,9117,1,1,1.0
2,101,KNN,8696,1,1,1.0
2,101,KNN,2500,1,1,0.9413345314761697
2,101,KNN,5004,0,1,0.8525427354903199
2,101,KNN,5436,0,1,0.8649718861978336
2,101,KNN,8817,1,1,0.6968911885893008
2,101,KNN,7448,0,0,1.0039250249572618e-06
2,101,KNN,259,1,1,0.9584857646155118
2,101,KNN,8378,0,0,0.3333334176443673
2,101,KNN,4569,0,0,0.10026620538759803
2,101,KNN,4945,0,1,0.5117310012683545
2,101,KNN,4389,0,0,0.31819260346434824
2,101,KNN,9494,1,1,1.0
2,101,KNN,5680,0,0,0.3247517060591213
2,101,KNN,2555,1,0,0.0
2,101,KNN,7458,1,1,1.0
2,101,KNN,7796,0,0,0.0
2,101,KNN,5348,0,0,0.25546961920818717
2,101,KNN,4490,0,0,0.0
2,101,KNN,8287,0,0,0.33333333390960135
2,101,KNN,2811,1,0,0.31698714610871936
2,101,KNN,6643,1,1,1.0
2,101,KNN,5905,1,1,1.0
2,101,KNN,9311,1,1,0.9433951732777638
2,101,KNN,8214,1,1,0.5007280366099448
2,101,KNN,5241,0,0,0.45999432714560456
2,101,KNN,9235,1,1,0.8776844712105589
2,101,KNN,5882,1,0,0.3333333333333333
2,101,KNN,2799,1,0,0.1402763346219188
2,101,KNN,2728,1,1,1.0
2,101,KNN,2967,1,1,1.0
2,101,KNN,9167,1,1,0.9414486059750197
2,101,KNN,4948,0,0,2.8309944874347247e-07
2,101,KNN,5579,0,1,1.0
2,101,KNN,9314,1,1,1.0
2,101,KNN,1938,1,1,1.0
2,101,KNN,5797,0,0,0.3398277935565811
2,101,KNN,5561,0,1,0.6333879443740297
2,101,KNN,2028,1,1,1.0
2,101,KNN,6596,1,1,0.9999999752239105
2,101,KNN,8715,1,1,0.9403647304217531
2,101,KNN,5347,0,0,0.5
2,101,KNN,1705,0,0,0.3333334754608458
2,101,KNN,9539,1,1,1.0
2,101,KNN,5867,1,1,1.0
2,101,KNN,5139,1,1,1.0
2,101,KNN,4495,0,0,0.23250806300646398
2,101,KNN,3023,1,1,0.9999998356019983
2,101,KNN,5531,0,1,0.7875158665372779
2,101,KNN,6827,1,1,1.0
2,101,KNN,2613,1,1,1.0
2,101,KNN,3090,1,1,1.0
2,101,KNN,7091,1,1,1.0
2,101,KNN,2436,1,1,1.0
2,101,KNN,4067,1,1,1.0
2,101,KNN,8336,0,0,0.0
2,101,KNN,2436,1,1,1.0
2,101,KNN,7441,1,1,0.7404956014166866
2,101,KNN,6915,1,1,1.0
2,101,KNN,1397,1,1,1.0
2,101,KNN,7604,0,1,0.999999852675357
2,101,KNN,1350,1,1,0.9501493888712845
2,101,KNN,7129,0,1,0.9999978602187253
2,101,KNN,7818,0,1,0.8016269043165435
2,101,KNN,4775,0,1,0.6666666903203537
2,101,KNN,6070,1,1,1.0
2,101,KNN,1780,1,1,1.0
2,101,KNN,2273,1,1,0.9682504834781506
2,101,KNN,4329,0,0,0.060409734959100625
2,101,KNN,5356,0,0,0.5
2,101,KNN,8434,0,0,0.19772271526941115
2,101,KNN,129,0,1,0.6080060446139014
2,101,KNN,8122,0,0,0.05403545230720161
2,101,KNN,3546,1,1,1.0
2,101,KNN,8183,1,1,1.0
2,101,KNN,8513,1,1,0.8900767445804889
2,101,KNN,8740,1,1,1.0
2,101,KNN,610,1,1,1.0
2,101,KNN,5849,1,1,1.0
2,101,KNN,508,1,0,0.4187900983444286
2,101,KNN,6827,1,1,1.0
2,101,KNN,9048,1,1,0.8265098018403979
2,101,KNN,7637,0,1,0.6471839898280118
2,101,KNN,8930,1,1,0.7979862051185911
2,101,KNN,3033,1,0,0.5
2,101,KNN,8930,1,1,0.7979862051185911
2,101,KNN,9539,1,1,1.0
2,101,KNN,2785,1,0,0.033829495945513106
2,101,KNN,8247,1,1,0.8914934872787255
2,101,KNN,8644,1,1,1.0
2,101,KNN,6826,1,1,1.0
2,101,KNN,5332,0,0,0.10620439429756369
2,101,KNN,971,1,1,1.0
2,101,KNN,846,1,1,1.0
2,101,KNN,2863,1,1,0.9999999586340784
2,101,KNN,4016,1,1,1.0
2,101,KNN,4952,0,0,1.8739333729350215e-07
2,101,KNN,1688,1,1,0.9166543655287704
2,101,KNN,2520,1,1,1.0
2,101,KNN,7961,1,1,1.0
2,101,KNN,3353,1,0,1.599441710208102e-07
2,101,KNN,3672,1,1,1.0
2,101,KNN,6617,1,1,1.0
2,101,KNN,5004,0,1,0.8525427354903199
2,101,KNN,9148,1,1,0.8617693487819152
2,101,KNN,8459,0,0,0.42857142857142855
2,101,KNN,2296,1,1,0.935712688838589
2,101,KNN,4717,0,0,5.223352689472673e-06
2,101,KNN,6727,0,0,0.13073954175365726
2,101,KNN,8606,1,1,0.8839121406869396
2,101,KNN,2512,1,1,1.0
2,101,KNN,8076,1,1,1.0
2,101,KNN,163,0,0,0.33333333294884004
2,101,KNN,6152,1,0,0.3592874420835073
2,101,KNN,4808,1,1,1.0
2,101,KNN,9085,1,1,0.9333528464915338
2,101,KNN,4105,0,0,0.499999997665282
2,101,KNN,2316,1,1,1.0
2,101,KNN,8933,1,1,0.9703679646164021
2,101,KNN,506,1,1,1.0
2,101,KNN,4517,1,1,0.932944388255615
2,101,KNN,5790,0,1,0.5901848508644066
2,101,KNN,5410,0,1,0.5479771185342764
2,101,KNN,8365,0,0,6.705848158850016e-08
2,101,KNN,4658,1,1,1.0
2,101,KNN,4319,1,1,0.9999996480913123
2,101,KNN,6190,1,1,1.0
2,101,KNN,3774,0,1,0.7086468202482595
2,101,KNN,5491,0,1,0.7317214192607817
2,101,KNN,4801,1,1,1.0
2,101,KNN,6092,1,1,1.0
2,101,KNN,8339,0,0,0.3932513049865197
2,101,KNN,1893,0,0,0.19999994171922134
2,101,KNN,4686,1,1,1.0
2,101,KNN,8811,1,1,1.0
2,101,KNN,5848,1,1,1.0
2,101,KNN,6929,1,1,1.0
2,101,KNN,4943,0,1,0.7899531410906293
2,101,KNN,4770,0,0,2.9172296892213956e-07
2,101,KNN,3374,1,1,1.0
2,101,KNN,8907,1,1,0.9321492236260559
2,101,KNN,147,0,0,0.4423175193062993
2,101,KNN,9146,1,1,0.9466278045452773
2,101,KNN,8804,1,1,0.8875929850201143
2,101,KNN,564,1,1,0.9999997319795789
2,101,KNN,754,1,1,0.9079120664320608
2,101,KNN,2985,1,1,1.0
2,101,KNN,4012,1,1,1.0
2,101,KNN,5190,0,1,0.7996229333813087
2,101,KNN,1174,1,1,0.9999998422628977
2,101,KNN,8706,1,1,0.803871258480689
2,101,KNN,9159,1,1,0.9267641132814693
2,101,KNN,6802,0,1,0.6666664699597733
2,101,KNN,4267,1,1,1.0
2,101,KNN,3500,1,0,4.252687123115263e-08
2,101,KNN,1104,1,1,1.0
2,101,KNN,1403,1,1,0.8171052265745203
2,101,KNN,5953,1,1,1.0
2,101,KNN,3861,1,1,0.6156005410543967
2,101,KNN,9048,1,1,0.8265098018403979
2,101,KNN,3282,1,1,0.9886013478236002
2,101,KNN,7120,0,1,0.9999938686609997
2,101,KNN,6450,1,1,1.0
2,101,KNN,2693,1,1,1.0
2,101,KNN,8606,1,1,0.8839121406869396
2,101,KNN,3943,1,1,0.6351993331690565
2,101,KNN,7615,0,0,0.26519439421417174
2,101,KNN,2858,1,0,0.33333333390960135
2,101,KNN,259,1,1,0.9584857646155118
2,101,KNN,1352,1,1,0.7030919404944352
2,101,KNN,2069,0,0,0.2
2,101,KNN,7750,0,1,1.0
2,101,KNN,3968,1,1,0.9341300973056493
2,101,KNN,6121,1,1,0.697074972103194
2,101,KNN,4168,0,0,0.083224687004105
2,101,KNN,3089,1,1,1.0
2,101,KNN,344,1,1,0.8893723629979173
2,101,KNN,3763,1,1,0.7745802783878126
2,101,KNN,2373,1,1,1.0
2,101,KNN,4833,1,1,1.0
2,101,KNN,4541,1,1,1.0
2,101,KNN,4670,1,1,1.0
2,101,KNN,3485,1,1,1.0
2,101,KNN,3313,1,1,1.0
2,101,KNN,6275,1,0,0.0
2,101,KNN,672,1,1,0.9363175373207989
2,101,KNN,1120,1,1,1.0
2,101,KNN,7615,0,0,0.26519439421417174
2,101,KNN,7217,0,0,0.19999994171922134
2,101,KNN,6534,1,1,0.8789441389420201
2,101,KNN,8351,0,0,3.1479435776210027e-07
2,101,KNN,6983,1,1,1.0
2,101,KNN,1587,0,0,0.29289294503206115
2,101,KNN,4241,0,0,0.33333333390960135
2,101,KNN,5571,0,1,0.66637713680432
2,101,KNN,4895,0,1,0.9999998085087147
2,101,KNN,3230,1,0,0.5
2,101,KNN,6109,1,1,1.0
2,101,KNN,5671,0,1,0.746875483743378
2,101,KNN,5980,1,1,1.0
2,101,KNN,9086,1,1,1.0
2,101,KNN,5203,0,0,0.473037032211549
2,101,KNN,8509,1,1,0.7884715966928393
2,101,KNN,3612,0,0,0.0
2,101,KNN,3026,1,1,1.0
2,101,KNN,4138,0,0,0.33608907041375397
2,101,KNN,8891,1,1,0.9362805711889975
2,101,KNN,2608,1,1,1.0
2,101,KNN,508,1,0,0.4187900983444286
2,101,KNN,8112,1,1,1.0
2,101,KNN,592,1,1,0.92474582922418
2,101,KNN,2493,0,1,0.6060501188590589
2,101,KNN,5894,1,1,1.0
2,101,KNN,4926,0,0,1.8447457751658386e-07
2,101,KNN,507,1,1,0.937691667937041
2,101,KNN,2493,0,1,0.6060501188590589
2,101,KNN,5555,0,1,1.0
2,101,KNN,6829,1,1,1.0
2,101,KNN,7045,0,0,0.0
2,101,KNN,9301,1,1,1.0
2,101,KNN,9541,1,1,1.0
2,101,KNN,8257,1,1,1.0
2,101,KNN,7162,1,0,0.0
2,101,KNN,5710,0,1,0.5276483342692262
2,101,KNN,5841,1,1,0.9999998882349779
2,101,KNN,877,1,1,1.0
2,101,KNN,5561,0,1,0.6333879443740297
2,101,KNN,4067,1,1,1.0
2,101,KNN,9504,1,1,1.0
2,101,KNN,8336,0,0,0.0
2,101,KNN,1981,1,1,1.0
2,101,KNN,8803,1,1,0.8791472819473456
2,101,KNN,7853,1,1,1.0
2,101,KNN,3538,1,1,1.0
2,101,KNN,6196,1,1,0.9413338380325652
2,101,KNN,4541,1,1,1.0
2,101,KNN,727,1,1,0.8808232687780558
2,101,KNN,1089,1,1,0.9999997613056119
2,101,KNN,5332,0,0,0.10620439429756369
2,101,KNN,2004,1,1,1.0
2,101,KNN,3201,0,0,0.0
2,101,KNN,9437,1,1,1.0
2,101,KNN,4317,1,1,1.0
2,101,KNN,1600,0,0,0.5
2,101,KNN,3663,1,1,0.9999998951149033
2,101,KNN,7234,0,0,0.4831993615031361
2,101,KNN,6070,1,1,1.0
2,101,KNN,1954,1,1,1.0
2,101,KNN,2045,1,1,1.0
2,101,KNN,5976,0,0,0.39250741954915414
2,101,KNN,4880,1,1,1.0
2,101,KNN,3033,1,0,0.5
2,101,KNN,8257,1,1,1.0
2,101,KNN,799,1,1,0.6922078398328743
2,101,KNN,2188,1,1,0.7730153553009788
2,101,KNN,4226,1,1,1.0
2,101,KNN,5600,0,1,0.9278062304110644
2,101,KNN,4274,1,1,1.0
2,101,KNN,5336,0,0,2.50090529369832e-07
2,101,KNN,344,1,1,0.8893723629979173
2,101,KNN,1416,1,1,1.0
2,101,KNN,1656,1,1,1.0
2,101,KNN,7635,0,1,1.0
2,101,KNN,5581,1,0,0.2569364974279454
2,101,KNN,4577,1,1,1.0
2,101,KNN,3851,0,0,0.3681368298240746
2,101,KNN,8718,1,1,1.0
2,101,KNN,7635,0,1,1.0
2,101,KNN,1029,0,0,0.0791715884836553
2,101,KNN,1367,1,1,1.0
2,101,KNN,3228,0,0,0.0
2,101,KNN,8377,0,0,0.25
2,101,KNN,3941,1,1,0.5364671480797175
2,101,KNN,2368,1,1,1.0
2,101,KNN,413,1,1,0.7014155197811387
2,101,KNN,950,1,1,1.0
2,101,KNN,5786,0,1,0.6978269100106329
2,101,KNN,7664,0,0,0.4174674587945427
2,101,KNN,1190,1,1,0.9572023231606411
2,101,KNN,9059,1,1,0.933388947961541
2,101,KNN,1664,1,1,1.0
2,101,KNN,8036,0,0,4.098891302584789e-07
2,101,KNN,3721,0,1,0.7317752120824663
2,101,KNN,2368,1,1,1.0
2,101,KNN,950,1,1,1.0
2,101,KNN,2228,1,1,0.9999997848490035
2,101,KNN,4754,0,1,0.5573198695115975
2,101,KNN,2979,1,1,1.0
2,101,KNN,5568,0,1,0.589575470159055
2,101,KNN,7327,1,1,1.0
2,101,KNN,5205,0,1,0.7448544199708039
2,101,KNN,9038,1,1,0.951699842550722
2,101,KNN,174,1,1,0.9607493057386549
2,101,KNN,532,1,1,0.6693144302120172
2,101,KNN,3026,1,1,1.0
2,101,KNN,673,1,1,0.7093370295990428
2,101,KNN,3262,1,1,1.0
2,101,KNN,2295,0,1,0.606984695859864
2,101,KNN,4541,1,1,1.0
2,101,KNN,4383,1,1,1.0
2,101,KNN,1621,1,1,0.6852629421172094
2,101,KNN,1840,1,1,1.0
2,101,KNN,7699,1,1,1.0
2,101,KNN,4367,0,1,0.5322178134297808
2,101,KNN,8936,1,1,1.0
2,101,KNN,1590,1,1,0.8586791685063075
2,101,KNN,8023,1,1,0.8519048198903532
2,101,KNN,6650,1,1,0.9848196826347548
2,101,KNN,7887,0,1,0.6310482305672803
2,101,KNN,8777,1,1,1.0
2,101,KNN,1772,1,1,0.9386691058544245
2,101,KNN,4287,1,1,0.9999999276877956
2,101,KNN,2515,1,1,1.0
2,101,KNN,2480,1,1,0.9405958670496243
2,101,KNN,6302,0,1,1.0
2,101,KNN,6534,1,1,0.8789441389420201
2,101,KNN,4801,1,1,1.0
2,101,KNN,5389,1,1,0.88836442866835
2,101,KNN,7962,1,1,1.0
2,101,KNN,813,1,1,0.868419744781535
2,101,KNN,2475,1,0,0.4402520620998321
2,101,KNN,4782,1,1,1.0
2,101,KNN,3372,1,1,1.0
2,101,KNN,1870,1,1,1.0
2,101,KNN,4715,1,1,0.9827976960399759
2,101,KNN,8698,1,1,1.0
2,101,KNN,2267,1,1,0.7825138575915161
2,101,KNN,9177,1,1,0.8622501149546776
2,101,KNN,3319,1,1,0.8639203672574334
2,101,KNN,2741,1,0,0.4734012672646652
2,101,KNN,4645,0,0,6.963546654224479e-07
2,101,KNN,7059,1,1,1.0
2,101,KNN,9131,1,1,0.8632381924235613
2,101,KNN,9534,1,1,0.8971156674197606
2,101,KNN,4031,1,1,1.0
2,101,KNN,4665,1,1,0.9117075232250248
2,101,KNN,3353,1,0,1.599441710208102e-07
2,101,KNN,9154,1,1,1.0
2,101,KNN,6088,1,1,1.0
2,101,KNN,4266,1,1,1.0
2,101,KNN,9491,1,1,1.0
2,101,KNN,3801,0,1,0.5941459651305134
2,101,KNN,5027,0,1,0.5564203420751436
2,101,KNN,834,1,1,1.0
2,101,KNN,4101,0,0,0.0
2,101,KNN,7073,1,0,6.009223468920205e-07
2,101,KNN,8108,1,1,1.0
2,101,KNN,4072,0,0,0.05067147235481578
2,101,KNN,2792,1,1,1.0
2,101,KNN,5159,1,1,0.9999999321190989
2,101,KNN,3219,1,0,1.0256663883343811e-07
2,101,KNN,8811,1,1,1.0
2,101,KNN,5547,0,1,0.8244467486438998
2,101,KNN,2230,1,1,0.9299296514998632
2,101,KNN,505,1,1,1.0
2,101,KNN,3625,1,1,1.0
2,101,KNN,211,1,1,0.9374284786594496
2,101,KNN,7615,0,0,0.26519439421417174
2,101,KNN,1511,1,1,1.0
2,101,KNN,2654,1,1,0.5064112861319929
2,101,KNN,1425,1,1,1.0
2,101,KNN,2622,0,0,6.913367706138937e-08
2,101,KNN,2030,0,0,3.5128351221691417e-07
2,101,KNN,2027,1,1,0.9999996843195522
2,101,KNN,556,1,1,0.9392556027358144
2,101,KNN,5962,1,1,1.0
2,101,KNN,3855,1,1,1.0
2,101,KNN,6745,1,1,1.0
2,101,KNN,7524,1,1,1.0
2,101,KNN,9316,1,1,1.0
2,101,KNN,6573,0,0,0.0
2,101,KNN,3569,1,1,0.6666666666666666
2,101,KNN,8108,1,1,1.0
2,101,KNN,2377,1,1,1.0
2,101,KNN,7129,0,1,0.9999978602187253
2,101,KNN,6454,1,1,0.9999994605784926
2,101,KNN,2295,0,1,0.606984695859864
2,101,KNN,5495,1,1,0.6552435189939634
2,101,KNN,7217,0,0,0.19999994171922134
2,101,KNN,4331,0,0,0.4323893178653582
2,101,KNN,3942,1,1,0.5364671480797175
2,101,KNN,814,1,1,1.0
2,101,KNN,4345,1,1,0.999999809580194
2,101,KNN,2320,1,1,0.9999999753185967
2,101,KNN,8816,1,1,0.9504451284800971
2,101,KNN,8589,1,1,0.9410875929636493
2,101,KNN,5516,1,1,0.6397551245389137
2,101,KNN,9244,1,1,1.0
2,101,KNN,9550,1,1,1.0
2,101,KNN,7115,0,0,0.49999985648684253
2,101,KNN,1915,0,0,0.25
2,101,KNN,4491,1,1,1.0
2,101,KNN,5404,0,0,0.32605032794415423
2,101,KNN,5352,0,1,1.0
2,101,KNN,6543,1,1,1.0
2,101,KNN,7026,0,0,0.5
2,101,KNN,2189,1,1,1.0
2,101,KNN,9090,1,1,0.8379917469586697
2,101,KNN,3691,1,1,1.0
2,101,KNN,1516,1,1,1.0
2,101,KNN,672,1,1,0.9363175373207989
2,101,KNN,2508,1,1,1.0
2,101,KNN,1104,1,1,1.0
2,101,KNN,668,1,1,0.9385120574017652
2,101,KNN,823,1,1,0.868419744781535
2,101,KNN,7604,0,1,0.999999852675357
2,101,KNN,7410,1,1,0.9999988987637717
2,101,KNN,9460,1,1,1.0
2,101,KNN,2239,1,1,0.9999994964576205
2,101,KNN,8791,1,1,1.0
2,101,KNN,9000,1,1,1.0
2,101,KNN,5531,0,1,0.7875158665372779
2,101,KNN,8777,1,1,1.0
2,101,KNN,7911,0,0,0.4771319064618769
2,101,KNN,291,1,1,0.8521473930910585
2,101,KNN,9288,1,1,1.0
2,101,KNN,5780,0,0,0.39999997693724026
2,101,KNN,359,1,1,0.8719402541847338
2,101,KNN,1242,1,1,0.9999998780113083
2,101,KNN,1712,1,1,1.0
2,101,KNN,9539,1,1,1.0
2,101,KNN,9524,1,1,1.0
2,101,KNN,9038,1,1,0.951699842550722
2,101,KNN,6923,1,1,1.0
2,101,KNN,4278,1,1,1.0
2,101,KNN,8804,1,1,0.8875929850201143
2,101,KNN,3374,1,1,1.0
2,101,KNN,2374,1,1,1.0
2,101,KNN,823,1,1,0.868419744781535
2,101,KNN,7337,1,1,0.9785868781924526
2,101,KNN,4840,1,1,0.9999998558864927
2,101,KNN,9334,1,1,1.0
2,101,KNN,645,1,1,0.9218294796242008
2,101,KNN,7649,0,1,0.6757507834871092
2,101,KNN,4387,0,0,0.08738554183251313
2,101,KNN,2478,0,0,0.47078633443902906
2,101,KNN,8025,1,1,1.0
2,101,KNN,5140,1,1,0.9438210161223717
2,101,KNN,8251,1,1,0.7496196217715158
2,101,KNN,507,1,1,0.937691667937041
2,101,KNN,3376,0,0,0.0
2,101,KNN,5367,0,1,1.0
2,101,KNN,5751,0,1,0.7137858928393573
2,101,KNN,2377,1,1,1.0
2,101,KNN,5469,0,0,0.2666270128081764
2,101,KNN,5535,0,0,0.28724137759705853
2,101,KNN,5794,0,0,0.40278361230955784
2,101,KNN,6894,1,1,0.9893655232880589
2,101,KNN,371,1,1,1.0
2,101,KNN,5140,1,1,0.9438210161223717
2,101,KNN,4925,0,1,0.5722484153652748
2,101,KNN,1590,1,1,0.8586791685063075
2,101,KNN,4338,0,0,0.0
2,101,KNN,7403,1,1,1.0
2,101,KNN,5375,0,0,0.0
2,101,KNN,1873,1,0,0.5
2,101,KNN,7148,1,1,1.0
2,101,KNN,8118,1,1,0.8532288422197885
2,101,KNN,8585,1,1,0.8296163013787726
2,101,KNN,5146,1,1,0.9353514435372549
2,101,KNN,49,0,1,0.7324217714362268
2,101,KNN,3383,1,1,1.0
2,101,KNN,3296,1,1,1.0
2,101,KNN,8051,1,1,0.9411432593134641
2,101,KNN,3313,1,1,1.0
2,101,KNN,7697,1,1,0.8292813863529064
2,101,KNN,4174,1,1,1.0
2,101,KNN,7371,0,1,0.6666666666666666
2,101,KNN,7685,1,1,1.0
2,101,KNN,2609,1,1,1.0
2,101,KNN,8672,1,1,1.0
2,101,KNN,749,1,1,0.9485193201563296
2,101,KNN,5556,0,1,1.0
2,101,KNN,9130,1,1,1.0
2,101,KNN,8715,1,1,0.9403647304217531
2,101,KNN,2898,1,1,1.0
2,101,KNN,2385,1,1,0.9403708587484785
2,101,KNN,6437,1,0,0.0
2,101,KNN,1364,1,1,1.0
2,101,KNN,5088,1,1,0.9353481237708983
2,101,KNN,5109,0,0,0.09269120731029853
2,101,KNN,9508,1,1,1.0
2,101,KNN,5710,0,1,0.5276483342692262
2,101,KNN,881,1,1,0.8083318370230332
2,101,KNN,2287,1,1,0.9422929864182257
2,101,KNN,990,0,1,1.0
2,101,KNN,3063,1,0,2.045206295784998e-07
2,101,KNN,2860,1,0,0.2500007318538126
2,101,KNN,4691,0,0,0.323055349012457
2,101,KNN,5288,0,0,0.34318856708503803
2,101,KNN,4626,1,1,0.8982158067029657
2,101,KNN,4185,1,1,1.0
2,101,KNN,3201,0,0,0.0
2,101,KNN,5894,1,1,1.0
2,101,KNN,9548,1,1,0.9150089791328285
2,101,KNN,7533,1,1,1.0
2,101,KNN,2022,0,0,2.7206085783284155e-07
2,101,KNN,8251,1,1,0.7496196217715158
2,101,KNN,3917,0,1,0.6527086177563355
2,101,KNN,1301,0,0,0.3360890704137539
2,101,KNN,6786,1,1,1.0
2,101,KNN,1453,1,1,1.0
2,101,KNN,3569,1,1,0.6666666666666666
2,101,KNN,8358,0,0,0.21675703146227288
2,101,KNN,1134,1,1,1.0
2,101,KNN,1943,0,0,0.5
2,101,KNN,2766,1,0,4.060796232632125e-07
2,101,KNN,6056,1,1,1.0
2,101,KNN,4991,1,1,0.5538528752197408
2,101,KNN,447,1,1,0.9437335401180947
2,101,KNN,8021,1,1,1.0
2,101,KNN,5146,1,1,0.9353514435372549
2,101,KNN,7947,1,1,0.6941081093513319
2,101,KNN,2836,1,1,1.0
2,101,KNN,3753,1,1,0.6498437687168305
2,101,KNN,5343,0,1,0.7780916132344922
2,101,KNN,5071,0,0,0.25991890430326453
2,101,KNN,2781,1,1,1.0
2,101,KNN,1788,1,1,1.0
2,101,KNN,5455,0,0,0.0
2,101,KNN,5552,0,1,0.5295103547406402
2,101,KNN,9167,1,1,0.9414486059750197
2,101,KNN,279,1,1,0.9999999208384853
2,101,KNN,8855,1,1,0.9677143506031182
2,101,KNN,6575,0,0,0.0
2,101,KNN,7670,1,0,0.5
2,101,KNN,3397,1,1,1.0
2,101,KNN,3104,1,1,1.0
2,101,KNN,8654,1,1,0.9416129819746599
2,101,KNN,7218,0,0,0.0
2,101,KNN,7981,0,0,0.4290480697425732
2,101,KNN,7194,1,0,0.2786309789761588
2,101,KNN,5385,0,1,0.7545925456172327
2,101,KNN,9422,1,1,1.0
2,101,KNN,2695,1,1,1.0
2,101,KNN,8715,1,1,0.9403647304217531
2,101,KNN,7649,0,1,0.6757507834871092
2,101,KNN,7490,1,0,0.0
2,101,KNN,8180,1,1,0.7573422212051563
2,101,KNN,1516,1,1,1.0
2,101,KNN,4383,1,1,1.0
2,101,KNN,2982,1,1,1.0
2,101,KNN,4775,0,1,0.6666666903203537
2,101,KNN,5501,0,0,8.163515808602781e-07
2,101,KNN,1420,1,1,1.0
2,101,KNN,5806,1,1,0.7837328652565041
2,101,KNN,8429,0,0,0.4999999900566975
2,101,KNN,8735,1,1,1.0
2,101,KNN,8672,1,1,1.0
2,101,KNN,4929,1,1,1.0
2,101,KNN,1181,1,1,1.0
2,101,KNN,2355,1,1,1.0
2,101,KNN,4885,1,1,1.0
2,101,KNN,4750,0,1,0.8333333333333334
2,101,KNN,8249,1,1,1.0
2,101,KNN,133,1,1,0.8103370919167573
2,101,KNN,9094,1,1,1.0
2,101,KNN,7059,1,1,1.0
2,101,KNN,19,0,0,0.24604885016334904
2,101,KNN,6377,1,1,1.0
2,101,KNN,5685,0,1,0.6034134684360835
2,101,KNN,4517,1,1,0.932944388255615
2,101,KNN,4961,0,1,0.8295053068353028
2,101,KNN,5583,0,1,0.5218111031056153
2,101,KNN,834,1,1,1.0
2,101,KNN,2792,1,1,1.0
2,101,KNN,5205,0,1,0.7448544199708039
2,101,KNN,4801,1,1,1.0
2,101,KNN,5445,0,0,0.3486344246428209
2,101,KNN,8351,0,0,3.1479435776210027e-07
2,101,KNN,2377,1,1,1.0
2,101,KNN,2355,1,1,1.0
2,101,KNN,1919,1,1,1.0
2,101,KNN,2320,1,1,0.9999999753185967
2,101,KNN,4424,1,1,0.5714285460713886
2,101,KNN,9109,1,1,1.0
2,101,KNN,3378,1,1,0.8186540076878468
2,101,KNN,5630,0,1,0.6710660152713676
2,101,KNN,4843,1,1,0.9999999106264679
2,101,KNN,2295,0,1,0.606984695859864
2,101,KNN,7609,0,1,0.7952882011367693
2,101,KNN,3319,1,1,0.8639203672574334
2,101,KNN,9197,1,1,1.0
2,101,KNN,7322,0,0,0.0
2,101,KNN,8860,1,1,1.0
2,101,KNN,7656,1,1,0.9062001279029551
2,101,KNN,159,1,0,0.39479900698371445
2,101,KNN,4869,1,1,0.9999999658366575
2,101,KNN,111,0,0,0.3592562667859505
2,101,KNN,3721,0,1,0.7317752120824663
2,101,KNN,5451,0,1,0.7393134575852713
2,101,KNN,4295,1,1,0.6582152817903263
2,101,KNN,190,1,1,0.8030848689109438
2,101,KNN,8047,0,0,0.4276480385176918
2,101,KNN,797,1,1,0.8801891037057323
2,101,KNN,8294,0,0,0.16732822980274253
2,101,KNN,6328,1,1,0.9999999511926976
2,101,KNN,6743,1,1,1.0
2,101,KNN,7148,1,1,1.0
2,101,KNN,7791,0,1,0.6600518363945862
2,101,KNN,6060,1,1,1.0
2,101,KNN,731,1,1,1.0
2,101,KNN,5667,0,0,0.0
2,101,KNN,5150,1,1,0.6867710611034247
2,101,KNN,1368,1,1,1.0
2,101,KNN,2897,1,1,1.0
2,101,KNN,6452,1,1,0.9999999519355675
2,101,KNN,7802,0,0,0.2995116024584647
2,101,KNN,8136,1,0,3.3534793131309737e-06
2,101,KNN,1168,1,1,1.0
2,101,KNN,9203,1,1,0.9502899711733163
2,101,KNN,5014,0,0,0.4868020390552916
2,101,KNN,4929,1,1,1.0
2,101,KNN,7913,0,0,0.1852475716381134
2,101,KNN,9545,1,1,0.7220318280693467
2,101,KNN,1110,1,1,1.0
2,101,KNN,3074,1,0,0.05411955946376445
2,101,KNN,2735,1,1,1.0
2,101,KNN,8474,0,0,0.20222821082712136
2,101,KNN,2215,1,1,0.9491902309927571
2,101,KNN,5011,0,1,1.0
2,101,KNN,4316,1,1,1.0
2,101,KNN,4072,0,0,0.05067147235481578
2,101,KNN,4813,0,0,0.0
2,101,KNN,8536,1,1,0.9355241184212442
2,101,KNN,6259,1,1,1.0
2,101,KNN,1513,1,1,1.0
2,101,KNN,6192,0,0,0.0
2,101,KNN,314,1,1,0.9405474056938617
2,101,KNN,1402,1,1,1.0
2,101,KNN,675,1,1,1.0
2,101,KNN,1821,1,1,1.0
2,101,KNN,1034,1,1,1.0
2,101,KNN,1172,0,1,0.5853451658930237
2,101,KNN,5848,1,1,1.0
2,101,KNN,1308,1,1,0.9999999519355675
2,101,KNN,6727,0,0,0.13073954175365726
2,101,KNN,8311,0,0,0.11546474288723123
2,101,KNN,9288,1,1,1.0
2,101,KNN,1512,1,1,1.0
2,101,KNN,2044,1,1,0.818219304978611
2,101,KNN,3493,1,1,1.0
2,101,KNN,8440,0,1,0.5128245317364336
2,101,KNN,7117,1,0,0.25000019729903533
2,101,KNN,5519,0,1,0.6021172225610377
2,101,KNN,2349,1,1,1.0
2,101,KNN,6062,1,1,1.0
2,101,KNN,728,1,1,0.6075994394188364
2,101,KNN,1364,1,1,1.0
2,101,KNN,7420,1,1,0.737724020332327
2,101,KNN,379,1,1,1.0
2,101,KNN,2030,0,0,3.5128351221691417e-07
2,101,KNN,6197,1,1,1.0
2,101,KNN,5780,0,0,0.39999997693724026
2,101,KNN,1330,1,1,0.9759427601259617
2,101,KNN,1656,1,1,1.0
2,101,KNN,5653,0,0,0.4826383897212094
2,101,KNN,8170,1,1,0.8283153266152012
2,101,KNN,1612,1,1,0.8990675667056997
2,101,KNN,9536,1,1,0.9790305179454869
2,101,KNN,6218,0,1,0.9999989835316688
2,101,KNN,7264,1,1,0.8025159630001878
2,101,KNN,7802,0,0,0.2995116024584647
2,101,KNN,5027,0,1,0.5564203420751436
2,101,KNN,8164,0,0,0.41138661039449675
2,101,KNN,7554,1,1,0.9999999332337073
2,101,KNN,3023,1,1,0.9999998356019983
2,101,KNN,3290,1,0,0.0
2,101,KNN,3569,1,1,0.6666666666666666
2,101,KNN,8571,1,1,0.6857685761775593
2,101,KNN,1511,1,1,1.0
2,101,KNN,8543,1,1,1.0
2,101,KNN,5463,0,0,0.41056591227437933
2,101,KNN,9061,1,1,0.8151055913918843
2,101,KNN,1416,1,1,1.0
2,101,KNN,2447,1,1,1.0
2,101,KNN,7818,0,1,0.8016269043165435
2,101,KNN,1098,0,0,0.2500000311944461
2,101,KNN,3801,0,1,0.5941459651305134
2,101,KNN,4029,0,0,0.3387127738915686
2,101,KNN,508,1,0,0.4187900983444286
2,101,KNN,4769,0,0,0.25
2,101,KNN,5668,0,1,0.8759926556104278
2,101,KNN,7322,0,0,0.0
2,101,KNN,4948,0,0,2.8309944874347247e-07
2,101,KNN,635,1,1,1.0
2,101,KNN,490,1,1,0.9517523682092961
2,101,KNN,6010,0,0,0.2499999917977259
2,101,KNN,7441,1,1,0.7404956014166866
2,101,KNN,8946,1,1,1.0
2,101,KNN,6131,1,1,1.0
2,101,KNN,2199,1,1,0.5573300173746983
2,101,KNN,2478,0,0,0.47078633443902906
2,101,KNN,4278,1,1,1.0
2,101,KNN,8912,1,1,0.9213162197453091
2,101,KNN,3203,1,0,1.0256663883343811e-07
2,101,KNN,9473,1,1,1.0
2,101,KNN,6267,1,1,0.999999809580194
2,101,KNN,3292,1,1,1.0
2,101,KNN,9378,1,1,1.0
2,101,KNN,641,1,1,0.9068129472619945
2,101,KNN,9302,1,1,0.9921368136829496
2,101,KNN,9090,1,1,0.8379917469586697
2,101,KNN,2473,1,1,0.93087513838951
2,101,KNN,2098,1,1,0.8617960956510932
2,101,KNN,1600,0,0,0.5
2,101,KNN,8951,1,1,0.8790263895997406
2,101,KNN,4240,1,1,1.0
2,101,KNN,2004,1,1,1.0
2,101,KNN,4548,0,1,1.0
2,101,KNN,1393,0,0,0.33333313296437717
2,101,KNN,8763,1,1,0.935877459299857
2,101,KNN,1365,0,1,0.6212671908059075
2,101,KNN,336,1,1,1.0
2,101,KNN,5848,1,1,1.0
2,101,KNN,7959,1,1,1.0
2,101,KNN,6894,1,1,0.9893655232880589
2,101,KNN,8420,0,0,0.24860736943621423
2,101,KNN,4991,1,1,0.5538528752197408
2,101,KNN,2199,1,1,0.5573300173746983
2,101,KNN,9545,1,1,0.7220318280693467
2,101,KNN,1915,0,0,0.25
2,101,KNN,7608,0,1,1.0
2,101,KNN,9090,1,1,0.8379917469586697
2,101,KNN,7685,1,1,1.0
2,101,KNN,1089,1,1,0.9999997613056119
2,101,KNN,1845,0,1,1.0
2,101,KNN,9109,1,1,1.0
2,101,KNN,713,1,1,1.0
2,101,KNN,5288,0,0,0.34318856708503803
2,101,KNN,5140,1,1,0.9438210161223717
2,101,KNN,7221,0,0,6.636981030507414e-07
2,101,KNN,9300,1,1,1.0
2,101,KNN,8607,1,1,0.7453988088196164
2,101,KNN,209,0,0,0.5
2,101,KNN,2504,1,0,0.3333333333333333
2,101,KNN,7053,1,1,1.0
2,101,KNN,6305,1,0,0.2500000550655598
2,101,KNN,8114,1,1,1.0
2,101,KNN,3074,1,0,0.05411955946376445
2,101,KNN,5391,0,0,0.0
2,101,KNN,4067,1,1,1.0
2,101,KNN,5348,0,0,0.25546961920818717
2,101,KNN,4648,1,1,1.0
2,101,KNN,3182,1,1,1.0
2,101,KNN,2754,1,0,0.33333329663358874
2,101,KNN,2295,0,1,0.606984695859864
2,101,KNN,4761,0,0,0.3674141313972476
2,101,KNN,532,1,1,0.6693144302120172
2,101,KNN,5668,0,1,0.8759926556104278
2,101,KNN,2067,0,0,0.0
2,101,KNN,1983,1,1,1.0
2,101,KNN,1716,1,1,1.0
2,101,KNN,513,1,1,1.0
2,101,KNN,766,1,1,1.0
2,101,KNN,4388,0,0,0.22164376797866447
2,101,KNN,8114,1,1,1.0
2,101,KNN,4255,0,0,0.27807919316592583
2,101,KNN,4280,1,1,1.0
2,101,KNN,96,0,0,0.296121745639882
2,101,KNN,5535,0,0,0.28724137759705853
2,101,KNN,7060,1,1,1.0
2,101,KNN,6705,0,0,1.4753469459179061e-06
2,101,KNN,4322,0,1,0.5000004124233514
2,101,KNN,4785,1,1,1.0
2,101,KNN,9543,1,1,1.0
2,101,KNN,6702,1,1,1.0
2,101,KNN,4867,0,0,0.0
2,101,KNN,4636,1,1,1.0
2,101,KNN,3406,1,0,0.0
2,101,KNN,2284,1,1,0.9487167987906587
2,101,KNN,480,1,1,0.8666995225124535
2,101,KNN,8457,0,0,0.32903813041364194
2,101,KNN,4539,1,1,1.0
2,101,KNN,9042,1,1,0.6150101415579402
2,101,KNN,3125,1,1,1.0
2,101,KNN,7781,0,0,0.10700986472955724
2,101,KNN,8180,1,1,0.7573422212051563
2,101,KNN,8600,1,1,1.0
2,101,KNN,7994,0,0,3.093244456532605e-06
2,101,KNN,6704,1,1,1.0
2,101,KNN,6703,1,1,1.0
2,101,KNN,7217,0,0,0.19999994171922134
2,101,KNN,2759,1,0,9.81886223292944e-08
2,101,KNN,109,1,1,1.0
2,101,KNN,8699,1,1,0.9409862899094289
2,101,KNN,8430,0,0,7.287718551852458e-08
2,101,KNN,1804,1,1,0.9383643519185726
2,101,KNN,9154,1,1,1.0
2,101,KNN,8738,1,1,1.0
2,101,KNN,4389,0,0,0.31819260346434824
2,101,KNN,8860,1,1,1.0
2,101,KNN,1425,1,1,1.0
2,101,KNN,4833,1,1,1.0
2,101,KNN,4548,0,1,1.0
2,101,KNN,7615,0,0,0.26519439421417174
2,101,KNN,5155,1,1,0.7391735919044277
2,101,KNN,4012,1,1,1.0
2,101,KNN,4372,1,1,1.0
2,101,KNN,7542,1,0,0.3825288609976219
2,101,KNN,149,1,1,0.713551462301907
2,101,KNN,7441,1,1,0.7404956014166866
2,101,KNN,8926,1,1,0.8465549660566646
2,101,KNN,3447,1,1,1.0
2,101,KNN,5356,0,0,0.5
2,101,KNN,8841,1,1,0.8623364342949692
2,101,KNN,306,1,0,0.24460724583838073
2,101,KNN,7073,1,0,6.009223468920205e-07
2,101,KNN,2027,1,1,0.9999996843195522
2,101,KNN,8136,1,0,3.3534793131309737e-06
2,101,KNN,7205,1,1,0.802882228842068
2,101,KNN,8698,1,1,1.0
2,101,KNN,7184,1,1,1.0
2,101,KNN,4524,0,0,0.025566511095460927
2,101,KNN,1271,1,1,1.0
2,101,KNN,5685,0,1,0.6034134684360835
2,101,KNN,4648,1,1,1.0
2,101,KNN,2424,1,1,1.0
2,101,KNN,9528,1,1,0.7593311167556439
2,101,KNN,8013,0,0,0.3597727779287045
2,101,KNN,4087,1,1,0.9999998422628977
2,101,KNN,3753,1,1,0.6498437687168305
2,101,KNN,6703,1,1,1.0
2,101,KNN,5900,1,1,1.0
2,101,KNN,3228,0,0,0.0
2,101,KNN,428,1,1,0.8455153272416873
2,101,KNN,9392,1,1,1.0
2,101,KNN,2748,1,0,0.3333333333333333
2,101,KNN,3546,1,1,1.0
2,101,KNN,5592,0,1,0.7265248700832775
2,101,KNN,7080,0,0,0.34891546405545715
2,101,KNN,7980,0,0,4.0788449224844245e-07
2,101,KNN,6181,0,0,0.0
2,101,KNN,4027,1,1,1.0
2,101,KNN,2410,1,1,0.9479182137711232
2,101,KNN,4683,1,1,1.0
2,101,KNN,8944,1,1,1.0
2,101,KNN,6983,1,1,1.0
2,101,KNN,4939,0,1,0.5939012624922327
2,101,KNN,4539,1,1,1.0
2,101,KNN,2982,1,1,1.0
2,101,KNN,1716,1,1,1.0
2,101,KNN,7510,1,0,0.41039999377966646
2,101,KNN,9293,1,1,1.0
2,101,KNN,1425,1,1,1.0
2,101,KNN,5345,1,1,0.9999997063405923
2,101,KNN,3292,1,1,1.0
2,101,KNN,3930,0,1,0.7801190167009033
2,101,KNN,4715,1,1,0.9827976960399759
2,101,KNN,92,1,0,0.220009370864689
2,101,KNN,2438,1,1,1.0
2,101,KNN,5905,1,1,1.0
2,101,KNN,5224,0,0,0.0
2,101,KNN,3902,0,1,0.7272167648492225
2,101,KNN,2300,0,0,0.23257892202741
2,101,KNN,8235,1,1,0.9572183696301585
2,101,KNN,6304,1,1,0.9669310980978381
2,101,KNN,7552,1,1,1.0
2,101,KNN,5256,0,1,0.7860567554720039
2,101,KNN,2504,1,0,0.3333333333333333
2,101,KNN,7415,1,1,0.9999999519355675
2,101,KNN,8188,1,1,0.8759145334570092
2,101,KNN,7804,0,1,0.5521869538582668
2,101,KNN,1364,1,1,1.0
2,101,KNN,4658,1,1,1.0
2,101,KNN,3415,1,0,0.46159346716607497
2,101,KNN,5548,1,1,1.0
2,101,KNN,5045,0,0,0.0832914693671121
2,101,KNN,7117,1,0,0.25000019729903533
2,101,KNN,4439,0,0,0.034681013630009326
2,101,KNN,587,1,1,0.875050189517645
2,101,KNN,6389,1,1,1.0
2,101,KNN,430,1,1,0.9118382873207534
2,101,KNN,7542,1,0,0.3825288609976219
2,101,KNN,428,1,1,0.8455153272416873
2,101,KNN,5387,0,0,2.720608578328408e-07
2,101,KNN,6389,1,1,1.0
2,101,KNN,1050,1,1,1.0
2,101,KNN,3135,1,1,1.0
2,101,KNN,8170,1,1,0.8283153266152012
2,101,KNN,4027,1,1,1.0
2,101,KNN,7242,0,0,0.4578641985496756
2,101,KNN,5277,0,0,0.46961769590981456
2,101,KNN,5019,0,1,0.5995343361061442
2,101,KNN,2226,0,0,0.23250806300646398
2,101,KNN,5963,1,1,1.0
2,101,KNN,5263,1,1,1.0
2,101,KNN,2362,1,1,0.9828903759038545
2,101,KNN,9392,1,1,1.0
2,101,KNN,1029,0,0,0.0791715884836553
2,101,KNN,3419,1,1,1.0
2,101,KNN,2446,1,1,0.9411046506342357
2,101,KNN,3211,1,0,0.3999999855316849
2,101,KNN,2477,0,1,0.8222102365138374
2,101,KNN,4389,0,0,0.31819260346434824
2,101,KNN,828,1,1,0.9448165439757729
2,101,KNN,8089,1,1,0.9495770770590862
2,101,KNN,4428,0,0,0.0
2,101,KNN,5867,1,1,1.0
2,101,KNN,4658,1,1,1.0
2,101,KNN,610,1,1,1.0
2,101,KNN,1114,1,1,1.0
2,101,KNN,6912,1,1,1.0
2,101,KNN,4331,0,0,0.4323893178653582
2,101,KNN,8855,1,1,0.9677143506031182
2,101,KNN,4895,0,1,0.9999998085087147
2,101,KNN,4183,1,1,1.0
2,101,KNN,5786,0,1,0.6978269100106329
2,101,KNN,4926,0,0,1.8447457751658386e-07
2,101,KNN,4895,0,1,0.9999998085087147
2,101,KNN,8977,1,1,0.5351521657413534
2,101,KNN,537,1,1,0.8668014857812157
2,101,KNN,3861,1,1,0.6156005410543967
2,101,KNN,6560,1,1,0.6787280609066884
2,101,KNN,4636,1,1,1.0
2,101,KNN,3593,1,1,0.9999999818067057
2,101,KNN,9168,1,1,1.0
2,101,KNN,6060,1,1,1.0
2,101,KNN,3753,1,1,0.6498437687168305
2,101,KNN,8537,1,1,0.9524727357412114
2,101,KNN,5510,0,1,0.7055311397689658
2,101,KNN,1938,1,1,1.0
2,101,KNN,5882,1,0,0.3333333333333333
2,101,KNN,7977,0,1,0.6775274942011462
2,101,KNN,389,1,1,0.6455441751010352
2,101,KNN,4490,0,0,0.0
2,101,KNN,2604,1,1,1.0
2,101,KNN,7664,0,0,0.4174674587945427
2,101,KNN,8841,1,1,0.8623364342949692
2,101,KNN,1540,1,1,0.9999999647713909
2,101,KNN,1800,1,1,0.999999809580194
2,101,KNN,6599,1,1,1.0
2,101,KNN,4501,0,1,0.7448398177735986
2,101,KNN,873,1,1,1.0
2,101,KNN,5019,0,1,0.5995343361061442
2,101,KNN,8351,0,0,3.1479435776210027e-07
2,101,KNN,2951,1,0,0.25
2,101,KNN,978,1,1,1.0
2,101,KNN,4101,0,0,0.0
2,101,KNN,2802,1,1,1.0
2,101,KNN,4523,1,1,0.9999997489034277
2,101,KNN,2154,1,1,0.9887791310220672
2,101,KNN,3070,0,0,0.4339365707044919
2,101,KNN,621,1,1,1.0
2,101,KNN,3104,1,1,1.0
2,101,KNN,8815,1,1,0.8834469471604545
2,101,KNN,5640,0,1,0.6325834862900053
2,101,KNN,3023,1,1,0.9999998356019983
2,101,KNN,6576,1,1,1.0
2,101,KNN,1408,1,1,1.0
2,101,KNN,8311,0,0,0.11546474288723123
2,101,KNN,925,1,1,0.9147996761926498
2,101,KNN,1114,1,1,1.0
2,101,KNN,6929,1,1,1.0
2,101,KNN,4295,1,1,0.6582152817903263
2,101,KNN,4564,1,1,0.9913780350009536
2,101,KNN,8319,0,0,0.2260157317262874
2,101,KNN,8122,0,0,0.05403545230720161
2,101,KNN,7838,0,0,0.4
2,101,KNN,2735,1,1,1.0
2,101,KNN,7633,0,1,0.5897537298554127
2,101,KNN,2385,1,1,0.9403708587484785
2,101,KNN,523,1,1,0.8019500726930113
2,101,KNN,4267,1,1,1.0
2,101,KNN,6650,1,1,0.9848196826347548
2,101,KNN,490,1,1,0.9517523682092961
2,101,KNN,810,1,1,0.9999999586340784
2,101,KNN,5229,0,0,0.0
2,101,KNN,4975,0,1,0.7910022850024999
2,101,KNN,9048,1,1,0.8265098018403979
2,101,KNN,4637,0,0,0.2008144370004759
2,101,KNN,4949,0,0,2.2209161300488717e-07
2,101,KNN,4487,0,0,0.4
2,101,KNN,4565,1,1,1.0
2,101,KNN,5548,1,1,1.0
2,101,KNN,6786,1,1,1.0
2,101,KNN,9518,1,1,0.9434251111616923
2,101,KNN,6437,1,0,0.0
2,101,KNN,8513,1,1,0.8900767445804889
2,101,KNN,2690,1,0,1.0866570402681905e-07
2,101,KNN,7887,0,1,0.6310482305672803
2,101,KNN,7608,0,1,1.0
2,101,KNN,6180,1,0,0.0
2,101,KNN,5827,0,0,0.3825239497475381
2,101,KNN,1029,0,0,0.0791715884836553
2,101,KNN,768,1,1,1.0
2,101,KNN,5109,0,0,0.09269120731029853
2,101,KNN,5579,0,1,1.0
2,101,KNN,8946,1,1,1.0
2,101,KNN,6534,1,1,0.8789441389420201
2,101,KNN,939,1,1,0.6350923467793775
2,101,KNN,820,1,1,0.9999999586340784
2,101,KNN,1290,0,0,0.0
2,101,KNN,8870,1,1,1.0
2,101,KNN,8665,1,1,1.0
2,101,KNN,4645,0,0,6.963546654224479e-07
2,101,KNN,4950,1,1,0.7440584189450604
2,101,KNN,6131,1,1,1.0
2,101,KNN,4840,1,1,0.9999998558864927
2,101,KNN,7482,0,0,0.46950283281436633
2,101,KNN,7314,1,1,1.0
2,101,KNN,6783,1,0,6.229724835577859e-07
2,101,KNN,2162,1,1,0.6334646222569268
2,101,KNN,3038,1,1,1.0
2,101,KNN,2731,1,1,1.0
2,101,KNN,8860,1,1,1.0
2,101,KNN,990,0,1,1.0
2,101,KNN,5203,0,0,0.473037032211549
2,101,KNN,5512,1,1,1.0
2,101,KNN,799,1,1,0.6922078398328743
2,101,KNN,9491,1,1,1.0
2,101,KNN,7333,1,1,1.0
2,101,KNN,7057,0,0,0.33333333390960135
2,101,KNN,2058,1,1,0.6066253232257675
2,101,KNN,2919,1,1,1.0
2,101,KNN,8912,1,1,0.9213162197453091
2,101,KNN,5263,1,1,1.0
2,101,KNN,7642,0,1,0.9356105613051876
2,101,KNN,2502,1,1,0.9999998882349779
2,101,KNN,4813,0,0,0.0
2,101,KNN,2100,1,1,1.0
2,101,KNN,4238,0,0,0.08195992674748169
2,101,KNN,2951,1,0,0.25
2,101,KNN,6881,0,0,0.3360890704137539
2,101,KNN,9539,1,1,1.0
2,101,KNN,4833,1,1,1.0
2,101,KNN,4661,1,1,1.0
2,101,KNN,3383,1,1,1.0
2,101,KNN,6740,1,1,1.0
2,101,KNN,9539,1,1,1.0
2,101,KNN,9235,1,1,0.8776844712105589
2,101,KNN,2878,1,1,1.0
2,101,KNN,2028,1,1,1.0
2,101,KNN,6923,1,1,1.0
2,101,KNN,1826,1,1,1.0
2,101,KNN,8536,1,1,0.9355241184212442
2,101,KNN,6560,1,1,0.6787280609066884
2,101,KNN,4750,0,1,0.8333333333333334
2,101,KNN,4659,0,0,0.31707375945230054
2,101,KNN,5751,0,1,0.7137858928393573
2,101,KNN,9154,1,1,1.0
2,101,KNN,8627,1,1,1.0
2,101,KNN,9547,1,1,1.0
2,101,KNN,8205,1,1,1.0
2,101,KNN,2154,1,1,0.9887791310220672
2,101,KNN,4379,1,1,1.0
2,101,KNN,7060,1,1,1.0
2,101,KNN,2860,1,0,0.2500007318538126
2,101,KNN,6275,1,0,0.0
2,101,KNN,2766,1,0,4.060796232632125e-07
2,101,KNN,5790,0,1,0.5901848508644066
2,101,KNN,259,1,1,0.9584857646155118
2,101,KNN,6580,1,1,0.6695755443048271
2,101,KNN,2673,1,0,0.47213584143937554
2,101,KNN,508,1,0,0.4187900983444286
2,101,KNN,297,1,1,1.0
2,101,KNN,2446,1,1,0.9411046506342357
2,101,KNN,2475,1,0,0.4402520620998321
2,101,KNN,3858,1,0,0.37229994764180574
2,101,KNN,2836,1,1,1.0
2,101,KNN,6705,0,0,1.4753469459179061e-06
2,101,KNN,820,1,1,0.9999999586340784
2,101,KNN,9337,1,1,1.0
2,101,KNN,1379,1,1,1.0
2,101,KNN,4615,1,1,0.9999999085077311
2,101,KNN,7890,0,1,0.620690423054155
2,101,KNN,1349,1,1,0.9381617531660352
2,101,KNN,6047,1,1,1.0
2,101,KNN,2045,1,1,1.0
2,101,KNN,7864,1,1,0.8683851388768695
2,101,KNN,1919,1,1,1.0
2,101,KNN,8128,0,0,0.2921397167076911
2,101,KNN,1477,1,1,0.6856366565434587
2,101,KNN,6896,1,1,1.0
2,101,KNN,8602,1,1,0.8033448439930928
2,101,KNN,2620,0,0,3.7915384079108294e-08
2,101,KNN,5011,0,1,1.0
2,101,KNN,1612,1,1,0.8990675667056997
2,101,KNN,1190,1,1,0.9572023231606411
2,101,KNN,5146,1,1,0.9353514435372549
2,101,KNN,8740,1,1,1.0
2,101,KNN,5201,0,1,0.9326957455726334
2,101,KNN,3447,1,1,1.0
2,101,KNN,4895,0,1,0.9999998085087147
2,101,KNN,328,1,1,1.0
2,101,KNN,2489,1,0,0.430843496674211
2,101,KNN,8954,1,1,1.0
2,101,KNN,7802,0,0,0.2995116024584647
2,101,KNN,8817,1,1,0.6968911885893008
2,101,KNN,537,1,1,0.8668014857812157
2,101,KNN,574,1,1,1.0
2,101,KNN,5436,0,1,0.8649718861978336
2,101,KNN,7112,1,1,1.0
2,101,KNN,3747,0,1,0.6485849598327639
2,101,KNN,6528,1,0,0.25
2,101,KNN,7710,1,1,0.62147247778311
2,101,KNN,1600,0,0,0.5
2,101,KNN,1089,1,1,0.9999997613056119
2,101,KNN,9491,1,1,1.0
2,101,KNN,9015,1,1,0.9316031767238395
2,101,KNN,8415,0,0,0.25
2,101,KNN,4532,1,1,1.0
2,101,KNN,2923,1,1,1.0
2,101,KNN,8926,1,1,0.8465549660566646
2,101,KNN,3135,1,1,1.0
2,101,KNN,5281,0,1,0.8034557006933457
2,101,KNN,5348,0,0,0.25546961920818717
2,101,KNN,8856,1,1,1.0
2,101,KNN,747,1,1,1.0
2,101,KNN,3038,1,1,1.0
2,101,KNN,3485,1,1,1.0
2,101,KNN,749,1,1,0.9485193201563296
2,101,KNN,2896,1,1,1.0
2,101,KNN,9519,1,1,1.0
2,101,KNN,5882,1,0,0.3333333333333333
2,101,KNN,8717,1,1,1.0
2,101,KNN,8581,1,1,1.0
2,101,KNN,1346,1,1,0.8740716837275182
2,101,KNN,1513,1,1,1.0
2,101,KNN,1169,1,1,1.0
2,101,KNN,4012,1,1,1.0
2,101,KNN,2586,1,1,0.9999997825228196
2,101,KNN,1954,1,1,1.0
2,101,KNN,9197,1,1,1.0
2,101,KNN,3990,1,1,0.9999998882349779
2,101,KNN,924,1,1,0.9507120011749813
2,101,KNN,821,1,1,0.8521293672927188
2,101,KNN,1408,1,1,1.0
2,101,KNN,5689,0,1,0.5806348447510966
2,101,KNN,1486,1,1,1.0
2,101,KNN,8287,0,0,0.33333333390960135
2,101,KNN,736,0,0,0.3938052349342698
2,101,KNN,7073,1,0,6.009223468920205e-07
2,101,KNN,2446,1,1,0.9411046506342357
2,101,KNN,3814,0,1,0.8271037316126721
2,101,KNN,3691,1,1,1.0
2,101,KNN,813,1,1,0.868419744781535
2,101,KNN,3242,0,0,0.0
2,101,KNN,8976,1,1,1.0
2,101,KNN,4577,1,1,1.0
2,101,KNN,7810,1,1,1.0
2,101,KNN,5367,0,1,1.0
2,101,KNN,675,1,1,1.0
2,101,KNN,7095,1,1,1.0
2,101,KNN,5045,0,0,0.0832914693671121
2,101,KNN,4316,1,1,1.0
2,101,KNN,508,1,0,0.4187900983444286
2,101,KNN,2371,1,1,1.0
2,101,KNN,5611,0,0,0.46993620400265074
2,101,KNN,3929,1,1,0.625840315550835
2,101,KNN,4648,1,1,1.0
2,101,KNN,6429,1,1,0.9999999617030196
2,101,KNN,505,1,1,1.0
2,101,KNN,1947,0,0,0.05488941935439325
2,101,KNN,3838,1,1,0.8745053122624207
2,101,KNN,8568,1,1,0.9601789343837818
2,101,KNN,6573,0,0,0.0
2,101,KNN,6739,0,0,2.105995847995268e-07
2,101,KNN,3139,0,0,0.0
2,101,KNN,4138,0,0,0.33608907041375397
2,101,KNN,2361,1,1,1.0
2,101,KNN,3038,1,1,1.0
2,101,KNN,4093,1,1,1.0
2,101,KNN,1767,1,1,0.9475346367626359
2,101,KNN,1297,0,0,2.790176670909683e-07
2,101,KNN,3361,1,1,1.0
2,101,KNN,6450,1,1,1.0
2,101,KNN,5560,0,0,0.40239299926592614
2,101,KNN,4266,1,1,1.0
2,101,KNN,661,1,1,1.0
2,101,KNN,4055,1,1,0.9908510747475958
2,101,KNN,1873,1,0,0.5
2,101,KNN,6313,1,0,0.3333333487333786
2,101,KNN,2581,0,0,0.4299821083189618
2,101,KNN,4298,0,1,0.5015500861222302
2,101,KNN,6152,1,0,0.3592874420835073
2,101,KNN,7542,1,0,0.3825288609976219
2,101,KNN,754,1,1,0.9079120664320608
2,101,KNN,1131,0,0,0.3333333333333333
2,101,KNN,2288,1,1,0.7641023607676911
2,101,KNN,7552,1,1,1.0
2,101,KNN,5201,0,1,0.9326957455726334
2,101,KNN,2337,1,1,1.0
2,101,KNN,5985,1,1,1.0
2,101,KNN,2189,1,1,1.0
2,101,KNN,1637,1,1,1.0
2,101,KNN,5356,0,0,0.5
2,101,KNN,1671,1,1,1.0
2,101,KNN,6741,1,1,0.5154235713322594
2,101,KNN,3312,0,0,0.05488941935439325
2,101,KNN,6015,1,0,0.25000000010802015
2,101,KNN,5962,1,1,1.0
2,101,KNN,8287,0,0,0.33333333390960135
2,101,KNN,2228,1,1,0.9999997848490035
2,101,KNN,211,1,1,0.9374284786594496
2,101,KNN,7959,1,1,1.0
2,101,KNN,3975,1,1,0.87274562401244
2,101,KNN,3383,1,1,1.0
2,101,KNN,9381,1,1,1.0
2,101,KNN,3476,1,1,0.9999998558864927
2,101,KNN,9313,1,1,0.9231465908406711
2,101,KNN,7802,0,0,0.2995116024584647
2,101,KNN,6682,1,0,1.575825474739481e-06
2,101,KNN,5161,0,0,0.27330256545440756
2,101,KNN,1712,1,1,1.0
2,101,KNN,5334,0,1,0.6228002792985633
2,101,KNN,5579,0,1,1.0
2,101,KNN,8290,0,0,0.23128486563029882
2,101,KNN,1870,1,1,1.0
2,101,KNN,1953,1,1,1.0
2,101,KNN,3917,0,1,0.6527086177563355
2,101,KNN,4939,0,1,0.5939012624922327
2,101,KNN,6385,1,1,1.0
2,101,KNN,3721,0,1,0.7317752120824663
2,101,KNN,6777,0,0,0.3333334176443673
2,101,KNN,3217,1,0,0.2
2,101,KNN,6534,1,1,0.8789441389420201
2,101,KNN,2163,1,1,1.0
2,101,KNN,6046,1,1,1.0
2,101,KNN,7060,1,1,1.0
2,101,KNN,1403,1,1,0.8171052265745203
2,101,KNN,4274,1,1,1.0
2,101,KNN,5685,0,1,0.6034134684360835
2,101,KNN,4418,0,0,3.1479435776210027e-07
2,101,KNN,433,1,1,1.0
2,101,KNN,5385,0,1,0.7545925456172327
2,101,KNN,1271,1,1,1.0
2,101,KNN,1346,1,1,0.8740716837275182
2,101,KNN,6070,1,1,1.0
2,101,KNN,4895,0,1,0.9999998085087147
2,101,KNN,2860,1,0,0.2500007318538126
2,101,KNN,7732,1,1,0.9468092431024959
2,101,KNN,2487,0,1,0.5871113168455864
2,101,KNN,823,1,1,0.868419744781535
2,101,KNN,7234,0,0,0.4831993615031361
2,101,KNN,668,1,1,0.9385120574017652
2,101,KNN,291,1,1,0.8521473930910585
2,101,KNN,5203,0,0,0.473037032211549
2,101,KNN,2487,0,1,0.5871113168455864
2,101,KNN,3230,1,0,0.5
2,101,KNN,2121,1,1,0.9414703508350135
2,101,KNN,4075,0,0,0.3333333333333333
2,101,KNN,4517,1,1,0.932944388255615
2,101,KNN,300,1,1,0.9229031891827805
2,101,KNN,1078,0,0,0.3387127738915686
2,101,KNN,6827,1,1,1.0
2,101,KNN,7129,0,1,0.9999978602187253
2,101,KNN,7752,0,0,5.636153466785974e-07
2,101,KNN,5685,0,1,0.6034134684360835
2,101,KNN,6727,0,0,0.13073954175365726
2,101,KNN,5531,0,1,0.7875158665372779
2,101,KNN,3796,1,1,0.5457558757721569
2,101,KNN,6765,1,1,1.0
2,101,KNN,1664,1,1,1.0
2,101,KNN,1642,1,1,1.0
2,101,KNN,174,1,1,0.9607493057386549
2,101,KNN,8313,0,0,0.047750347104475226
2,101,KNN,7148,1,1,1.0
2,101,KNN,5138,1,1,0.879432481587096
2,101,KNN,2355,1,1,1.0
2,101,KNN,97,0,0,0.4096341558331806
2,101,KNN,8180,1,1,0.7573422212051563
2,101,KNN,5071,0,0,0.25991890430326453
2,101,KNN,3166,1,1,1.0
2,101,KNN,9162,1,1,1.0
2,101,KNN,4880,1,1,1.0
2,101,KNN,68,0,0,0.35667391576773433
2,101,KNN,9534,1,1,0.8971156674197606
2,101,KNN,3447,1,1,1.0
2,101,KNN,7194,1,0,0.2786309789761588
2,101,KNN,2226,0,0,0.23250806300646398
2,101,KNN,4467,1,1,0.999999813234909
2,101,KNN,2239,1,1,0.9999994964576205
2,101,KNN,3070,0,0,0.4339365707044919
2,101,KNN,428,1,1,0.8455153272416873
2,101,KNN,2929,1,1,1.0
2,101,KNN,6269,1,1,1.0
2,101,KNN,7129,0,1,0.9999978602187253
2,101,KNN,3238,1,0,0.33333330912553594
2,101,KNN,1036,0,1,0.9999984852375735
2,101,KNN,2327,1,1,1.0
2,101,KNN,2938,1,1,1.0
2,101,KNN,1174,1,1,0.9999998422628977
2,101,KNN,9085,1,1,0.9333528464915338
2,101,KNN,1088,1,1,0.8254605430685102
2,101,KNN,1579,1,1,1.0
2,101,KNN,4087,1,1,0.9999998422628977
2,101,KNN,2517,1,1,1.0
2,101,KNN,490,1,1,0.9517523682092961
2,101,KNN,8673,1,1,0.9480208641723143
2,101,KNN,3792,1,1,0.6727167863992192
2,101,KNN,3038,1,1,1.0
2,101,KNN,3264,1,1,1.0
2,101,KNN,1139,0,0,0.25
2,101,KNN,7750,0,1,1.0
2,101,KNN,1969,1,1,1.0
2,101,KNN,9347,1,1,1.0
2,101,KNN,668,1,1,0.9385120574017652
2,101,KNN,2414,1,1,1.0
2,101,KNN,2508,1,1,1.0
2,101,KNN,1983,1,1,1.0
2,101,KNN,2035,0,0,0.0
2,101,KNN,5561,0,1,0.6333879443740297
2,101,KNN,4565,1,1,1.0
2,101,KNN,4280,1,1,1.0
2,101,KNN,4046,1,1,1.0
2,101,KNN,5974,0,0,0.5
2,101,KNN,8330,0,0,0.12983837798628226
2,101,KNN,7877,1,1,0.9414787123340754
2,101,KNN,7637,0,1,0.6471839898280118
2,101,KNN,8791,1,1,1.0
2,101,KNN,537,1,1,0.8668014857812157
2,101,KNN,8251,1,1,0.7496196217715158
2,101,KNN,3763,1,1,0.7745802783878126
2,101,KNN,4405,1,1,0.9786319637130387
2,101,KNN,5667,0,0,0.0
2,101,KNN,2020,0,0,0.37075396560582574
2,101,KNN,7316,0,0,0.33333327199032886
2,101,KNN,4539,1,1,1.0
2,101,KNN,9010,1,1,0.9392867492522087
2,101,KNN,6489,1,1,0.9999998639699301
2,101,KNN,6441,0,0,0.0
2,101,KNN,9573,1,1,0.9232726446163346
2,101,KNN,2475,1,0,0.4402520620998321
2,101,KNN,6702,1,1,1.0
2,101,KNN,9085,1,1,0.9333528464915338
2,101,KNN,6140,1,1,0.9817693018595348
2,101,KNN,4801,1,1,1.0
2,101,KNN,335,1,1,1.0
2,101,KNN,7608,0,1,1.0
2,101,KNN,2508,1,1,1.0
2,101,KNN,4683,1,1,1.0
2,101,KNN,3823,1,1,0.6137509597660412
2,101,KNN,4379,1,1,1.0
2,101,KNN,8890,1,1,0.891127642283661
2,101,KNN,5953,1,1,1.0
2,101,KNN,7076,1,1,1.0
2,101,KNN,1275,1,1,1.0
2,101,KNN,4491,1,1,1.0
2,101,KNN,5118,0,0,0.4513562451012335
2,101,KNN,661,1,1,1.0
2,101,KNN,4833,1,1,1.0
2,101,KNN,8961,1,1,1.0
2,101,KNN,1190,1,1,0.9572023231606411
2,101,KNN,5573,0,1,0.6796792605827895
2,101,KNN,1516,1,1,1.0
2,101,KNN,2508,1,1,1.0
2,101,KNN,4808,1,1,1.0
2,101,KNN,5091,0,0,0.44736146552729095
2,101,KNN,8958,1,1,1.0
2,101,KNN,6302,0,1,1.0
2,101,KNN,4145,0,0,0.25886239775329645
2,101,KNN,6714,1,1,1.0
2,101,KNN,1712,1,1,1.0
2,101,KNN,9012,1,1,0.8188963555820787
2,101,KNN,8715,1,1,0.9403647304217531
2,101,KNN,3996,1,1,1.0
2,101,KNN,5154,0,0,0.34226217330270425
2,101,KNN,7099,1,0,0.3837000103811928
2,101,KNN,2979,1,1,1.0
2,101,KNN,3569,1,1,0.6666666666666666
2,101,KNN,4388,0,0,0.22164376797866447
2,101,KNN,2296,1,1,0.935712688838589
2,101,KNN,6488,1,1,1.0
2,101,KNN,7162,1,0,0.0
2,101,KNN,9005,1,1,1.0
2,101,KNN,4654,0,0,0.4690969893998325
2,101,KNN,1845,0,1,1.0
2,101,KNN,6682,1,0,1.575825474739481e-06
2,101,KNN,8274,1,1,1.0
2,101,KNN,4761,0,0,0.3674141313972476
2,101,KNN,3614,1,0,0.0
2,101,KNN,4492,0,0,0.0
2,101,KNN,6617,1,1,1.0
2,101,KNN,7357,1,1,0.6607114993571797
2,101,KNN,2346,1,1,1.0
2,101,KNN,3763,1,1,0.7745802783878124
2,101,KNN,8644,1,1,1.0
2,101,KNN,5352,0,1,1.0
2,101,KNN,877,1,1,1.0
2,101,KNN,4372,1,1,1.0
2,101,KNN,3902,0,1,0.7272167648492225
2,101,KNN,3012,1,0,0.25
2,101,KNN,2121,1,1,0.9414703508350135
2,101,KNN,4565,1,1,1.0
2,101,KNN,6923,1,1,1.0
2,101,KNN,3012,1,0,0.25
2,101,KNN,6805,0,0,0.2
2,101,KNN,1053,1,1,1.0
2,101,KNN,4313,1,1,0.8367790741868416
2,101,KNN,7139,1,1,0.9999999811404362
2,101,KNN,2863,1,1,0.9999999761173676
2,101,KNN,2084,1,1,1.0
2,101,RF,9168,1,1,0.9531326008357094
2,101,RF,7148,1,1,0.9971989826741781
2,101,RF,159,1,0,0.2198567748112005
2,101,RF,1281,0,0,0.27808019197249806
2,101,RF,4007,0,0,0.3287335639062251
2,101,RF,2567,1,0,0.09886010994041902
2,101,RF,3672,1,1,0.9791115132260861
2,101,RF,1780,1,1,0.9926945083482976
2,101,RF,4761,0,0,0.22545996542613367
2,101,RF,8600,1,1,0.9372972266229541
2,101,RF,23,0,1,0.5664898931114102
2,101,RF,1420,1,1,0.9990605840607836
2,101,RF,7796,0,0,0.17050014038386319
2,101,RF,6606,1,1,0.985730317808147
2,101,RF,417,1,1,0.6004422491993985
2,101,RF,7642,0,1,0.7349257157620462
2,101,RF,7120,0,0,0.43604206733790385
2,101,RF,4747,0,0,0.3303851247492174
2,101,RF,593,1,1,0.9464925035440094
2,101,RF,3476,1,1,0.8607334903746388
2,101,RF,1590,1,1,0.8545285868786918
2,101,RF,2695,1,1,0.9604228878574914
2,101,RF,5689,0,0,0.4265740546829156
2,101,RF,5257,0,0,0.23916502750530477
2,101,RF,8496,1,1,0.9104595888599151
2,101,RF,1093,1,1,0.8112405831690163
2,101,RF,2555,1,0,0.07584311978326436
2,101,RF,6016,1,0,0.17069942651592185
2,101,RF,8687,1,1,0.9034079324711277
2,101,RF,4119,1,1,0.9987513432460929
2,101,RF,4845,1,1,0.584284619913736
2,101,RF,1896,1,1,0.9757078147699536
2,101,RF,7091,1,1,0.8077976754741728
2,101,RF,4031,1,1,0.9409226122460926
2,101,RF,9038,1,1,0.8456239490618179
2,101,RF,3166,1,1,0.9653480676408228
2,101,RF,4696,1,1,0.9893156102135023
2,101,RF,8607,1,1,0.7256300109621088
2,101,RF,6152,1,0,0.24004670313518023
2,101,RF,8274,1,1,0.996249506102674
2,101,RF,4275,1,1,0.9926449553841273
2,101,RF,5510,0,0,0.48577696878862986
2,101,RF,306,1,1,0.5725161849555386
2,101,RF,2956,1,1,0.827877238648705
2,101,RF,4810,1,1,1.0
2,101,RF,2581,0,0,0.22366052532401487
2,101,RF,5019,0,1,0.5018030182053157
2,101,RF,3090,1,1,0.9243130708746695
2,101,RF,3238,1,0,0.21064196898129076
2,101,RF,211,1,1,0.8109549160962496
2,101,RF,6617,1,1,0.8822615166183171
2,101,RF,3787,1,1,0.6363651971302146
2,101,RF,6253,1,1,0.9889916939684305
2,101,RF,425,1,1,0.6002076013623452
2,101,RF,547,1,1,0.9341565945307913
2,101,RF,4654,0,0,0.26030880737348655
2,101,RF,9334,1,1,0.987257147796506
2,101,RF,2959,1,1,0.99143813995427
2,101,RF,5229,0,0,0.10164886936738546
2,101,RF,7622,0,1,0.8318111757685358
2,101,RF,978,1,1,0.9552213906221215
2,101,RF,5179,1,1,0.5502309622213031
2,101,RF,8571,1,1,0.6743351409904593
2,101,RF,6702,1,1,0.9942239770107526
2,101,RF,7453,1,1,0.9570603257604194
2,101,RF,3365,1,1,0.9772646549269711
2,101,RF,3569,1,0,0.40054938693273373
2,101,RF,2765,1,0,0.05474186066870948
2,101,RF,1388,1,1,0.6439051621088181
2,101,RF,4313,1,1,0.9076248758549482
2,101,RF,2446,1,1,0.897070944079539
2,101,RF,7441,1,0,0.488448185543594
2,101,RF,97,0,0,0.2509931378719124
2,101,RF,2188,1,1,0.7172053845179653
2,101,RF,8021,1,1,0.9436797730430577
2,101,RF,1465,1,1,0.8797986002576899
2,101,RF,4675,1,1,0.9937413373372226
2,101,RF,7026,0,0,0.31401004285385814
2,101,RF,9208,1,1,0.9322144681654997
2,101,RF,8991,1,1,0.9884899653817346
2,101,RF,4006,1,1,0.9719041563581327
2,101,RF,3760,1,0,0.4816339855576542
2,101,RF,2154,1,1,0.9083180944416448
2,101,RF,8993,1,1,0.928788535035699
2,101,RF,4873,1,1,0.9762963709843231
2,101,RF,4295,1,0,0.4867179467269971
2,101,RF,7434,1,0,0.43414886531295066
2,101,RF,7818,0,1,0.7520272540493076
2,101,RF,3476,1,1,0.8607334903746388
2,101,RF,9581,1,1,0.8469084629995058
2,101,RF,8340,0,0,0.13059937600994898
2,101,RF,1072,1,1,0.9034079324711277
2,101,RF,2840,1,1,0.9610630023839352
2,101,RF,5555,0,1,0.8897930650691777
2,101,RF,6727,0,0,0.1452334255630714
2,101,RF,2609,1,1,0.9946492652725502
2,101,RF,3814,0,1,0.7150751840388437
2,101,RF,4329,0,0,0.20779677052326398
2,101,RF,9421,1,1,0.9777297910979427
2,101,RF,1642,1,1,0.9141642137019828
2,101,RF,8555,1,1,0.9205745831414037
2,101,RF,335,1,1,0.5690049191952611
2,101,RF,9313,1,1,0.787509239066746
2,101,RF,5943,1,1,0.9950356616194037
2,101,RF,16,0,0,0.37183993811713784
2,101,RF,6896,1,1,0.9550654154016756
2,101,RF,6275,1,0,0.07031928889137394
2,101,RF,6783,1,0,0.4182606795217972
2,101,RF,2811,1,0,0.1482660483457192
2,101,RF,5139,1,1,0.9953656850222049
2,101,RF,1688,1,1,0.9607260533383568
2,101,RF,4722,1,1,0.9568109028792804
2,101,RF,457,1,1,0.8282233988738126
2,101,RF,4654,0,0,0.26030880737348655
2,101,RF,6060,1,1,0.9990605840607836
2,101,RF,4817,0,0,0.0830964934942415
2,101,RF,7535,1,1,0.9004637916705495
2,101,RF,291,1,1,0.587648885996463
2,101,RF,6452,1,1,0.8901148335478613
2,101,RF,7595,1,1,0.704501648665081
2,101,RF,2478,0,0,0.372455830035916
2,101,RF,2731,1,1,0.9946043988708686
2,101,RF,6800,1,1,0.997645486114758
2,101,RF,4691,0,0,0.22437898251946564
2,101,RF,4298,0,0,0.33518764905108656
2,101,RF,447,1,1,0.8811340508841247
2,101,RF,7510,1,0,0.27290323651431253
2,101,RF,749,1,1,0.9044100203935921
2,101,RF,9056,1,1,0.930685107440015
2,101,RF,7947,1,0,0.42230148840145615
2,101,RF,4961,0,1,0.6948470983395842
2,101,RF,4329,0,0,0.20779677052326398
2,101,RF,7415,1,1,0.8901148335478613
2,101,RF,8135,1,1,0.9993203211517165
2,101,RF,3620,1,1,0.9762963709843231
2,101,RF,3718,0,1,0.5819935379250717
2,101,RF,713,1,1,0.9270512970656007
2,101,RF,5257,0,0,0.23916502750530477
2,101,RF,9222,1,0,0.393711790760869
2,101,RF,5571,0,0,0.41686847620094136
2,101,RF,8313,0,0,0.04652954730431552
2,101,RF,4593,1,1,0.9967208039202038
2,101,RF,2504,1,0,0.22033791989908347
2,101,RF,4501,0,1,0.6108086163168185
2,101,RF,5573,0,1,0.503407392159047
2,101,RF,4388,0,0,0.12996785656616888
2,101,RF,3166,1,1,0.9653480676408228
2,101,RF,7381,1,1,1.0
2,101,RF,1389,1,1,0.8681260208376119
2,101,RF,7060,1,1,0.9758584364629457
2,101,RF,3400,1,1,0.9548929998908684
2,101,RF,3400,1,1,0.9548929998908684
2,101,RF,4948,0,0,0.0569842055169139
2,101,RF,2836,1,1,1.0
2,101,RF,8417,0,0,0.23775478529143354
2,101,RF,5088,1,1,0.638720442649336
2,101,RF,1206,1,1,0.9655107989446171
2,101,RF,6599,1,1,0.9560598134292487
2,101,RF,2215,1,1,0.7883656966038923
2,101,RF,4641,0,0,0.019915136445868918
2,101,RF,4887,0,0,0.24368386166048972
2,101,RF,5404,0,1,0.5686786175282912
2,101,RF,1330,1,1,0.952320358639153
2,101,RF,4961,0,1,0.6948470983395842
2,101,RF,4843,1,1,0.8884528184489174
2,101,RF,2122,1,1,0.9244638364593147
2,101,RF,9473,1,1,0.9759192265090353
2,101,RF,4895,0,1,0.6015831205723725
2,101,RF,1800,1,1,0.761032932973202
2,101,RF,5011,0,0,0.4932388764305619
2,101,RF,1349,1,1,0.8870934525806237
2,101,RF,3852,0,1,0.5743268277534521
2,101,RF,6355,1,0,0.17814957972444695
2,101,RF,1405,1,1,0.9444289812944977
2,101,RF,5348,0,0,0.31027242077012557
2,101,RF,5401,0,0,0.3402834545730643
2,101,RF,8319,0,0,0.22250131796550307
2,101,RF,3270,1,0,0.12628404262127588
2,101,RF,5790,0,0,0.4638053676589417
2,101,RF,9038,1,1,0.8456239490618179
2,101,RF,5288,0,0,0.3110011832595637
2,101,RF,5045,0,0,0.26344540981812814
2,101,RF,23,0,1,0.5664898931114102
2,101,RF,2567,1,0,0.09886010994041902
2,101,RF,929,1,1,0.8593943115516194
2,101,RF,4022,1,1,0.9386451829064621
2,101,RF,4439,0,0,0.07285574253352184
2,101,RF,5451,0,1,0.6065323579100689
2,101,RF,1705,0,0,0.2589361681886507
2,101,RF,7994,0,0,0.38126185531906276
2,101,RF,5505,0,0,0.3220202324048451
2,101,RF,9242,1,1,0.9101703184143802
2,101,RF,2373,1,1,0.9004637916705495
2,101,RF,8726,1,1,0.9273888729799995
2,101,RF,6368,1,0,0.31838752134462145
2,101,RF,9548,1,1,0.9479656538308574
2,101,RF,5373,0,0,0.13678591770890455
2,101,RF,5548,1,1,0.8966851762754879
2,101,RF,3166,1,1,0.9653480676408228
2,101,RF,7386,1,1,0.9832113740948885
2,101,RF,7386,1,1,0.9832113740948885
2,101,RF,1406,1,1,0.9756925840929688
2,101,RF,2693,1,1,0.9648592006358808
2,101,RF,3965,1,1,0.7530656681582226
2,101,RF,5790,0,0,0.4638053676589417
2,101,RF,797,1,1,0.9607099625323707
2,101,RF,9528,1,1,0.7107848173662691
2,101,RF,1029,0,0,0.17117796857814482
2,101,RF,6864,1,1,0.9888450790137177
2,101,RF,8547,1,1,0.9558135544347753
2,101,RF,3296,1,1,0.9170698152855462
2,101,RF,1111,1,1,0.9981938922315042
2,101,RF,8513,1,1,0.9652606186769149
2,101,RF,6437,1,0,0.054580696043116286
2,101,RF,3361,1,1,0.9620987499686041
2,101,RF,8274,1,1,0.996249506102674
2,101,RF,7005,1,0,0.292458556281219
2,101,RF,4532,1,1,0.9884309139159347
2,101,RF,4236,1,1,0.7772618267019007
2,101,RF,5391,0,0,0.32777141322931574
2,101,RF,5945,0,0,0.3363716383262313
2,101,RF,7542,1,1,0.6548599631110388
2,101,RF,1516,1,1,0.9424592432610177
2,101,RF,2480,1,1,0.8881526224296536
2,101,RF,6368,1,0,0.31838752134462145
2,101,RF,1512,1,1,0.9966213813440755
2,101,RF,2708,1,0,0.2795752753947532
2,101,RF,3262,1,1,0.9234115379133256
2,101,RF,7961,1,1,0.9196368436871376
2,101,RF,883,1,1,0.8783774211959876
2,101,RF,673,1,1,0.6032906017677463
2,101,RF,7316,0,0,0.18742650860409513
2,101,RF,3848,0,0,0.4882558276644292
2,101,RF,3406,1,0,0.12230068281405652
2,101,RF,1562,1,1,0.6465204509019162
2,101,RF,7839,0,0,0.11466829376224685
2,101,RF,1483,1,1,0.8167480463707415
2,101,RF,8712,1,1,0.8448671389383435
2,101,RF,8231,1,1,0.9621133845297467
2,101,RF,3500,1,0,0.02904978057333886
2,101,RF,4803,1,1,0.971454821455442
2,101,RF,102,0,1,0.6111276500299269
2,101,RF,1582,1,1,0.8435415284465926
2,101,RF,5874,1,1,0.9722410986072205
2,101,RF,4879,1,1,0.9609564452896806
2,101,RF,5611,0,0,0.28677365147103323
2,101,RF,8021,1,1,0.9436797730430577
2,101,RF,4900,0,0,0.06180749308469882
2,101,RF,1324,1,1,0.9402868096110201
2,101,RF,4980,0,1,0.758054696244689
2,101,RF,3526,1,1,0.9940587627773145
2,101,RF,6010,0,0,0.13495478777183484
2,101,RF,4046,1,1,0.9315945409377592
2,101,RF,5018,0,0,0.3559211988059864
2,101,RF,8214,1,0,0.3714984740610422
2,101,RF,5017,0,0,0.17234644619107414
2,101,RF,5668,0,1,0.7093266935713164
2,101,RF,3344,1,1,0.8811270594248408
2,101,RF,5377,0,1,0.534551307622325
2,101,RF,2349,1,1,0.9296660945372878
2,101,RF,8536,1,1,0.6453490580894823
2,101,RF,6705,0,0,0.3425453734605642
2,101,RF,4025,1,1,0.9152033763637314
2,101,RF,3290,1,0,0.1146054491928312
2,101,RF,1056,1,1,0.9481880650816724
2,101,RF,8122,0,0,0.23439192689474328
2,101,RF,4675,1,1,0.9937413373372226
2,101,RF,2389,1,1,0.9401300512073735
2,101,RF,3152,1,1,0.9829613794768801
2,101,RF,9347,1,1,0.9868444884572927
2,101,RF,3672,1,1,0.9791115132260861
2,101,RF,727,1,1,0.830621354304393
2,101,RF,5205,0,0,0.4985884608455621
2,101,RF,6402,1,1,0.9553395150180105
2,101,RF,2699,1,1,0.781134023999462
2,101,RF,3296,1,1,0.9170698152855462
2,101,RF,4978,0,0,0.4218619323302756
2,101,RF,1177,1,1,0.9594581126334225
2,101,RF,6591,1,1,0.5381505304623602
2,101,RF,23,0,1,0.5664898931114102
2,101,RF,4266,1,1,0.9683373818872038
2,101,RF,7877,1,1,0.8842614378271159
2,101,RF,9222,1,0,0.393711790760869
2,101,RF,8706,1,1,0.7965686242000722
2,101,RF,3643,1,1,0.9075684920663641
2,101,RF,4019,0,0,0.2178188406642494
2,101,RF,1120,1,1,1.0
2,101,RF,9014,1,1,0.7332862752817914
2,101,RF,2604,1,1,0.9967403347619183
2,101,RF,9207,1,1,0.9864819398207966
2,101,RF,2718,1,1,0.9378369674716057
2,101,RF,3344,1,1,0.8811270594248408
2,101,RF,2643,1,1,0.9862126784326187
2,101,RF,2438,1,1,0.9613476982520853
2,101,RF,7405,0,0,0.12230068281405652
2,101,RF,8362,0,0,0.3411656156676385
2,101,RF,4770,0,0,0.08233812450492829
2,101,RF,5740,0,1,0.8640121063784207
2,101,RF,5061,0,0,0.33094398366510197
2,101,RF,2860,1,0,0.18992168231893522
2,101,RF,2316,1,1,0.8594823337361788
2,101,RF,3030,1,1,0.9907731791962333
2,101,RF,3577,1,1,0.5383028962896655
2,101,RF,893,1,1,0.6780915405344017
2,101,RF,1098,0,0,0.16587613024195508
2,101,RF,5849,1,1,0.9792741014350207
2,101,RF,4495,0,0,0.13481170512999385
2,101,RF,2480,1,1,0.8881526224296536
2,101,RF,9449,1,1,0.8638396503876854
2,101,RF,3858,1,0,0.4500890460240401
2,101,RF,8443,0,0,0.1533056189621939
2,101,RF,4196,1,1,0.9814172892535171
2,101,RF,4717,0,0,0.18597220579789706
2,101,RF,249,1,1,0.6490427753482948
2,101,RF,4775,0,1,0.5793006703551139
2,101,RF,2487,0,0,0.3620398480048006
2,101,RF,4670,1,1,0.9985375178437518
2,101,RF,587,1,1,0.8591193159272973
2,101,RF,6218,0,1,0.5329028392064171
2,101,RF,5966,1,0,0.24285238536814596
2,101,RF,5435,0,1,0.627295999495262
2,101,RF,6576,1,1,0.9729121532419639
2,101,RF,8382,0,0,0.013750306010893127
2,101,RF,6062,1,1,0.9792185072276862
2,101,RF,249,1,1,0.6490427753482948
2,101,RF,9177,1,1,0.6500263167200943
2,101,RF,2371,1,1,0.8763157932378537
2,101,RF,5445,0,0,0.4042190489816702
2,101,RF,7403,1,1,0.9696050357739039
2,101,RF,1999,0,0,0.32486026027537984
2,101,RF,4541,1,1,0.8865621181502865
2,101,RF,978,1,1,0.9552213906221215
2,101,RF,8712,1,1,0.8448671389383435
2,101,RF,672,1,1,0.9258047514755655
2,101,RF,426,1,1,0.6936566514025558
2,101,RF,7183,0,0,0.1593444490626635
2,101,RF,1271,1,1,0.9830437490375711
2,101,RF,9570,1,1,0.9719998035596571
2,101,RF,5611,0,0,0.28677365147103323
2,101,RF,4626,1,1,0.894647410957004
2,101,RF,2346,1,1,0.9737051890212614
2,101,RF,8570,1,1,0.9643725976500701
2,101,RF,1349,1,1,0.8870934525806237
2,101,RF,4221,0,0,0.3030582787456248
2,101,RF,3546,1,1,0.9361733152515335
2,101,RF,8200,0,0,0.2969513895868045
2,101,RF,3037,1,1,0.9645951414076518
2,101,RF,3500,1,0,0.02904978057333886
2,101,RF,8875,1,1,0.9671072312836
2,101,RF,8615,1,1,0.5512735438965718
2,101,RF,505,1,1,0.8307156175542717
2,101,RF,2600,1,1,0.9981938922315042
2,101,RF,6645,1,1,0.899874697996463
2,101,RF,1533,1,1,0.7836620801211227
2,101,RF,7314,1,1,0.8496269746816496
2,101,RF,2626,1,1,0.9821771722894452
2,101,RF,6682,1,0,0.210765614396859
2,101,RF,9042,1,1,0.6641092886055461
2,101,RF,293,1,1,0.8411867819090877
2,101,RF,209,0,0,0.4338823250265316
2,101,RF,9177,1,1,0.6500263167200943
2,101,RF,8056,1,1,0.882293883682521
2,101,RF,7912,1,1,0.5207922331145857
2,101,RF,6698,1,0,0.19638258401031894
2,101,RF,4405,1,1,0.9404334544766292
2,101,RF,5560,0,0,0.31232647469764646
2,101,RF,4577,1,1,0.9996704988214922
2,101,RF,4238,0,0,0.07155774254317443
2,101,RF,4317,1,1,0.9747339574158
2,101,RF,4590,1,1,1.0
2,101,RF,2508,1,1,0.9040085392480218
2,101,RF,6383,1,1,0.9583830347649596
2,101,RF,7410,1,1,0.713023941731031
2,101,RF,1685,1,1,0.8934943914057848
2,101,RF,3416,1,0,0.32609932692282034
2,101,RF,3037,1,1,0.9645951414076518
2,101,RF,7117,1,0,0.17219609280474293
2,101,RF,2819,1,1,0.9363609348943609
2,101,RF,1915,0,0,0.12628404262127588
2,101,RF,8637,1,1,0.9830437490375711
2,101,RF,4213,1,1,0.9156453105151238
2,101,RF,639,1,1,0.9503969184312295
2,101,RF,4298,0,0,0.33518764905108656
2,101,RF,6836,0,0,0.21414923471997788
2,101,RF,6596,1,1,0.9042819173474822
2,101,RF,7947,1,0,0.42230148840145615
2,101,RF,8128,0,0,0.1301061047563111
2,101,RF,1689,1,1,0.9466587278957789
2,101,RF,8926,1,1,0.9385930148942964
2,101,RF,5846,1,0,0.020370255236838428
2,101,RF,1420,1,1,0.9990605840607836
2,101,RF,490,1,1,0.8773840335038918
2,101,RF,3312,0,0,0.05254477901651847
2,101,RF,7615,0,1,0.5539036686678879
2,101,RF,2384,1,1,0.753096834504928
2,101,RF,4067,1,1,0.9944013059409593
2,101,RF,8890,1,1,0.901825263042405
2,101,RF,2489,1,0,0.2717404925378945
2,101,RF,8294,0,0,0.2081512977267439
2,101,RF,8471,0,1,0.5496605616577391
2,101,RF,7080,0,0,0.23373026876698702
2,101,RF,5347,0,0,0.34181318071542566
2,101,RF,2728,1,1,0.9821826151219757
2,101,RF,2361,1,1,0.894001118223072
2,101,RF,1275,1,1,0.9918275987466934
2,101,RF,8856,1,1,0.9848832320739604
2,101,RF,5445,0,0,0.4042190489816702
2,101,RF,4940,0,0,0.40221898529577593
2,101,RF,5671,0,1,0.6358301791709684
2,101,RF,8627,1,1,0.8922715576903002
2,101,RF,3753,1,1,0.8017863224673027
2,101,RF,5885,1,1,0.9944164557788675
2,101,RF,4467,1,1,0.8796936291186196
2,101,RF,7335,1,1,0.9799079693234024
2,101,RF,3774,0,1,0.7095680712980474
2,101,RF,2097,1,1,0.9503466055807628
2,101,RF,1712,1,1,0.9891503730233889
2,101,RF,3409,1,1,0.7672535111522056
2,101,RF,8930,1,1,0.7201681783764116
2,101,RF,8140,1,1,0.9447818567439059
2,101,RF,8470,0,0,0.16587613024195508
2,101,RF,4782,1,1,1.0
2,101,RF,3670,1,1,0.876131509122912
2,101,RF,6301,1,0,0.1593444490626635
2,101,RF,4539,1,1,0.9923769745941271
2,101,RF,3990,1,1,0.8493497468158404
2,101,RF,1349,1,1,0.8870934525806237
2,101,RF,8855,1,1,0.9927959003802509
2,101,RF,6429,1,1,0.981160456684319
2,101,RF,9491,1,1,0.9566678377989595
2,101,RF,1194,1,1,0.9610873097734034
2,101,RF,6121,1,0,0.4306288314548532
2,101,RF,9301,1,1,0.9381556811652045
2,101,RF,7781,0,0,0.10089297641871289
2,101,RF,2788,0,0,0.4101976296366653
2,101,RF,8168,0,1,0.6440421191982127
2,101,RF,2608,1,1,0.9970755470765394
2,101,RF,8319,0,0,0.22250131796550307
2,101,RF,4879,1,1,0.9609564452896806
2,101,RF,6275,1,0,0.07031928889137394
2,101,RF,4491,1,1,0.9361733152515335
2,101,RF,300,1,1,0.7569299442995521
2,101,RF,7796,0,0,0.17050014038386319
2,101,RF,2478,0,0,0.372455830035916
2,101,RF,401,1,1,0.8329614193933037
2,101,RF,5751,0,1,0.6851717770901512
2,101,RF,1858,1,1,0.6615837552808951
2,101,RF,4269,0,0,0.3411656156676385
2,101,RF,3569,1,0,0.40054938693273373
2,101,RF,7183,0,0,0.1593444490626635
2,101,RF,7347,1,0,0.23975345748576804
2,101,RF,6728,0,0,0.40609715275751307
2,101,RF,1226,1,1,0.9247479845562622
2,101,RF,3415,1,0,0.45280464748193244
2,101,RF,5780,0,0,0.22579502363111903
2,101,RF,4665,1,1,0.8747269999929
2,101,RF,4925,0,0,0.4831828143304166
2,101,RF,4087,1,1,0.6730531004946474
2,101,RF,587,1,1,0.8591193159272973
2,101,RF,4606,1,1,0.9470000811492193
2,101,RF,5205,0,0,0.4985884608455621
2,101,RF,6326,0,0,0.0023986746058415175
2,101,RF,5036,1,1,0.7445214506438285
2,101,RF,352,0,1,0.7327366533610119
2,101,RF,4564,1,1,0.9932326152832737
2,101,RF,6196,1,1,0.8131442333779164
2,101,RF,9086,1,1,0.8454546739127063
2,101,RF,7481,0,1,0.6824415590191993
2,101,RF,2205,1,1,0.686581344171532
2,101,RF,8717,1,1,0.9399390081660484
2,101,RF,9513,1,1,0.9519694766721595
2,101,RF,4761,0,0,0.22545996542613367
2,101,RF,4925,0,0,0.4831828143304166
2,101,RF,593,1,1,0.9464925035440094
2,101,RF,4932,1,1,0.8996590037101672
2,101,RF,8135,1,1,0.9993203211517165
2,101,RF,731,1,1,0.9275508088692521
2,101,RF,7647,0,1,0.7755682615968538
2,101,RF,8832,1,1,1.0
2,101,RF,3827,1,1,0.677220692815061
2,101,RF,784,1,1,1.0
2,101,RF,3400,1,1,0.9548929998908684
2,101,RF,9337,1,1,0.9990605840607836
2,101,RF,8170,1,1,0.915536549004997
2,101,RF,7455,1,1,0.9074290026122847
2,101,RF,8360,0,0,0.13708489682836628
2,101,RF,6796,1,1,0.9493954368586219
2,101,RF,4630,1,1,0.975782539446719
2,101,RF,8672,1,1,0.9285572116985271
2,101,RF,853,1,1,0.9102866565914798
2,101,RF,3282,1,1,0.9566612421238508
2,101,RF,5671,0,1,0.6358301791709684
2,101,RF,6896,1,1,0.9550654154016756
2,101,RF,9167,1,1,0.8901162362926351
2,101,RF,1786,1,1,0.9720890225889062
2,101,RF,5927,1,1,0.9170038325004114
2,101,RF,8125,1,1,0.5279212144024658
2,101,RF,149,1,1,0.5940638476003067
2,101,RF,9567,1,1,0.9035552913986166
2,101,RF,8451,0,0,0.3271762100755812
2,101,RF,9300,1,1,0.9828357669307911
2,101,RF,1840,1,1,0.9380033897904099
2,101,RF,4087,1,1,0.6730531004946474
2,101,RF,5383,0,0,0.2645589811376208
2,101,RF,2643,1,1,0.9862126784326187
2,101,RF,1981,1,1,0.8104763992680212
2,101,RF,1034,1,1,0.9522843463162267
2,101,RF,5205,0,0,0.4985884608455621
2,101,RF,6190,1,1,0.8499834780519342
2,101,RF,6129,1,1,0.9407284089010198
2,101,RF,2287,1,1,0.9322886122747676
2,101,RF,4950,1,1,0.8359218063418704
2,101,RF,1177,1,1,0.9594581126334225
2,101,RF,6599,1,1,0.9560598134292487
2,101,RF,5806,1,1,0.9472794872283987
2,101,RF,7839,0,0,0.11466829376224685
2,101,RF,6047,1,1,0.9995185549620467
2,101,RF,5205,0,0,0.4985884608455621
2,101,RF,5283,0,1,0.6073982235572082
2,101,RF,1637,1,1,0.9713067455875667
2,101,RF,6475,1,1,0.9918051420107206
2,101,RF,1858,1,1,0.6615837552808951
2,101,RF,4303,0,0,0.24936603221699694
2,101,RF,4579,1,1,0.9981938922315042
2,101,RF,9117,1,1,0.9343357662985423
2,101,RF,8696,1,1,0.966390867586292
2,101,RF,2500,1,1,0.7980901054268591
2,101,RF,5004,0,1,0.5865839409611019
2,101,RF,5436,0,1,0.6621715203352798
2,101,RF,8817,1,1,0.8180031191777476
2,101,RF,7448,0,0,0.14734069378925194
2,101,RF,259,1,1,0.9592008767943844
2,101,RF,8378,0,0,0.24380306020066725
2,101,RF,4569,0,0,0.09775943972172893
2,101,RF,4945,0,0,0.4245074510138668
2,101,RF,4389,0,0,0.242473783617284
2,101,RF,9494,1,1,0.9780430344910911
2,101,RF,5680,0,0,0.456084883965822
2,101,RF,2555,1,0,0.07584311978326436
2,101,RF,7458,1,1,0.9512846647864039
2,101,RF,7796,0,0,0.17050014038386319
2,101,RF,5348,0,0,0.31027242077012557
2,101,RF,4490,0,0,0.06983511196114789
2,101,RF,8287,0,0,0.20669599741313402
2,101,RF,2811,1,0,0.1482660483457192
2,101,RF,6643,1,1,0.940821888794643
2,101,RF,5905,1,1,0.9973935938308877
2,101,RF,9311,1,1,0.9748847160278226
2,101,RF,8214,1,0,0.3714984740610422
2,101,RF,5241,0,0,0.3376149730426179
2,101,RF,9235,1,1,0.9594111097429311
2,101,RF,5882,1,0,0.18022906705803024
2,101,RF,2799,1,0,0.11403041512164636
2,101,RF,2728,1,1,0.9821826151219757
2,101,RF,2967,1,1,0.9168027995759401
2,101,RF,9167,1,1,0.8901162362926351
2,101,RF,4948,0,0,0.0569842055169139
2,101,RF,5579,0,1,0.7752619916791894
2,101,RF,9314,1,1,0.9385991700789679
2,101,RF,1938,1,1,0.9506251471864202
2,101,RF,5797,0,0,0.32620243029651264
2,101,RF,5561,0,1,0.697876681204483
2,101,RF,2028,1,1,0.9811944020627865
2,101,RF,6596,1,1,0.9042819173474822
2,101,RF,8715,1,1,0.7650173743636252
2,101,RF,5347,0,0,0.34181318071542566
2,101,RF,1705,0,0,0.2589361681886507
2,101,RF,9539,1,1,0.948682838716157
2,101,RF,5867,1,1,0.8719646998905408
2,101,RF,5139,1,1,0.9953656850222049
2,101,RF,4495,0,0,0.13481170512999385
2,101,RF,3023,1,1,0.8681260208376119
2,101,RF,5531,0,1,0.5768414285268645
2,101,RF,6827,1,1,0.9907249348058933
2,101,RF,2613,1,1,1.0
2,101,RF,3090,1,1,0.9243130708746695
2,101,RF,7091,1,1,0.8077976754741728
2,101,RF,2436,1,1,0.983895653109003
2,101,RF,4067,1,1,0.9944013059409593
2,101,RF,8336,0,0,0.0506967339917942
2,101,RF,2436,1,1,0.983895653109003
2,101,RF,7441,1,0,0.488448185543594
2,101,RF,6915,1,1,1.0
2,101,RF,1397,1,1,0.957376338414455
2,101,RF,7604,0,1,0.7501752462747625
2,101,RF,1350,1,1,0.9132174739499526
2,101,RF,7129,0,1,0.5099326782446241
2,101,RF,7818,0,1,0.7520272540493076
2,101,RF,4775,0,1,0.5793006703551139
2,101,RF,6070,1,1,0.9806745294794925
2,101,RF,1780,1,1,0.9926945083482976
2,101,RF,2273,1,1,0.96455360583598
2,101,RF,4329,0,0,0.20779677052326398
2,101,RF,5356,0,0,0.2974043466416509
2,101,RF,8434,0,0,0.08217500868530855
2,101,RF,129,0,1,0.6104927275795723
2,101,RF,8122,0,0,0.23439192689474328
2,101,RF,3546,1,1,0.9361733152515335
2,101,RF,8183,1,1,0.8847915611366546
2,101,RF,8513,1,1,0.9652606186769149
2,101,RF,8740,1,1,0.8994137576234061
2,101,RF,610,1,1,0.8515517193648197
2,101,RF,5849,1,1,0.9792741014350207
2,101,RF,508,1,1,0.6234507121670896
2,101,RF,6827,1,1,0.9907249348058933
2,101,RF,9048,1,1,0.622635027493508
2,101,RF,7637,0,0,0.3369994446998619
2,101,RF,8930,1,1,0.7201681783764116
2,101,RF,3033,1,1,0.5279212144024658
2,101,RF,8930,1,1,0.7201681783764116
2,101,RF,9539,1,1,0.948682838716157
2,101,RF,2785,1,0,0.07670033704800362
2,101,RF,8247,1,1,0.9083806702305789
2,101,RF,8644,1,1,1.0
2,101,RF,6826,1,1,0.987293724045206
2,101,RF,5332,0,0,0.13868323852540398
2,101,RF,971,1,1,0.9925359138041422
2,101,RF,846,1,1,0.9197646561817066
2,101,RF,2863,1,1,0.925739992853148
2,101,RF,4016,1,1,0.9357202664441496
2,101,RF,4952,0,0,0.19077762984130675
2,101,RF,1688,1,1,0.9607260533383568
2,101,RF,2520,1,1,0.9478157898321693
2,101,RF,7961,1,1,0.9196368436871376
2,101,RF,3353,1,0,0.013750306010893127
2,101,RF,3672,1,1,0.9791115132260861
2,101,RF,6617,1,1,0.8822615166183171
2,101,RF,5004,0,1,0.5865839409611019
2,101,RF,9148,1,1,0.6078255424793119
2,101,RF,8459,0,0,0.2631858563986052
2,101,RF,2296,1,1,0.6158327829999373
2,101,RF,4717,0,0,0.18597220579789706
2,101,RF,6727,0,0,0.1452334255630714
2,101,RF,8606,1,1,0.7826144289011892
2,101,RF,2512,1,1,0.7543644995543537
2,101,RF,8076,1,1,0.9448381345379875
2,101,RF,163,0,0,0.19017326183233588
2,101,RF,6152,1,0,0.24004670313518023
2,101,RF,4808,1,1,0.9854764812866305
2,101,RF,9085,1,1,0.9699043976422744
2,101,RF,4105,0,0,0.49467706196926126
2,101,RF,2316,1,1,0.8594823337361788
2,101,RF,8933,1,1,0.8451968284388636
2,101,RF,506,1,1,0.8885840203805898
2,101,RF,4517,1,1,0.9609053260942337
2,101,RF,5790,0,0,0.4638053676589417
2,101,RF,5410,0,0,0.2657641995333016
2,101,RF,8365,0,0,0.027886545882289622
2,101,RF,4658,1,1,0.9791879309807311
2,101,RF,4319,1,1,0.8762166399204703
2,101,RF,6190,1,1,0.8499834780519342
2,101,RF,3774,0,1,0.7095680712980474
2,101,RF,5491,0,0,0.3498046358590014
2,101,RF,4801,1,1,0.995629450359303
2,101,RF,6092,1,1,0.9849715096535345
2,101,RF,8339,0,0,0.2784816310387111
2,101,RF,1893,0,0,0.10411036018183233
2,101,RF,4686,1,1,0.9849715096535345
2,101,RF,8811,1,1,0.9699380630808312
2,101,RF,5848,1,1,0.965501841149072
2,101,RF,6929,1,1,0.9915523545217836
2,101,RF,4943,0,1,0.6513780666889147
2,101,RF,4770,0,0,0.08233812450492829
2,101,RF,3374,1,1,0.9415181625922152
2,101,RF,8907,1,1,0.8002109569965402
2,101,RF,147,0,0,0.33084865368631894
2,101,RF,9146,1,1,0.8414671557622018
2,101,RF,8804,1,1,0.7970745934570913
2,101,RF,564,1,1,0.7502917297351307
2,101,RF,754,1,1,0.8397837932991056
2,101,RF,2985,1,1,0.994525678173448
2,101,RF,4012,1,1,0.832734795334304
2,101,RF,5190,0,0,0.3846543386878236
2,101,RF,1174,1,1,0.6730531004946474
2,101,RF,8706,1,1,0.7965686242000722
2,101,RF,9159,1,1,0.8141898540362286
2,101,RF,6802,0,0,0.3506079323123156
2,101,RF,4267,1,1,0.9632569381993192
2,101,RF,3500,1,0,0.02904978057333886
2,101,RF,1104,1,1,0.9948100875170448
2,101,RF,1403,1,1,0.711243673734651
2,101,RF,5953,1,1,0.965265045464309
2,101,RF,3861,1,1,0.5684740370698249
2,101,RF,9048,1,1,0.622635027493508
2,101,RF,3282,1,1,0.9566612421238508
2,101,RF,7120,0,0,0.43604206733790385
2,101,RF,6450,1,1,0.9589151151025135
2,101,RF,2693,1,1,0.9648592006358808
2,101,RF,8606,1,1,0.7826144289011892
2,101,RF,3943,1,1,0.6613260505914382
2,101,RF,7615,0,1,0.5539036686678879
2,101,RF,2858,1,0,0.20669599741313402
2,101,RF,259,1,1,0.9592008767943844
2,101,RF,1352,1,1,0.7482015315810545
2,101,RF,2069,0,0,0.12181251429663648
2,101,RF,7750,0,0,0.4365461576903023
2,101,RF,3968,1,1,0.7168121148200826
2,101,RF,6121,1,0,0.4306288314548532
2,101,RF,4168,0,0,0.04674603383937076
2,101,RF,3089,1,1,0.9245739348779023
2,101,RF,344,1,1,0.882293883682521
2,101,RF,3763,1,1,0.5816934281639099
2,101,RF,2373,1,1,0.9004637916705495
2,101,RF,4833,1,1,0.9967365270335315
2,101,RF,4541,1,1,0.8865621181502865
2,101,RF,4670,1,1,0.9985375178437518
2,101,RF,3485,1,1,0.9913900317208909
2,101,RF,3313,1,1,0.908599989945497
2,101,RF,6275,1,0,0.07031928889137394
2,101,RF,672,1,1,0.9258047514755655
2,101,RF,1120,1,1,1.0
2,101,RF,7615,0,1,0.5539036686678879
2,101,RF,7217,0,0,0.10411036018183233
2,101,RF,6534,1,1,0.8546935698238594
2,101,RF,8351,0,0,0.06855620360340207
2,101,RF,6983,1,1,0.8255896354104786
2,101,RF,1587,0,0,0.1689444696222414
2,101,RF,4241,0,0,0.20669599741313402
2,101,RF,5571,0,0,0.41686847620094136
2,101,RF,4895,0,1,0.6015831205723725
2,101,RF,3230,1,1,0.5193795385304789
2,101,RF,6109,1,1,0.99143813995427
2,101,RF,5671,0,1,0.6358301791709684
2,101,RF,5980,1,1,0.9987513432460929
2,101,RF,9086,1,1,0.8454546739127063
2,101,RF,5203,0,0,0.24973670035686066
2,101,RF,8509,1,1,0.7771448406874759
2,101,RF,3612,0,0,0.01220039599494118
2,101,RF,3026,1,1,0.9542041363369936
2,101,RF,4138,0,0,0.34541565089368936
2,101,RF,8891,1,1,0.9077499020210722
2,101,RF,2608,1,1,0.9970755470765394
2,101,RF,508,1,1,0.6234507121670896
2,101,RF,8112,1,1,0.9704113278735278
2,101,RF,592,1,1,0.9411674577205832
2,101,RF,2493,0,0,0.45404124006566676
2,101,RF,5894,1,1,0.9967208039202038
2,101,RF,4926,0,0,0.06730072901883233
2,101,RF,507,1,1,0.8061770851175888
2,101,RF,2493,0,0,0.45404124006566676
2,101,RF,5555,0,1,0.8897930650691777
2,101,RF,6829,1,1,0.9334034438713824
2,101,RF,7045,0,0,0.02181082223760494
2,101,RF,9301,1,1,0.9381556811652045
2,101,RF,9541,1,1,0.9218043946241485
2,101,RF,8257,1,1,0.9712295456605269
2,101,RF,7162,1,0,0.1885680027071344
2,101,RF,5710,0,0,0.3708113984585658
2,101,RF,5841,1,1,0.8493497468158404
2,101,RF,877,1,1,0.9781849292879014
2,101,RF,5561,0,1,0.697876681204483
2,101,RF,4067,1,1,0.9944013059409593
2,101,RF,9504,1,1,0.7917389565005171
2,101,RF,8336,0,0,0.0506967339917942
2,101,RF,1981,1,1,0.8104763992680212
2,101,RF,8803,1,1,0.5094252737445641
2,101,RF,7853,1,1,0.9325871252645714
2,101,RF,3538,1,1,0.9237445246878463
2,101,RF,6196,1,1,0.8131442333779164
2,101,RF,4541,1,1,0.8865621181502865
2,101,RF,727,1,1,0.830621354304393
2,101,RF,1089,1,1,0.881719546703248
2,101,RF,5332,0,0,0.13868323852540398
2,101,RF,2004,1,1,0.9929565113553379
2,101,RF,3201,0,0,0.002205856616593681
2,101,RF,9437,1,1,0.9526238628595888
2,101,RF,4317,1,1,0.9747339574158
2,101,RF,1600,0,0,0.301832816368656
2,101,RF,3663,1,1,0.9467087247592034
2,101,RF,7234,0,0,0.32131110210687003
2,101,RF,6070,1,1,0.9806745294794925
2,101,RF,1954,1,1,0.8642319460215968
2,101,RF,2045,1,1,0.9802926412984247
2,101,RF,5976,0,0,0.2558944273893369
2,101,RF,4880,1,1,0.9722649127503157
2,101,RF,3033,1,1,0.5279212144024658
2,101,RF,8257,1,1,0.9712295456605269
2,101,RF,799,1,1,0.7859124610433169
2,101,RF,2188,1,1,0.7172053845179653
2,101,RF,4226,1,1,0.9988028751645358
2,101,RF,5600,0,1,0.855862068758425
2,101,RF,4274,1,1,0.9995288508302648
2,101,RF,5336,0,0,0.1521670410111785
2,101,RF,344,1,1,0.882293883682521
2,101,RF,1416,1,1,0.9915523545217836
2,101,RF,1656,1,1,0.9752243439876566
2,101,RF,7635,0,1,0.6072707184103492
2,101,RF,5581,1,0,0.36597431791430085
2,101,RF,4577,1,1,0.9996704988214922
2,101,RF,3851,0,0,0.300120514696134
2,101,RF,8718,1,1,0.9171392293933219
2,101,RF,7635,0,1,0.6072707184103492
2,101,RF,1029,0,0,0.17117796857814482
2,101,RF,1367,1,1,0.9994385986630354
2,101,RF,3228,0,0,0.29423010477152733
2,101,RF,8377,0,0,0.15404780483140032
2,101,RF,3941,1,1,0.5684505418918261
2,101,RF,2368,1,1,0.9579518837600469
2,101,RF,413,1,1,0.6595134338056801
2,101,RF,950,1,1,0.9964969865269359
2,101,RF,5786,0,1,0.5790630791328945
2,101,RF,7664,0,0,0.2591662794134078
2,101,RF,1190,1,1,0.9005246900198404
2,101,RF,9059,1,1,0.7201305547298678
2,101,RF,1664,1,1,0.9719344782615008
2,101,RF,8036,0,0,0.2161774365874426
2,101,RF,3721,0,1,0.7932622165731573
2,101,RF,2368,1,1,0.9579518837600469
2,101,RF,950,1,1,0.9964969865269359
2,101,RF,2228,1,1,0.7701045145392912
2,101,RF,4754,0,0,0.3323322012928536
2,101,RF,2979,1,1,0.9858442506764244
2,101,RF,5568,0,0,0.1910945822119135
2,101,RF,7327,1,1,0.9777070159992743
2,101,RF,5205,0,0,0.4985884608455621
2,101,RF,9038,1,1,0.8456239490618179
2,101,RF,174,1,1,0.9362477346274026
2,101,RF,532,1,1,0.5573515824853378
2,101,RF,3026,1,1,0.9542041363369936
2,101,RF,673,1,1,0.6032906017677463
2,101,RF,3262,1,1,0.9234115379133256
2,101,RF,2295,0,0,0.31991580923508
2,101,RF,4541,1,1,0.8865621181502865
2,101,RF,4383,1,1,0.9980453450504707
2,101,RF,1621,1,1,0.8183099024588932
2,101,RF,1840,1,1,0.9380033897904099
2,101,RF,7699,1,1,0.9477290939705072
2,101,RF,4367,0,0,0.4636530778121097
2,101,RF,8936,1,1,0.9890736621003593
2,101,RF,1590,1,1,0.8545285868786918
2,101,RF,8023,1,1,0.8194930771141385
2,101,RF,6650,1,1,0.9825675967475469
2,101,RF,7887,0,0,0.43716816670036635
2,101,RF,8777,1,1,0.8462185741489857
2,101,RF,1772,1,1,0.9234524583399076
2,101,RF,4287,1,1,0.9734887967440539
2,101,RF,2515,1,1,0.9263606848397093
2,101,RF,2480,1,1,0.8881526224296536
2,101,RF,6302,0,0,0.4185491017025044
2,101,RF,6534,1,1,0.8546935698238594
2,101,RF,4801,1,1,0.995629450359303
2,101,RF,5389,1,1,0.73278398231265
2,101,RF,7962,1,1,0.9978266288936348
2,101,RF,813,1,1,0.9092388983427544
2,101,RF,2475,1,1,0.7200623688075865
2,101,RF,4782,1,1,1.0
2,101,RF,3372,1,1,0.9415754298496349
2,101,RF,1870,1,1,0.9127487398351949
2,101,RF,4715,1,1,0.9014202124611179
2,101,RF,8698,1,1,0.9896587877276976
2,101,RF,2267,1,1,0.7065219658561362
2,101,RF,9177,1,1,0.6500263167200943
2,101,RF,3319,1,1,0.7036300264341904
2,101,RF,2741,1,0,0.27808019197249806
2,101,RF,4645,0,0,0.14372059356213046
2,101,RF,7059,1,1,0.8499834780519342
2,101,RF,9131,1,1,0.8385260765830533
2,101,RF,9534,1,1,0.9288701998064639
2,101,RF,4031,1,1,0.9409226122460926
2,101,RF,4665,1,1,0.8747269999929
2,101,RF,3353,1,0,0.013750306010893127
2,101,RF,9154,1,1,0.916412615208651
2,101,RF,6088,1,1,0.9761728492742691
2,101,RF,4266,1,1,0.9683373818872038
2,101,RF,9491,1,1,0.9566678377989595
2,101,RF,3801,0,0,0.3234881352338214
2,101,RF,5027,0,0,0.47941701730417835
2,101,RF,834,1,1,0.9537454121291564
2,101,RF,4101,0,0,0.15846476635320358
2,101,RF,7073,1,0,0.24365353447841734
2,101,RF,8108,1,1,0.9794072425154795
2,101,RF,4072,0,0,0.04501374727602691
2,101,RF,2792,1,1,0.9713565915867448
2,101,RF,5159,1,1,0.8971186322636452
2,101,RF,3219,1,0,0.004976674710269544
2,101,RF,8811,1,1,0.9699380630808312
2,101,RF,5547,0,1,0.7945244135279143
2,101,RF,2230,1,1,0.8503462624171747
2,101,RF,505,1,1,0.8307156175542717
2,101,RF,3625,1,1,0.9612879085561761
2,101,RF,211,1,1,0.8109549160962496
2,101,RF,7615,0,1,0.5539036686678879
2,101,RF,1511,1,1,0.971754972476409
2,101,RF,2654,1,0,0.3363716383262313
2,101,RF,1425,1,1,0.9040275374547274
2,101,RF,2622,0,0,0.013772785580361569
2,101,RF,2030,0,0,0.1286293169830026
2,101,RF,2027,1,1,0.9832113740948885
2,101,RF,556,1,1,0.7705004115561713
2,101,RF,5962,1,1,0.9610873097734034
2,101,RF,3855,1,1,0.8183856043913407
2,101,RF,6745,1,1,0.996439894028431
2,101,RF,7524,1,1,0.9323494871836644
2,101,RF,9316,1,1,0.9954751217162696
2,101,RF,6573,0,0,0.10071392117306566
2,101,RF,3569,1,0,0.40054938693273373
2,101,RF,8108,1,1,0.9794072425154795
2,101,RF,2377,1,1,0.8160116013854156
2,101,RF,7129,0,1,0.5099326782446241
2,101,RF,6454,1,1,0.7861835631284214
2,101,RF,2295,0,0,0.31991580923508
2,101,RF,5495,1,1,0.5223004891698654
2,101,RF,7217,0,0,0.10411036018183233
2,101,RF,4331,0,0,0.2356167882536768
2,101,RF,3942,1,1,0.5684505418918261
2,101,RF,814,1,1,0.8743245016059649
2,101,RF,4345,1,1,0.761032932973202
2,101,RF,2320,1,1,0.9178149995288023
2,101,RF,8816,1,1,0.9253363308261653
2,101,RF,8589,1,1,0.8805882710996206
2,101,RF,5516,1,1,0.6165519652112527
2,101,RF,9244,1,1,0.9967403347619183
2,101,RF,9550,1,1,0.9745691791714457
2,101,RF,7115,0,0,0.22793716340347245
2,101,RF,1915,0,0,0.12628404262127588
2,101,RF,4491,1,1,0.9361733152515335
2,101,RF,5404,0,1,0.5686786175282912
2,101,RF,5352,0,1,0.7058033663166777
2,101,RF,6543,1,1,0.9446037504284598
2,101,RF,7026,0,0,0.31401004285385814
2,101,RF,2189,1,1,0.9282152825661872
2,101,RF,9090,1,1,0.9075335791151389
2,101,RF,3691,1,1,0.9814577516434604
2,101,RF,1516,1,1,0.9424592432610177
2,101,RF,672,1,1,0.9258047514755655
2,101,RF,2508,1,1,0.9040085392480218
2,101,RF,1104,1,1,0.9948100875170448
2,101,RF,668,1,1,0.7640042927824697
2,101,RF,823,1,1,0.9092388983427544
2,101,RF,7604,0,1,0.7501752462747625
2,101,RF,7410,1,1,0.713023941731031
2,101,RF,9460,1,1,0.9102102956336118
2,101,RF,2239,1,1,0.8764344267071723
2,101,RF,8791,1,1,0.8254154683731972
2,101,RF,9000,1,1,0.8876449324691447
2,101,RF,5531,0,1,0.5768414285268645
2,101,RF,8777,1,1,0.8462185741489857
2,101,RF,7911,0,0,0.34313107229711
2,101,RF,291,1,1,0.587648885996463
2,101,RF,9288,1,1,0.9662381746177623
2,101,RF,5780,0,0,0.22579502363111903
2,101,RF,359,1,1,0.7797122646454706
2,101,RF,1242,1,1,0.8743942154335079
2,101,RF,1712,1,1,0.9891503730233889
2,101,RF,9539,1,1,0.948682838716157
2,101,RF,9524,1,1,0.9701791777614079
2,101,RF,9038,1,1,0.8456239490618179
2,101,RF,6923,1,1,0.9997537255398415
2,101,RF,4278,1,1,0.9874361582410225
2,101,RF,8804,1,1,0.7970745934570913
2,101,RF,3374,1,1,0.9415181625922152
2,101,RF,2374,1,1,0.9463390210611784
2,101,RF,823,1,1,0.9092388983427544
2,101,RF,7337,1,1,0.9046833587101937
2,101,RF,4840,1,1,0.8607334903746388
2,101,RF,9334,1,1,0.987257147796506
2,101,RF,645,1,1,0.5881222291003861
2,101,RF,7649,0,1,0.8970223461462163
2,101,RF,4387,0,0,0.04434049882530109
2,101,RF,2478,0,0,0.372455830035916
2,101,RF,8025,1,1,0.9359751657449131
2,101,RF,5140,1,1,0.9197011502204248
2,101,RF,8251,1,1,0.7958201541724916
2,101,RF,507,1,1,0.8061770851175888
2,101,RF,3376,0,0,0.14364179713046543
2,101,RF,5367,0,1,0.7217492913955212
2,101,RF,5751,0,1,0.6851717770901512
2,101,RF,2377,1,1,0.8160116013854156
2,101,RF,5469,0,0,0.3272450247112114
2,101,RF,5535,0,0,0.2875869501090307
2,101,RF,5794,0,0,0.4407977935105952
2,101,RF,6894,1,1,0.8729853235319408
2,101,RF,371,1,1,0.6248055530380602
2,101,RF,5140,1,1,0.9197011502204248
2,101,RF,4925,0,0,0.4831828143304166
2,101,RF,1590,1,1,0.8545285868786918
2,101,RF,4338,0,0,0.03897014442343377
2,101,RF,7403,1,1,0.9696050357739039
2,101,RF,5375,0,0,0.002205856616593681
2,101,RF,1873,1,1,0.5193795385304789
2,101,RF,7148,1,1,0.9971989826741781
2,101,RF,8118,1,1,0.7520442831172338
2,101,RF,8585,1,1,0.9436456080302104
2,101,RF,5146,1,1,0.905414664506407
2,101,RF,49,0,0,0.4270504319741123
2,101,RF,3383,1,1,0.9789219375296289
2,101,RF,3296,1,1,0.9170698152855462
2,101,RF,8051,1,1,0.9913612400210667
2,101,RF,3313,1,1,0.908599989945497
2,101,RF,7697,1,1,0.8714636905818981
2,101,RF,4174,1,1,0.9550264644853023
2,101,RF,7371,0,0,0.35900742337638236
2,101,RF,7685,1,1,0.9015187658455386
2,101,RF,2609,1,1,0.9946492652725502
2,101,RF,8672,1,1,0.9285572116985271
2,101,RF,749,1,1,0.9044100203935921
2,101,RF,5556,0,1,0.8292766289314872
2,101,RF,9130,1,1,0.9326472541315932
2,101,RF,8715,1,1,0.7650173743636252
2,101,RF,2898,1,1,0.8865128609919515
2,101,RF,2385,1,1,0.8058901917816688
2,101,RF,6437,1,0,0.054580696043116286
2,101,RF,1364,1,1,1.0
2,101,RF,5088,1,1,0.638720442649336
2,101,RF,5109,0,0,0.08039075544822243
2,101,RF,9508,1,1,1.0
2,101,RF,5710,0,0,0.3708113984585658
2,101,RF,881,1,1,0.6573738487333148
2,101,RF,2287,1,1,0.9322886122747676
2,101,RF,990,0,1,0.9747879371004005
2,101,RF,3063,1,0,0.04709427299413083
2,101,RF,2860,1,0,0.18992168231893522
2,101,RF,4691,0,0,0.22437898251946564
2,101,RF,5288,0,0,0.3110011832595637
2,101,RF,4626,1,1,0.894647410957004
2,101,RF,4185,1,1,1.0
2,101,RF,3201,0,0,0.002205856616593681
2,101,RF,5894,1,1,0.9967208039202038
2,101,RF,9548,1,1,0.9479656538308574
2,101,RF,7533,1,1,0.7133991501837792
2,101,RF,2022,0,0,0.0830964934942415
2,101,RF,8251,1,1,0.7958201541724916
2,101,RF,3917,0,1,0.7603588126446135
2,101,RF,1301,0,0,0.34541565089368936
2,101,RF,6786,1,1,0.8925032803324164
2,101,RF,1453,1,1,0.8865128609919515
2,101,RF,3569,1,0,0.40054938693273373
2,101,RF,8358,0,0,0.0462006027427679
2,101,RF,1134,1,1,0.9821771722894452
2,101,RF,1943,0,0,0.29842131353235957
2,101,RF,2766,1,0,0.07295220784703693
2,101,RF,6056,1,1,0.9784614219722529
2,101,RF,4991,1,0,0.2907223035690379
2,101,RF,447,1,1,0.8811340508841247
2,101,RF,8021,1,1,0.9436797730430577
2,101,RF,5146,1,1,0.905414664506407
2,101,RF,7947,1,0,0.42230148840145615
2,101,RF,2836,1,1,1.0
2,101,RF,3753,1,1,0.8017863224673027
2,101,RF,5343,0,1,0.6715816770576579
2,101,RF,5071,0,0,0.4131045124241327
2,101,RF,2781,1,1,0.9589151151025135
2,101,RF,1788,1,1,1.0
2,101,RF,5455,0,0,0.09178869061298296
2,101,RF,5552,0,1,0.5136739405129199
2,101,RF,9167,1,1,0.8901162362926351
2,101,RF,279,1,1,0.8269757063004683
2,101,RF,8855,1,1,0.9927959003802509
2,101,RF,6575,0,0,0.01590556291129811
2,101,RF,7670,1,0,0.4350587637826658
2,101,RF,3397,1,1,0.9203505084507162
2,101,RF,3104,1,1,0.9912491010034641
2,101,RF,8654,1,1,0.8150827840996514
2,101,RF,7218,0,0,0.009580265148199213
2,101,RF,7981,0,1,0.505458049654645
2,101,RF,7194,1,0,0.147363985445469
2,101,RF,5385,0,1,0.5264915770989197
2,101,RF,9422,1,1,0.9740382883089229
2,101,RF,2695,1,1,0.9604228878574914
2,101,RF,8715,1,1,0.7650173743636252
2,101,RF,7649,0,1,0.8970223461462163
2,101,RF,7490,1,0,0.1844732976134821
2,101,RF,8180,1,1,0.8790433838842717
2,101,RF,1516,1,1,0.9424592432610177
2,101,RF,4383,1,1,0.9980453450504707
2,101,RF,2982,1,1,0.9570071018404515
2,101,RF,4775,0,1,0.5793006703551139
2,101,RF,5501,0,0,0.2083247826548181
2,101,RF,1420,1,1,0.9990605840607836
2,101,RF,5806,1,1,0.9472794872283987
2,101,RF,8429,0,0,0.31090590745226077
2,101,RF,8735,1,1,0.9700167872425483
2,101,RF,8672,1,1,0.9285572116985271
2,101,RF,4929,1,1,0.9683219630030321
2,101,RF,1181,1,1,0.9907249348058933
2,101,RF,2355,1,1,0.8192267094718325
2,101,RF,4885,1,1,0.9910503298119019
2,101,RF,4750,0,1,0.6615837552808951
2,101,RF,8249,1,1,0.9812733848822869
2,101,RF,133,1,1,0.7419327481265114
2,101,RF,9094,1,1,0.9746972836594019
2,101,RF,7059,1,1,0.8499834780519342
2,101,RF,19,0,0,0.14846823768887332
2,101,RF,6377,1,1,0.8642319460215968
2,101,RF,5685,0,0,0.4334989554450178
2,101,RF,4517,1,1,0.9609053260942337
2,101,RF,4961,0,1,0.6948470983395842
2,101,RF,5583,0,0,0.3156661875675335
2,101,RF,834,1,1,0.9537454121291564
2,101,RF,2792,1,1,0.9713565915867448
2,101,RF,5205,0,0,0.4985884608455621
2,101,RF,4801,1,1,0.995629450359303
2,101,RF,5445,0,0,0.4042190489816702
2,101,RF,8351,0,0,0.06855620360340207
2,101,RF,2377,1,1,0.8160116013854156
2,101,RF,2355,1,1,0.8192267094718325
2,101,RF,1919,1,1,0.9989639502023983
2,101,RF,2320,1,1,0.9178149995288023
2,101,RF,4424,1,0,0.41172759699520683
2,101,RF,9109,1,1,0.9206509127260298
2,101,RF,3378,1,1,0.9259011604881993
2,101,RF,5630,0,1,0.6027304826834786
2,101,RF,4843,1,1,0.8884528184489174
2,101,RF,2295,0,0,0.31991580923508
2,101,RF,7609,0,1,0.7376116380702323
2,101,RF,3319,1,1,0.7036300264341904
2,101,RF,9197,1,1,0.9667276915141201
2,101,RF,7322,0,0,0.0029425757114759817
2,101,RF,8860,1,1,0.9386937827843234
2,101,RF,7656,1,1,0.7929230137495071
2,101,RF,159,1,0,0.2198567748112005
2,101,RF,4869,1,1,0.9399628596328798
2,101,RF,111,0,0,0.20261215330308585
2,101,RF,3721,0,1,0.7932622165731573
2,101,RF,5451,0,1,0.6065323579100689
2,101,RF,4295,1,0,0.4867179467269971
2,101,RF,190,1,1,0.6256254831608185
2,101,RF,8047,0,0,0.16323442616856987
2,101,RF,797,1,1,0.9607099625323707
2,101,RF,8294,0,0,0.2081512977267439
2,101,RF,6328,1,1,0.9444039836647279
2,101,RF,6743,1,1,0.9973786956908381
2,101,RF,7148,1,1,0.9971989826741781
2,101,RF,7791,0,1,0.5065597875516115
2,101,RF,6060,1,1,0.9990605840607836
2,101,RF,731,1,1,0.9275508088692521
2,101,RF,5667,0,0,0.32331457792335266
2,101,RF,5150,1,1,0.8204127149452141
2,101,RF,1368,1,1,0.9995185549620467
2,101,RF,2897,1,1,0.9169548125664767
2,101,RF,6452,1,1,0.8901148335478613
2,101,RF,7802,0,0,0.37104407316200994
2,101,RF,8136,1,1,0.621923848073858
2,101,RF,1168,1,1,0.9929306773564663
2,101,RF,9203,1,1,0.9237334064238576
2,101,RF,5014,0,1,0.6009881079608115
2,101,RF,4929,1,1,0.9683219630030321
2,101,RF,7913,0,0,0.2462907124456175
2,101,RF,9545,1,1,0.8211236196986864
2,101,RF,1110,1,1,0.9985850923263017
2,101,RF,3074,1,0,0.08477908365428015
2,101,RF,2735,1,1,0.9986675933689555
2,101,RF,8474,0,0,0.222739772800698
2,101,RF,2215,1,1,0.7883656966038923
2,101,RF,5011,0,0,0.4932388764305619
2,101,RF,4316,1,1,0.9844676192455473
2,101,RF,4072,0,0,0.04501374727602691
2,101,RF,4813,0,0,0.054580696043116286
2,101,RF,8536,1,1,0.6453490580894823
2,101,RF,6259,1,1,0.9944593925513058
2,101,RF,1513,1,1,0.99143813995427
2,101,RF,6192,0,0,0.20115849096480232
2,101,RF,314,1,1,0.7982385220060337
2,101,RF,1402,1,1,0.9903437935567354
2,101,RF,675,1,1,0.9425445195852223
2,101,RF,1821,1,1,0.9989973181013112
2,101,RF,1034,1,1,0.9522843463162267
2,101,RF,1172,0,1,0.7247686602628671
2,101,RF,5848,1,1,0.965501841149072
2,101,RF,1308,1,1,0.8901148335478613
2,101,RF,6727,0,0,0.1452334255630714
2,101,RF,8311,0,0,0.05347107017638325
2,101,RF,9288,1,1,0.9662381746177623
2,101,RF,1512,1,1,0.9966213813440755
2,101,RF,2044,1,1,0.9534908268656745
2,101,RF,3493,1,1,0.9942028270364611
2,101,RF,8440,0,0,0.376917680543616
2,101,RF,7117,1,0,0.17219609280474293
2,101,RF,5519,0,1,0.5554295075167576
2,101,RF,2349,1,1,0.9296660945372878
2,101,RF,6062,1,1,0.9792185072276862
2,101,RF,728,1,0,0.4842558565525158
2,101,RF,1364,1,1,1.0
2,101,RF,7420,1,1,0.8042747255911398
2,101,RF,379,1,1,0.7680928324840899
2,101,RF,2030,0,0,0.1286293169830026
2,101,RF,6197,1,1,0.9822937807706807
2,101,RF,5780,0,0,0.22579502363111903
2,101,RF,1330,1,1,0.952320358639153
2,101,RF,1656,1,1,0.9752243439876566
2,101,RF,5653,0,0,0.40658544901510496
2,101,RF,8170,1,1,0.915536549004997
2,101,RF,1612,1,1,0.9476049877712075
2,101,RF,9536,1,1,0.8364861696464249
2,101,RF,6218,0,1,0.5329028392064171
2,101,RF,7264,1,0,0.4628483991096441
2,101,RF,7802,0,0,0.37104407316200994
2,101,RF,5027,0,0,0.47941701730417835
2,101,RF,8164,0,0,0.22165321220018996
2,101,RF,7554,1,1,0.9368795802612752
2,101,RF,3023,1,1,0.8681260208376119
2,101,RF,3290,1,0,0.1146054491928312
2,101,RF,3569,1,0,0.40054938693273373
2,101,RF,8571,1,1,0.6743351409904593
2,101,RF,1511,1,1,0.971754972476409
2,101,RF,8543,1,1,0.9025107740565111
2,101,RF,5463,0,0,0.4949346182647241
2,101,RF,9061,1,1,0.5585056237508981
2,101,RF,1416,1,1,0.9915523545217836
2,101,RF,2447,1,1,0.9727109348254401
2,101,RF,7818,0,1,0.7520272540493076
2,101,RF,1098,0,0,0.16587613024195508
2,101,RF,3801,0,0,0.3234881352338214
2,101,RF,4029,0,0,0.2109507572405651
2,101,RF,508,1,1,0.6234507121670896
2,101,RF,4769,0,0,0.12628404262127588
2,101,RF,5668,0,1,0.7093266935713164
2,101,RF,7322,0,0,0.0029425757114759817
2,101,RF,4948,0,0,0.0569842055169139
2,101,RF,635,1,1,0.9855533221258261
2,101,RF,490,1,1,0.8773840335038918
2,101,RF,6010,0,0,0.13495478777183484
2,101,RF,7441,1,0,0.488448185543594
2,101,RF,8946,1,1,0.9515168014181665
2,101,RF,6131,1,1,0.994525678173448
2,101,RF,2199,1,1,0.5383028962896655
2,101,RF,2478,0,0,0.372455830035916
2,101,RF,4278,1,1,0.9874361582410225
2,101,RF,8912,1,1,0.8666538288682623
2,101,RF,3203,1,0,0.004976674710269544
2,101,RF,9473,1,1,0.9759192265090353
2,101,RF,6267,1,1,0.761032932973202
2,101,RF,3292,1,1,0.9832683484951309
2,101,RF,9378,1,1,1.0
2,101,RF,641,1,1,0.908610979652814
2,101,RF,9302,1,1,0.9780131340552998
2,101,RF,9090,1,1,0.9075335791151389
2,101,RF,2473,1,1,0.7636937369863381
2,101,RF,2098,1,1,0.9098869398834384
2,101,RF,1600,0,0,0.301832816368656
2,101,RF,8951,1,1,0.8616996218656695
2,101,RF,4240,1,1,0.9997625463862874
2,101,RF,2004,1,1,0.9929565113553379
2,101,RF,4548,0,1,0.8854007831837204
2,101,RF,1393,0,0,0.15177311438038685
2,101,RF,8763,1,1,0.8188891750277735
2,101,RF,1365,0,0,0.34432493688213645
2,101,RF,336,1,1,0.9553262978971522
2,101,RF,5848,1,1,0.965501841149072
2,101,RF,7959,1,1,0.9946776710210549
2,101,RF,6894,1,1,0.8729853235319408
2,101,RF,8420,0,0,0.22365948386547893
2,101,RF,4991,1,0,0.2907223035690379
2,101,RF,2199,1,1,0.5383028962896655
2,101,RF,9545,1,1,0.8211236196986864
2,101,RF,1915,0,0,0.12628404262127588
2,101,RF,7608,0,1,0.834898300250805
2,101,RF,9090,1,1,0.9075335791151389
2,101,RF,7685,1,1,0.9015187658455386
2,101,RF,1089,1,1,0.881719546703248
2,101,RF,1845,0,1,0.5518356208701984
2,101,RF,9109,1,1,0.9206509127260298
2,101,RF,713,1,1,0.9270512970656007
2,101,RF,5288,0,0,0.3110011832595637
2,101,RF,5140,1,1,0.9197011502204248
2,101,RF,7221,0,0,0.1363805274569215
2,101,RF,9300,1,1,0.9828357669307911
2,101,RF,8607,1,1,0.7256300109621088
2,101,RF,209,0,0,0.4338823250265316
2,101,RF,2504,1,0,0.22033791989908347
2,101,RF,7053,1,1,0.8794940974713874
2,101,RF,6305,1,0,0.13935528068982525
2,101,RF,8114,1,1,0.9101206348930517
2,101,RF,3074,1,0,0.08477908365428015
2,101,RF,5391,0,0,0.32777141322931574
2,101,RF,4067,1,1,0.9944013059409593
2,101,RF,5348,0,0,0.31027242077012557
2,101,RF,4648,1,1,0.9936284962255474
2,101,RF,3182,1,1,0.9528548578339453
2,101,RF,2754,1,0,0.15835619391244063
2,101,RF,2295,0,0,0.31991580923508
2,101,RF,4761,0,0,0.22545996542613367
2,101,RF,532,1,1,0.5573515824853378
2,101,RF,5668,0,1,0.7093266935713164
2,101,RF,2067,0,0,0.10862203317661556
2,101,RF,1983,1,1,0.9553395150180105
2,101,RF,1716,1,1,0.984222858328568
2,101,RF,513,1,1,0.9750870286881443
2,101,RF,766,1,1,0.9804076119951786
2,101,RF,4388,0,0,0.12996785656616888
2,101,RF,8114,1,1,0.9101206348930517
2,101,RF,4255,0,0,0.12344707528581356
2,101,RF,4280,1,1,0.8865128609919515
2,101,RF,96,0,0,0.19505833293056946
2,101,RF,5535,0,0,0.2875869501090307
2,101,RF,7060,1,1,0.9758584364629457
2,101,RF,6705,0,0,0.3425453734605642
2,101,RF,4322,0,0,0.49748605922199884
2,101,RF,4785,1,1,0.9761870627807838
2,101,RF,9543,1,1,0.9926451165758491
2,101,RF,6702,1,1,0.9942239770107526
2,101,RF,4867,0,0,0.010936502152420537
2,101,RF,4636,1,1,0.9982974373742048
2,101,RF,3406,1,0,0.12230068281405652
2,101,RF,2284,1,1,0.9462338656226545
2,101,RF,480,1,1,0.8046775007270086
2,101,RF,8457,0,0,0.19024626367422787
2,101,RF,4539,1,1,0.9923769745941271
2,101,RF,9042,1,1,0.6641092886055461
2,101,RF,3125,1,1,0.9575035243326991
2,101,RF,7781,0,0,0.10089297641871289
2,101,RF,8180,1,1,0.8790433838842717
2,101,RF,8600,1,1,0.9372972266229541
2,101,RF,7994,0,0,0.38126185531906276
2,101,RF,6704,1,1,0.9878018095354807
2,101,RF,6703,1,1,0.9650622667271986
2,101,RF,7217,0,0,0.10411036018183233
2,101,RF,2759,1,0,0.09634938245548925
2,101,RF,109,1,1,0.9137856768938474
2,101,RF,8699,1,1,0.9124569968243054
2,101,RF,8430,0,0,0.16488710487109323
2,101,RF,1804,1,1,0.8895671654975401
2,101,RF,9154,1,1,0.916412615208651
2,101,RF,8738,1,1,0.8893674484241092
2,101,RF,4389,0,0,0.242473783617284
2,101,RF,8860,1,1,0.9386937827843234
2,101,RF,1425,1,1,0.9040275374547274
2,101,RF,4833,1,1,0.9967365270335315
2,101,RF,4548,0,1,0.8854007831837204
2,101,RF,7615,0,1,0.5539036686678879
2,101,RF,5155,1,1,0.8701195055321578
2,101,RF,4012,1,1,0.832734795334304
2,101,RF,4372,1,1,0.9311511641508702
2,101,RF,7542,1,1,0.6548599631110388
2,101,RF,149,1,1,0.5940638476003067
2,101,RF,7441,1,0,0.488448185543594
2,101,RF,8926,1,1,0.9385930148942964
2,101,RF,3447,1,1,0.8335600557031551
2,101,RF,5356,0,0,0.2974043466416509
2,101,RF,8841,1,1,0.9240845359812306
2,101,RF,306,1,1,0.5725161849555386
2,101,RF,7073,1,0,0.24365353447841734
2,101,RF,2027,1,1,0.9832113740948885
2,101,RF,8136,1,1,0.621923848073858
2,101,RF,7205,1,0,0.49999975016139714
2,101,RF,8698,1,1,0.9896587877276976
2,101,RF,7184,1,1,0.9322514798082854
2,101,RF,4524,0,0,0.03408253878253766
2,101,RF,1271,1,1,0.9830437490375711
2,101,RF,5685,0,0,0.4334989554450178
2,101,RF,4648,1,1,0.9936284962255474
2,101,RF,2424,1,1,0.9607898021116528
2,101,RF,9528,1,1,0.7107848173662691
2,101,RF,8013,0,0,0.33577742523850157
2,101,RF,4087,1,1,0.6730531004946474
2,101,RF,3753,1,1,0.8017863224673027
2,101,RF,6703,1,1,0.9650622667271986
2,101,RF,5900,1,1,0.9974839886368553
2,101,RF,3228,0,0,0.29423010477152733
2,101,RF,428,1,1,0.7784512935166101
2,101,RF,9392,1,1,0.9395379978571498
2,101,RF,2748,1,0,0.1907981465212047
2,101,RF,3546,1,1,0.9361733152515335
2,101,RF,5592,0,0,0.4271988117868561
2,101,RF,7080,0,0,0.23373026876698702
2,101,RF,7980,0,0,0.40684304523507175
2,101,RF,6181,0,0,0.060063542651238484
2,101,RF,4027,1,1,0.9964027489297719
2,101,RF,2410,1,1,0.9097429501992319
2,101,RF,4683,1,1,0.9315387701735525
2,101,RF,8944,1,1,0.8539289037913675
2,101,RF,6983,1,1,0.8255896354104786
2,101,RF,4939,0,1,0.6039417144702698
2,101,RF,4539,1,1,0.9923769745941271
2,101,RF,2982,1,1,0.9570071018404515
2,101,RF,1716,1,1,0.984222858328568
2,101,RF,7510,1,0,0.27290323651431253
2,101,RF,9293,1,1,0.9996758774227343
2,101,RF,1425,1,1,0.9040275374547274
2,101,RF,5345,1,1,0.8973503021824669
2,101,RF,3292,1,1,0.9832683484951309
2,101,RF,3930,0,1,0.6976146180498596
2,101,RF,4715,1,1,0.9014202124611179
2,101,RF,92,1,0,0.34060730073985435
2,101,RF,2438,1,1,0.9613476982520853
2,101,RF,5905,1,1,0.9973935938308877
2,101,RF,5224,0,0,0.05265458360549209
2,101,RF,3902,0,1,0.6590001035419403
2,101,RF,2300,0,0,0.07003238262892371
2,101,RF,8235,1,1,0.8594190137315807
2,101,RF,6304,1,1,0.9453701410823827
2,101,RF,7552,1,1,0.8721837048246247
2,101,RF,5256,0,1,0.750811054028878
2,101,RF,2504,1,0,0.22033791989908347
2,101,RF,7415,1,1,0.8901148335478613
2,101,RF,8188,1,1,0.8645725303894145
2,101,RF,7804,0,1,0.5581659633838877
2,101,RF,1364,1,1,1.0
2,101,RF,4658,1,1,0.9791879309807311
2,101,RF,3415,1,0,0.45280464748193244
2,101,RF,5548,1,1,0.8966851762754879
2,101,RF,5045,0,0,0.26344540981812814
2,101,RF,7117,1,0,0.17219609280474293
2,101,RF,4439,0,0,0.07285574253352184
2,101,RF,587,1,1,0.8591193159272973
2,101,RF,6389,1,1,1.0
2,101,RF,430,1,1,0.8567321287000782
2,101,RF,7542,1,1,0.6548599631110388
2,101,RF,428,1,1,0.7784512935166101
2,101,RF,5387,0,0,0.0830964934942415
2,101,RF,6389,1,1,1.0
2,101,RF,1050,1,1,0.952201385003911
2,101,RF,3135,1,1,0.9687775344096626
2,101,RF,8170,1,1,0.915536549004997
2,101,RF,4027,1,1,0.9964027489297719
2,101,RF,7242,0,1,0.5812460159574137
2,101,RF,5277,0,0,0.4401486724603954
2,101,RF,5019,0,1,0.5018030182053157
2,101,RF,2226,0,0,0.13481170512999385
2,101,RF,5963,1,1,0.9404344076517128
2,101,RF,5263,1,1,0.5494249189067183
2,101,RF,2362,1,1,0.9233423144046639
2,101,RF,9392,1,1,0.9395379978571498
2,101,RF,1029,0,0,0.17117796857814482
2,101,RF,3419,1,1,0.9593184588894802
2,101,RF,2446,1,1,0.897070944079539
2,101,RF,3211,1,0,0.2532345180442179
2,101,RF,2477,0,1,0.80444156743368
2,101,RF,4389,0,0,0.242473783617284
2,101,RF,828,1,1,0.889263824465591
2,101,RF,8089,1,1,0.839008156338928
2,101,RF,4428,0,0,0.002205856616593681
2,101,RF,5867,1,1,0.8719646998905408
2,101,RF,4658,1,1,0.9791879309807311
2,101,RF,610,1,1,0.8515517193648197
2,101,RF,1114,1,1,0.9836998456454797
2,101,RF,6912,1,1,0.9994385986630354
2,101,RF,4331,0,0,0.2356167882536768
2,101,RF,8855,1,1,0.9927959003802509
2,101,RF,4895,0,1,0.6015831205723725
2,101,RF,4183,1,1,0.9879551714411806
2,101,RF,5786,0,1,0.5790630791328945
2,101,RF,4926,0,0,0.06730072901883233
2,101,RF,4895,0,1,0.6015831205723725
2,101,RF,8977,1,1,0.5885567128361816
2,101,RF,537,1,1,0.7503999690998263
2,101,RF,3861,1,1,0.5684740370698249
2,101,RF,6560,1,0,0.44907645827826814
2,101,RF,4636,1,1,0.9982974373742048
2,101,RF,3593,1,1,0.840074127628465
2,101,RF,9168,1,1,0.9531326008357094
2,101,RF,6060,1,1,0.9990605840607836
2,101,RF,3753,1,1,0.8017863224673027
2,101,RF,8537,1,1,0.7699116442409685
2,101,RF,5510,0,0,0.48577696878862986
2,101,RF,1938,1,1,0.9506251471864202
2,101,RF,5882,1,0,0.18022906705803024
2,101,RF,7977,0,0,0.4472693883027133
2,101,RF,389,1,0,0.4082435599405625
2,101,RF,4490,0,0,0.06983511196114789
2,101,RF,2604,1,1,0.9967403347619183
2,101,RF,7664,0,0,0.2591662794134078
2,101,RF,8841,1,1,0.9240845359812306
2,101,RF,1540,1,1,0.9260108380924073
2,101,RF,1800,1,1,0.761032932973202
2,101,RF,6599,1,1,0.9560598134292487
2,101,RF,4501,0,1,0.6108086163168185
2,101,RF,873,1,1,0.8779959921856242
2,101,RF,5019,0,1,0.5018030182053157
2,101,RF,8351,0,0,0.06855620360340207
2,101,RF,2951,1,0,0.1452097475042698
2,101,RF,978,1,1,0.9552213906221215
2,101,RF,4101,0,0,0.15846476635320358
2,101,RF,2802,1,1,0.5871844173967663
2,101,RF,4523,1,1,0.939792974326387
2,101,RF,2154,1,1,0.9083180944416448
2,101,RF,3070,0,0,0.25341477229578635
2,101,RF,621,1,1,0.9438597730715753
2,101,RF,3104,1,1,0.9912491010034641
2,101,RF,8815,1,1,0.7236176255845242
2,101,RF,5640,0,0,0.45319981843485785
2,101,RF,3023,1,1,0.8681260208376119
2,101,RF,6576,1,1,0.9729121532419639
2,101,RF,1408,1,1,0.9818700153405762
2,101,RF,8311,0,0,0.05347107017638325
2,101,RF,925,1,1,0.9346291152699187
2,101,RF,1114,1,1,0.9836998456454797
2,101,RF,6929,1,1,0.9915523545217836
2,101,RF,4295,1,0,0.4867179467269971
2,101,RF,4564,1,1,0.9932326152832737
2,101,RF,8319,0,0,0.22250131796550307
2,101,RF,8122,0,0,0.23439192689474328
2,101,RF,7838,0,0,0.18521418655605337
2,101,RF,2735,1,1,0.9986675933689555
2,101,RF,7633,0,1,0.7792394854916229
2,101,RF,2385,1,1,0.8058901917816688
2,101,RF,523,1,1,0.6892841143511893
2,101,RF,4267,1,1,0.9632569381993192
2,101,RF,6650,1,1,0.9825675967475469
2,101,RF,490,1,1,0.8773840335038918
2,101,RF,810,1,1,0.925739992853148
2,101,RF,5229,0,0,0.10164886936738546
2,101,RF,4975,0,0,0.43182771949250837
2,101,RF,9048,1,1,0.622635027493508
2,101,RF,4637,0,0,0.16687352759818178
2,101,RF,4949,0,0,0.05264516198944595
2,101,RF,4487,0,0,0.22881150379532147
2,101,RF,4565,1,1,0.9649556624393117
2,101,RF,5548,1,1,0.8966851762754879
2,101,RF,6786,1,1,0.8925032803324164
2,101,RF,9518,1,1,0.8382366516709808
2,101,RF,6437,1,0,0.054580696043116286
2,101,RF,8513,1,1,0.9652606186769149
2,101,RF,2690,1,0,0.02730868250241896
2,101,RF,7887,0,0,0.43716816670036635
2,101,RF,7608,0,1,0.834898300250805
2,101,RF,6180,1,0,0.02181082223760494
2,101,RF,5827,0,0,0.31797245415174147
2,101,RF,1029,0,0,0.17117796857814482
2,101,RF,768,1,1,0.9575035243326991
2,101,RF,5109,0,0,0.08039075544822243
2,101,RF,5579,0,1,0.7752619916791894
2,101,RF,8946,1,1,0.9515168014181665
2,101,RF,6534,1,1,0.8546935698238594
2,101,RF,939,1,1,0.8411704632962284
2,101,RF,820,1,1,0.925739992853148
2,101,RF,1290,0,0,0.019915136445868918
2,101,RF,8870,1,1,0.8615490431310816
2,101,RF,8665,1,1,0.9426034679048962
2,101,RF,4645,0,0,0.14372059356213046
2,101,RF,4950,1,1,0.8359218063418704
2,101,RF,6131,1,1,0.994525678173448
2,101,RF,4840,1,1,0.8607334903746388
2,101,RF,7482,0,0,0.3878121008858614
2,101,RF,7314,1,1,0.8496269746816496
2,101,RF,6783,1,0,0.4182606795217972
2,101,RF,2162,1,1,0.7917423517652487
2,101,RF,3038,1,1,0.9544142505740061
2,101,RF,2731,1,1,0.9946043988708686
2,101,RF,8860,1,1,0.9386937827843234
2,101,RF,990,0,1,0.9747879371004005
2,101,RF,5203,0,0,0.24973670035686066
2,101,RF,5512,1,1,0.7665294895305056
2,101,RF,799,1,1,0.7859124610433169
2,101,RF,9491,1,1,0.9566678377989595
2,101,RF,7333,1,1,0.6759286675107694
2,101,RF,7057,0,0,0.20669599741313402
2,101,RF,2058,1,0,0.3014818909663081
2,101,RF,2919,1,1,0.8624957111016326
2,101,RF,8912,1,1,0.8666538288682623
2,101,RF,5263,1,1,0.5494249189067183
2,101,RF,7642,0,1,0.7349257157620462
2,101,RF,2502,1,1,0.8493497468158404
2,101,RF,4813,0,0,0.054580696043116286
2,101,RF,2100,1,1,0.9987834211872644
2,101,RF,4238,0,0,0.07155774254317443
2,101,RF,2951,1,0,0.1452097475042698
2,101,RF,6881,0,0,0.34541565089368936
2,101,RF,9539,1,1,0.948682838716157
2,101,RF,4833,1,1,0.9967365270335315
2,101,RF,4661,1,1,0.9995143694393447
2,101,RF,3383,1,1,0.9789219375296289
2,101,RF,6740,1,1,0.8112405831690163
2,101,RF,9539,1,1,0.948682838716157
2,101,RF,9235,1,1,0.9594111097429311
2,101,RF,2878,1,1,0.9879694031295416
2,101,RF,2028,1,1,0.9811944020627865
2,101,RF,6923,1,1,0.9997537255398415
2,101,RF,1826,1,1,0.9540190760542044
2,101,RF,8536,1,1,0.6453490580894823
2,101,RF,6560,1,0,0.44907645827826814
2,101,RF,4750,0,1,0.6615837552808951
2,101,RF,4659,0,0,0.29633676074099596
2,101,RF,5751,0,1,0.6851717770901512
2,101,RF,9154,1,1,0.916412615208651
2,101,RF,8627,1,1,0.8922715576903002
2,101,RF,9547,1,1,0.9751601976911044
2,101,RF,8205,1,1,0.9411110016731854
2,101,RF,2154,1,1,0.9083180944416448
2,101,RF,4379,1,1,0.9707450473414974
2,101,RF,7060,1,1,0.9758584364629457
2,101,RF,2860,1,0,0.18992168231893522
2,101,RF,6275,1,0,0.07031928889137394
2,101,RF,2766,1,0,0.07295220784703693
2,101,RF,5790,0,0,0.4638053676589417
2,101,RF,259,1,1,0.9592008767943844
2,101,RF,6580,1,0,0.46283047395285776
2,101,RF,2673,1,0,0.2911044293763809
2,101,RF,508,1,1,0.6234507121670896
2,101,RF,297,1,1,0.65984010944499
2,101,RF,2446,1,1,0.897070944079539
2,101,RF,2475,1,1,0.7200623688075865
2,101,RF,3858,1,0,0.4500890460240401
2,101,RF,2836,1,1,1.0
2,101,RF,6705,0,0,0.3425453734605642
2,101,RF,820,1,1,0.925739992853148
2,101,RF,9337,1,1,0.9990605840607836
2,101,RF,1379,1,1,0.9406538827952312
2,101,RF,4615,1,1,0.9412246092936145
2,101,RF,7890,0,0,0.3642737822940358
2,101,RF,1349,1,1,0.8870934525806237
2,101,RF,6047,1,1,0.9995185549620467
2,101,RF,2045,1,1,0.9802926412984247
2,101,RF,7864,1,1,0.5375669984782667
2,101,RF,1919,1,1,0.9989639502023983
2,101,RF,8128,0,0,0.1301061047563111
2,101,RF,1477,1,1,0.6892686682894592
2,101,RF,6896,1,1,0.9550654154016756
2,101,RF,8602,1,1,0.8319620433605266
2,101,RF,2620,0,0,0.00998046891406393
2,101,RF,5011,0,0,0.4932388764305619
2,101,RF,1612,1,1,0.9476049877712075
2,101,RF,1190,1,1,0.9005246900198404
2,101,RF,5146,1,1,0.905414664506407
2,101,RF,8740,1,1,0.8994137576234061
2,101,RF,5201,0,1,0.6991316150808332
2,101,RF,3447,1,1,0.8335600557031551
2,101,RF,4895,0,1,0.6015831205723725
2,101,RF,328,1,1,0.9821828790906099
2,101,RF,2489,1,0,0.2717404925378945
2,101,RF,8954,1,1,0.9530868030792091
2,101,RF,7802,0,0,0.37104407316200994
2,101,RF,8817,1,1,0.8180031191777476
2,101,RF,537,1,1,0.7503999690998263
2,101,RF,574,1,1,0.9796993388656459
2,101,RF,5436,0,1,0.6621715203352798
2,101,RF,7112,1,1,0.9901206850623241
2,101,RF,3747,0,1,0.5716335262979997
2,101,RF,6528,1,0,0.1442208293335395
2,101,RF,7710,1,1,0.7575114271498212
2,101,RF,1600,0,0,0.301832816368656
2,101,RF,1089,1,1,0.881719546703248
2,101,RF,9491,1,1,0.9566678377989595
2,101,RF,9015,1,1,0.96525997402378
2,101,RF,8415,0,0,0.17938140977826764
2,101,RF,4532,1,1,0.9884309139159347
2,101,RF,2923,1,1,0.9939347574743682
2,101,RF,8926,1,1,0.9385930148942964
2,101,RF,3135,1,1,0.9687775344096626
2,101,RF,5281,0,1,0.5523792174158589
2,101,RF,5348,0,0,0.31027242077012557
2,101,RF,8856,1,1,0.9848832320739604
2,101,RF,747,1,1,0.9372792188825915
2,101,RF,3038,1,1,0.9544142505740061
2,101,RF,3485,1,1,0.9913900317208909
2,101,RF,749,1,1,0.9044100203935921
2,101,RF,2896,1,1,0.886993443701872
2,101,RF,9519,1,1,0.9419578641011134
2,101,RF,5882,1,0,0.18022906705803024
2,101,RF,8717,1,1,0.9399390081660484
2,101,RF,8581,1,1,0.990850139310171
2,101,RF,1346,1,1,0.8744393185268202
2,101,RF,1513,1,1,0.99143813995427
2,101,RF,1169,1,1,0.9432694366719666
2,101,RF,4012,1,1,0.832734795334304
2,101,RF,2586,1,1,0.8159031914060759
2,101,RF,1954,1,1,0.8642319460215968
2,101,RF,9197,1,1,0.9667276915141201
2,101,RF,3990,1,1,0.8493497468158404
2,101,RF,924,1,1,0.8542901540967318
2,101,RF,821,1,1,0.8421589478355392
2,101,RF,1408,1,1,0.9818700153405762
2,101,RF,5689,0,0,0.4265740546829156
2,101,RF,1486,1,1,0.8590187348198755
2,101,RF,8287,0,0,0.20669599741313402
2,101,RF,736,0,0,0.3963836973957661
2,101,RF,7073,1,0,0.24365353447841734
2,101,RF,2446,1,1,0.897070944079539
2,101,RF,3814,0,1,0.7150751840388437
2,101,RF,3691,1,1,0.9814577516434604
2,101,RF,813,1,1,0.9092388983427544
2,101,RF,3242,0,0,0.03854855208677602
2,101,RF,8976,1,1,0.8542084777707474
2,101,RF,4577,1,1,0.9996704988214922
2,101,RF,7810,1,1,0.9563908785376679
2,101,RF,5367,0,1,0.7217492913955212
2,101,RF,675,1,1,0.9425445195852223
2,101,RF,7095,1,1,0.9724295062723398
2,101,RF,5045,0,0,0.26344540981812814
2,101,RF,4316,1,1,0.9844676192455473
2,101,RF,508,1,1,0.6234507121670896
2,101,RF,2371,1,1,0.8763157932378537
2,101,RF,5611,0,0,0.28677365147103323
2,101,RF,3929,1,1,0.6376627748469537
2,101,RF,4648,1,1,0.9936284962255474
2,101,RF,6429,1,1,0.981160456684319
2,101,RF,505,1,1,0.8307156175542717
2,101,RF,1947,0,0,0.05254477901651847
2,101,RF,3838,1,1,0.7531561471983597
2,101,RF,8568,1,1,0.9621655311833596
2,101,RF,6573,0,0,0.10071392117306566
2,101,RF,6739,0,0,0.10764796781287128
2,101,RF,3139,0,0,0.1885680027071344
2,101,RF,4138,0,0,0.34541565089368936
2,101,RF,2361,1,1,0.894001118223072
2,101,RF,3038,1,1,0.9544142505740061
2,101,RF,4093,1,1,0.9873912552927055
2,101,RF,1767,1,1,0.9807861785823551
2,101,RF,1297,0,0,0.13073659874905552
2,101,RF,3361,1,1,0.9620987499686041
2,101,RF,6450,1,1,0.9589151151025135
2,101,RF,5560,0,0,0.31232647469764646
2,101,RF,4266,1,1,0.9683373818872038
2,101,RF,661,1,1,0.9132042409163081
2,101,RF,4055,1,1,0.996824689293725
2,101,RF,1873,1,1,0.5193795385304789
2,101,RF,6313,1,0,0.24768903257306404
2,101,RF,2581,0,0,0.22366052532401487
2,101,RF,4298,0,0,0.33518764905108656
2,101,RF,6152,1,0,0.24004670313518023
2,101,RF,7542,1,1,0.6548599631110388
2,101,RF,754,1,1,0.8397837932991056
2,101,RF,1131,0,0,0.20228858368856095
2,101,RF,2288,1,1,0.5931984248731507
2,101,RF,7552,1,1,0.8721837048246247
2,101,RF,5201,0,1,0.6991316150808332
2,101,RF,2337,1,1,0.9323494871836644
2,101,RF,5985,1,1,0.9830437490375711
2,101,RF,2189,1,1,0.9282152825661872
2,101,RF,1637,1,1,0.9713067455875667
2,101,RF,5356,0,0,0.2974043466416509
2,101,RF,1671,1,1,0.9929587204446704
2,101,RF,6741,1,1,0.618866679922419
2,101,RF,3312,0,0,0.05254477901651847
2,101,RF,6015,1,0,0.15108916440228665
2,101,RF,5962,1,1,0.9610873097734034
2,101,RF,8287,0,0,0.20669599741313402
2,101,RF,2228,1,1,0.7701045145392912
2,101,RF,211,1,1,0.8109549160962496
2,101,RF,7959,1,1,0.9946776710210549
2,101,RF,3975,1,1,0.686477909618635
2,101,RF,3383,1,1,0.9789219375296289
2,101,RF,9381,1,1,0.9995288508302648
2,101,RF,3476,1,1,0.8607334903746388
2,101,RF,9313,1,1,0.787509239066746
2,101,RF,7802,0,0,0.37104407316200994
2,101,RF,6682,1,0,0.210765614396859
2,101,RF,5161,0,0,0.11939773975189905
2,101,RF,1712,1,1,0.9891503730233889
2,101,RF,5334,0,0,0.4413321657411348
2,101,RF,5579,0,1,0.7752619916791894
2,101,RF,8290,0,0,0.31833754061243974
2,101,RF,1870,1,1,0.9127487398351949
2,101,RF,1953,1,1,0.9790840474411082
2,101,RF,3917,0,1,0.7603588126446135
2,101,RF,4939,0,1,0.6039417144702698
2,101,RF,6385,1,1,0.9264686839881147
2,101,RF,3721,0,1,0.7932622165731573
2,101,RF,6777,0,0,0.24380306020066725
2,101,RF,3217,1,0,0.11276524722213742
2,101,RF,6534,1,1,0.8546935698238594
2,101,RF,2163,1,1,0.9446037504284598
2,101,RF,6046,1,1,0.9791879309807311
2,101,RF,7060,1,1,0.9758584364629457
2,101,RF,1403,1,1,0.711243673734651
2,101,RF,4274,1,1,0.9995288508302648
2,101,RF,5685,0,0,0.4334989554450178
2,101,RF,4418,0,0,0.06855620360340207
2,101,RF,433,1,1,0.8128793105816985
2,101,RF,5385,0,1,0.5264915770989197
2,101,RF,1271,1,1,0.9830437490375711
2,101,RF,1346,1,1,0.8744393185268202
2,101,RF,6070,1,1,0.9806745294794925
2,101,RF,4895,0,1,0.6015831205723725
2,101,RF,2860,1,0,0.18992168231893522
2,101,RF,7732,1,1,0.8396412281744995
2,101,RF,2487,0,0,0.3620398480048006
2,101,RF,823,1,1,0.9092388983427544
2,101,RF,7234,0,0,0.32131110210687003
2,101,RF,668,1,1,0.7640042927824697
2,101,RF,291,1,1,0.587648885996463
2,101,RF,5203,0,0,0.24973670035686066
2,101,RF,2487,0,0,0.3620398480048006
2,101,RF,3230,1,1,0.5193795385304789
2,101,RF,2121,1,1,0.8837587558656296
2,101,RF,4075,0,0,0.20228858368856095
2,101,RF,4517,1,1,0.9609053260942337
2,101,RF,300,1,1,0.7569299442995521
2,101,RF,1078,0,0,0.2109507572405651
2,101,RF,6827,1,1,0.9907249348058933
2,101,RF,7129,0,1,0.5099326782446241
2,101,RF,7752,0,0,0.32666277875004496
2,101,RF,5685,0,0,0.4334989554450178
2,101,RF,6727,0,0,0.1452334255630714
2,101,RF,5531,0,1,0.5768414285268645
2,101,RF,3796,1,0,0.4720423347510097
2,101,RF,6765,1,1,0.9967403347619183
2,101,RF,1664,1,1,0.9719344782615008
2,101,RF,1642,1,1,0.9141642137019828
2,101,RF,174,1,1,0.9362477346274026
2,101,RF,8313,0,0,0.04652954730431552
2,101,RF,7148,1,1,0.9971989826741781
2,101,RF,5138,1,1,0.8655503969784505
2,101,RF,2355,1,1,0.8192267094718325
2,101,RF,97,0,0,0.2509931378719124
2,101,RF,8180,1,1,0.8790433838842717
2,101,RF,5071,0,0,0.4131045124241327
2,101,RF,3166,1,1,0.9653480676408228
2,101,RF,9162,1,1,0.7918154305311453
2,101,RF,4880,1,1,0.9722649127503157
2,101,RF,68,0,0,0.2547828280593064
2,101,RF,9534,1,1,0.9288701998064639
2,101,RF,3447,1,1,0.8335600557031551
2,101,RF,7194,1,0,0.147363985445469
2,101,RF,2226,0,0,0.13481170512999385
2,101,RF,4467,1,1,0.8796936291186196
2,101,RF,2239,1,1,0.8764344267071723
2,101,RF,3070,0,0,0.25341477229578635
2,101,RF,428,1,1,0.7784512935166101
2,101,RF,2929,1,1,0.958458772423403
2,101,RF,6269,1,1,0.9965199518086836
2,101,RF,7129,0,1,0.5099326782446241
2,101,RF,3238,1,0,0.21064196898129076
2,101,RF,1036,0,0,0.44732898152159917
2,101,RF,2327,1,1,0.953875948537354
2,101,RF,2938,1,1,0.9716015776490114
2,101,RF,1174,1,1,0.6730531004946474
2,101,RF,9085,1,1,0.9699043976422744
2,101,RF,1088,1,1,0.9336758678539262
2,101,RF,1579,1,1,0.9630114167639695
2,101,RF,4087,1,1,0.6730531004946474
2,101,RF,2517,1,1,0.9836201877850521
2,101,RF,490,1,1,0.8773840335038918
2,101,RF,8673,1,1,0.8888494942523092
2,101,RF,3792,1,0,0.42869767509446793
2,101,RF,3038,1,1,0.9544142505740061
2,101,RF,3264,1,1,0.9755165962769593
2,101,RF,1139,0,0,0.2204668736857461
2,101,RF,7750,0,0,0.4365461576903023
2,101,RF,1969,1,1,0.9932180643069589
2,101,RF,9347,1,1,0.9868444884572927
2,101,RF,668,1,1,0.7640042927824697
2,101,RF,2414,1,1,0.9210223579333672
2,101,RF,2508,1,1,0.9040085392480218
2,101,RF,1983,1,1,0.9553395150180105
2,101,RF,2035,0,0,0.202949809218256
2,101,RF,5561,0,1,0.697876681204483
2,101,RF,4565,1,1,0.9649556624393117
2,101,RF,4280,1,1,0.8865128609919515
2,101,RF,4046,1,1,0.9315945409377592
2,101,RF,5974,0,0,0.18426775862035147
2,101,RF,8330,0,0,0.10914801273255106
2,101,RF,7877,1,1,0.8842614378271159
2,101,RF,7637,0,0,0.3369994446998619
2,101,RF,8791,1,1,0.8254154683731972
2,101,RF,537,1,1,0.7503999690998263
2,101,RF,8251,1,1,0.7958201541724916
2,101,RF,3763,1,1,0.5816934281639099
2,101,RF,4405,1,1,0.9404334544766292
2,101,RF,5667,0,0,0.32331457792335266
2,101,RF,2020,0,0,0.2801036319116296
2,101,RF,7316,0,0,0.18742650860409513
2,101,RF,4539,1,1,0.9923769745941271
2,101,RF,9010,1,1,0.9017770075108952
2,101,RF,6489,1,1,0.8568214672298988
2,101,RF,6441,0,0,0.0029425757114759817
2,101,RF,9573,1,1,0.9571643398155737
2,101,RF,2475,1,1,0.7200623688075865
2,101,RF,6702,1,1,0.9942239770107526
2,101,RF,9085,1,1,0.9699043976422744
2,101,RF,6140,1,1,0.8752423616781563
2,101,RF,4801,1,1,0.995629450359303
2,101,RF,335,1,1,0.5690049191952611
2,101,RF,7608,0,1,0.834898300250805
2,101,RF,2508,1,1,0.9040085392480218
2,101,RF,4683,1,1,0.9315387701735525
2,101,RF,3823,1,1,0.511155244653274
2,101,RF,4379,1,1,0.9707450473414974
2,101,RF,8890,1,1,0.901825263042405
2,101,RF,5953,1,1,0.965265045464309
2,101,RF,7076,1,1,0.9653539060577639
2,101,RF,1275,1,1,0.9918275987466934
2,101,RF,4491,1,1,0.9361733152515335
2,101,RF,5118,0,1,0.5505801984698
2,101,RF,661,1,1,0.9132042409163081
2,101,RF,4833,1,1,0.9967365270335315
2,101,RF,8961,1,1,0.9548154632127458
2,101,RF,1190,1,1,0.9005246900198404
2,101,RF,5573,0,1,0.503407392159047
2,101,RF,1516,1,1,0.9424592432610177
2,101,RF,2508,1,1,0.9040085392480218
2,101,RF,4808,1,1,0.9854764812866305
2,101,RF,5091,0,0,0.29193154238368113
2,101,RF,8958,1,1,0.9660328192334073
2,101,RF,6302,0,0,0.4185491017025044
2,101,RF,4145,0,0,0.12161674715643113
2,101,RF,6714,1,1,0.9855852005197329
2,101,RF,1712,1,1,0.9891503730233889
2,101,RF,9012,1,1,0.8227402683955775
2,101,RF,8715,1,1,0.7650173743636252
2,101,RF,3996,1,1,0.9637994768411187
2,101,RF,5154,0,0,0.3538645501487958
2,101,RF,7099,1,0,0.3735423285851155
2,101,RF,2979,1,1,0.9858442506764244
2,101,RF,3569,1,0,0.40054938693273373
2,101,RF,4388,0,0,0.12996785656616888
2,101,RF,2296,1,1,0.6158327829999373
2,101,RF,6488,1,1,0.9929565113553379
2,101,RF,7162,1,0,0.1885680027071344
2,101,RF,9005,1,1,0.9004584426404735
2,101,RF,4654,0,0,0.26030880737348655
2,101,RF,1845,0,1,0.5518356208701984
2,101,RF,6682,1,0,0.210765614396859
2,101,RF,8274,1,1,0.996249506102674
2,101,RF,4761,0,0,0.22545996542613367
2,101,RF,3614,1,0,0.031382426185024605
2,101,RF,4492,0,0,0.002512837991604417
2,101,RF,6617,1,1,0.8822615166183171
2,101,RF,7357,1,1,0.5761597515265563
2,101,RF,2346,1,1,0.9737051890212614
2,101,RF,3763,1,1,0.5816934281639099
2,101,RF,8644,1,1,1.0
2,101,RF,5352,0,1,0.7058033663166777
2,101,RF,877,1,1,0.9781849292879014
2,101,RF,4372,1,1,0.9311511641508702
2,101,RF,3902,0,1,0.6590001035419403
2,101,RF,3012,1,0,0.13708489682836628
2,101,RF,2121,1,1,0.8837587558656296
2,101,RF,4565,1,1,0.9649556624393117
2,101,RF,6923,1,1,0.9997537255398415
2,101,RF,3012,1,0,0.13708489682836628
2,101,RF,6805,0,0,0.13935437397917602
2,101,RF,1053,1,1,0.9883761577983248
2,101,RF,4313,1,1,0.9076248758549482
2,101,RF,7139,1,1,0.9714939038112017
2,101,RF,2863,1,1,0.925739992853148
2,101,RF,2084,1,1,0.9610308799140413
2,101,ET,9168,1,1,0.9775671666525029
2,101,ET,7148,1,1,1.0
2,101,ET,159,1,0,0.11365960761868026
2,101,ET,1281,0,0,0.22799599288091746
2,101,ET,4007,0,0,0.21062726425625175
2,101,ET,2567,1,0,0.07997508345987943
2,101,ET,3672,1,1,0.9820689552185926
2,101,ET,1780,1,1,0.9957111596149218
2,101,ET,4761,0,0,0.21581876282579476
2,101,ET,8600,1,1,0.9447697195219862
2,101,ET,23,0,1,0.5228839438294891
2,101,ET,1420,1,1,0.9997619454485704
2,101,ET,7796,0,0,0.04256242366047778
2,101,ET,6606,1,1,0.9948731160616179
2,101,ET,417,1,1,0.6587111997408127
2,101,ET,7642,0,1,0.7519061161756398
2,101,ET,7120,0,0,0.3106960895284181
2,101,ET,4747,0,0,0.2989048411773744
2,101,ET,593,1,1,0.9728839098681276
2,101,ET,3476,1,1,0.9105968706706025
2,101,ET,1590,1,1,0.9369714862880787
2,101,ET,2695,1,1,0.9681771539606736
2,101,ET,5689,0,0,0.3948598377951721
2,101,ET,5257,0,0,0.14301575264424982
2,101,ET,8496,1,1,0.9635151707304803
2,101,ET,1093,1,1,0.8892991157440796
2,101,ET,2555,1,0,0.0009088827610907742
2,101,ET,6016,1,0,0.1695967808897812
2,101,ET,8687,1,1,0.9439384350614887
2,101,ET,4119,1,1,0.9996218943559051
2,101,ET,4845,1,1,0.5502430158239979
2,101,ET,1896,1,1,0.9941801637173753
2,101,ET,7091,1,1,0.9309393019534477
2,101,ET,4031,1,1,0.9891206909677175
2,101,ET,9038,1,1,0.9232697618863367
2,101,ET,3166,1,1,0.9867680400731487
2,101,ET,4696,1,1,0.9968334273993616
2,101,ET,8607,1,1,0.7918926678853591
2,101,ET,6152,1,0,0.16318737977549072
2,101,ET,8274,1,1,0.9989132729916165
2,101,ET,4275,1,1,0.9938478640137828
2,101,ET,5510,0,0,0.43068716740153595
2,101,ET,306,1,1,0.502591791658664
2,101,ET,2956,1,1,0.841883320276026
2,101,ET,4810,1,1,0.9998362938153947
2,101,ET,2581,0,0,0.11980232821524459
2,101,ET,5019,0,0,0.4637661144501804
2,101,ET,3090,1,1,0.9651022812986573
2,101,ET,3238,1,0,0.1817108543373208
2,101,ET,211,1,1,0.8291076212477847
2,101,ET,6617,1,1,0.9342327574451357
2,101,ET,3787,1,1,0.6320366558605091
2,101,ET,6253,1,1,0.9977067948014839
2,101,ET,425,1,1,0.6361721736977582
2,101,ET,547,1,1,0.9658049541234386
2,101,ET,4654,0,0,0.23230534304811737
2,101,ET,9334,1,1,0.9973700260732645
2,101,ET,2959,1,1,0.992933156200777
2,101,ET,5229,0,0,0.02964522512283545
2,101,ET,7622,0,1,0.8211491751489342
2,101,ET,978,1,1,0.9774695979845323
2,101,ET,5179,1,1,0.600574279733036
2,101,ET,8571,1,1,0.7483102530722316
2,101,ET,6702,1,1,0.9958609901544425
2,101,ET,7453,1,1,0.9612397979368819
2,101,ET,3365,1,1,0.963669518834135
2,101,ET,3569,1,0,0.35452586250460605
2,101,ET,2765,1,0,0.020974113120816814
2,101,ET,1388,1,1,0.7067634633169556
2,101,ET,4313,1,1,0.9762517892200016
2,101,ET,2446,1,1,0.9027345578555438
2,101,ET,7441,1,0,0.49555666417340144
2,101,ET,97,0,0,0.21407313981796694
2,101,ET,2188,1,1,0.8054166235097654
2,101,ET,8021,1,1,0.9806194805121721
2,101,ET,1465,1,1,0.9176254854467008
2,101,ET,4675,1,1,0.9934001507875776
2,101,ET,7026,0,0,0.29213586638522326
2,101,ET,9208,1,1,0.9284617711767664
2,101,ET,8991,1,1,0.996571384766382
2,101,ET,4006,1,1,0.995651537964881
2,101,ET,3760,1,1,0.5351453172442725
2,101,ET,2154,1,1,0.8736275812265327
2,101,ET,8993,1,1,0.9806487255207039
2,101,ET,4873,1,1,0.9930483946231844
2,101,ET,4295,1,0,0.4865059929197537
2,101,ET,7434,1,0,0.2139729529263454
2,101,ET,7818,0,1,0.6435583432424503
2,101,ET,3476,1,1,0.9105968706706025
2,101,ET,9581,1,1,0.7921988559548871
2,101,ET,8340,0,0,0.107516525702636
2,101,ET,1072,1,1,0.9439384350614887
2,101,ET,2840,1,1,0.9852352581586208
2,101,ET,5555,0,1,0.8464755492286316
2,101,ET,6727,0,0,0.09617958356220334
2,101,ET,2609,1,1,0.9979351023210802
2,101,ET,3814,0,1,0.738327656154996
2,101,ET,4329,0,0,0.12117580848551558
2,101,ET,9421,1,1,0.9638798309217077
2,101,ET,1642,1,1,0.9491100478006429
2,101,ET,8555,1,1,0.9373295874215395
2,101,ET,335,1,1,0.6354142281232147
2,101,ET,9313,1,1,0.8111860906336854
2,101,ET,5943,1,1,0.9991105795333356
2,101,ET,16,0,0,0.3101440694581442
2,101,ET,6896,1,1,0.9645500848592358
2,101,ET,6275,1,0,0.019380789121785563
2,101,ET,6783,1,0,0.14753583596693817
2,101,ET,2811,1,0,0.12317157539612084
2,101,ET,5139,1,1,0.9891682927233721
2,101,ET,1688,1,1,0.9043614572953355
2,101,ET,4722,1,1,0.9834881784901129
2,101,ET,457,1,1,0.803894866736427
2,101,ET,4654,0,0,0.23230534304811737
2,101,ET,6060,1,1,0.9997619454485704
2,101,ET,4817,0,0,0.05357375295262429
2,101,ET,7535,1,1,0.9569448940869612
2,101,ET,291,1,1,0.5660029951698123
2,101,ET,6452,1,1,0.9690796459261916
2,101,ET,7595,1,1,0.7662541188016819
2,101,ET,2478,0,0,0.37998868834455884
2,101,ET,2731,1,1,0.999134734830387
2,101,ET,6800,1,1,0.9954670754553023
2,101,ET,4691,0,0,0.17397914764223213
2,101,ET,4298,0,0,0.28526824343361407
2,101,ET,447,1,1,0.8956275790317401
2,101,ET,7510,1,0,0.2950768653179964
2,101,ET,749,1,1,0.9139339454044492
2,101,ET,9056,1,1,0.9760139206595957
2,101,ET,7947,1,0,0.3721696181302226
2,101,ET,4961,0,1,0.7842476762447408
2,101,ET,4329,0,0,0.12117580848551558
2,101,ET,7415,1,1,0.9690796459261916
2,101,ET,8135,1,1,1.0
2,101,ET,3620,1,1,0.9930483946231844
2,101,ET,3718,0,1,0.5096998288080574
2,101,ET,713,1,1,0.9480009989004243
2,101,ET,5257,0,0,0.14301575264424982
2,101,ET,9222,1,0,0.42092572404707
2,101,ET,5571,0,0,0.40349947340609504
2,101,ET,8313,0,0,0.019239184135056365
2,101,ET,4593,1,1,1.0
2,101,ET,2504,1,0,0.13099607676499428
2,101,ET,4501,0,1,0.8673620111817302
2,101,ET,5573,0,0,0.36368850193546653
2,101,ET,4388,0,0,0.10164327948863884
2,101,ET,3166,1,1,0.9867680400731487
2,101,ET,7381,1,1,0.9986652553539918
2,101,ET,1389,1,1,0.9388846298802784
2,101,ET,7060,1,1,0.9661670737886128
2,101,ET,3400,1,1,0.978939548886378
2,101,ET,3400,1,1,0.978939548886378
2,101,ET,4948,0,0,0.01695963855684779
2,101,ET,2836,1,1,0.9997551802112506
2,101,ET,8417,0,0,0.2078146755576384
2,101,ET,5088,1,1,0.6809957605401793
2,101,ET,1206,1,1,0.9638111818377378
2,101,ET,6599,1,1,0.9811934297992538
2,101,ET,2215,1,1,0.9309915177440077
2,101,ET,4641,0,0,0.00021375712482915967
2,101,ET,4887,0,0,0.1523215613976106
2,101,ET,5404,0,0,0.4686897840617822
2,101,ET,1330,1,1,0.9735154214683787
2,101,ET,4961,0,1,0.7842476762447408
2,101,ET,4843,1,1,0.9701609152034281
2,101,ET,2122,1,1,0.9316518117585899
2,101,ET,9473,1,1,0.9930836225705824
2,101,ET,4895,0,1,0.5751482853700469
2,101,ET,1800,1,1,0.8806585489441033
2,101,ET,5011,0,1,0.6350196240250789
2,101,ET,1349,1,1,0.9163200888952584
2,101,ET,3852,0,0,0.4684706262120427
2,101,ET,6355,1,0,0.13327047067553038
2,101,ET,1405,1,1,0.9294555738989994
2,101,ET,5348,0,0,0.26232863266549494
2,101,ET,5401,0,0,0.25772587920063184
2,101,ET,8319,0,0,0.15275431902519915
2,101,ET,3270,1,0,0.10753986075318402
2,101,ET,5790,0,0,0.4147345612093452
2,101,ET,9038,1,1,0.9232697618863367
2,101,ET,5288,0,0,0.24526780027596679
2,101,ET,5045,0,0,0.23531125219039603
2,101,ET,23,0,1,0.5228839438294891
2,101,ET,2567,1,0,0.07997508345987943
2,101,ET,929,1,1,0.8925961374305987
2,101,ET,4022,1,1,0.9880667216191615
2,101,ET,4439,0,0,0.02039219607607058
2,101,ET,5451,0,1,0.6853335796372204
2,101,ET,1705,0,0,0.20384375201136515
2,101,ET,7994,0,0,0.3519529591020367
2,101,ET,5505,0,0,0.33241505071134353
2,101,ET,9242,1,1,0.8874281876596324
2,101,ET,2373,1,1,0.9569448940869612
2,101,ET,8726,1,1,0.970110214748047
2,101,ET,6368,1,0,0.29142534616184856
2,101,ET,9548,1,1,0.9367046949294071
2,101,ET,5373,0,0,0.12031408994756225
2,101,ET,5548,1,1,0.8697544378830757
2,101,ET,3166,1,1,0.9867680400731487
2,101,ET,7386,1,1,0.986539763275499
2,101,ET,7386,1,1,0.986539763275499
2,101,ET,1406,1,1,0.9906774132610101
2,101,ET,2693,1,1,0.9887268893503272
2,101,ET,3965,1,1,0.6440986165385675
2,101,ET,5790,0,0,0.4147345612093452
2,101,ET,797,1,1,0.9502527545364113
2,101,ET,9528,1,1,0.7585567370889585
2,101,ET,1029,0,0,0.14361087480738657
2,101,ET,6864,1,1,0.9983917864240295
2,101,ET,8547,1,1,0.9782048328903855
2,101,ET,3296,1,1,0.9774821593147647
2,101,ET,1111,1,1,0.9824260108744163
2,101,ET,8513,1,1,0.9341944376895582
2,101,ET,6437,1,0,0.10277697275741365
2,101,ET,3361,1,1,0.9837861270697005
2,101,ET,8274,1,1,0.9989132729916165
2,101,ET,7005,1,0,0.10463724366517328
2,101,ET,4532,1,1,0.9992913786357115
2,101,ET,4236,1,1,0.9598134497078391
2,101,ET,5391,0,0,0.15484031153655378
2,101,ET,5945,0,0,0.3022609990237999
2,101,ET,7542,1,0,0.43375751541768476
2,101,ET,1516,1,1,0.9467192959672789
2,101,ET,2480,1,1,0.8698819784206634
2,101,ET,6368,1,0,0.29142534616184856
2,101,ET,1512,1,1,0.9960957532644408
2,101,ET,2708,1,0,0.03429686088718252
2,101,ET,3262,1,1,0.9737304860286522
2,101,ET,7961,1,1,0.974747318322951
2,101,ET,883,1,1,0.9065424859564712
2,101,ET,673,1,0,0.48130533263895336
2,101,ET,7316,0,0,0.16183076680984537
2,101,ET,3848,0,0,0.4630463903664779
2,101,ET,3406,1,0,0.05378346349086443
2,101,ET,1562,1,1,0.625228279825163
2,101,ET,7839,0,0,0.07306046547344325
2,101,ET,1483,1,1,0.8374344371035817
2,101,ET,8712,1,1,0.8895736555382543
2,101,ET,8231,1,1,0.9602211814871799
2,101,ET,3500,1,0,0.0004061221695032632
2,101,ET,4803,1,1,0.9589762597937674
2,101,ET,102,0,1,0.6234591561710312
2,101,ET,1582,1,1,0.8325227972965952
2,101,ET,5874,1,1,0.9957630581757829
2,101,ET,4879,1,1,0.9967076052923947
2,101,ET,5611,0,0,0.2575289604973804
2,101,ET,8021,1,1,0.9806194805121721
2,101,ET,4900,0,0,0.010728704381421969
2,101,ET,1324,1,1,0.9811676629942773
2,101,ET,4980,0,1,0.7610707744284405
2,101,ET,3526,1,1,0.9971786573489348
2,101,ET,6010,0,0,0.11518099999067659
2,101,ET,4046,1,1,0.9826025530166187
2,101,ET,5018,0,0,0.14959640807691257
2,101,ET,8214,1,0,0.3315491193726924
2,101,ET,5017,0,0,0.1529108191772682
2,101,ET,5668,0,1,0.6478651469120545
2,101,ET,3344,1,1,0.9266461084490424
2,101,ET,5377,0,0,0.1874863208722666
2,101,ET,2349,1,1,0.9023011011820865
2,101,ET,8536,1,1,0.748442819609927
2,101,ET,6705,0,0,0.25995929814850444
2,101,ET,4025,1,1,0.9327856069255125
2,101,ET,3290,1,0,0.007193316121822588
2,101,ET,1056,1,1,0.9922661410914183
2,101,ET,8122,0,0,0.1412809369031845
2,101,ET,4675,1,1,0.9934001507875776
2,101,ET,2389,1,1,0.9099979008185012
2,101,ET,3152,1,1,0.9916778749462222
2,101,ET,9347,1,1,0.97859887635681
2,101,ET,3672,1,1,0.9820689552185926
2,101,ET,727,1,1,0.8921247901599552
2,101,ET,5205,0,1,0.5112489473587079
2,101,ET,6402,1,1,0.9629296386365424
2,101,ET,2699,1,1,0.868253465988275
2,101,ET,3296,1,1,0.9774821593147647
2,101,ET,4978,0,0,0.4147214384458361
2,101,ET,1177,1,1,0.9637866046519247
2,101,ET,6591,1,1,0.5358198149813095
2,101,ET,23,0,1,0.5228839438294891
2,101,ET,4266,1,1,0.9643509331341602
2,101,ET,7877,1,1,0.904985655876496
2,101,ET,9222,1,0,0.42092572404707
2,101,ET,8706,1,1,0.8932039437807592
2,101,ET,3643,1,1,0.968309427759154
2,101,ET,4019,0,0,0.13263529044750322
2,101,ET,1120,1,1,1.0
2,101,ET,9014,1,1,0.774690830258257
2,101,ET,2604,1,1,0.997878249829057
2,101,ET,9207,1,1,0.9945619161400248
2,101,ET,2718,1,1,0.983834098974899
2,101,ET,3344,1,1,0.9266461084490424
2,101,ET,2643,1,1,0.9801810438506711
2,101,ET,2438,1,1,0.9951933349788729
2,101,ET,7405,0,0,0.05378346349086443
2,101,ET,8362,0,0,0.2944668627218787
2,101,ET,4770,0,0,0.013578727360073505
2,101,ET,5740,0,1,0.8070770016642723
2,101,ET,5061,0,0,0.42303784608060335
2,101,ET,2860,1,0,0.128763751361532
2,101,ET,2316,1,1,0.9535298077103683
2,101,ET,3030,1,1,0.9993360012531092
2,101,ET,3577,1,1,0.6166597225011298
2,101,ET,893,1,0,0.4636923574168698
2,101,ET,1098,0,0,0.12433868038212845
2,101,ET,5849,1,1,0.9957338695862994
2,101,ET,4495,0,0,0.11833330976755439
2,101,ET,2480,1,1,0.8698819784206634
2,101,ET,9449,1,1,0.8873440872263623
2,101,ET,3858,1,0,0.33896012704122513
2,101,ET,8443,0,0,0.12929039543667403
2,101,ET,4196,1,1,0.983471094746173
2,101,ET,4717,0,0,0.14450182817650048
2,101,ET,249,1,1,0.6292055377082232
2,101,ET,4775,0,0,0.47447255944458894
2,101,ET,2487,0,0,0.34799599210002835
2,101,ET,4670,1,1,0.9974784255090925
2,101,ET,587,1,1,0.8561268275859416
2,101,ET,6218,0,0,0.4713718337437247
2,101,ET,5966,1,0,0.23678038796993478
2,101,ET,5435,0,1,0.5728196320155974
2,101,ET,6576,1,1,0.9944746003328933
2,101,ET,8382,0,0,0.0055204845885589325
2,101,ET,6062,1,1,0.9950840897860633
2,101,ET,249,1,1,0.6292055377082232
2,101,ET,9177,1,1,0.746020582281668
2,101,ET,2371,1,1,0.9298388940985899
2,101,ET,5445,0,0,0.23356908402413146
2,101,ET,7403,1,1,0.9910153096002033
2,101,ET,1999,0,0,0.2944269820200542
2,101,ET,4541,1,1,0.9657443671951159
2,101,ET,978,1,1,0.9774695979845323
2,101,ET,8712,1,1,0.8895736555382543
2,101,ET,672,1,1,0.9665401148145641
2,101,ET,426,1,1,0.6919849811006221
2,101,ET,7183,0,0,0.13847817143386967
2,101,ET,1271,1,1,0.9968660074165635
2,101,ET,9570,1,1,0.9691362244959827
2,101,ET,5611,0,0,0.2575289604973804
2,101,ET,4626,1,1,0.7935288797520008
2,101,ET,2346,1,1,0.9886669246135564
2,101,ET,8570,1,1,0.9320570437266724
2,101,ET,1349,1,1,0.9163200888952584
2,101,ET,4221,0,0,0.2442886143573992
2,101,ET,3546,1,1,0.9401172931864009
2,101,ET,8200,0,0,0.057949908396414014
2,101,ET,3037,1,1,0.9967465153964015
2,101,ET,3500,1,0,0.0004061221695032632
2,101,ET,8875,1,1,0.9780512630743502
2,101,ET,8615,1,1,0.5995308508915758
2,101,ET,505,1,1,0.9460710334313789
2,101,ET,2600,1,1,0.9824260108744163
2,101,ET,6645,1,1,0.8970793607345414
2,101,ET,1533,1,1,0.8832131379055728
2,101,ET,7314,1,1,0.9361612876797234
2,101,ET,2626,1,1,0.9926776423460922
2,101,ET,6682,1,0,0.09208171780455023
2,101,ET,9042,1,1,0.6118764263900921
2,101,ET,293,1,1,0.9300963513173135
2,101,ET,209,0,0,0.31979250416245986
2,101,ET,9177,1,1,0.746020582281668
2,101,ET,8056,1,1,0.9460230075761481
2,101,ET,7912,1,1,0.5061073888361993
2,101,ET,6698,1,0,0.19335262144442464
2,101,ET,4405,1,1,0.9727137946210453
2,101,ET,5560,0,0,0.33287927597013683
2,101,ET,4577,1,1,1.0
2,101,ET,4238,0,0,0.006552739042968048
2,101,ET,4317,1,1,0.9860788649521577
2,101,ET,4590,1,1,1.0
2,101,ET,2508,1,1,0.9811918992489058
2,101,ET,6383,1,1,0.9693361048698329
2,101,ET,7410,1,0,0.3702451475557446
2,101,ET,1685,1,1,0.9497527031953528
2,101,ET,3416,1,0,0.23151186113410413
2,101,ET,3037,1,1,0.9967465153964015
2,101,ET,7117,1,0,0.1466352093830182
2,101,ET,2819,1,1,0.9794207787418754
2,101,ET,1915,0,0,0.10753986075318402
2,101,ET,8637,1,1,0.9968660074165635
2,101,ET,4213,1,1,0.9625639346616198
2,101,ET,639,1,1,0.9895614538513856
2,101,ET,4298,0,0,0.28526824343361407
2,101,ET,6836,0,0,0.22782580472215738
2,101,ET,6596,1,1,0.9527228403654249
2,101,ET,7947,1,0,0.3721696181302226
2,101,ET,8128,0,0,0.05564504788133426
2,101,ET,1689,1,1,0.9295080818501268
2,101,ET,8926,1,1,0.9614579506110589
2,101,ET,5846,1,0,0.0006168685598264952
2,101,ET,1420,1,1,0.9997619454485704
2,101,ET,490,1,1,0.9107520531248561
2,101,ET,3312,0,0,0.015653675855844824
2,101,ET,7615,0,0,0.44423224248815296
2,101,ET,2384,1,1,0.8414519719640319
2,101,ET,4067,1,1,0.9996727699813287
2,101,ET,8890,1,1,0.8902089162416256
2,101,ET,2489,1,0,0.1603377136711759
2,101,ET,8294,0,0,0.21408093501380449
2,101,ET,8471,0,1,0.5421087072812946
2,101,ET,7080,0,0,0.18448762390808265
2,101,ET,5347,0,0,0.266733188190118
2,101,ET,2728,1,1,0.9993455399626573
2,101,ET,2361,1,1,0.9325584197497735
2,101,ET,1275,1,1,0.998640204299891
2,101,ET,8856,1,1,0.9967276998132866
2,101,ET,5445,0,0,0.23356908402413146
2,101,ET,4940,0,0,0.34930646261758735
2,101,ET,5671,0,1,0.6309207700686319
2,101,ET,8627,1,1,0.9680045059716523
2,101,ET,3753,1,1,0.8296669236390396
2,101,ET,5885,1,1,0.9972350865268157
2,101,ET,4467,1,1,0.9081153198169786
2,101,ET,7335,1,1,0.9954824985112257
2,101,ET,3774,0,1,0.7419782104802272
2,101,ET,2097,1,1,0.9847603204813158
2,101,ET,1712,1,1,0.99837002380496
2,101,ET,3409,1,1,0.8775088084447816
2,101,ET,8930,1,1,0.7005125296201865
2,101,ET,8140,1,1,0.9614029608524247
2,101,ET,8470,0,0,0.12433868038212845
2,101,ET,4782,1,1,1.0
2,101,ET,3670,1,1,0.9712598040747051
2,101,ET,6301,1,0,0.13847817143386967
2,101,ET,4539,1,1,0.9990814253904536
2,101,ET,3990,1,1,0.9847188455197692
2,101,ET,1349,1,1,0.9163200888952584
2,101,ET,8855,1,1,0.9683146447917492
2,101,ET,6429,1,1,0.9834577765998057
2,101,ET,9491,1,1,0.9738066874005568
2,101,ET,1194,1,1,0.9882328512842312
2,101,ET,6121,1,0,0.4051806295991368
2,101,ET,9301,1,1,0.9471590400422055
2,101,ET,7781,0,0,0.038911821967404114
2,101,ET,2788,0,0,0.30461402628382617
2,101,ET,8168,0,1,0.7131656228515851
2,101,ET,2608,1,1,0.9977078096997124
2,101,ET,8319,0,0,0.15275431902519915
2,101,ET,4879,1,1,0.9967076052923947
2,101,ET,6275,1,0,0.019380789121785563
2,101,ET,4491,1,1,0.9401172931864009
2,101,ET,300,1,1,0.8248092353701554
2,101,ET,7796,0,0,0.04256242366047778
2,101,ET,2478,0,0,0.37998868834455884
2,101,ET,401,1,1,0.8236213960485004
2,101,ET,5751,0,1,0.574018255902917
2,101,ET,1858,1,1,0.6574450709764655
2,101,ET,4269,0,0,0.2944668627218787
2,101,ET,3569,1,0,0.35452586250460605
2,101,ET,7183,0,0,0.13847817143386967
2,101,ET,7347,1,0,0.10123477573435358
2,101,ET,6728,0,0,0.4801910930049872
2,101,ET,1226,1,1,0.8811714791663501
2,101,ET,3415,1,0,0.44435183516958565
2,101,ET,5780,0,0,0.20640620367633308
2,101,ET,4665,1,1,0.9516963239319279
2,101,ET,4925,0,1,0.5015793132259929
2,101,ET,4087,1,1,0.7485739351306164
2,101,ET,587,1,1,0.8561268275859416
2,101,ET,4606,1,1,0.9929471118547109
2,101,ET,5205,0,1,0.5112489473587079
2,101,ET,6326,0,0,0.0015748703350141869
2,101,ET,5036,1,1,0.5912734035228061
2,101,ET,352,0,1,0.7467877732378897
2,101,ET,4564,1,1,0.9962047076622116
2,101,ET,6196,1,1,0.8375869665769139
2,101,ET,9086,1,1,0.8327265146017533
2,101,ET,7481,0,1,0.9031838406744246
2,101,ET,2205,1,1,0.7315224507299521
2,101,ET,8717,1,1,0.9512527181050832
2,101,ET,9513,1,1,0.9806608445251335
2,101,ET,4761,0,0,0.21581876282579476
2,101,ET,4925,0,1,0.5015793132259929
2,101,ET,593,1,1,0.9728839098681276
2,101,ET,4932,1,1,0.9774581238037962
2,101,ET,8135,1,1,1.0
2,101,ET,731,1,1,0.8954005074953442
2,101,ET,7647,0,1,0.7832841528560784
2,101,ET,8832,1,1,0.9949553476021504
2,101,ET,3827,1,1,0.6192823823924156
2,101,ET,784,1,1,1.0
2,101,ET,3400,1,1,0.978939548886378
2,101,ET,9337,1,1,0.9997619454485704
2,101,ET,8170,1,1,0.9729053529470917
2,101,ET,7455,1,1,0.9701801269272295
2,101,ET,8360,0,0,0.11711178796853695
2,101,ET,6796,1,1,0.9801633853577377
2,101,ET,4630,1,1,0.9993455399626573
2,101,ET,8672,1,1,0.9219392708815282
2,101,ET,853,1,1,0.9226409879410673
2,101,ET,3282,1,1,0.9820217853324711
2,101,ET,5671,0,1,0.6309207700686319
2,101,ET,6896,1,1,0.9645500848592358
2,101,ET,9167,1,1,0.8912397157958682
2,101,ET,1786,1,1,0.9885489293432822
2,101,ET,5927,1,1,0.9316176338589233
2,101,ET,8125,1,0,0.3126037610817899
2,101,ET,149,1,1,0.7780172094676902
2,101,ET,9567,1,1,0.9100202735702265
2,101,ET,8451,0,0,0.28773490114904604
2,101,ET,9300,1,1,0.994414688397527
2,101,ET,1840,1,1,0.9724994465403849
2,101,ET,4087,1,1,0.7485739351306164
2,101,ET,5383,0,0,0.1618735531412716
2,101,ET,2643,1,1,0.9801810438506711
2,101,ET,1981,1,1,0.9328638465337751
2,101,ET,1034,1,1,0.9777658720525806
2,101,ET,5205,0,1,0.5112489473587079
2,101,ET,6190,1,1,0.850824579172
2,101,ET,6129,1,1,0.9797508403370051
2,101,ET,2287,1,1,0.933276671200928
2,101,ET,4950,1,1,0.8334409687692644
2,101,ET,1177,1,1,0.9637866046519247
2,101,ET,6599,1,1,0.9811934297992538
2,101,ET,5806,1,1,0.799977369560632
2,101,ET,7839,0,0,0.07306046547344325
2,101,ET,6047,1,1,0.9967649881915013
2,101,ET,5205,0,1,0.5112489473587079
2,101,ET,5283,0,1,0.5571268213186443
2,101,ET,1637,1,1,0.9540260258376835
2,101,ET,6475,1,1,0.9973331846252403
2,101,ET,1858,1,1,0.6574450709764655
2,101,ET,4303,0,0,0.2156381618761706
2,101,ET,4579,1,1,0.9853325652074858
2,101,ET,9117,1,1,0.934577916683093
2,101,ET,8696,1,1,0.9480090472762356
2,101,ET,2500,1,1,0.8647003266727147
2,101,ET,5004,0,1,0.5113031430956325
2,101,ET,5436,0,1,0.7424456829417954
2,101,ET,8817,1,1,0.7994786220885068
2,101,ET,7448,0,0,0.10163584917712482
2,101,ET,259,1,1,0.9311171285067621
2,101,ET,8378,0,0,0.1775832073309909
2,101,ET,4569,0,0,0.010490886644857983
2,101,ET,4945,0,0,0.4084437803445495
2,101,ET,4389,0,0,0.248315379454515
2,101,ET,9494,1,1,0.9911511617470405
2,101,ET,5680,0,0,0.35675463583540096
2,101,ET,2555,1,0,0.0009088827610907742
2,101,ET,7458,1,1,0.9948731160616181
2,101,ET,7796,0,0,0.04256242366047778
2,101,ET,5348,0,0,0.26232863266549494
2,101,ET,4490,0,0,0.01328213404039204
2,101,ET,8287,0,0,0.17269989585929024
2,101,ET,2811,1,0,0.12317157539612084
2,101,ET,6643,1,1,0.9874706186371149
2,101,ET,5905,1,1,0.9994693723506946
2,101,ET,9311,1,1,0.9363259789636029
2,101,ET,8214,1,0,0.3315491193726924
2,101,ET,5241,0,0,0.35631426461192467
2,101,ET,9235,1,1,0.9181803410454076
2,101,ET,5882,1,0,0.170592797022142
2,101,ET,2799,1,0,0.02584062240336474
2,101,ET,2728,1,1,0.9993455399626573
2,101,ET,2967,1,1,0.9720966696071146
2,101,ET,9167,1,1,0.8912397157958682
2,101,ET,4948,0,0,0.01695963855684779
2,101,ET,5579,0,1,0.7966970225768879
2,101,ET,9314,1,1,0.9796781325574316
2,101,ET,1938,1,1,0.9862945840988026
2,101,ET,5797,0,0,0.2885930930783125
2,101,ET,5561,0,0,0.49852751325693373
2,101,ET,2028,1,1,0.988584014041399
2,101,ET,6596,1,1,0.9527228403654249
2,101,ET,8715,1,1,0.8390935423249235
2,101,ET,5347,0,0,0.266733188190118
2,101,ET,1705,0,0,0.20384375201136515
2,101,ET,9539,1,1,0.9718913924014917
2,101,ET,5867,1,1,0.8550264711636789
2,101,ET,5139,1,1,0.9891682927233721
2,101,ET,4495,0,0,0.11833330976755439
2,101,ET,3023,1,1,0.9388846298802784
2,101,ET,5531,0,1,0.5274630352457913
2,101,ET,6827,1,1,0.9977787773555816
2,101,ET,2613,1,1,1.0
2,101,ET,3090,1,1,0.9651022812986573
2,101,ET,7091,1,1,0.9309393019534477
2,101,ET,2436,1,1,0.9986763243038559
2,101,ET,4067,1,1,0.9996727699813287
2,101,ET,8336,0,0,0.010790147341272857
2,101,ET,2436,1,1,0.9986763243038559
2,101,ET,7441,1,0,0.49555666417340144
2,101,ET,6915,1,1,0.9997551802112506
2,101,ET,1397,1,1,0.953053519312549
2,101,ET,7604,0,1,0.808259899415025
2,101,ET,1350,1,1,0.8887354234516404
2,101,ET,7129,0,1,0.5347906819593806
2,101,ET,7818,0,1,0.6435583432424503
2,101,ET,4775,0,0,0.47447255944458894
2,101,ET,6070,1,1,0.9968139634168901
2,101,ET,1780,1,1,0.9957111596149218
2,101,ET,2273,1,1,0.9274995106319802
2,101,ET,4329,0,0,0.12117580848551558
2,101,ET,5356,0,0,0.26887295417796786
2,101,ET,8434,0,0,0.11747231895095647
2,101,ET,129,0,1,0.6160870380597432
2,101,ET,8122,0,0,0.1412809369031845
2,101,ET,3546,1,1,0.9401172931864009
2,101,ET,8183,1,1,0.9283954949007903
2,101,ET,8513,1,1,0.9341944376895582
2,101,ET,8740,1,1,0.8757455943841146
2,101,ET,610,1,1,0.8525049323112182
2,101,ET,5849,1,1,0.9957338695862994
2,101,ET,508,1,1,0.5049363635397596
2,101,ET,6827,1,1,0.9977787773555816
2,101,ET,9048,1,1,0.6271605364960436
2,101,ET,7637,0,0,0.358643341653993
2,101,ET,8930,1,1,0.7005125296201865
2,101,ET,3033,1,0,0.3126037610817899
2,101,ET,8930,1,1,0.7005125296201865
2,101,ET,9539,1,1,0.9718913924014917
2,101,ET,2785,1,0,0.020678301301202868
2,101,ET,8247,1,1,0.9401870120353885
2,101,ET,8644,1,1,0.9985591149403344
2,101,ET,6826,1,1,0.9989165586931388
2,101,ET,5332,0,0,0.11441529235348648
2,101,ET,971,1,1,0.9991761123400883
2,101,ET,846,1,1,0.9622728464977915
2,101,ET,2863,1,1,0.9916369065174092
2,101,ET,4016,1,1,0.9278486931133538
2,101,ET,4952,0,0,0.09991117214563676
2,101,ET,1688,1,1,0.9043614572953355
2,101,ET,2520,1,1,0.9852556587366689
2,101,ET,7961,1,1,0.974747318322951
2,101,ET,3353,1,0,0.0055204845885589325
2,101,ET,3672,1,1,0.9820689552185926
2,101,ET,6617,1,1,0.9342327574451357
2,101,ET,5004,0,1,0.5113031430956325
2,101,ET,9148,1,1,0.6372138893001968
2,101,ET,8459,0,0,0.2254225915921393
2,101,ET,2296,1,1,0.6083112866724542
2,101,ET,4717,0,0,0.14450182817650048
2,101,ET,6727,0,0,0.09617958356220334
2,101,ET,8606,1,1,0.8354736613347433
2,101,ET,2512,1,1,0.951533519136169
2,101,ET,8076,1,1,0.9785920098279997
2,101,ET,163,0,0,0.16803535364470512
2,101,ET,6152,1,0,0.16318737977549072
2,101,ET,4808,1,1,0.9964182941903584
2,101,ET,9085,1,1,0.9454875810513597
2,101,ET,4105,0,0,0.44594062920499633
2,101,ET,2316,1,1,0.9535298077103683
2,101,ET,8933,1,1,0.9429111655177747
2,101,ET,506,1,1,0.875128424637761
2,101,ET,4517,1,1,0.9671022252703187
2,101,ET,5790,0,0,0.4147345612093452
2,101,ET,5410,0,0,0.20991479592917103
2,101,ET,8365,0,0,0.0003252518124209907
2,101,ET,4658,1,1,0.9756122875190025
2,101,ET,4319,1,1,0.8498830852412627
2,101,ET,6190,1,1,0.850824579172
2,101,ET,3774,0,1,0.7419782104802272
2,101,ET,5491,0,0,0.35987538890465176
2,101,ET,4801,1,1,0.9986739245936105
2,101,ET,6092,1,1,0.9984441268549212
2,101,ET,8339,0,0,0.26251824180641276
2,101,ET,1893,0,0,0.09187857215102391
2,101,ET,4686,1,1,0.9984441268549212
2,101,ET,8811,1,1,0.9746741303379343
2,101,ET,5848,1,1,0.9598679975199114
2,101,ET,6929,1,1,0.9965320781663632
2,101,ET,4943,0,1,0.6013302423315429
2,101,ET,4770,0,0,0.013578727360073505
2,101,ET,3374,1,1,0.9817188143938493
2,101,ET,8907,1,1,0.8014589490216469
2,101,ET,147,0,0,0.29245097763877403
2,101,ET,9146,1,1,0.8724275849888863
2,101,ET,8804,1,1,0.8324681803389162
2,101,ET,564,1,1,0.7414811130660981
2,101,ET,754,1,1,0.9291562342199614
2,101,ET,2985,1,1,0.992172734693523
2,101,ET,4012,1,1,0.9671328622784511
2,101,ET,5190,0,0,0.395445715667215
2,101,ET,1174,1,1,0.7485739351306164
2,101,ET,8706,1,1,0.8932039437807592
2,101,ET,9159,1,1,0.879959436890267
2,101,ET,6802,0,0,0.3476029219616145
2,101,ET,4267,1,1,0.9855807547527272
2,101,ET,3500,1,0,0.0004061221695032632
2,101,ET,1104,1,1,0.9775808042384113
2,101,ET,1403,1,1,0.8010005902831938
2,101,ET,5953,1,1,0.9871603879597434
2,101,ET,3861,1,1,0.6008836502966204
2,101,ET,9048,1,1,0.6271605364960436
2,101,ET,3282,1,1,0.9820217853324711
2,101,ET,7120,0,0,0.3106960895284181
2,101,ET,6450,1,1,0.9965025724201079
2,101,ET,2693,1,1,0.9887268893503272
2,101,ET,8606,1,1,0.8354736613347433
2,101,ET,3943,1,1,0.5086694467307843
2,101,ET,7615,0,0,0.44423224248815296
2,101,ET,2858,1,0,0.17269989585929024
2,101,ET,259,1,1,0.9311171285067621
2,101,ET,1352,1,1,0.7973767658974223
2,101,ET,2069,0,0,0.08411380940076782
2,101,ET,7750,0,0,0.40014460369565874
2,101,ET,3968,1,1,0.6725976042582473
2,101,ET,6121,1,0,0.4051806295991368
2,101,ET,4168,0,0,0.01013105012463037
2,101,ET,3089,1,1,0.9420874464285652
2,101,ET,344,1,1,0.9460230075761481
2,101,ET,3763,1,1,0.6530337180819628
2,101,ET,2373,1,1,0.9569448940869612
2,101,ET,4833,1,1,0.9960201384154898
2,101,ET,4541,1,1,0.9657443671951159
2,101,ET,4670,1,1,0.9974784255090925
2,101,ET,3485,1,1,0.9977991811844587
2,101,ET,3313,1,1,0.9137404931312474
2,101,ET,6275,1,0,0.019380789121785563
2,101,ET,672,1,1,0.9665401148145641
2,101,ET,1120,1,1,1.0
2,101,ET,7615,0,0,0.44423224248815296
2,101,ET,7217,0,0,0.09187857215102391
2,101,ET,6534,1,1,0.8288965317642764
2,101,ET,8351,0,0,0.010773934149434995
2,101,ET,6983,1,1,0.8378603873494043
2,101,ET,1587,0,0,0.12124599822979903
2,101,ET,4241,0,0,0.17269989585929024
2,101,ET,5571,0,0,0.40349947340609504
2,101,ET,4895,0,1,0.5751482853700469
2,101,ET,3230,1,0,0.29884797498604787
2,101,ET,6109,1,1,0.992933156200777
2,101,ET,5671,0,1,0.6309207700686319
2,101,ET,5980,1,1,0.9996218943559051
2,101,ET,9086,1,1,0.8327265146017533
2,101,ET,5203,0,0,0.30452379684373115
2,101,ET,8509,1,1,0.6557215727884855
2,101,ET,3612,0,0,0.00033365383040253346
2,101,ET,3026,1,1,0.9848696403787595
2,101,ET,4138,0,0,0.27897507077771044
2,101,ET,8891,1,1,0.8948445282059653
2,101,ET,2608,1,1,0.9977078096997124
2,101,ET,508,1,1,0.5049363635397596
2,101,ET,8112,1,1,0.9972688302226261
2,101,ET,592,1,1,0.9661861572163309
2,101,ET,2493,0,0,0.4777040790287237
2,101,ET,5894,1,1,1.0
2,101,ET,4926,0,0,0.009605363226704395
2,101,ET,507,1,1,0.8473739331945015
2,101,ET,2493,0,0,0.4777040790287237
2,101,ET,5555,0,1,0.8464755492286316
2,101,ET,6829,1,1,0.9834784002152164
2,101,ET,7045,0,0,0.0025513893797678936
2,101,ET,9301,1,1,0.9471590400422055
2,101,ET,9541,1,1,0.9462077131702754
2,101,ET,8257,1,1,0.9733956450389323
2,101,ET,7162,1,0,0.0540084938216007
2,101,ET,5710,0,0,0.3474343133322316
2,101,ET,5841,1,1,0.9847188455197692
2,101,ET,877,1,1,0.9887350206653748
2,101,ET,5561,0,0,0.49852751325693373
2,101,ET,4067,1,1,0.9996727699813287
2,101,ET,9504,1,1,0.8396484916536383
2,101,ET,8336,0,0,0.010790147341272857
2,101,ET,1981,1,1,0.9328638465337751
2,101,ET,8803,1,1,0.5004389812519979
2,101,ET,7853,1,1,0.975362331190909
2,101,ET,3538,1,1,0.9599407828063033
2,101,ET,6196,1,1,0.8375869665769139
2,101,ET,4541,1,1,0.9657443671951159
2,101,ET,727,1,1,0.8921247901599552
2,101,ET,1089,1,1,0.9502128030492685
2,101,ET,5332,0,0,0.11441529235348648
2,101,ET,2004,1,1,0.9986568603213843
2,101,ET,3201,0,0,0.0006630571296562205
2,101,ET,9437,1,1,0.9779493770626373
2,101,ET,4317,1,1,0.9860788649521577
2,101,ET,1600,0,0,0.2906851166650773
2,101,ET,3663,1,1,0.9820949646873206
2,101,ET,7234,0,0,0.27641265304091195
2,101,ET,6070,1,1,0.9968139634168901
2,101,ET,1954,1,1,0.9407971862814262
2,101,ET,2045,1,1,0.9910021575110345
2,101,ET,5976,0,0,0.21741811623433788
2,101,ET,4880,1,1,0.9925197841323786
2,101,ET,3033,1,0,0.3126037610817899
2,101,ET,8257,1,1,0.9733956450389323
2,101,ET,799,1,1,0.8310283530873804
2,101,ET,2188,1,1,0.8054166235097654
2,101,ET,4226,1,1,0.9988822390728883
2,101,ET,5600,0,1,0.7444047895811401
2,101,ET,4274,1,1,0.9993455399626573
2,101,ET,5336,0,0,0.08968920468537334
2,101,ET,344,1,1,0.9460230075761481
2,101,ET,1416,1,1,0.9965320781663632
2,101,ET,1656,1,1,0.9794926015167901
2,101,ET,7635,0,1,0.7426440926899612
2,101,ET,5581,1,0,0.3238092508595103
2,101,ET,4577,1,1,1.0
2,101,ET,3851,0,0,0.2800647250666926
2,101,ET,8718,1,1,0.966038427779261
2,101,ET,7635,0,1,0.7426440926899612
2,101,ET,1029,0,0,0.14361087480738657
2,101,ET,1367,1,1,0.9992437887118101
2,101,ET,3228,0,0,0.054067340199462285
2,101,ET,8377,0,0,0.12059658702593139
2,101,ET,3941,1,0,0.48223648973272953
2,101,ET,2368,1,1,0.931971205980491
2,101,ET,413,1,1,0.6998112406555268
2,101,ET,950,1,1,0.9985065356042543
2,101,ET,5786,0,1,0.6281644924181771
2,101,ET,7664,0,0,0.26983191180748756
2,101,ET,1190,1,1,0.9199144232753796
2,101,ET,9059,1,1,0.6720390107624827
2,101,ET,1664,1,1,0.9634184395541988
2,101,ET,8036,0,0,0.09162456345411102
2,101,ET,3721,0,1,0.7621066152325542
2,101,ET,2368,1,1,0.931971205980491
2,101,ET,950,1,1,0.9985065356042543
2,101,ET,2228,1,1,0.9188288941745955
2,101,ET,4754,0,0,0.3886492957634535
2,101,ET,2979,1,1,0.9904147978578988
2,101,ET,5568,0,0,0.21133680200838803
2,101,ET,7327,1,1,0.9914387052036003
2,101,ET,5205,0,1,0.5112489473587079
2,101,ET,9038,1,1,0.9232697618863367
2,101,ET,174,1,1,0.9329126331971893
2,101,ET,532,1,1,0.5123156131099227
2,101,ET,3026,1,1,0.9848696403787595
2,101,ET,673,1,0,0.48130533263895336
2,101,ET,3262,1,1,0.9737304860286522
2,101,ET,2295,0,0,0.18836213334907362
2,101,ET,4541,1,1,0.9657443671951159
2,101,ET,4383,1,1,1.0
2,101,ET,1621,1,1,0.7060156378922712
2,101,ET,1840,1,1,0.9724994465403849
2,101,ET,7699,1,1,0.9622703480679712
2,101,ET,4367,0,0,0.4625878697640253
2,101,ET,8936,1,1,0.9942065259299934
2,101,ET,1590,1,1,0.9369714862880787
2,101,ET,8023,1,1,0.928798141017991
2,101,ET,6650,1,1,0.9841660206496914
2,101,ET,7887,0,0,0.39648601704577563
2,101,ET,8777,1,1,0.8685816266986883
2,101,ET,1772,1,1,0.9453246839419327
2,101,ET,4287,1,1,0.997215444279938
2,101,ET,2515,1,1,0.9741280380302054
2,101,ET,2480,1,1,0.8698819784206634
2,101,ET,6302,0,0,0.2922299264118112
2,101,ET,6534,1,1,0.8288965317642764
2,101,ET,4801,1,1,0.9986739245936105
2,101,ET,5389,1,1,0.7125438126824546
2,101,ET,7962,1,1,0.9994149274489382
2,101,ET,813,1,1,0.9696787419464972
2,101,ET,2475,1,1,0.709708497599651
2,101,ET,4782,1,1,1.0
2,101,ET,3372,1,1,0.9427685832595405
2,101,ET,1870,1,1,0.9892837963064868
2,101,ET,4715,1,1,0.9730406745028822
2,101,ET,8698,1,1,0.9929739508229902
2,101,ET,2267,1,1,0.6162797709659359
2,101,ET,9177,1,1,0.746020582281668
2,101,ET,3319,1,1,0.6883135429430765
2,101,ET,2741,1,0,0.22799599288091746
2,101,ET,4645,0,0,0.10666188572978216
2,101,ET,7059,1,1,0.850824579172
2,101,ET,9131,1,1,0.9100452974822671
2,101,ET,9534,1,1,0.9348529988069917
2,101,ET,4031,1,1,0.9891206909677175
2,101,ET,4665,1,1,0.9516963239319279
2,101,ET,3353,1,0,0.0055204845885589325
2,101,ET,9154,1,1,0.9550572120333004
2,101,ET,6088,1,1,0.9957768357346444
2,101,ET,4266,1,1,0.9643509331341602
2,101,ET,9491,1,1,0.9738066874005568
2,101,ET,3801,0,0,0.3599884516510359
2,101,ET,5027,0,0,0.2995084791629063
2,101,ET,834,1,1,0.9747526167402436
2,101,ET,4101,0,0,0.10440352230426882
2,101,ET,7073,1,0,0.03178687373976178
2,101,ET,8108,1,1,0.9905814729094963
2,101,ET,4072,0,0,0.0061496093525885386
2,101,ET,2792,1,1,0.9894091168419826
2,101,ET,5159,1,1,0.886887220329733
2,101,ET,3219,1,0,0.001994816548081339
2,101,ET,8811,1,1,0.9746741303379343
2,101,ET,5547,0,1,0.774637249364774
2,101,ET,2230,1,1,0.8850554933335916
2,101,ET,505,1,1,0.9460710334313789
2,101,ET,3625,1,1,0.9786928110709072
2,101,ET,211,1,1,0.8291076212477847
2,101,ET,7615,0,0,0.44423224248815296
2,101,ET,1511,1,1,0.9503048479505507
2,101,ET,2654,1,0,0.3022609990237999
2,101,ET,1425,1,1,0.9740822977270116
2,101,ET,2622,0,0,0.00040576988722679865
2,101,ET,2030,0,0,0.10493209729233448
2,101,ET,2027,1,1,0.986539763275499
2,101,ET,556,1,1,0.7872445911069134
2,101,ET,5962,1,1,0.9882328512842312
2,101,ET,3855,1,1,0.9346178759114977
2,101,ET,6745,1,1,0.9975583261959897
2,101,ET,7524,1,1,0.9772330739007515
2,101,ET,9316,1,1,0.9972006001711188
2,101,ET,6573,0,0,0.08779631813019048
2,101,ET,3569,1,0,0.35452586250460605
2,101,ET,8108,1,1,0.9905814729094963
2,101,ET,2377,1,1,0.8864437232190276
2,101,ET,7129,0,1,0.5347906819593806
2,101,ET,6454,1,1,0.9581680925145658
2,101,ET,2295,0,0,0.18836213334907362
2,101,ET,5495,1,0,0.41911346782440223
2,101,ET,7217,0,0,0.09187857215102391
2,101,ET,4331,0,0,0.20032707434322683
2,101,ET,3942,1,0,0.48223648973272953
2,101,ET,814,1,1,0.9615808833184907
2,101,ET,4345,1,1,0.8806585489441033
2,101,ET,2320,1,1,0.9670478214473303
2,101,ET,8816,1,1,0.8973423534872976
2,101,ET,8589,1,1,0.9221376285069294
2,101,ET,5516,1,1,0.5636005252448497
2,101,ET,9244,1,1,0.997878249829057
2,101,ET,9550,1,1,0.9598078485808751
2,101,ET,7115,0,0,0.21060436363060422
2,101,ET,1915,0,0,0.10753986075318402
2,101,ET,4491,1,1,0.9401172931864009
2,101,ET,5404,0,0,0.4686897840617822
2,101,ET,5352,0,1,0.586302591047539
2,101,ET,6543,1,1,0.9925941974451459
2,101,ET,7026,0,0,0.29213586638522326
2,101,ET,2189,1,1,0.9908941081632845
2,101,ET,9090,1,1,0.837650467416431
2,101,ET,3691,1,1,0.9993837746308711
2,101,ET,1516,1,1,0.9467192959672789
2,101,ET,672,1,1,0.9665401148145641
2,101,ET,2508,1,1,0.9811918992489058
2,101,ET,1104,1,1,0.9775808042384113
2,101,ET,668,1,1,0.7251790349547719
2,101,ET,823,1,1,0.9696787419464972
2,101,ET,7604,0,1,0.808259899415025
2,101,ET,7410,1,0,0.3702451475557446
2,101,ET,9460,1,1,0.90330583626681
2,101,ET,2239,1,1,0.9308678343385856
2,101,ET,8791,1,1,0.8900088439080677
2,101,ET,9000,1,1,0.9252968113256669
2,101,ET,5531,0,1,0.5274630352457913
2,101,ET,8777,1,1,0.8685816266986883
2,101,ET,7911,0,0,0.41114757537159147
2,101,ET,291,1,1,0.5660029951698123
2,101,ET,9288,1,1,0.96108206587716
2,101,ET,5780,0,0,0.20640620367633308
2,101,ET,359,1,1,0.7593835899010712
2,101,ET,1242,1,1,0.8480710779300956
2,101,ET,1712,1,1,0.99837002380496
2,101,ET,9539,1,1,0.9718913924014917
2,101,ET,9524,1,1,0.9935524984281574
2,101,ET,9038,1,1,0.9232697618863367
2,101,ET,6923,1,1,0.9982919557766969
2,101,ET,4278,1,1,0.9985587639672165
2,101,ET,8804,1,1,0.8324681803389162
2,101,ET,3374,1,1,0.9817188143938493
2,101,ET,2374,1,1,0.98650969842459
2,101,ET,823,1,1,0.9696787419464972
2,101,ET,7337,1,1,0.9647314766977009
2,101,ET,4840,1,1,0.9105968706706025
2,101,ET,9334,1,1,0.9973700260732645
2,101,ET,645,1,1,0.5551583626763763
2,101,ET,7649,0,1,0.7593197645165383
2,101,ET,4387,0,0,0.003969161217773593
2,101,ET,2478,0,0,0.37998868834455884
2,101,ET,8025,1,1,0.9882273894247733
2,101,ET,5140,1,1,0.9024558678059105
2,101,ET,8251,1,1,0.7991702131152623
2,101,ET,507,1,1,0.8473739331945015
2,101,ET,3376,0,0,0.016429309539158145
2,101,ET,5367,0,1,0.8964472141798715
2,101,ET,5751,0,1,0.574018255902917
2,101,ET,2377,1,1,0.8864437232190276
2,101,ET,5469,0,0,0.3541830447236099
2,101,ET,5535,0,0,0.28518312447057037
2,101,ET,5794,0,0,0.4009866953302234
2,101,ET,6894,1,1,0.9557496749518799
2,101,ET,371,1,1,0.7788692996607448
2,101,ET,5140,1,1,0.9024558678059105
2,101,ET,4925,0,1,0.5015793132259929
2,101,ET,1590,1,1,0.9369714862880787
2,101,ET,4338,0,0,0.002950958336131717
2,101,ET,7403,1,1,0.9910153096002033
2,101,ET,5375,0,0,0.0006630571296562205
2,101,ET,1873,1,0,0.29884797498604787
2,101,ET,7148,1,1,1.0
2,101,ET,8118,1,1,0.8780081244740454
2,101,ET,8585,1,1,0.9437654385761511
2,101,ET,5146,1,1,0.903898139169698
2,101,ET,49,0,0,0.47670986118737
2,101,ET,3383,1,1,0.9941659814861814
2,101,ET,3296,1,1,0.9774821593147647
2,101,ET,8051,1,1,0.9755353752874706
2,101,ET,3313,1,1,0.9137404931312474
2,101,ET,7697,1,1,0.8981370712473696
2,101,ET,4174,1,1,0.9642123071278613
2,101,ET,7371,0,0,0.24517137635722286
2,101,ET,7685,1,1,0.9323990774120057
2,101,ET,2609,1,1,0.9979351023210802
2,101,ET,8672,1,1,0.9219392708815282
2,101,ET,749,1,1,0.9139339454044492
2,101,ET,5556,0,1,0.7535373972853574
2,101,ET,9130,1,1,0.9460701975064392
2,101,ET,8715,1,1,0.8390935423249235
2,101,ET,2898,1,1,0.9801994279263245
2,101,ET,2385,1,1,0.8469365371541975
2,101,ET,6437,1,0,0.10277697275741365
2,101,ET,1364,1,1,1.0
2,101,ET,5088,1,1,0.6809957605401793
2,101,ET,5109,0,0,0.020623169712106135
2,101,ET,9508,1,1,1.0
2,101,ET,5710,0,0,0.3474343133322316
2,101,ET,881,1,1,0.7542878432778686
2,101,ET,2287,1,1,0.933276671200928
2,101,ET,990,0,1,0.9873963780516397
2,101,ET,3063,1,0,0.0033621613137357984
2,101,ET,2860,1,0,0.128763751361532
2,101,ET,4691,0,0,0.17397914764223213
2,101,ET,5288,0,0,0.24526780027596679
2,101,ET,4626,1,1,0.7935288797520008
2,101,ET,4185,1,1,0.9981187581450559
2,101,ET,3201,0,0,0.0006630571296562205
2,101,ET,5894,1,1,1.0
2,101,ET,9548,1,1,0.9367046949294071
2,101,ET,7533,1,1,0.7868281751066301
2,101,ET,2022,0,0,0.05357375295262429
2,101,ET,8251,1,1,0.7991702131152623
2,101,ET,3917,0,1,0.7655128401951482
2,101,ET,1301,0,0,0.27897507077771044
2,101,ET,6786,1,1,0.8674866352649443
2,101,ET,1453,1,1,0.9801994279263245
2,101,ET,3569,1,0,0.35452586250460605
2,101,ET,8358,0,0,0.02523724835278272
2,101,ET,1134,1,1,0.9926776423460922
2,101,ET,1943,0,0,0.2728798434259358
2,101,ET,2766,1,0,0.01892792568824226
2,101,ET,6056,1,1,0.9912055023156323
2,101,ET,4991,1,0,0.25848582712571505
2,101,ET,447,1,1,0.8956275790317401
2,101,ET,8021,1,1,0.9806194805121721
2,101,ET,5146,1,1,0.903898139169698
2,101,ET,7947,1,0,0.3721696181302226
2,101,ET,2836,1,1,0.9997551802112506
2,101,ET,3753,1,1,0.8296669236390396
2,101,ET,5343,0,1,0.6169799658942491
2,101,ET,5071,0,0,0.2895837033001552
2,101,ET,2781,1,1,0.9965025724201079
2,101,ET,1788,1,1,1.0
2,101,ET,5455,0,0,0.018687496021603175
2,101,ET,5552,0,0,0.46486577495260645
2,101,ET,9167,1,1,0.8912397157958682
2,101,ET,279,1,1,0.9635324884907479
2,101,ET,8855,1,1,0.9683146447917492
2,101,ET,6575,0,0,0.0015418007243204626
2,101,ET,7670,1,0,0.2431835385834069
2,101,ET,3397,1,1,0.9806122288992185
2,101,ET,3104,1,1,1.0
2,101,ET,8654,1,1,0.8304541112395056
2,101,ET,7218,0,0,0.002485591739167836
2,101,ET,7981,0,0,0.32579855468055335
2,101,ET,7194,1,0,0.16531628569010187
2,101,ET,5385,0,1,0.5736867828878455
2,101,ET,9422,1,1,0.9911319913183425
2,101,ET,2695,1,1,0.9681771539606736
2,101,ET,8715,1,1,0.8390935423249235
2,101,ET,7649,0,1,0.7593197645165383
2,101,ET,7490,1,0,0.08879915676887551
2,101,ET,8180,1,1,0.8017334322498283
2,101,ET,1516,1,1,0.9467192959672789
2,101,ET,4383,1,1,1.0
2,101,ET,2982,1,1,0.9880300296563086
2,101,ET,4775,0,0,0.47447255944458894
2,101,ET,5501,0,0,0.028144446832676577
2,101,ET,1420,1,1,0.9997619454485704
2,101,ET,5806,1,1,0.799977369560632
2,101,ET,8429,0,0,0.26599817396184416
2,101,ET,8735,1,1,0.9663418367946583
2,101,ET,8672,1,1,0.9219392708815282
2,101,ET,4929,1,1,0.9948490006448276
2,101,ET,1181,1,1,0.9977787773555816
2,101,ET,2355,1,1,0.9357398456603743
2,101,ET,4885,1,1,0.9994681995673078
2,101,ET,4750,0,1,0.6574450709764655
2,101,ET,8249,1,1,0.9829365490774612
2,101,ET,133,1,1,0.8266260264217218
2,101,ET,9094,1,1,0.95709142808231
2,101,ET,7059,1,1,0.850824579172
2,101,ET,19,0,0,0.07415200042174255
2,101,ET,6377,1,1,0.9407971862814262
2,101,ET,5685,0,0,0.3819094801785629
2,101,ET,4517,1,1,0.9671022252703187
2,101,ET,4961,0,1,0.7842476762447408
2,101,ET,5583,0,0,0.31467261794163476
2,101,ET,834,1,1,0.9747526167402436
2,101,ET,2792,1,1,0.9894091168419826
2,101,ET,5205,0,1,0.5112489473587079
2,101,ET,4801,1,1,0.9986739245936105
2,101,ET,5445,0,0,0.23356908402413146
2,101,ET,8351,0,0,0.010773934149434995
2,101,ET,2377,1,1,0.8864437232190276
2,101,ET,2355,1,1,0.9357398456603743
2,101,ET,1919,1,1,1.0
2,101,ET,2320,1,1,0.9670478214473303
2,101,ET,4424,1,0,0.36937733779939796
2,101,ET,9109,1,1,0.9861850912605759
2,101,ET,3378,1,1,0.8801714791663501
2,101,ET,5630,0,1,0.6325003895315475
2,101,ET,4843,1,1,0.9701609152034281
2,101,ET,2295,0,0,0.18836213334907362
2,101,ET,7609,0,1,0.6863515697245061
2,101,ET,3319,1,1,0.6883135429430765
2,101,ET,9197,1,1,0.9926131723229207
2,101,ET,7322,0,0,0.0003772275114704558
2,101,ET,8860,1,1,0.9128168664514372
2,101,ET,7656,1,1,0.8483396679331847
2,101,ET,159,1,0,0.11365960761868026
2,101,ET,4869,1,1,0.9816582147059938
2,101,ET,111,0,0,0.08581790420222511
2,101,ET,3721,0,1,0.7621066152325542
2,101,ET,5451,0,1,0.6853335796372204
2,101,ET,4295,1,0,0.4865059929197537
2,101,ET,190,1,1,0.7369865338892925
2,101,ET,8047,0,0,0.09702863304786769
2,101,ET,797,1,1,0.9502527545364113
2,101,ET,8294,0,0,0.21408093501380449
2,101,ET,6328,1,1,0.994662348354582
2,101,ET,6743,1,1,0.9969770937845828
2,101,ET,7148,1,1,1.0
2,101,ET,7791,0,0,0.4706324690143417
2,101,ET,6060,1,1,0.9997619454485704
2,101,ET,731,1,1,0.8954005074953442
2,101,ET,5667,0,0,0.14639473684551474
2,101,ET,5150,1,1,0.7746483258338274
2,101,ET,1368,1,1,0.9967649881915013
2,101,ET,2897,1,1,0.9764253125404755
2,101,ET,6452,1,1,0.9690796459261916
2,101,ET,7802,0,0,0.1180288177619807
2,101,ET,8136,1,0,0.32645923349789613
2,101,ET,1168,1,1,0.9971655145428459
2,101,ET,9203,1,1,0.9334065688669297
2,101,ET,5014,0,0,0.4265683132152478
2,101,ET,4929,1,1,0.9948490006448276
2,101,ET,7913,0,0,0.13004204330813715
2,101,ET,9545,1,1,0.8045979973216877
2,101,ET,1110,1,1,1.0
2,101,ET,3074,1,0,0.011323589732914042
2,101,ET,2735,1,1,0.9986910799253146
2,101,ET,8474,0,0,0.2101941876792707
2,101,ET,2215,1,1,0.9309915177440077
2,101,ET,5011,0,1,0.6350196240250789
2,101,ET,4316,1,1,0.9955829849143941
2,101,ET,4072,0,0,0.0061496093525885386
2,101,ET,4813,0,0,0.10277697275741365
2,101,ET,8536,1,1,0.748442819609927
2,101,ET,6259,1,1,0.9996218943559051
2,101,ET,1513,1,1,0.992933156200777
2,101,ET,6192,0,0,0.10751884628225934
2,101,ET,314,1,1,0.837640374580974
2,101,ET,1402,1,1,0.9927096548261934
2,101,ET,675,1,1,0.9461827413228333
2,101,ET,1821,1,1,0.9876680867929238
2,101,ET,1034,1,1,0.9777658720525806
2,101,ET,1172,0,1,0.7703529124729745
2,101,ET,5848,1,1,0.9598679975199114
2,101,ET,1308,1,1,0.9690796459261916
2,101,ET,6727,0,0,0.09617958356220334
2,101,ET,8311,0,0,0.016953416152650193
2,101,ET,9288,1,1,0.96108206587716
2,101,ET,1512,1,1,0.9960957532644408
2,101,ET,2044,1,1,0.9471193676934043
2,101,ET,3493,1,1,0.9987298882207816
2,101,ET,8440,0,0,0.32057615541878076
2,101,ET,7117,1,0,0.1466352093830182
2,101,ET,5519,0,1,0.5736246776648596
2,101,ET,2349,1,1,0.9023011011820865
2,101,ET,6062,1,1,0.9950840897860633
2,101,ET,728,1,0,0.3999641809071459
2,101,ET,1364,1,1,1.0
2,101,ET,7420,1,1,0.7196732177325659
2,101,ET,379,1,1,0.7852797100206199
2,101,ET,2030,0,0,0.10493209729233448
2,101,ET,6197,1,1,0.9792728515668452
2,101,ET,5780,0,0,0.20640620367633308
2,101,ET,1330,1,1,0.9735154214683787
2,101,ET,1656,1,1,0.9794926015167901
2,101,ET,5653,0,0,0.3452729812382826
2,101,ET,8170,1,1,0.9729053529470917
2,101,ET,1612,1,1,0.9578590344385882
2,101,ET,9536,1,1,0.8992467031122248
2,101,ET,6218,0,0,0.4713718337437247
2,101,ET,7264,1,0,0.4268302440885352
2,101,ET,7802,0,0,0.1180288177619807
2,101,ET,5027,0,0,0.2995084791629063
2,101,ET,8164,0,0,0.1361514883271715
2,101,ET,7554,1,1,0.9679754497970549
2,101,ET,3023,1,1,0.9388846298802784
2,101,ET,3290,1,0,0.007193316121822588
2,101,ET,3569,1,0,0.35452586250460605
2,101,ET,8571,1,1,0.7483102530722316
2,101,ET,1511,1,1,0.9503048479505507
2,101,ET,8543,1,1,0.8496591393209083
2,101,ET,5463,0,1,0.5078911857573226
2,101,ET,9061,1,1,0.6781767294274768
2,101,ET,1416,1,1,0.9965320781663632
2,101,ET,2447,1,1,0.9854059305772569
2,101,ET,7818,0,1,0.6435583432424503
2,101,ET,1098,0,0,0.12433868038212845
2,101,ET,3801,0,0,0.3599884516510359
2,101,ET,4029,0,0,0.08660704847089074
2,101,ET,508,1,1,0.5049363635397596
2,101,ET,4769,0,0,0.10753986075318402
2,101,ET,5668,0,1,0.6478651469120545
2,101,ET,7322,0,0,0.0003772275114704558
2,101,ET,4948,0,0,0.01695963855684779
2,101,ET,635,1,1,0.9874077987968999
2,101,ET,490,1,1,0.9107520531248561
2,101,ET,6010,0,0,0.11518099999067659
2,101,ET,7441,1,0,0.49555666417340144
2,101,ET,8946,1,1,0.8957414728225822
2,101,ET,6131,1,1,0.992172734693523
2,101,ET,2199,1,1,0.6166597225011298
2,101,ET,2478,0,0,0.37998868834455884
2,101,ET,4278,1,1,0.9985587639672165
2,101,ET,8912,1,1,0.8939396171944438
2,101,ET,3203,1,0,0.001994816548081339
2,101,ET,9473,1,1,0.9930836225705824
2,101,ET,6267,1,1,0.8806585489441033
2,101,ET,3292,1,1,0.995354393255114
2,101,ET,9378,1,1,0.9952972138164824
2,101,ET,641,1,1,0.9725911371704575
2,101,ET,9302,1,1,0.9761267020741025
2,101,ET,9090,1,1,0.837650467416431
2,101,ET,2473,1,1,0.6924610650088838
2,101,ET,2098,1,1,0.9244936109890608
2,101,ET,1600,0,0,0.2906851166650773
2,101,ET,8951,1,1,0.8588068913167818
2,101,ET,4240,1,1,0.9996218943559051
2,101,ET,2004,1,1,0.9986568603213843
2,101,ET,4548,0,1,0.8860971058387493
2,101,ET,1393,0,0,0.11578815941757557
2,101,ET,8763,1,1,0.8083966517269816
2,101,ET,1365,0,0,0.33259333749297254
2,101,ET,336,1,1,0.9573834609087826
2,101,ET,5848,1,1,0.9598679975199114
2,101,ET,7959,1,1,0.9988436654095062
2,101,ET,6894,1,1,0.9557496749518799
2,101,ET,8420,0,0,0.10888037573954591
2,101,ET,4991,1,0,0.25848582712571505
2,101,ET,2199,1,1,0.6166597225011298
2,101,ET,9545,1,1,0.8045979973216877
2,101,ET,1915,0,0,0.10753986075318402
2,101,ET,7608,0,1,0.8065040244596545
2,101,ET,9090,1,1,0.837650467416431
2,101,ET,7685,1,1,0.9323990774120057
2,101,ET,1089,1,1,0.9502128030492685
2,101,ET,1845,0,1,0.5427548112318622
2,101,ET,9109,1,1,0.9861850912605759
2,101,ET,713,1,1,0.9480009989004243
2,101,ET,5288,0,0,0.24526780027596679
2,101,ET,5140,1,1,0.9024558678059105
2,101,ET,7221,0,0,0.022622522995244646
2,101,ET,9300,1,1,0.994414688397527
2,101,ET,8607,1,1,0.7918926678853591
2,101,ET,209,0,0,0.31979250416245986
2,101,ET,2504,1,0,0.13099607676499428
2,101,ET,7053,1,1,0.955572825176949
2,101,ET,6305,1,0,0.11499909950384138
2,101,ET,8114,1,1,0.9394035491040019
2,101,ET,3074,1,0,0.011323589732914042
2,101,ET,5391,0,0,0.15484031153655378
2,101,ET,4067,1,1,0.9996727699813287
2,101,ET,5348,0,0,0.26232863266549494
2,101,ET,4648,1,1,0.9975186326689672
2,101,ET,3182,1,1,0.9758132885769817
2,101,ET,2754,1,0,0.15397369205130051
2,101,ET,2295,0,0,0.18836213334907362
2,101,ET,4761,0,0,0.21581876282579476
2,101,ET,532,1,1,0.5123156131099227
2,101,ET,5668,0,1,0.6478651469120545
2,101,ET,2067,0,0,0.01655416987837878
2,101,ET,1983,1,1,0.9629296386365424
2,101,ET,1716,1,1,0.9922094618390438
2,101,ET,513,1,1,0.976664807649519
2,101,ET,766,1,1,0.9985827572714229
2,101,ET,4388,0,0,0.10164327948863884
2,101,ET,8114,1,1,0.9394035491040019
2,101,ET,4255,0,0,0.11586881286808191
2,101,ET,4280,1,1,0.9801994279263245
2,101,ET,96,0,0,0.1744227210944717
2,101,ET,5535,0,0,0.28518312447057037
2,101,ET,7060,1,1,0.9661670737886128
2,101,ET,6705,0,0,0.25995929814850444
2,101,ET,4322,0,0,0.47192341836581087
2,101,ET,4785,1,1,0.9884901942009481
2,101,ET,9543,1,1,0.9963878274663528
2,101,ET,6702,1,1,0.9958609901544425
2,101,ET,4867,0,0,0.0005668635784157102
2,101,ET,4636,1,1,0.9991570849165478
2,101,ET,3406,1,0,0.05378346349086443
2,101,ET,2284,1,1,0.9318642737169746
2,101,ET,480,1,1,0.7854198596799722
2,101,ET,8457,0,0,0.17204924892743256
2,101,ET,4539,1,1,0.9990814253904536
2,101,ET,9042,1,1,0.6118764263900921
2,101,ET,3125,1,1,0.9638258077534442
2,101,ET,7781,0,0,0.038911821967404114
2,101,ET,8180,1,1,0.8017334322498283
2,101,ET,8600,1,1,0.9447697195219862
2,101,ET,7994,0,0,0.3519529591020367
2,101,ET,6704,1,1,0.9979918352620254
2,101,ET,6703,1,1,0.9856777080729218
2,101,ET,7217,0,0,0.09187857215102391
2,101,ET,2759,1,0,0.020039225801951083
2,101,ET,109,1,1,0.9737583535828434
2,101,ET,8699,1,1,0.8900866807547897
2,101,ET,8430,0,0,0.03246804626210834
2,101,ET,1804,1,1,0.9580467553025632
2,101,ET,9154,1,1,0.9550572120333004
2,101,ET,8738,1,1,0.9381090397422822
2,101,ET,4389,0,0,0.248315379454515
2,101,ET,8860,1,1,0.9128168664514372
2,101,ET,1425,1,1,0.9740822977270116
2,101,ET,4833,1,1,0.9960201384154898
2,101,ET,4548,0,1,0.8860971058387493
2,101,ET,7615,0,0,0.44423224248815296
2,101,ET,5155,1,1,0.8059664083638802
2,101,ET,4012,1,1,0.9671328622784511
2,101,ET,4372,1,1,0.9676823347954937
2,101,ET,7542,1,0,0.43375751541768476
2,101,ET,149,1,1,0.7780172094676902
2,101,ET,7441,1,0,0.49555666417340144
2,101,ET,8926,1,1,0.9614579506110589
2,101,ET,3447,1,1,0.912803962162349
2,101,ET,5356,0,0,0.26887295417796786
2,101,ET,8841,1,1,0.9095922363260135
2,101,ET,306,1,1,0.502591791658664
2,101,ET,7073,1,0,0.03178687373976178
2,101,ET,2027,1,1,0.986539763275499
2,101,ET,8136,1,0,0.32645923349789613
2,101,ET,7205,1,1,0.5426063972661629
2,101,ET,8698,1,1,0.9929739508229902
2,101,ET,7184,1,1,0.9778688222180812
2,101,ET,4524,0,0,0.0019004855708843443
2,101,ET,1271,1,1,0.9968660074165635
2,101,ET,5685,0,0,0.3819094801785629
2,101,ET,4648,1,1,0.9975186326689672
2,101,ET,2424,1,1,0.9838568486556811
2,101,ET,9528,1,1,0.7585567370889585
2,101,ET,8013,0,0,0.1884642295966836
2,101,ET,4087,1,1,0.7485739351306164
2,101,ET,3753,1,1,0.8296669236390396
2,101,ET,6703,1,1,0.9856777080729218
2,101,ET,5900,1,1,0.9985044097431816
2,101,ET,3228,0,0,0.054067340199462285
2,101,ET,428,1,1,0.6970507673634769
2,101,ET,9392,1,1,0.9371505074450048
2,101,ET,2748,1,0,0.17147147639325885
2,101,ET,3546,1,1,0.9401172931864009
2,101,ET,5592,0,0,0.4335265895590838
2,101,ET,7080,0,0,0.18448762390808265
2,101,ET,7980,0,0,0.1831500344069
2,101,ET,6181,0,0,0.004830800181625739
2,101,ET,4027,1,1,0.9997421574676095
2,101,ET,2410,1,1,0.9015869982336875
2,101,ET,4683,1,1,0.9829534680338211
2,101,ET,8944,1,1,0.8082078331743584
2,101,ET,6983,1,1,0.8378603873494043
2,101,ET,4939,0,1,0.5585052574335102
2,101,ET,4539,1,1,0.9990814253904536
2,101,ET,2982,1,1,0.9880300296563086
2,101,ET,1716,1,1,0.9922094618390438
2,101,ET,7510,1,0,0.2950768653179964
2,101,ET,9293,1,1,0.9986875363295351
2,101,ET,1425,1,1,0.9740822977270116
2,101,ET,5345,1,1,0.955754581012975
2,101,ET,3292,1,1,0.995354393255114
2,101,ET,3930,0,1,0.6384284874679601
2,101,ET,4715,1,1,0.9730406745028822
2,101,ET,92,1,0,0.22055182233961126
2,101,ET,2438,1,1,0.9951933349788729
2,101,ET,5905,1,1,0.9994693723506946
2,101,ET,5224,0,0,0.001220331492673975
2,101,ET,3902,0,1,0.6031632857883786
2,101,ET,2300,0,0,0.013713682204394478
2,101,ET,8235,1,1,0.8887254126158114
2,101,ET,6304,1,1,0.9619262485289414
2,101,ET,7552,1,1,0.9386190781925318
2,101,ET,5256,0,1,0.6549319841455701
2,101,ET,2504,1,0,0.13099607676499428
2,101,ET,7415,1,1,0.9690796459261916
2,101,ET,8188,1,1,0.9058641392447908
2,101,ET,7804,0,1,0.6129812459472231
2,101,ET,1364,1,1,1.0
2,101,ET,4658,1,1,0.9756122875190025
2,101,ET,3415,1,0,0.44435183516958565
2,101,ET,5548,1,1,0.8697544378830757
2,101,ET,5045,0,0,0.23531125219039603
2,101,ET,7117,1,0,0.1466352093830182
2,101,ET,4439,0,0,0.02039219607607058
2,101,ET,587,1,1,0.8561268275859416
2,101,ET,6389,1,1,1.0
2,101,ET,430,1,1,0.9005377462465499
2,101,ET,7542,1,0,0.43375751541768476
2,101,ET,428,1,1,0.6970507673634769
2,101,ET,5387,0,0,0.05357375295262429
2,101,ET,6389,1,1,1.0
2,101,ET,1050,1,1,0.97051898645121
2,101,ET,3135,1,1,0.9826076214122947
2,101,ET,8170,1,1,0.9729053529470917
2,101,ET,4027,1,1,0.9997421574676095
2,101,ET,7242,0,0,0.44071896879423383
2,101,ET,5277,0,0,0.3628700818101869
2,101,ET,5019,0,0,0.4637661144501804
2,101,ET,2226,0,0,0.11833330976755439
2,101,ET,5963,1,1,0.9724043743264833
2,101,ET,5263,1,1,0.7562704089136356
2,101,ET,2362,1,1,0.9888734650189086
2,101,ET,9392,1,1,0.9371505074450048
2,101,ET,1029,0,0,0.14361087480738657
2,101,ET,3419,1,1,0.9848196926938008
2,101,ET,2446,1,1,0.9027345578555438
2,101,ET,3211,1,0,0.22355570496957664
2,101,ET,2477,0,1,0.725550011896262
2,101,ET,4389,0,0,0.248315379454515
2,101,ET,828,1,1,0.8966111834474074
2,101,ET,8089,1,1,0.8438543126781606
2,101,ET,4428,0,0,0.0006630571296562205
2,101,ET,5867,1,1,0.8550264711636789
2,101,ET,4658,1,1,0.9756122875190025
2,101,ET,610,1,1,0.8525049323112182
2,101,ET,1114,1,1,0.9906010822134225
2,101,ET,6912,1,1,0.9992437887118101
2,101,ET,4331,0,0,0.20032707434322683
2,101,ET,8855,1,1,0.9683146447917492
2,101,ET,4895,0,1,0.5751482853700469
2,101,ET,4183,1,1,0.9978585828916133
2,101,ET,5786,0,1,0.6281644924181771
2,101,ET,4926,0,0,0.009605363226704395
2,101,ET,4895,0,1,0.5751482853700469
2,101,ET,8977,1,1,0.6146506124108062
2,101,ET,537,1,1,0.8575576233452621
2,101,ET,3861,1,1,0.6008836502966204
2,101,ET,6560,1,0,0.4430589909285504
2,101,ET,4636,1,1,0.9991570849165478
2,101,ET,3593,1,1,0.9622587862939729
2,101,ET,9168,1,1,0.9775671666525029
2,101,ET,6060,1,1,0.9997619454485704
2,101,ET,3753,1,1,0.8296669236390396
2,101,ET,8537,1,1,0.8416169444356699
2,101,ET,5510,0,0,0.43068716740153595
2,101,ET,1938,1,1,0.9862945840988026
2,101,ET,5882,1,0,0.170592797022142
2,101,ET,7977,0,0,0.44283470027521943
2,101,ET,389,1,0,0.48048966697927425
2,101,ET,4490,0,0,0.01328213404039204
2,101,ET,2604,1,1,0.997878249829057
2,101,ET,7664,0,0,0.26983191180748756
2,101,ET,8841,1,1,0.9095922363260135
2,101,ET,1540,1,1,0.9491071107530528
2,101,ET,1800,1,1,0.8806585489441033
2,101,ET,6599,1,1,0.9811934297992538
2,101,ET,4501,0,1,0.8673620111817302
2,101,ET,873,1,1,0.96480885342841
2,101,ET,5019,0,0,0.4637661144501804
2,101,ET,8351,0,0,0.010773934149434995
2,101,ET,2951,1,0,0.11901232521173628
2,101,ET,978,1,1,0.9774695979845323
2,101,ET,4101,0,0,0.10440352230426882
2,101,ET,2802,1,1,0.6418811287304645
2,101,ET,4523,1,1,0.982683299809048
2,101,ET,2154,1,1,0.8736275812265327
2,101,ET,3070,0,0,0.21392296652550194
2,101,ET,621,1,1,0.9559486234264013
2,101,ET,3104,1,1,1.0
2,101,ET,8815,1,1,0.7291932652827109
2,101,ET,5640,0,1,0.5447311698246065
2,101,ET,3023,1,1,0.9388846298802784
2,101,ET,6576,1,1,0.9944746003328933
2,101,ET,1408,1,1,0.9960842578519885
2,101,ET,8311,0,0,0.016953416152650193
2,101,ET,925,1,1,0.9653419265525135
2,101,ET,1114,1,1,0.9906010822134225
2,101,ET,6929,1,1,0.9965320781663632
2,101,ET,4295,1,0,0.4865059929197537
2,101,ET,4564,1,1,0.9962047076622116
2,101,ET,8319,0,0,0.15275431902519915
2,101,ET,8122,0,0,0.1412809369031845
2,101,ET,7838,0,0,0.14398312262379942
2,101,ET,2735,1,1,0.9986910799253146
2,101,ET,7633,0,1,0.6781437427636868
2,101,ET,2385,1,1,0.8469365371541975
2,101,ET,523,1,1,0.6672101763578114
2,101,ET,4267,1,1,0.9855807547527272
2,101,ET,6650,1,1,0.9841660206496914
2,101,ET,490,1,1,0.9107520531248561
2,101,ET,810,1,1,0.9916369065174092
2,101,ET,5229,0,0,0.02964522512283545
2,101,ET,4975,0,0,0.4135665578731145
2,101,ET,9048,1,1,0.6271605364960436
2,101,ET,4637,0,0,0.13043287060080316
2,101,ET,4949,0,0,0.010302389695929743
2,101,ET,4487,0,0,0.21607423213925983
2,101,ET,4565,1,1,0.9816999111618868
2,101,ET,5548,1,1,0.8697544378830757
2,101,ET,6786,1,1,0.8674866352649443
2,101,ET,9518,1,1,0.8283937000040528
2,101,ET,6437,1,0,0.10277697275741365
2,101,ET,8513,1,1,0.9341944376895582
2,101,ET,2690,1,0,0.004162723324521374
2,101,ET,7887,0,0,0.39648601704577563
2,101,ET,7608,0,1,0.8065040244596545
2,101,ET,6180,1,0,0.0025513893797678936
2,101,ET,5827,0,0,0.29458933579096497
2,101,ET,1029,0,0,0.14361087480738657
2,101,ET,768,1,1,0.9638258077534442
2,101,ET,5109,0,0,0.020623169712106135
2,101,ET,5579,0,1,0.7966970225768879
2,101,ET,8946,1,1,0.8957414728225822
2,101,ET,6534,1,1,0.8288965317642764
2,101,ET,939,1,1,0.7431613806593866
2,101,ET,820,1,1,0.9916369065174092
2,101,ET,1290,0,0,0.00021375712482915967
2,101,ET,8870,1,1,0.9117333818588436
2,101,ET,8665,1,1,0.8746989647408874
2,101,ET,4645,0,0,0.10666188572978216
2,101,ET,4950,1,1,0.8334409687692644
2,101,ET,6131,1,1,0.992172734693523
2,101,ET,4840,1,1,0.9105968706706025
2,101,ET,7482,0,0,0.3641981751874023
2,101,ET,7314,1,1,0.9361612876797234
2,101,ET,6783,1,0,0.14753583596693817
2,101,ET,2162,1,1,0.6756556888665552
2,101,ET,3038,1,1,0.9752873249128666
2,101,ET,2731,1,1,0.999134734830387
2,101,ET,8860,1,1,0.9128168664514372
2,101,ET,990,0,1,0.9873963780516397
2,101,ET,5203,0,0,0.30452379684373115
2,101,ET,5512,1,1,0.9504372866495965
2,101,ET,799,1,1,0.8310283530873804
2,101,ET,9491,1,1,0.9738066874005568
2,101,ET,7333,1,1,0.8457909505942003
2,101,ET,7057,0,0,0.17269989585929024
2,101,ET,2058,1,0,0.37474969150670073
2,101,ET,2919,1,1,0.891278757876315
2,101,ET,8912,1,1,0.8939396171944438
2,101,ET,5263,1,1,0.7562704089136356
2,101,ET,7642,0,1,0.7519061161756398
2,101,ET,2502,1,1,0.9847188455197692
2,101,ET,4813,0,0,0.10277697275741365
2,101,ET,2100,1,1,0.9994149274489382
2,101,ET,4238,0,0,0.006552739042968048
2,101,ET,2951,1,0,0.11901232521173628
2,101,ET,6881,0,0,0.27897507077771044
2,101,ET,9539,1,1,0.9718913924014917
2,101,ET,4833,1,1,0.9960201384154898
2,101,ET,4661,1,1,0.9997551802112506
2,101,ET,3383,1,1,0.9941659814861814
2,101,ET,6740,1,1,0.8892991157440796
2,101,ET,9539,1,1,0.9718913924014917
2,101,ET,9235,1,1,0.9181803410454076
2,101,ET,2878,1,1,0.9970191566739863
2,101,ET,2028,1,1,0.988584014041399
2,101,ET,6923,1,1,0.9982919557766969
2,101,ET,1826,1,1,0.974220021981065
2,101,ET,8536,1,1,0.748442819609927
2,101,ET,6560,1,0,0.4430589909285504
2,101,ET,4750,0,1,0.6574450709764655
2,101,ET,4659,0,0,0.28432759722437695
2,101,ET,5751,0,1,0.574018255902917
2,101,ET,9154,1,1,0.9550572120333004
2,101,ET,8627,1,1,0.9680045059716523
2,101,ET,9547,1,1,0.9841054811178234
2,101,ET,8205,1,1,0.9422530410103267
2,101,ET,2154,1,1,0.8736275812265327
2,101,ET,4379,1,1,0.9843133051967747
2,101,ET,7060,1,1,0.9661670737886128
2,101,ET,2860,1,0,0.128763751361532
2,101,ET,6275,1,0,0.019380789121785563
2,101,ET,2766,1,0,0.01892792568824226
2,101,ET,5790,0,0,0.4147345612093452
2,101,ET,259,1,1,0.9311171285067621
2,101,ET,6580,1,0,0.4260459718889826
2,101,ET,2673,1,0,0.25074038089285944
2,101,ET,508,1,1,0.5049363635397596
2,101,ET,297,1,1,0.6736927117302701
2,101,ET,2446,1,1,0.9027345578555438
2,101,ET,2475,1,1,0.709708497599651
2,101,ET,3858,1,0,0.33896012704122513
2,101,ET,2836,1,1,0.9997551802112506
2,101,ET,6705,0,0,0.25995929814850444
2,101,ET,820,1,1,0.9916369065174092
2,101,ET,9337,1,1,0.9997619454485704
2,101,ET,1379,1,1,0.9586398425381383
2,101,ET,4615,1,1,0.9797153627054006
2,101,ET,7890,0,0,0.3646264799131562
2,101,ET,1349,1,1,0.9163200888952584
2,101,ET,6047,1,1,0.9967649881915013
2,101,ET,2045,1,1,0.9910021575110345
2,101,ET,7864,1,1,0.5691671685825274
2,101,ET,1919,1,1,1.0
2,101,ET,8128,0,0,0.05564504788133426
2,101,ET,1477,1,1,0.7609620789824971
2,101,ET,6896,1,1,0.9645500848592358
2,101,ET,8602,1,1,0.8763682950733979
2,101,ET,2620,0,0,0.0003362603365432558
2,101,ET,5011,0,1,0.6350196240250789
2,101,ET,1612,1,1,0.9578590344385882
2,101,ET,1190,1,1,0.9199144232753796
2,101,ET,5146,1,1,0.903898139169698
2,101,ET,8740,1,1,0.8757455943841146
2,101,ET,5201,0,1,0.6660102981052195
2,101,ET,3447,1,1,0.912803962162349
2,101,ET,4895,0,1,0.5751482853700469
2,101,ET,328,1,1,0.9898922436185057
2,101,ET,2489,1,0,0.1603377136711759
2,101,ET,8954,1,1,0.9542694099924823
2,101,ET,7802,0,0,0.1180288177619807
2,101,ET,8817,1,1,0.7994786220885068
2,101,ET,537,1,1,0.8575576233452621
2,101,ET,574,1,1,0.993195229717779
2,101,ET,5436,0,1,0.7424456829417954
2,101,ET,7112,1,1,0.9991741811296998
2,101,ET,3747,0,1,0.5286640039131993
2,101,ET,6528,1,0,0.10561733451772086
2,101,ET,7710,1,1,0.7258231551453306
2,101,ET,1600,0,0,0.2906851166650773
2,101,ET,1089,1,1,0.9502128030492685
2,101,ET,9491,1,1,0.9738066874005568
2,101,ET,9015,1,1,0.9763434676248312
2,101,ET,8415,0,0,0.12565846222246574
2,101,ET,4532,1,1,0.9992913786357115
2,101,ET,2923,1,1,0.9996727699813287
2,101,ET,8926,1,1,0.9614579506110589
2,101,ET,3135,1,1,0.9826076214122947
2,101,ET,5281,0,1,0.5597477416758311
2,101,ET,5348,0,0,0.26232863266549494
2,101,ET,8856,1,1,0.9967276998132866
2,101,ET,747,1,1,0.9843797603137414
2,101,ET,3038,1,1,0.9752873249128666
2,101,ET,3485,1,1,0.9977991811844587
2,101,ET,749,1,1,0.9139339454044492
2,101,ET,2896,1,1,0.9781637716967057
2,101,ET,9519,1,1,0.9477675861010968
2,101,ET,5882,1,0,0.170592797022142
2,101,ET,8717,1,1,0.9512527181050832
2,101,ET,8581,1,1,0.9962189435590506
2,101,ET,1346,1,1,0.9248883267804482
2,101,ET,1513,1,1,0.992933156200777
2,101,ET,1169,1,1,0.9821510544631913
2,101,ET,4012,1,1,0.9671328622784511
2,101,ET,2586,1,1,0.9417855339839617
2,101,ET,1954,1,1,0.9407971862814262
2,101,ET,9197,1,1,0.9926131723229207
2,101,ET,3990,1,1,0.9847188455197692
2,101,ET,924,1,1,0.90604289957746
2,101,ET,821,1,1,0.8500813734241204
2,101,ET,1408,1,1,0.9960842578519885
2,101,ET,5689,0,0,0.3948598377951721
2,101,ET,1486,1,1,0.9349148618040181
2,101,ET,8287,0,0,0.17269989585929024
2,101,ET,736,0,0,0.3620689225449276
2,101,ET,7073,1,0,0.03178687373976178
2,101,ET,2446,1,1,0.9027345578555438
2,101,ET,3814,0,1,0.738327656154996
2,101,ET,3691,1,1,0.9993837746308711
2,101,ET,813,1,1,0.9696787419464972
2,101,ET,3242,0,0,0.0020737696156293466
2,101,ET,8976,1,1,0.843498555773313
2,101,ET,4577,1,1,1.0
2,101,ET,7810,1,1,0.9607122001786681
2,101,ET,5367,0,1,0.8964472141798715
2,101,ET,675,1,1,0.9461827413228333
2,101,ET,7095,1,1,0.9873625239475115
2,101,ET,5045,0,0,0.23531125219039603
2,101,ET,4316,1,1,0.9955829849143941
2,101,ET,508,1,1,0.5049363635397596
2,101,ET,2371,1,1,0.9298388940985899
2,101,ET,5611,0,0,0.2575289604973804
2,101,ET,3929,1,1,0.6381066417292798
2,101,ET,4648,1,1,0.9975186326689672
2,101,ET,6429,1,1,0.9834577765998057
2,101,ET,505,1,1,0.9460710334313789
2,101,ET,1947,0,0,0.015653675855844824
2,101,ET,3838,1,1,0.7666435399429671
2,101,ET,8568,1,1,0.9428627396367538
2,101,ET,6573,0,0,0.08779631813019048
2,101,ET,6739,0,0,0.03991062438044562
2,101,ET,3139,0,0,0.0540084938216007
2,101,ET,4138,0,0,0.27897507077771044
2,101,ET,2361,1,1,0.9325584197497735
2,101,ET,3038,1,1,0.9752873249128666
2,101,ET,4093,1,1,0.9982620986557961
2,101,ET,1767,1,1,0.9726129783045723
2,101,ET,1297,0,0,0.08950583184024336
2,101,ET,3361,1,1,0.9837861270697005
2,101,ET,6450,1,1,0.9965025724201079
2,101,ET,5560,0,0,0.33287927597013683
2,101,ET,4266,1,1,0.9643509331341602
2,101,ET,661,1,1,0.9166619653157343
2,101,ET,4055,1,1,0.9972836964933864
2,101,ET,1873,1,0,0.29884797498604787
2,101,ET,6313,1,0,0.1988114929503361
2,101,ET,2581,0,0,0.11980232821524459
2,101,ET,4298,0,0,0.28526824343361407
2,101,ET,6152,1,0,0.16318737977549072
2,101,ET,7542,1,0,0.43375751541768476
2,101,ET,754,1,1,0.9291562342199614
2,101,ET,1131,0,0,0.17351555548818845
2,101,ET,2288,1,1,0.6855959964947346
2,101,ET,7552,1,1,0.9386190781925318
2,101,ET,5201,0,1,0.6660102981052195
2,101,ET,2337,1,1,0.9772330739007515
2,101,ET,5985,1,1,0.9968660074165635
2,101,ET,2189,1,1,0.9908941081632845
2,101,ET,1637,1,1,0.9540260258376835
2,101,ET,5356,0,0,0.26887295417796786
2,101,ET,1671,1,1,0.9926270839821276
2,101,ET,6741,1,1,0.5012782578659679
2,101,ET,3312,0,0,0.015653675855844824
2,101,ET,6015,1,0,0.12662293070711944
2,101,ET,5962,1,1,0.9882328512842312
2,101,ET,8287,0,0,0.17269989585929024
2,101,ET,2228,1,1,0.9188288941745955
2,101,ET,211,1,1,0.8291076212477847
2,101,ET,7959,1,1,0.9988436654095062
2,101,ET,3975,1,1,0.7092688065110068
2,101,ET,3383,1,1,0.9941659814861814
2,101,ET,9381,1,1,0.9993455399626573
2,101,ET,3476,1,1,0.9105968706706025
2,101,ET,9313,1,1,0.8111860906336854
2,101,ET,7802,0,0,0.1180288177619807
2,101,ET,6682,1,0,0.09208171780455023
2,101,ET,5161,0,0,0.09712785285723127
2,101,ET,1712,1,1,0.99837002380496
2,101,ET,5334,0,0,0.36516776986951277
2,101,ET,5579,0,1,0.7966970225768879
2,101,ET,8290,0,0,0.18973460615575802
2,101,ET,1870,1,1,0.9892837963064868
2,101,ET,1953,1,1,0.9880680331547643
2,101,ET,3917,0,1,0.7655128401951482
2,101,ET,4939,0,1,0.5585052574335102
2,101,ET,6385,1,1,0.9755859927941941
2,101,ET,3721,0,1,0.7621066152325542
2,101,ET,6777,0,0,0.1775832073309909
2,101,ET,3217,1,0,0.09473409639956427
2,101,ET,6534,1,1,0.8288965317642764
2,101,ET,2163,1,1,0.9925941974451459
2,101,ET,6046,1,1,0.9756122875190025
2,101,ET,7060,1,1,0.9661670737886128
2,101,ET,1403,1,1,0.8010005902831938
2,101,ET,4274,1,1,0.9993455399626573
2,101,ET,5685,0,0,0.3819094801785629
2,101,ET,4418,0,0,0.010773934149434995
2,101,ET,433,1,1,0.9110716819018053
2,101,ET,5385,0,1,0.5736867828878455
2,101,ET,1271,1,1,0.9968660074165635
2,101,ET,1346,1,1,0.9248883267804482
2,101,ET,6070,1,1,0.9968139634168901
2,101,ET,4895,0,1,0.5751482853700469
2,101,ET,2860,1,0,0.128763751361532
2,101,ET,7732,1,1,0.947154844918443
2,101,ET,2487,0,0,0.34799599210002835
2,101,ET,823,1,1,0.9696787419464972
2,101,ET,7234,0,0,0.27641265304091195
2,101,ET,668,1,1,0.7251790349547719
2,101,ET,291,1,1,0.5660029951698123
2,101,ET,5203,0,0,0.30452379684373115
2,101,ET,2487,0,0,0.34799599210002835
2,101,ET,3230,1,0,0.29884797498604787
2,101,ET,2121,1,1,0.8973863950118499
2,101,ET,4075,0,0,0.17351555548818845
2,101,ET,4517,1,1,0.9671022252703187
2,101,ET,300,1,1,0.8248092353701554
2,101,ET,1078,0,0,0.08660704847089074
2,101,ET,6827,1,1,0.9977787773555816
2,101,ET,7129,0,1,0.5347906819593806
2,101,ET,7752,0,0,0.1420546413592848
2,101,ET,5685,0,0,0.3819094801785629
2,101,ET,6727,0,0,0.09617958356220334
2,101,ET,5531,0,1,0.5274630352457913
2,101,ET,3796,1,0,0.4487632893587614
2,101,ET,6765,1,1,0.997878249829057
2,101,ET,1664,1,1,0.9634184395541988
2,101,ET,1642,1,1,0.9491100478006429
2,101,ET,174,1,1,0.9329126331971893
2,101,ET,8313,0,0,0.019239184135056365
2,101,ET,7148,1,1,1.0
2,101,ET,5138,1,1,0.7792332023442491
2,101,ET,2355,1,1,0.9357398456603743
2,101,ET,97,0,0,0.21407313981796694
2,101,ET,8180,1,1,0.8017334322498283
2,101,ET,5071,0,0,0.2895837033001552
2,101,ET,3166,1,1,0.9867680400731487
2,101,ET,9162,1,1,0.8228187144885164
2,101,ET,4880,1,1,0.9925197841323786
2,101,ET,68,0,0,0.07884320492386168
2,101,ET,9534,1,1,0.9348529988069917
2,101,ET,3447,1,1,0.912803962162349
2,101,ET,7194,1,0,0.16531628569010187
2,101,ET,2226,0,0,0.11833330976755439
2,101,ET,4467,1,1,0.9081153198169786
2,101,ET,2239,1,1,0.9308678343385856
2,101,ET,3070,0,0,0.21392296652550194
2,101,ET,428,1,1,0.6970507673634769
2,101,ET,2929,1,1,0.9844773108574555
2,101,ET,6269,1,1,0.9993843482581243
2,101,ET,7129,0,1,0.5347906819593806
2,101,ET,3238,1,0,0.1817108543373208
2,101,ET,1036,0,0,0.3493906328147291
2,101,ET,2327,1,1,0.9881396536031487
2,101,ET,2938,1,1,0.9941373481511601
2,101,ET,1174,1,1,0.7485739351306164
2,101,ET,9085,1,1,0.9454875810513597
2,101,ET,1088,1,1,0.9204197592695748
2,101,ET,1579,1,1,0.983304465162229
2,101,ET,4087,1,1,0.7485739351306164
2,101,ET,2517,1,1,0.9896924436958925
2,101,ET,490,1,1,0.9107520531248561
2,101,ET,8673,1,1,0.779590244417701
2,101,ET,3792,1,0,0.42711075740772175
2,101,ET,3038,1,1,0.9752873249128666
2,101,ET,3264,1,1,0.9948887850816639
2,101,ET,1139,0,0,0.12778489856785635
2,101,ET,7750,0,0,0.40014460369565874
2,101,ET,1969,1,1,1.0
2,101,ET,9347,1,1,0.97859887635681
2,101,ET,668,1,1,0.7251790349547719
2,101,ET,2414,1,1,0.9621055125317721
2,101,ET,2508,1,1,0.9811918992489058
2,101,ET,1983,1,1,0.9629296386365424
2,101,ET,2035,0,0,0.13397999478491301
2,101,ET,5561,0,0,0.49852751325693373
2,101,ET,4565,1,1,0.9816999111618868
2,101,ET,4280,1,1,0.9801994279263245
2,101,ET,4046,1,1,0.9826025530166187
2,101,ET,5974,0,0,0.14894695584115683
2,101,ET,8330,0,0,0.044857471423975705
2,101,ET,7877,1,1,0.904985655876496
2,101,ET,7637,0,0,0.358643341653993
2,101,ET,8791,1,1,0.8900088439080677
2,101,ET,537,1,1,0.8575576233452621
2,101,ET,8251,1,1,0.7991702131152623
2,101,ET,3763,1,1,0.6530337180819628
2,101,ET,4405,1,1,0.9727137946210453
2,101,ET,5667,0,0,0.14639473684551474
2,101,ET,2020,0,0,0.040663867798960085
2,101,ET,7316,0,0,0.16183076680984537
2,101,ET,4539,1,1,0.9990814253904536
2,101,ET,9010,1,1,0.9342744751027271
2,101,ET,6489,1,1,0.9301300336698052
2,101,ET,6441,0,0,0.0003772275114704558
2,101,ET,9573,1,1,0.9806574300784179
2,101,ET,2475,1,1,0.709708497599651
2,101,ET,6702,1,1,0.9958609901544425
2,101,ET,9085,1,1,0.9454875810513597
2,101,ET,6140,1,1,0.9541825054203468
2,101,ET,4801,1,1,0.9986739245936105
2,101,ET,335,1,1,0.6354142281232147
2,101,ET,7608,0,1,0.8065040244596545
2,101,ET,2508,1,1,0.9811918992489058
2,101,ET,4683,1,1,0.9829534680338211
2,101,ET,3823,1,1,0.5504141101023622
2,101,ET,4379,1,1,0.9843133051967747
2,101,ET,8890,1,1,0.8902089162416256
2,101,ET,5953,1,1,0.9871603879597434
2,101,ET,7076,1,1,0.9925608608220676
2,101,ET,1275,1,1,0.998640204299891
2,101,ET,4491,1,1,0.9401172931864009
2,101,ET,5118,0,1,0.6334251078799134
2,101,ET,661,1,1,0.9166619653157343
2,101,ET,4833,1,1,0.9960201384154898
2,101,ET,8961,1,1,0.9853808135290582
2,101,ET,1190,1,1,0.9199144232753796
2,101,ET,5573,0,0,0.36368850193546653
2,101,ET,1516,1,1,0.9467192959672789
2,101,ET,2508,1,1,0.9811918992489058
2,101,ET,4808,1,1,0.9964182941903584
2,101,ET,5091,0,0,0.2871941954213325
2,101,ET,8958,1,1,0.962857453374679
2,101,ET,6302,0,0,0.2922299264118112
2,101,ET,4145,0,0,0.08764843371243297
2,101,ET,6714,1,1,0.9959705809641531
2,101,ET,1712,1,1,0.99837002380496
2,101,ET,9012,1,1,0.8003448679434492
2,101,ET,8715,1,1,0.8390935423249235
2,101,ET,3996,1,1,0.9809323325183071
2,101,ET,5154,0,0,0.3711673446372186
2,101,ET,7099,1,0,0.4048654840807051
2,101,ET,2979,1,1,0.9904147978578988
2,101,ET,3569,1,0,0.35452586250460605
2,101,ET,4388,0,0,0.10164327948863884
2,101,ET,2296,1,1,0.6083112866724542
2,101,ET,6488,1,1,0.9986568603213843
2,101,ET,7162,1,0,0.0540084938216007
2,101,ET,9005,1,1,0.9319581298016719
2,101,ET,4654,0,0,0.23230534304811737
2,101,ET,1845,0,1,0.5427548112318622
2,101,ET,6682,1,0,0.09208171780455023
2,101,ET,8274,1,1,0.9989132729916165
2,101,ET,4761,0,0,0.21581876282579476
2,101,ET,3614,1,0,0.0011917917720263317
2,101,ET,4492,0,0,0.0003006040299493685
2,101,ET,6617,1,1,0.9342327574451357
2,101,ET,7357,1,1,0.6257339894993785
2,101,ET,2346,1,1,0.9886669246135564
2,101,ET,3763,1,1,0.6530337180819628
2,101,ET,8644,1,1,0.9985591149403344
2,101,ET,5352,0,1,0.586302591047539
2,101,ET,877,1,1,0.9887350206653748
2,101,ET,4372,1,1,0.9676823347954937
2,101,ET,3902,0,1,0.6031632857883786
2,101,ET,3012,1,0,0.11711178796853695
2,101,ET,2121,1,1,0.8973863950118499
2,101,ET,4565,1,1,0.9816999111618868
2,101,ET,6923,1,1,0.9982919557766969
2,101,ET,3012,1,0,0.11711178796853695
2,101,ET,6805,0,0,0.09736529988192182
2,101,ET,1053,1,1,0.9934250470198632
2,101,ET,4313,1,1,0.9762517892200016
2,101,ET,7139,1,1,0.9846563056359764
2,101,ET,2863,1,1,0.9916369065174092
2,101,ET,2084,1,1,0.9396958793012841
3,202,LogReg,7283,1,1,0.9613352969379955
3,202,LogReg,6848,0,0,0.17143401178863493
3,202,LogReg,8118,1,1,0.6268783685809721
3,202,LogReg,8237,1,1,0.7879808578627298
3,202,LogReg,9504,1,0,0.0037437308845519168
3,202,LogReg,8860,1,1,0.9701340206724939
3,202,LogReg,3090,1,1,0.8914238626141854
3,202,LogReg,5653,0,0,0.05695667572465315
3,202,LogReg,4195,1,1,0.9025760523552503
3,202,LogReg,426,1,0,0.4365704498932551
3,202,LogReg,6698,1,0,0.1339946475636564
3,202,LogReg,880,1,0,0.46364411821277757
3,202,LogReg,2286,1,1,0.6335029010028426
3,202,LogReg,4260,1,1,0.82848888505596
3,202,LogReg,2020,0,0,0.4968695666097133
3,202,LogReg,8112,1,1,0.9538317318043471
3,202,LogReg,4267,1,1,0.7902440485027576
3,202,LogReg,330,1,1,0.5523423737760637
3,202,LogReg,4929,1,1,0.8608648431841002
3,202,LogReg,1870,1,1,0.685116596337153
3,202,LogReg,1053,1,1,0.7542772724886261
3,202,LogReg,6650,1,1,0.9726123095954899
3,202,LogReg,336,1,1,0.8352864861188773
3,202,LogReg,6462,1,1,0.8284449620574108
3,202,LogReg,4862,0,0,0.06889376829883229
3,202,LogReg,3046,1,1,0.8271689613397202
3,202,LogReg,7744,1,1,0.6115427552349515
3,202,LogReg,3543,1,1,0.6091098899511412
3,202,LogReg,8325,0,0,0.14341183470290536
3,202,LogReg,1852,0,0,0.0598849049567718
3,202,LogReg,1486,1,0,0.28571180255686196
3,202,LogReg,2581,0,1,0.6741923765366501
3,202,LogReg,1483,1,1,0.9287913515779174
3,202,LogReg,5451,0,1,0.8141344916086113
3,202,LogReg,7283,1,1,0.9613352969379955
3,202,LogReg,2913,1,1,0.9491030684661642
3,202,LogReg,5229,0,0,0.0010590738182056118
3,202,LogReg,9465,1,1,0.6912897101215913
3,202,LogReg,8395,0,0,0.29628043861000863
3,202,LogReg,3201,0,0,0.1604302384110317
3,202,LogReg,6866,1,1,0.9740227332654855
3,202,LogReg,2239,1,0,0.30546268006265515
3,202,LogReg,7101,1,1,0.6096598284759952
3,202,LogReg,314,1,0,0.32679821634900363
3,202,LogReg,7217,0,0,0.12694778443766014
3,202,LogReg,2871,1,1,0.9819843980194168
3,202,LogReg,1271,1,1,0.9823255807622513
3,202,LogReg,645,1,0,0.44188769304367914
3,202,LogReg,7761,1,1,0.9187977246417285
3,202,LogReg,6316,0,0,0.13777130850531644
3,202,LogReg,2449,1,1,0.7882281920041777
3,202,LogReg,8803,1,1,0.5222724468648596
3,202,LogReg,4881,1,1,0.9392484348799871
3,202,LogReg,3592,1,0,0.2323183370583962
3,202,LogReg,8627,1,1,0.8829419779257732
3,202,LogReg,3556,0,1,0.7090391268048747
3,202,LogReg,5740,0,1,0.7309883691283915
3,202,LogReg,6864,1,1,0.999148201130299
3,202,LogReg,2374,1,1,0.8949929984461003
3,202,LogReg,3972,1,0,0.44174933833481583
3,202,LogReg,4095,0,0,0.09371539489385229
3,202,LogReg,7453,1,1,0.693534429152971
3,202,LogReg,2250,1,1,0.6099878390925744
3,202,LogReg,9167,1,1,0.7955221368992729
3,202,LogReg,6529,1,0,0.0606595273237299
3,202,LogReg,6796,1,1,0.7019216971468827
3,202,LogReg,3787,1,1,0.6069345249151321
3,202,LogReg,293,1,1,0.6838886049673837
3,202,LogReg,6131,1,1,0.8339705359339501
3,202,LogReg,2945,1,1,0.9869589163127007
3,202,LogReg,1689,1,1,0.8691313099761606
3,202,LogReg,8566,1,1,0.9919593497809299
3,202,LogReg,4228,0,0,0.32235461808299753
3,202,LogReg,5680,0,0,0.34054715128656676
3,202,LogReg,6159,1,0,0.29374583458242476
3,202,LogReg,9311,1,1,0.9911867387674997
3,202,LogReg,3838,1,0,0.47256704739363
3,202,LogReg,2098,1,0,0.4044513466270558
3,202,LogReg,3981,0,1,0.5373347619380473
3,202,LogReg,4548,0,1,0.9247758870668136
3,202,LogReg,9386,1,1,0.984823325400113
3,202,LogReg,2067,0,0,0.13975309448615386
3,202,LogReg,6385,1,0,0.3673470615686507
3,202,LogReg,1600,0,0,0.17937652540198767
3,202,LogReg,2675,1,1,0.8660874751874325
3,202,LogReg,1131,0,0,0.09967715608909952
3,202,LogReg,9504,1,0,0.0037437308845519168
3,202,LogReg,4813,0,0,0.01204898794002908
3,202,LogReg,8646,1,1,0.9589223560704928
3,202,LogReg,6543,1,1,0.6091098899511412
3,202,LogReg,8565,1,1,0.8151305133073863
3,202,LogReg,6605,1,1,0.9263694048730763
3,202,LogReg,4615,1,1,0.5245853047482382
3,202,LogReg,679,1,1,0.682026583449998
3,202,LogReg,7114,1,0,0.31615502102897014
3,202,LogReg,4067,1,1,0.9633840868016168
3,202,LogReg,6710,1,1,0.8640473258267855
3,202,LogReg,7609,0,1,0.6029319050970545
3,202,LogReg,2608,1,1,0.9327961587351713
3,202,LogReg,3353,1,0,0.1821188610879412
3,202,LogReg,9012,1,1,0.936028131137779
3,202,LogReg,6682,1,0,0.4926346446271426
3,202,LogReg,3901,1,0,0.3177660124313166
3,202,LogReg,2250,1,1,0.6099878390925744
3,202,LogReg,7134,1,1,0.8338255641658701
3,202,LogReg,5740,0,1,0.7309883691283915
3,202,LogReg,5501,0,1,0.5291628056507081
3,202,LogReg,1388,1,1,0.5699727341291995
3,202,LogReg,4948,0,1,0.5354861482469319
3,202,LogReg,7218,0,0,0.1661973627246295
3,202,LogReg,9042,1,1,0.8855475277263509
3,202,LogReg,7961,1,1,0.817651890404948
3,202,LogReg,2449,1,1,0.7882281920041777
3,202,LogReg,766,1,1,0.948644226316908
3,202,LogReg,7877,1,1,0.6595518452251959
3,202,LogReg,5336,0,0,0.14034177211864873
3,202,LogReg,6313,1,0,0.08785634026243813
3,202,LogReg,1189,0,0,0.003732932212152191
3,202,LogReg,5579,0,1,0.9566761255734831
3,202,LogReg,5469,0,0,0.3354345777819876
3,202,LogReg,1368,1,1,0.8218496036923965
3,202,LogReg,133,1,0,0.396297907572723
3,202,LogReg,4319,1,1,0.8348179839665326
3,202,LogReg,3753,1,1,0.7387337395103047
3,202,LogReg,5797,0,0,0.04011875992099392
3,202,LogReg,3858,1,0,0.3944620490391145
3,202,LogReg,391,1,1,0.9559641462522394
3,202,LogReg,7395,1,1,0.8627800544717797
3,202,LogReg,1873,1,0,0.39997714103864845
3,202,LogReg,3583,1,1,0.7090220148068699
3,202,LogReg,2424,1,1,0.5863243579239293
3,202,LogReg,4541,1,0,0.18293889760028595
3,202,LogReg,4,0,1,0.8018935291926957
3,202,LogReg,2633,1,1,0.6623561454272641
3,202,LogReg,4943,0,1,0.6824432034783019
3,202,LogReg,6827,1,1,0.8660874751874325
3,202,LogReg,3378,1,1,0.8284449620574108
3,202,LogReg,4174,1,1,0.9761805792671334
3,202,LogReg,7522,1,0,0.3401398361512676
3,202,LogReg,5703,0,0,0.20486836366209593
3,202,LogReg,300,1,0,0.06436967672871928
3,202,LogReg,813,1,1,0.6078310839716506
3,202,LogReg,8907,1,1,0.9882508555087435
3,202,LogReg,336,1,1,0.8352864861188773
3,202,LogReg,6829,1,1,0.8975378141065957
3,202,LogReg,3593,1,0,0.4731762754860898
3,202,LogReg,2389,1,1,0.7522427519971546
3,202,LogReg,3995,1,1,0.5357074280185968
3,202,LogReg,7961,1,1,0.817651890404948
3,202,LogReg,3526,1,1,0.6429539579188941
3,202,LogReg,990,0,1,0.9272854178097393
3,202,LogReg,3152,1,1,0.5459300108943635
3,202,LogReg,3090,1,1,0.8914238626141854
3,202,LogReg,1972,1,1,0.5125727408332568
3,202,LogReg,5570,0,1,0.8334407258641251
3,202,LogReg,6713,1,1,0.9648416613854123
3,202,LogReg,3819,1,0,0.4959342445486748
3,202,LogReg,9214,1,1,0.5675194450103825
3,202,LogReg,9167,1,1,0.7955221368992729
3,202,LogReg,3383,1,1,0.9291121460931063
3,202,LogReg,3753,1,1,0.7387337395103047
3,202,LogReg,8079,1,1,0.905955764449239
3,202,LogReg,2215,1,1,0.7307192249732788
3,202,LogReg,3228,0,1,0.587358517170803
3,202,LogReg,2620,0,0,0.24821723924314765
3,202,LogReg,275,1,1,0.5523974105496827
3,202,LogReg,4287,1,1,0.7834778629559292
3,202,LogReg,8789,1,1,0.9947740571292406
3,202,LogReg,4446,1,0,0.3673470615686508
3,202,LogReg,2799,1,1,0.7517661388364577
3,202,LogReg,6152,1,0,0.4455001503684566
3,202,LogReg,8570,1,1,0.8007391553686553
3,202,LogReg,4770,0,0,0.1971169349590419
3,202,LogReg,3531,1,0,0.02233630270468209
3,202,LogReg,2668,1,1,0.6503410470469768
3,202,LogReg,2288,1,0,0.24879507842018447
3,202,LogReg,102,0,0,0.29455665267359993
3,202,LogReg,7056,1,1,0.6961766612769652
3,202,LogReg,6573,0,0,0.06889376829883229
3,202,LogReg,4747,0,0,0.07386397411961296
3,202,LogReg,2122,1,1,0.8347490083293786
3,202,LogReg,8249,1,1,0.6691634436427459
3,202,LogReg,7197,0,0,0.051932901141513485
3,202,LogReg,9380,1,1,0.8857490195467874
3,202,LogReg,437,1,1,0.7881630054316346
3,202,LogReg,7257,0,0,0.18514979690165242
3,202,LogReg,4145,0,0,0.050514699855848604
3,202,LogReg,523,1,1,0.6416045951010079
3,202,LogReg,3837,0,0,0.41216061375991975
3,202,LogReg,6111,1,1,0.5558292189500825
3,202,LogReg,4295,1,0,0.11619968807994432
3,202,LogReg,8047,0,0,0.338158846521968
3,202,LogReg,8585,1,1,0.9957108121624944
3,202,LogReg,543,1,0,0.4756743552008925
3,202,LogReg,7838,0,0,0.20330823460781416
3,202,LogReg,5794,0,1,0.6178567329345764
3,202,LogReg,1402,1,1,0.6961766612769651
3,202,LogReg,749,1,1,0.7890728054664518
3,202,LogReg,6982,1,1,0.977647292813063
3,202,LogReg,2512,1,0,0.18903971491563257
3,202,LogReg,7371,0,0,0.01212166523368686
3,202,LogReg,3230,1,0,0.39997714103864845
3,202,LogReg,9154,1,1,0.9995725568057201
3,202,LogReg,3434,0,0,0.10377892983845384
3,202,LogReg,4615,1,1,0.5245853047482382
3,202,LogReg,9388,1,1,0.9789025053856585
3,202,LogReg,8312,0,0,0.30357191019821944
3,202,LogReg,4770,0,0,0.1971169349590419
3,202,LogReg,5375,0,0,0.1604302384110317
3,202,LogReg,1174,1,0,0.2699307236029871
3,202,LogReg,3577,1,0,0.18818641196656155
3,202,LogReg,5714,0,0,0.15102684814430126
3,202,LogReg,5118,0,0,0.24436712809763278
3,202,LogReg,2919,1,1,0.8173516795783928
3,202,LogReg,8312,0,0,0.30357191019821944
3,202,LogReg,2069,0,0,0.012581652504633948
3,202,LogReg,3415,1,0,0.2605202920631703
3,202,LogReg,8108,1,1,0.9614804447792447
3,202,LogReg,1137,1,1,0.8474975261550524
3,202,LogReg,9323,1,1,0.9952805168593072
3,202,LogReg,5491,0,0,0.4189755422374195
3,202,LogReg,5436,0,1,0.6284570916035207
3,202,LogReg,8231,1,1,0.8807806267779356
3,202,LogReg,1408,1,1,0.8243795195423926
3,202,LogReg,6714,1,1,0.9837449087464674
3,202,LogReg,5018,0,0,0.2985082442959856
3,202,LogReg,6402,1,1,0.7105421290686964
3,202,LogReg,3745,0,0,0.3879171784862402
3,202,LogReg,8823,1,1,0.9169304884496811
3,202,LogReg,8290,0,0,0.0024739280196258984
3,202,LogReg,4524,0,0,0.016663075300861217
3,202,LogReg,3201,0,0,0.1604302384110317
3,202,LogReg,6067,1,1,0.7977225850378875
3,202,LogReg,9544,1,1,0.8791181989072138
3,202,LogReg,5531,0,0,0.3007758460110165
3,202,LogReg,8423,0,0,0.3759574210962667
3,202,LogReg,6211,1,1,0.8926688119903404
3,202,LogReg,5965,1,0,0.017146224703864284
3,202,LogReg,9561,1,1,0.9979413140558863
3,202,LogReg,2967,1,0,0.3948139703859375
3,202,LogReg,7445,0,0,0.05361656270416893
3,202,LogReg,3282,1,1,0.8821778566887579
3,202,LogReg,5783,0,0,0.08207124421462485
3,202,LogReg,2919,1,1,0.8173516795783928
3,202,LogReg,8983,1,1,0.9943844985273813
3,202,LogReg,4168,0,0,0.19308123858302298
3,202,LogReg,2199,1,0,0.18818641196656155
3,202,LogReg,2245,1,1,0.5023660394899935
3,202,LogReg,4194,1,1,0.6169221428579161
3,202,LogReg,4750,0,0,0.1375128450206895
3,202,LogReg,8627,1,1,0.8829419779257732
3,202,LogReg,6328,1,1,0.5944780756494551
3,202,LogReg,1486,1,0,0.28571180255686196
3,202,LogReg,1301,0,0,0.014648154540818394
3,202,LogReg,2754,1,0,0.3405236640214369
3,202,LogReg,4748,0,0,0.08785634026243813
3,202,LogReg,4748,0,0,0.08785634026243813
3,202,LogReg,7482,0,0,0.09608619987713378
3,202,LogReg,4025,1,1,0.6551878787497915
3,202,LogReg,413,1,1,0.6164422620012874
3,202,LogReg,2515,1,1,0.8277487448879595
3,202,LogReg,430,1,1,0.8330397864852651
3,202,LogReg,3666,0,0,0.02542595844222588
3,202,LogReg,8537,1,1,0.6191643127195894
3,202,LogReg,2446,1,1,0.8815918662067528
3,202,LogReg,1943,0,0,0.05124807494915855
3,202,LogReg,7647,0,1,0.6188303620737083
3,202,LogReg,41,0,0,0.4738015616107537
3,202,LogReg,2600,1,1,0.8178076830121452
3,202,LogReg,6727,0,0,0.19357779234083972
3,202,LogReg,4194,1,1,0.6169221428579161
3,202,LogReg,8338,0,0,0.0647477771333079
3,202,LogReg,3670,1,1,0.6218713983379061
3,202,LogReg,433,1,1,0.8075137212137414
3,202,LogReg,7229,1,1,0.9493129708166032
3,202,LogReg,1088,1,1,0.728541121105498
3,202,LogReg,7056,1,1,0.6961766612769652
3,202,LogReg,8721,1,1,0.6737869952428548
3,202,LogReg,3771,0,0,0.4282038559229031
3,202,LogReg,9167,1,1,0.7955221368992729
3,202,LogReg,3609,0,1,0.5585493248849235
3,202,LogReg,2267,1,1,0.533284124519771
3,202,LogReg,5241,0,0,0.16333333596546556
3,202,LogReg,9148,1,1,0.561710610896013
3,202,LogReg,4517,1,1,0.6776232262899083
3,202,LogReg,4683,1,1,0.567910565367736
3,202,LogReg,1056,1,1,0.9073889335290594
3,202,LogReg,401,1,1,0.592826697989956
3,202,LogReg,7242,0,0,0.4838734196327434
3,202,LogReg,6849,1,0,0.37962276241364634
3,202,LogReg,6845,1,0,0.25002600649657974
3,202,LogReg,8803,1,1,0.5222724468648596
3,202,LogReg,1588,1,1,0.6551994258449971
3,202,LogReg,3012,1,0,0.27306922096988895
3,202,LogReg,1050,1,1,0.9266304089904572
3,202,LogReg,4012,1,1,0.6989746661478501
3,202,LogReg,2586,1,1,0.5698611209698589
3,202,LogReg,7333,1,1,0.5096592268574399
3,202,LogReg,9512,1,1,0.7137845380027587
3,202,LogReg,2858,1,0,0.224065534797773
3,202,LogReg,5387,0,0,0.1319549460998818
3,202,LogReg,5491,0,0,0.4189755422374195
3,202,LogReg,9208,1,1,0.940601756275082
3,202,LogReg,8330,0,0,0.037929845513768976
3,202,LogReg,1123,1,1,0.9633840868016168
3,202,LogReg,8294,0,0,0.13525703800395986
3,202,LogReg,3861,1,0,0.3154998702886001
3,202,LogReg,9318,1,1,0.9972431767152627
3,202,LogReg,4231,0,1,0.5707978779316766
3,202,LogReg,9334,1,1,0.9983639316121187
3,202,LogReg,5368,0,1,0.7825417482172342
3,202,LogReg,489,1,0,0.2844225815896513
3,202,LogReg,2609,1,1,0.916415287850654
3,202,LogReg,7703,0,0,0.36047233608823737
3,202,LogReg,2819,1,1,0.9502034073405697
3,202,LogReg,8570,1,1,0.8007391553686553
3,202,LogReg,7818,0,1,0.794445746463838
3,202,LogReg,2189,1,1,0.8922246296896672
3,202,LogReg,1168,1,1,0.931819303790811
3,202,LogReg,3409,1,0,0.14182525071815608
3,202,LogReg,9015,1,1,0.7312750124360523
3,202,LogReg,7415,1,1,0.5475712553264067
3,202,LogReg,5743,0,1,0.5887536305928279
3,202,LogReg,3336,1,1,0.9764038276781132
3,202,LogReg,6823,0,0,0.1137185150454847
3,202,LogReg,174,1,0,0.3671746054326001
3,202,LogReg,4194,1,1,0.6169221428579161
3,202,LogReg,2417,1,1,0.8916304912163671
3,202,LogReg,9085,1,1,0.9971511227420506
3,202,LogReg,2316,1,1,0.8363175493995743
3,202,LogReg,5156,1,0,0.3999771410386498
3,202,LogReg,5826,0,0,0.10190726023593479
3,202,LogReg,2215,1,1,0.7307192249732788
3,202,LogReg,3074,1,0,0.15826586452249897
3,202,LogReg,4869,1,1,0.5345208345417879
3,202,LogReg,4980,0,1,0.5456442540473531
3,202,LogReg,4715,1,1,0.9694542169332852
3,202,LogReg,7434,1,1,0.5756166783106081
3,202,LogReg,9539,1,1,0.998095941246314
3,202,LogReg,8627,1,1,0.8829419779257732
3,202,LogReg,5159,1,1,0.7974836966806971
3,202,LogReg,5667,0,0,0.4304974508549828
3,202,LogReg,5905,1,1,0.963867374964408
3,202,LogReg,2273,1,1,0.7114934499116508
3,202,LogReg,5374,1,0,0.13777130850531644
3,202,LogReg,3416,1,0,0.2756578851427518
3,202,LogReg,4278,1,1,0.9473008322445831
3,202,LogReg,3452,1,1,0.6760283152792524
3,202,LogReg,2924,1,1,0.5606854945097417
3,202,LogReg,5905,1,1,0.963867374964408
3,202,LogReg,8434,0,0,0.10437510876238403
3,202,LogReg,3400,1,0,0.4642268778107169
3,202,LogReg,7120,0,0,0.20809436474471985
3,202,LogReg,2493,0,0,0.47919201891056734
3,202,LogReg,4569,0,0,0.15605293764540365
3,202,LogReg,3852,0,0,0.3686168083360166
3,202,LogReg,9159,1,1,0.9292152210421554
3,202,LogReg,2067,0,0,0.13975309448615386
3,202,LogReg,5027,0,0,0.1811939208846379
3,202,LogReg,8474,0,0,0.06633490099991038
3,202,LogReg,9300,1,1,0.9978927352406839
3,202,LogReg,6894,1,1,0.9677893805152133
3,202,LogReg,3838,1,0,0.47256704739363
3,202,LogReg,5017,0,0,0.23349099404277626
3,202,LogReg,4418,0,0,0.1628300244127881
3,202,LogReg,8634,1,0,0.46951486051971575
3,202,LogReg,2474,1,1,0.7427041010682606
3,202,LogReg,9381,1,1,0.9369611147594543
3,202,LogReg,675,1,1,0.7075932416958067
3,202,LogReg,564,1,1,0.6293716699466126
3,202,LogReg,5806,1,1,0.7730016019969839
3,202,LogReg,4980,0,1,0.5456442540473531
3,202,LogReg,6070,1,1,0.9345966393411881
3,202,LogReg,3292,1,1,0.6823395947817439
3,202,LogReg,8269,1,1,0.918912822800132
3,202,LogReg,2855,1,1,0.8744863079669326
3,202,LogReg,8568,1,1,0.7072014639583201
3,202,LogReg,1402,1,1,0.6961766612769651
3,202,LogReg,9343,1,1,0.9933696001950415
3,202,LogReg,9242,1,1,0.9233412810360447
3,202,LogReg,4088,0,0,0.08614519467027139
3,202,LogReg,4046,1,1,0.6623561454272641
3,202,LogReg,2516,1,1,0.879659840046977
3,202,LogReg,1327,1,1,0.8614721294869788
3,202,LogReg,3378,1,1,0.8284449620574108
3,202,LogReg,7554,1,1,0.7674931524230951
3,202,LogReg,8855,1,1,0.8200911861906961
3,202,LogReg,4769,0,0,0.019749964218459704
3,202,LogReg,2668,1,1,0.6503410470469768
3,202,LogReg,5389,1,1,0.5718608359501668
3,202,LogReg,1966,1,1,0.9322191039772031
3,202,LogReg,389,1,0,0.34089079166260955
3,202,LogReg,8188,1,0,0.25716579795227607
3,202,LogReg,754,1,1,0.6287527888424774
3,202,LogReg,7490,1,0,0.2733146005855796
3,202,LogReg,6440,1,1,0.8021696820157931
3,202,LogReg,3378,1,1,0.8284449620574108
3,202,LogReg,9222,1,0,0.275549169654917
3,202,LogReg,8589,1,1,0.8748603519999687
3,202,LogReg,2898,1,1,0.981613117064354
3,202,LogReg,6728,0,0,0.24288447350029344
3,202,LogReg,7401,1,1,0.841766251409767
3,202,LogReg,1584,1,1,0.8499847342794714
3,202,LogReg,8429,0,0,0.3274785463486522
3,202,LogReg,3852,0,0,0.3686168083360166
3,202,LogReg,5284,0,0,0.44921478583934077
3,202,LogReg,9383,1,1,0.9621891290669509
3,202,LogReg,3201,0,0,0.1604302384110317
3,202,LogReg,9066,1,1,0.9709611247091189
3,202,LogReg,8571,1,1,0.6833318623216008
3,202,LogReg,5290,0,0,0.21240777666929048
3,202,LogReg,2477,0,1,0.6104703860585137
3,202,LogReg,2919,1,1,0.8173516795783928
3,202,LogReg,5039,0,0,0.34988243391986396
3,202,LogReg,8437,0,0,0.12839032066874928
3,202,LogReg,9494,1,1,0.9979306610607437
3,202,LogReg,5019,0,1,0.5141677411850624
3,202,LogReg,3344,1,1,0.5125727408332568
3,202,LogReg,2788,0,1,0.5539148989724687
3,202,LogReg,5146,1,1,0.8475300825431268
3,202,LogReg,4880,1,1,0.8170779113280062
3,202,LogReg,1050,1,1,0.9266304089904572
3,202,LogReg,1746,1,1,0.8915674822522371
3,202,LogReg,1367,1,1,0.9496872818961132
3,202,LogReg,1516,1,1,0.9525524441430421
3,202,LogReg,275,1,1,0.5523974105496827
3,202,LogReg,3718,0,0,0.23104505868882463
3,202,LogReg,741,1,1,0.9988866547311462
3,202,LogReg,5088,1,0,0.21547581451482992
3,202,LogReg,2881,1,1,0.6742975061200579
3,202,LogReg,1013,1,0,0.37272630625425246
3,202,LogReg,1958,1,1,0.8122428971257729
3,202,LogReg,2388,1,1,0.6585404896597133
3,202,LogReg,2190,1,1,0.5529670791080403
3,202,LogReg,3975,1,0,0.434124309750392
3,202,LogReg,5827,0,0,0.12617819429303895
3,202,LogReg,3583,1,1,0.7090220148068699
3,202,LogReg,8530,1,1,0.9589309466686682
3,202,LogReg,8419,0,0,0.20169103232045874
3,202,LogReg,1406,1,1,0.7191908175094205
3,202,LogReg,2277,1,1,0.7352257866346468
3,202,LogReg,8351,0,0,0.1628300244127881
3,202,LogReg,4797,1,1,0.9350877619577334
3,202,LogReg,1308,1,1,0.5475712553264073
3,202,LogReg,5693,0,0,0.15473517423731786
3,202,LogReg,4774,0,0,0.03873642310062215
3,202,LogReg,9320,1,1,0.9921536099235136
3,202,LogReg,4696,1,1,0.9381441176686993
3,202,LogReg,6850,1,0,0.37962276241364634
3,202,LogReg,5625,1,1,0.5982698440203165
3,202,LogReg,6242,1,1,0.8555416586804563
3,202,LogReg,6203,1,1,0.767090858543724
3,202,LogReg,149,1,0,0.09660776566880114
3,202,LogReg,5336,0,0,0.14034177211864873
3,202,LogReg,4185,1,1,0.9100589979084474
3,202,LogReg,9048,1,1,0.6956287453416403
3,202,LogReg,53,0,1,0.641608102942669
3,202,LogReg,4276,0,1,0.652363978921357
3,202,LogReg,2154,1,1,0.7931627803976895
3,202,LogReg,9378,1,1,0.8474975261550529
3,202,LogReg,4109,1,1,0.6391996950803899
3,202,LogReg,4295,1,0,0.11619968807994432
3,202,LogReg,8440,0,0,0.2732885528129044
3,202,LogReg,9494,1,1,0.9979306610607437
3,202,LogReg,6318,1,0,0.12839032066874928
3,202,LogReg,3061,1,0,0.34357225707077826
3,202,LogReg,7265,1,0,0.37970837412052466
3,202,LogReg,1881,1,1,0.990442474323466
3,202,LogReg,9422,1,1,0.9998731173424017
3,202,LogReg,2224,1,0,0.389526262654797
3,202,LogReg,3771,0,0,0.4282038559229031
3,202,LogReg,9541,1,1,0.9537965994377968
3,202,LogReg,4945,0,0,0.0896882406901931
3,202,LogReg,9149,1,1,0.9974837795832623
3,202,LogReg,2154,1,1,0.7931627803976895
3,202,LogReg,592,1,1,0.6532989692157337
3,202,LogReg,7257,0,0,0.18514979690165242
3,202,LogReg,2447,1,1,0.8256578407643025
3,202,LogReg,7595,1,1,0.5687636938181759
3,202,LogReg,990,0,1,0.9272854178097393
3,202,LogReg,3493,1,1,0.887103479857592
3,202,LogReg,2567,1,0,0.12603424001571764
3,202,LogReg,3814,0,1,0.5938915222535773
3,202,LogReg,5224,0,0,0.026072056966366847
3,202,LogReg,1109,1,1,0.7825234048111637
3,202,LogReg,6632,1,1,0.7882046735226415
3,202,LogReg,1477,1,1,0.685494509655093
3,202,LogReg,4597,0,0,0.3055493457279099
3,202,LogReg,2549,1,1,0.9648416613854123
3,202,LogReg,2675,1,1,0.8660874751874325
3,202,LogReg,3901,1,0,0.3177660124313166
3,202,LogReg,7217,0,0,0.12694778443766014
3,202,LogReg,8840,1,1,0.7839455359746192
3,202,LogReg,96,0,0,0.10798447115019984
3,202,LogReg,1060,1,0,0.267483108191857
3,202,LogReg,5501,0,1,0.5291628056507081
3,202,LogReg,3576,0,0,0.1561386306258998
3,202,LogReg,3774,0,0,0.0885213292876795
3,202,LogReg,2555,1,0,0.15437363667463824
3,202,LogReg,3688,1,0,0.44925258935111456
3,202,LogReg,8216,0,0,0.28939561375069867
3,202,LogReg,1858,1,0,0.1375128450206895
3,202,LogReg,2687,1,1,0.9288083220971848
3,202,LogReg,929,1,1,0.5010903445420688
3,202,LogReg,6316,0,0,0.13777130850531644
3,202,LogReg,2541,1,1,0.7136401180541859
3,202,LogReg,5433,0,0,0.4062048434014023
3,202,LogReg,9154,1,1,0.9995725568057201
3,202,LogReg,3718,0,0,0.23104505868882463
3,202,LogReg,626,1,1,0.7980056571392345
3,202,LogReg,799,1,0,0.47175595814541843
3,202,LogReg,3434,0,0,0.10377892983845384
3,202,LogReg,2555,1,0,0.15437363667463824
3,202,LogReg,4887,0,0,0.3716433850030255
3,202,LogReg,3026,1,1,0.7822888377194637
3,202,LogReg,8890,1,1,0.9697743882483225
3,202,LogReg,3609,0,1,0.5585493248849235
3,202,LogReg,2417,1,1,0.8916304912163671
3,202,LogReg,4817,0,0,0.1319549460998818
3,202,LogReg,8231,1,1,0.8807806267779356
3,202,LogReg,5639,0,0,0.3848142745861588
3,202,LogReg,1893,0,0,0.12694778443766014
3,202,LogReg,8654,1,1,0.8600142267176732
3,202,LogReg,3753,1,1,0.7387337395103047
3,202,LogReg,8423,0,0,0.3759574210962667
3,202,LogReg,3121,1,1,0.958543680305591
3,202,LogReg,8027,1,1,0.6946008069979334
3,202,LogReg,2657,0,0,0.2745398619797089
3,202,LogReg,2385,1,1,0.7193343826870844
3,202,LogReg,315,1,0,0.32679821634900363
3,202,LogReg,3376,0,0,0.330857657023663
3,202,LogReg,2711,1,0,0.49273064301791714
3,202,LogReg,5101,0,1,0.7639299618984066
3,202,LogReg,6033,1,1,0.914683551978195
3,202,LogReg,6633,1,0,0.45134973722705257
3,202,LogReg,8382,0,0,0.18211886108794148
3,202,LogReg,6000,1,0,0.12568401112085817
3,202,LogReg,1915,0,0,0.019749964218459704
3,202,LogReg,5231,0,0,0.2875229637399993
3,202,LogReg,4945,0,0,0.0896882406901931
3,202,LogReg,7357,1,1,0.5262378326913322
3,202,LogReg,8112,1,1,0.9538317318043471
3,202,LogReg,3663,1,1,0.5162426427684377
3,202,LogReg,3576,0,0,0.1561386306258998
3,202,LogReg,4500,0,0,0.146644263632805
3,202,LogReg,8536,1,0,0.3200203849319794
3,202,LogReg,8748,1,1,0.9244148222601294
3,202,LogReg,4183,1,1,0.9231193403061193
3,202,LogReg,6796,1,1,0.7019216971468827
3,202,LogReg,8832,1,1,0.8363287337539302
3,202,LogReg,4389,0,0,0.0719852963370232
3,202,LogReg,1968,1,1,0.8216574555492479
3,202,LogReg,1093,1,0,0.4588223320882947
3,202,LogReg,5581,1,0,0.46276345914198574
3,202,LogReg,3493,1,1,0.887103479857592
3,202,LogReg,3746,0,1,0.599946794880599
3,202,LogReg,849,1,1,0.8313881931437854
3,202,LogReg,1689,1,1,0.8691313099761606
3,202,LogReg,610,1,1,0.7982458264064523
3,202,LogReg,6480,1,1,0.9022497143611108
3,202,LogReg,8154,1,1,0.948644226316908
3,202,LogReg,6842,1,0,0.44589365129913905
3,202,LogReg,3234,1,0,0.41163119194698583
3,202,LogReg,2822,1,1,0.866813872075329
3,202,LogReg,853,1,1,0.9250685516194516
3,202,LogReg,5281,0,0,0.3606335225999567
3,202,LogReg,1785,1,1,0.8980267881650492
3,202,LogReg,2484,1,0,0.2783436234570169
3,202,LogReg,6631,1,0,0.45971201806784695
3,202,LogReg,4630,1,1,0.832862659433159
3,202,LogReg,3827,1,1,0.528090915243832
3,202,LogReg,391,1,1,0.9559641462522394
3,202,LogReg,3093,1,1,0.8555416586804563
3,202,LogReg,2537,0,0,0.09046212740138813
3,202,LogReg,7802,0,1,0.8385956744436673
3,202,LogReg,5874,1,1,0.8375828613960278
3,202,LogReg,2000,0,0,0.019722039392330307
3,202,LogReg,8954,1,1,0.9918740969904869
3,202,LogReg,5728,0,1,0.6514409900606569
3,202,LogReg,841,1,1,0.5554723612087346
3,202,LogReg,7630,0,0,0.31826740122938096
3,202,LogReg,5611,0,0,0.054601951720104853
3,202,LogReg,2541,1,1,0.7136401180541859
3,202,LogReg,9090,1,1,0.9161422278116883
3,202,LogReg,403,1,1,0.68528627951862
3,202,LogReg,3643,1,1,0.732819429449504
3,202,LogReg,6070,1,1,0.9345966393411881
3,202,LogReg,8993,1,1,0.9275625610052123
3,202,LogReg,279,1,0,0.3308592976581791
3,202,LogReg,8164,0,0,0.39032041113710264
3,202,LogReg,3981,0,1,0.5373347619380473
3,202,LogReg,8458,0,0,0.02450117681530813
3,202,LogReg,1445,1,1,0.7945202172074063
3,202,LogReg,1500,1,1,0.6090446570242734
3,202,LogReg,5901,1,1,0.8587774988688057
3,202,LogReg,3409,1,0,0.14182525071815608
3,202,LogReg,2622,0,0,0.25805721005733107
3,202,LogReg,226,0,0,0.459422741502578
3,202,LogReg,3760,1,0,0.47189582850658496
3,202,LogReg,8378,0,0,0.163347695684802
3,202,LogReg,7959,1,1,0.930833391801189
3,202,LogReg,5277,0,0,0.44660315696771097
3,202,LogReg,4317,1,1,0.7767476347062484
3,202,LogReg,6053,1,1,0.8741189026878784
3,202,LogReg,5703,0,0,0.20486836366209593
3,202,LogReg,7992,1,0,0.025233763246671394
3,202,LogReg,4590,1,1,0.9863647593665431
3,202,LogReg,4387,0,0,0.029986830894479663
3,202,LogReg,1785,1,1,0.8980267881650492
3,202,LogReg,5682,0,0,0.15244902757484305
3,202,LogReg,4646,1,1,0.9677893805152133
3,202,LogReg,6016,1,0,0.05697216913285335
3,202,LogReg,2378,1,1,0.777742305954858
3,202,LogReg,6181,0,0,0.4382903871118895
3,202,LogReg,834,1,1,0.6323047537764197
3,202,LogReg,8398,0,0,0.24504736152152642
3,202,LogReg,7647,0,1,0.6188303620737083
3,202,LogReg,8884,1,1,0.5792902004810668
3,202,LogReg,1464,0,0,0.3055648164261537
3,202,LogReg,2754,1,0,0.3405236640214369
3,202,LogReg,9321,1,1,0.9994692451259943
3,202,LogReg,6617,1,1,0.8311611166727251
3,202,LogReg,2313,1,0,0.2793498236697576
3,202,LogReg,1791,1,1,0.95078554721175
3,202,LogReg,9042,1,1,0.8855475277263509
3,202,LogReg,2929,1,1,0.8239739510355788
3,202,LogReg,873,1,1,0.8134667234924073
3,202,LogReg,4378,1,1,0.5210558896868028
3,202,LogReg,457,1,0,0.2889037232280675
3,202,LogReg,49,0,1,0.5782895587276594
3,202,LogReg,5004,0,0,0.28781643969767656
3,202,LogReg,8081,0,0,0.4505748536652681
3,202,LogReg,5826,0,0,0.10190726023593479
3,202,LogReg,8811,1,1,0.9985542572130524
3,202,LogReg,7796,0,0,0.3064896230394859
3,202,LogReg,4956,0,0,0.01189168634227408
3,202,LogReg,1590,1,1,0.6290056962944134
3,202,LogReg,5957,1,1,0.8660874751874325
3,202,LogReg,2384,1,1,0.6037871885514139
3,202,LogReg,6301,1,0,0.13210116768694155
3,202,LogReg,7761,1,1,0.9187977246417285
3,202,LogReg,6906,1,1,0.8377583076578953
3,202,LogReg,2121,1,1,0.8394098840388579
3,202,LogReg,8598,1,0,0.438753081384542
3,202,LogReg,713,1,1,0.5217256737045173
3,202,LogReg,4803,1,1,0.6149079758471342
3,202,LogReg,7312,1,1,0.5059496327682373
3,202,LogReg,7608,0,0,0.476500927819257
3,202,LogReg,2938,1,1,0.8815679088633995
3,202,LogReg,639,1,1,0.9135726192211782
3,202,LogReg,4975,0,0,0.4461505642715441
3,202,LogReg,1131,0,0,0.09967715608909952
3,202,LogReg,5017,0,0,0.23349099404277626
3,202,LogReg,8870,1,1,0.9949738328315744
3,202,LogReg,3312,0,1,0.5300009240823228
3,202,LogReg,6605,1,1,0.9263694048730763
3,202,LogReg,7022,1,0,0.30939244577887826
3,202,LogReg,8983,1,1,0.9943844985273813
3,202,LogReg,8114,1,1,0.7999406355400441
3,202,LogReg,6313,1,0,0.08785634026243813
3,202,LogReg,2044,1,1,0.7424782976769523
3,202,LogReg,6740,1,0,0.4588223320882947
3,202,LogReg,8294,0,0,0.13525703800395986
3,202,LogReg,6304,1,1,0.8719672984982297
3,202,LogReg,8079,1,1,0.905955764449239
3,202,LogReg,4675,1,1,0.6748504907295018
3,202,LogReg,1584,1,1,0.8499847342794714
3,202,LogReg,2788,0,1,0.5539148989724687
3,202,LogReg,5882,1,0,0.2101166037036547
3,202,LogReg,6728,0,0,0.24288447350029344
3,202,LogReg,8600,1,1,0.7508652262943732
3,202,LogReg,2622,0,0,0.25805721005733107
3,202,LogReg,4046,1,1,0.6623561454272641
3,202,LogReg,1271,1,1,0.9823255807622513
3,202,LogReg,2896,1,1,0.7174493208031442
3,202,LogReg,1352,1,1,0.8591170232208899
3,202,LogReg,3941,1,0,0.28724761040277635
3,202,LogReg,226,0,0,0.459422741502578
3,202,LogReg,92,1,0,0.1140725162632151
3,202,LogReg,7312,1,1,0.5059496327682373
3,202,LogReg,4843,1,0,0.4542127181919449
3,202,LogReg,6539,0,0,0.028180531099757156
3,202,LogReg,8457,0,0,0.01776421180482519
3,202,LogReg,1746,1,1,0.8915674822522371
3,202,LogReg,2604,1,1,0.8587774988688057
3,202,LogReg,3852,0,0,0.3686168083360166
3,202,LogReg,7101,1,1,0.6096598284759952
3,202,LogReg,8907,1,1,0.9882508555087435
3,202,LogReg,348,1,1,0.5724924822686829
3,202,LogReg,1878,1,1,0.5848936080266011
3,202,LogReg,4145,0,0,0.050514699855848604
3,202,LogReg,881,1,0,0.4807005151289883
3,202,LogReg,1114,1,1,0.8415723707430508
3,202,LogReg,883,1,1,0.6079260092793731
3,202,LogReg,1226,1,1,0.8280476076043642
3,202,LogReg,340,1,1,0.5648452600624373
3,202,LogReg,4492,0,0,0.04766004554003303
3,202,LogReg,8125,1,1,0.5843599941585046
3,202,LogReg,424,1,1,0.6170923704478981
3,202,LogReg,1416,1,1,0.9644198654637258
3,202,LogReg,2035,0,1,0.7573483263826937
3,202,LogReg,8930,1,1,0.8009885048723463
3,202,LogReg,8415,0,0,0.2859104707151375
3,202,LogReg,2346,1,1,0.9060926999452138
3,202,LogReg,4646,1,1,0.9677893805152133
3,202,LogReg,6625,1,1,0.5795677418923948
3,202,LogReg,8021,1,1,0.8524199521217395
3,202,LogReg,4,0,1,0.8018935291926957
3,202,LogReg,2767,1,0,0.06479472635714582
3,202,LogReg,672,1,1,0.6432389365915298
3,202,LogReg,9161,1,1,0.9305122412998839
3,202,LogReg,6896,1,1,0.9831247379521512
3,202,LogReg,2794,1,1,0.7477377246492148
3,202,LogReg,1050,1,1,0.9266304089904572
3,202,LogReg,8112,1,1,0.9538317318043471
3,202,LogReg,537,1,1,0.7867767740605842
3,202,LogReg,4007,0,1,0.8571365428333774
3,202,LogReg,5288,0,0,0.0726537304194642
3,202,LogReg,8763,1,1,0.9835417950618314
3,202,LogReg,2643,1,1,0.8900584920961473
3,202,LogReg,668,1,1,0.5801470258250307
3,202,LogReg,5797,0,0,0.04011875992099392
3,202,LogReg,6110,0,0,0.0976482765918094
3,202,LogReg,102,0,0,0.29455665267359993
3,202,LogReg,4597,0,0,0.3055493457279099
3,202,LogReg,7887,0,1,0.8695055401836531
3,202,LogReg,8699,1,1,0.9220662073003365
3,202,LogReg,335,1,1,0.6890353622857219
3,202,LogReg,7992,1,0,0.025233763246671394
3,202,LogReg,1009,1,0,0.4145481205685358
3,202,LogReg,4313,1,1,0.806483062731498
3,202,LogReg,4887,0,0,0.3716433850030255
3,202,LogReg,5927,1,1,0.7487123378528125
3,202,LogReg,1512,1,1,0.8270607686074463
3,202,LogReg,9567,1,1,0.8228470412016664
3,202,LogReg,4226,1,1,0.8876633726275274
3,202,LogReg,5561,0,1,0.9170950931141353
3,202,LogReg,5653,0,0,0.05695667572465315
3,202,LogReg,853,1,1,0.9250685516194516
3,202,LogReg,5503,0,1,0.6820567707744664
3,202,LogReg,8951,1,1,0.963254511935363
3,202,LogReg,6997,1,1,0.8707718944272919
3,202,LogReg,2473,1,1,0.7069086669107486
3,202,LogReg,6079,1,1,0.5599378101747023
3,202,LogReg,3890,0,0,0.28871481442636837
3,202,LogReg,5710,0,0,0.26095256330938604
3,202,LogReg,5375,0,0,0.1604302384110317
3,202,LogReg,8600,1,1,0.7508652262943732
3,202,LogReg,7276,1,1,0.9712042568198564
3,202,LogReg,7912,1,0,0.1338600271181459
3,202,LogReg,159,1,0,0.37585451150495386
3,202,LogReg,7959,1,1,0.930833391801189
3,202,LogReg,8252,1,0,0.4822488588675996
3,202,LogReg,4491,1,1,0.8402521675278571
3,202,LogReg,8931,1,1,0.9988227525431952
3,202,LogReg,209,0,0,0.45682994762729634
3,202,LogReg,4869,1,1,0.5345208345417879
3,202,LogReg,1720,1,1,0.6391186189614155
3,202,LogReg,2224,1,0,0.389526262654797
3,202,LogReg,1254,1,1,0.5230414438134863
3,202,LogReg,4101,0,0,0.3167564855922744
3,202,LogReg,6313,1,0,0.08785634026243813
3,202,LogReg,5697,0,0,0.1351720762863522
3,202,LogReg,2788,0,1,0.5539148989724687
3,202,LogReg,8925,1,1,0.9967574285083383
3,202,LogReg,6682,1,0,0.4926346446271426
3,202,LogReg,3222,1,1,0.8373557958991024
3,202,LogReg,8038,0,0,0.003732932212152191
3,202,LogReg,8214,1,0,0.4558213363400734
3,202,LogReg,6129,1,1,0.7597465494156265
3,202,LogReg,5277,0,0,0.44660315696771097
3,202,LogReg,3290,1,0,0.36149324211237227
3,202,LogReg,8377,0,0,0.29374583458242476
3,202,LogReg,4644,0,0,0.04882636853290859
3,202,LogReg,6741,1,1,0.5234142054551174
3,202,LogReg,5905,1,1,0.963867374964408
3,202,LogReg,6140,1,1,0.8039508520566617
3,202,LogReg,5680,0,0,0.34054715128656676
3,202,LogReg,4372,1,1,0.6493897121984092
3,202,LogReg,1137,1,1,0.8474975261550524
3,202,LogReg,4521,0,1,0.5585493248849234
3,202,LogReg,2123,1,1,0.8475376065679094
3,202,LogReg,621,1,1,0.8651815110312732
3,202,LogReg,5107,1,1,0.6245592141837205
3,202,LogReg,2286,1,1,0.6335029010028426
3,202,LogReg,2766,1,0,0.1541911694020403
3,202,LogReg,929,1,1,0.5010903445420688
3,202,LogReg,7183,0,0,0.13210116768694155
3,202,LogReg,3745,0,0,0.3879171784862402
3,202,LogReg,6137,1,0,0.13018333891400327
3,202,LogReg,4168,0,0,0.19308123858302298
3,202,LogReg,6783,1,1,0.8135676798758202
3,202,LogReg,5290,0,0,0.21240777666929048
3,202,LogReg,7229,1,1,0.9493129708166032
3,202,LogReg,8681,1,1,0.9983304444181214
3,202,LogReg,7455,1,1,0.9928836046355084
3,202,LogReg,6866,1,1,0.9740227332654855
3,202,LogReg,7637,0,0,0.28884707919754304
3,202,LogReg,4439,0,1,0.5649345694530312
3,202,LogReg,3336,1,1,0.9764038276781132
3,202,LogReg,6848,0,0,0.17143401178863493
3,202,LogReg,4388,0,0,0.01308224240513083
3,202,LogReg,8555,1,1,0.9941640593705979
3,202,LogReg,3747,0,1,0.6190042272765311
3,202,LogReg,2318,1,1,0.943812525966101
3,202,LogReg,8056,1,1,0.8326575123949688
3,202,LogReg,6605,1,1,0.9263694048730763
3,202,LogReg,149,1,0,0.09660776566880114
3,202,LogReg,2374,1,1,0.8949929984461003
3,202,LogReg,1772,1,1,0.8128983478887214
3,202,LogReg,4895,0,1,0.5671404670340853
3,202,LogReg,3917,0,1,0.620719684790253
3,202,LogReg,1242,1,1,0.7227721040277713
3,202,LogReg,5036,1,1,0.5402572763437102
3,202,LogReg,3911,0,0,0.09507415144436633
3,202,LogReg,5101,0,1,0.7639299618984066
3,202,LogReg,8411,0,0,0.4338851447085999
3,202,LogReg,8231,1,1,0.8807806267779356
3,202,LogReg,7059,1,1,0.7149231824148148
3,202,LogReg,4367,0,0,0.3378247733991404
3,202,LogReg,574,1,1,0.8297549288558683
3,202,LogReg,8013,0,0,0.3921621400103243
3,202,LogReg,1318,0,0,0.196759424370998
3,202,LogReg,2897,1,1,0.6415565874690331
3,202,LogReg,4757,1,1,0.990442474323466
3,202,LogReg,4593,1,1,0.9671166060222369
3,202,LogReg,6923,1,1,0.8467324302320691
3,202,LogReg,5667,0,0,0.4304974508549828
3,202,LogReg,293,1,1,0.6838886049673837
3,202,LogReg,4439,0,1,0.5649345694530312
3,202,LogReg,1927,1,1,0.598929605393855
3,202,LogReg,9136,1,1,0.977872777267385
3,202,LogReg,7151,1,1,0.6830677498323653
3,202,LogReg,8216,0,0,0.28939561375069867
3,202,LogReg,1098,0,0,0.16332823287931073
3,202,LogReg,2318,1,1,0.943812525966101
3,202,LogReg,5797,0,0,0.04011875992099392
3,202,LogReg,330,1,1,0.5523423737760637
3,202,LogReg,9544,1,1,0.8791181989072138
3,202,LogReg,2296,1,0,0.4646487316302361
3,202,LogReg,7917,1,1,0.5804604163338731
3,202,LogReg,3733,0,0,0.392915563902614
3,202,LogReg,8530,1,1,0.9589309466686682
3,202,LogReg,8457,0,0,0.01776421180482519
3,202,LogReg,2567,1,0,0.12603424001571764
3,202,LogReg,8644,1,1,0.9200248543790633
3,202,LogReg,5512,1,0,0.17173469537018463
3,202,LogReg,7333,1,1,0.5096592268574399
3,202,LogReg,7790,1,1,0.8590040173290983
3,202,LogReg,6275,1,0,0.49586333402841887
3,202,LogReg,9570,1,1,0.9195977306819301
3,202,LogReg,3814,0,1,0.5938915222535773
3,202,LogReg,5008,0,1,0.6585627232028303
3,202,LogReg,2929,1,1,0.8239739510355788
3,202,LogReg,9056,1,1,0.9965830705817434
3,202,LogReg,7022,1,0,0.30939244577887826
3,202,LogReg,2484,1,0,0.2783436234570169
3,202,LogReg,6129,1,1,0.7597465494156265
3,202,LogReg,4770,0,0,0.1971169349590419
3,202,LogReg,2604,1,1,0.8587774988688057
3,202,LogReg,6355,1,0,0.07947786961057988
3,202,LogReg,4879,1,1,0.8178333007056255
3,202,LogReg,4782,1,1,0.9613352969379955
3,202,LogReg,1878,1,1,0.5848936080266011
3,202,LogReg,391,1,1,0.9559641462522394
3,202,LogReg,5874,1,1,0.8375828613960278
3,202,LogReg,6596,1,1,0.7864569376335447
3,202,LogReg,9460,1,1,0.9276647587532513
3,202,LogReg,2985,1,1,0.8339705359339501
3,202,LogReg,4717,0,0,0.34357225707077826
3,202,LogReg,7120,0,0,0.20809436474471985
3,202,LogReg,2544,1,1,0.8934947301149644
3,202,LogReg,8114,1,1,0.7999406355400441
3,202,LogReg,994,1,1,0.8827350935243773
3,202,LogReg,1089,1,1,0.5615498315517156
3,202,LogReg,1772,1,1,0.8128983478887214
3,202,LogReg,9421,1,1,0.9967696433266877
3,202,LogReg,6046,1,1,0.683481891787571
3,202,LogReg,797,1,1,0.8843489505666372
3,202,LogReg,1352,1,1,0.8591170232208899
3,202,LogReg,9573,1,1,0.9871431526769552
3,202,LogReg,971,1,1,0.9454764425006266
3,202,LogReg,1881,1,1,0.990442474323466
3,202,LogReg,2084,1,1,0.7316809080848874
3,202,LogReg,7839,0,0,0.00640037501478769
3,202,LogReg,4274,1,1,0.9369611147594541
3,202,LogReg,1134,1,0,0.46877912722097764
3,202,LogReg,9550,1,1,0.8436062315014003
3,202,LogReg,8413,0,0,0.06845743882085868
3,202,LogReg,7571,0,1,0.6732601201788803
3,202,LogReg,8470,0,0,0.16332823287931067
3,202,LogReg,9465,1,1,0.6912897101215913
3,202,LogReg,80,0,0,0.22186198820498712
3,202,LogReg,592,1,1,0.6532989692157337
3,202,LogReg,3858,1,0,0.3944620490391145
3,202,LogReg,8513,1,1,0.9932296855274181
3,202,LogReg,1029,0,0,0.3435031899227303
3,202,LogReg,2371,1,1,0.8255164946176329
3,202,LogReg,4761,0,0,0.2683906701324969
3,202,LogReg,7335,1,1,0.737983543357954
3,202,LogReg,768,1,1,0.9672658220375031
3,202,LogReg,2239,1,0,0.30546268006265515
3,202,LogReg,1994,1,1,0.6836505172339956
3,202,LogReg,8563,1,1,0.9630382642093368
3,202,LogReg,2600,1,1,0.8178076830121452
3,202,LogReg,4808,1,1,0.7542512705801742
3,202,LogReg,877,1,1,0.7887117993245899
3,202,LogReg,4801,1,1,0.8619580611531625
3,202,LogReg,813,1,1,0.6078310839716506
3,202,LogReg,7961,1,1,0.817651890404948
3,202,LogReg,2300,0,0,0.02965503165914948
3,202,LogReg,5347,0,1,0.5697916952765264
3,202,LogReg,1933,1,0,0.49674910684837553
3,202,LogReg,5639,0,0,0.3848142745861588
3,202,LogReg,9086,1,1,0.9958401565640848
3,202,LogReg,3312,0,1,0.5300009240823228
3,202,LogReg,6669,1,0,0.15047159299609103
3,202,LogReg,3849,1,1,0.6315561214931936
3,202,LogReg,9544,1,1,0.8791181989072138
3,202,LogReg,2447,1,1,0.8256578407643025
3,202,LogReg,5945,0,0,0.2619701305196325
3,202,LogReg,5377,0,1,0.6969219662081018
3,202,LogReg,3943,1,1,0.7414116168704453
3,202,LogReg,8958,1,1,0.9931833690221331
3,202,LogReg,6180,1,0,0.07841498256449023
3,202,LogReg,8569,1,1,0.9390516353444017
3,202,LogReg,8170,1,1,0.7402275619385508
3,202,LogReg,6741,1,1,0.5234142054551174
3,202,LogReg,433,1,1,0.8075137212137414
3,202,LogReg,4564,1,1,0.50815057911832
3,202,LogReg,4487,0,0,0.02233630270468209
3,202,LogReg,2608,1,1,0.9327961587351713
3,202,LogReg,5101,0,1,0.7639299618984066
3,202,LogReg,8954,1,1,0.9918740969904869
3,202,LogReg,6137,1,0,0.13018333891400327
3,202,LogReg,925,1,1,0.9592464596420622
3,202,LogReg,1181,1,1,0.8660874751874325
3,202,LogReg,6328,1,1,0.5944780756494551
3,202,LogReg,3865,1,0,0.23784232764911933
3,202,LogReg,5556,0,1,0.9387703417523309
3,202,LogReg,1788,1,1,0.9607290683231519
3,202,LogReg,8249,1,1,0.6691634436427459
3,202,LogReg,4630,1,1,0.832862659433159
3,202,LogReg,2819,1,1,0.9502034073405697
3,202,LogReg,564,1,1,0.6293716699466126
3,202,LogReg,389,1,0,0.34089079166260955
3,202,LogReg,543,1,0,0.4756743552008925
3,202,LogReg,3801,0,0,0.17050895750040373
3,202,LogReg,5383,0,0,0.11293870437236292
3,202,LogReg,4195,1,1,0.9025760523552503
3,202,LogReg,2633,1,1,0.6623561454272641
3,202,LogReg,6691,1,1,0.8168016459237064
3,202,LogReg,4157,1,1,0.534288173426506
3,202,LogReg,2555,1,0,0.15437363667463824
3,202,LogReg,7515,1,1,0.7883305986838006
3,202,LogReg,1780,1,1,0.9600388206599342
3,202,LogReg,8747,1,1,0.7974614384371661
3,202,LogReg,3221,1,0,0.1628300244127881
3,202,LogReg,8644,1,1,0.9200248543790633
3,202,LogReg,2997,1,0,0.14097573819907938
3,202,LogReg,8920,1,1,0.7705510753990097
3,202,LogReg,7699,1,1,0.8875682569575155
3,202,LogReg,7455,1,1,0.9928836046355084
3,202,LogReg,6719,1,1,0.7740438940815304
3,202,LogReg,6539,0,0,0.028180531099757156
3,202,LogReg,2840,1,1,0.8821520424227188
3,202,LogReg,1053,1,1,0.7542772724886261
3,202,LogReg,4978,0,0,0.4266598456785025
3,202,LogReg,7060,1,1,0.7053812861959999
3,202,LogReg,8304,0,0,0.17937652540198767
3,202,LogReg,1712,1,1,0.8652432683787212
3,202,LogReg,5495,1,0,0.2485990837922235
3,202,LogReg,4686,1,1,0.9821128130834903
3,202,LogReg,8944,1,1,0.7143196363768543
3,202,LogReg,3952,1,0,0.22630604148464087
3,202,LogReg,834,1,1,0.6323047537764197
3,202,LogReg,3906,1,0,0.37264992165000954
3,202,LogReg,8585,1,1,0.9957108121624944
3,202,LogReg,4988,0,0,0.023104357549547896
3,202,LogReg,7453,1,1,0.693534429152971
3,202,LogReg,9149,1,1,0.9974837795832623
3,202,LogReg,4670,1,1,0.8468162050185954
3,202,LogReg,4388,0,0,0.01308224240513083
3,202,LogReg,731,1,1,0.93905205239309
3,202,LogReg,8726,1,1,0.9973735724587764
3,202,LogReg,328,1,1,0.8452888333163567
3,202,LogReg,5611,0,0,0.054601951720104853
3,202,LogReg,4789,1,1,0.8495052427918
3,202,LogReg,2746,1,0,0.06737211157218168
3,202,LogReg,1254,1,1,0.5230414438134863
3,202,LogReg,8699,1,1,0.9220662073003365
3,202,LogReg,8789,1,1,0.9947740571292406
3,202,LogReg,4405,1,1,0.8873792541050771
3,202,LogReg,7839,0,0,0.00640037501478769
3,202,LogReg,6624,1,1,0.7257771412263166
3,202,LogReg,6203,1,1,0.767090858543724
3,202,LogReg,7257,0,0,0.18514979690165242
3,202,LogReg,1722,1,1,0.8917000832105717
3,202,LogReg,6440,1,1,0.8021696820157931
3,202,LogReg,6539,0,0,0.028180531099757156
3,202,LogReg,9091,1,1,0.994603653791597
3,202,LogReg,3733,0,0,0.392915563902614
3,202,LogReg,2896,1,1,0.7174493208031442
3,202,LogReg,1416,1,1,0.9644198654637258
3,202,LogReg,9529,1,1,0.9981273647641267
3,202,LogReg,2762,1,0,0.014787077276515605
3,202,LogReg,2990,1,1,0.8882243984882351
3,202,LogReg,2123,1,1,0.8475376065679094
3,202,LogReg,8395,0,0,0.29628043861000863
3,202,LogReg,9573,1,1,0.9871431526769552
3,202,LogReg,23,0,1,0.710287097447474
3,202,LogReg,2380,0,0,0.17691781012000615
3,202,LogReg,7608,0,0,0.476500927819257
3,202,LogReg,8569,1,1,0.9390516353444017
3,202,LogReg,2320,1,1,0.7735214318825057
3,202,LogReg,8670,1,1,0.9508487820768328
3,202,LogReg,8459,0,0,0.01341842604681463
3,202,LogReg,8237,1,1,0.7879808578627298
3,202,LogReg,9437,1,1,0.9977421071188871
3,202,LogReg,7337,1,1,0.6672625918708538
3,202,LogReg,2436,1,1,0.7474973765994947
3,202,LogReg,4637,0,0,0.0480773407637605
3,202,LogReg,5680,0,0,0.34054715128656676
3,202,LogReg,9038,1,0,0.46542321005855547
3,202,LogReg,8419,0,0,0.20169103232045874
3,202,LogReg,2981,1,1,0.7781848799467592
3,202,LogReg,1078,0,1,0.6890591971287672
3,202,LogReg,1088,1,1,0.728541121105498
3,202,LogReg,4331,0,0,0.2195731691214118
3,202,LogReg,9214,1,1,0.5675194450103825
3,202,LogReg,2604,1,1,0.8587774988688057
3,202,LogReg,5332,0,0,0.013293023283029547
3,202,LogReg,3691,1,1,0.9300402019606009
3,202,LogReg,8602,1,1,0.9594971302351601
3,202,LogReg,4145,0,0,0.050514699855848604
3,202,LogReg,4593,1,1,0.9671166060222369
3,202,LogReg,5917,1,0,0.16332823287931086
3,202,LogReg,5697,0,0,0.1351720762863522
3,202,LogReg,4661,1,1,0.9979800864411446
3,202,LogReg,6802,0,0,0.226835430243876
3,202,LogReg,8474,0,0,0.06633490099991038
3,202,LogReg,7961,1,1,0.817651890404948
3,202,LogReg,4791,1,1,0.8173151099121453
3,202,LogReg,3312,0,1,0.5300009240823228
3,202,LogReg,1373,1,1,0.9823014666142291
3,202,LogReg,5249,0,1,0.5711336040352052
3,202,LogReg,1408,1,1,0.8243795195423926
3,202,LogReg,3930,0,1,0.6369650953873476
3,202,LogReg,1168,1,1,0.931819303790811
3,202,LogReg,7722,1,1,0.5996293093506777
3,202,LogReg,1359,1,1,0.9039530802576341
3,202,LogReg,1235,0,1,0.765605318130176
3,202,LogReg,9177,1,1,0.984835247247171
3,202,LogReg,2421,1,1,0.7217009998949716
3,202,LogReg,4138,0,0,0.014648154540818418
3,202,LogReg,8543,1,1,0.9901220709159282
3,202,LogReg,4313,1,1,0.806483062731498
3,202,LogReg,4915,0,0,0.19605098568729884
3,202,LogReg,4324,0,0,0.2182586521843145
3,202,LogReg,3893,0,1,0.6833941146318432
3,202,LogReg,7886,0,1,0.9339052965059397
3,202,LogReg,6440,1,1,0.8021696820157931
3,202,LogReg,5697,0,0,0.1351720762863522
3,202,LogReg,7664,0,1,0.5459776846572539
3,202,LogReg,1722,1,1,0.8917000832105717
3,202,LogReg,9000,1,1,0.9119981656834917
3,202,LogReg,4324,0,0,0.2182586521843145
3,202,LogReg,6702,1,1,0.5126948734696789
3,202,LogReg,8624,1,1,0.9525265657819191
3,202,LogReg,5550,0,0,0.24691524539475093
3,202,LogReg,1425,1,1,0.8894397927795178
3,202,LogReg,6529,1,0,0.0606595273237299
3,202,LogReg,2475,1,0,0.47954655618818304
3,202,LogReg,6384,1,1,0.8216574555492479
3,202,LogReg,661,1,1,0.9558671442662011
3,202,LogReg,9154,1,1,0.9995725568057201
3,202,LogReg,9042,1,1,0.8855475277263509
3,202,LogReg,5430,1,1,0.7845024302750888
3,202,LogReg,1999,0,0,0.13820993926671743
3,202,LogReg,4961,0,1,0.736322722172154
3,202,LogReg,5583,0,0,0.07710975375518136
3,202,LogReg,8313,0,0,0.3008865048733349
3,202,LogReg,4336,1,1,0.8867048064644703
3,202,LogReg,7750,0,0,0.3055648164261537
3,202,LogReg,53,0,1,0.641608102942669
3,202,LogReg,4947,0,0,0.4613129303134258
3,202,LogReg,8340,0,0,0.21464205260689737
3,202,LogReg,2349,1,1,0.7278876219228235
3,202,LogReg,1184,0,0,0.07998915753309435
3,202,LogReg,5790,0,0,0.4318159834640388
3,202,LogReg,7445,0,0,0.05361656270416893
3,202,LogReg,8311,0,0,0.1833125296701596
3,202,LogReg,4947,0,0,0.4613129303134258
3,202,LogReg,8170,1,1,0.7402275619385508
3,202,LogReg,2300,0,0,0.02965503165914948
3,202,LogReg,4535,1,1,0.5162426427684377
3,202,LogReg,7322,0,0,0.05018147645236979
3,202,LogReg,4926,0,0,0.4681172354054315
3,202,LogReg,2673,1,0,0.08614519467027174
3,202,LogReg,3476,1,0,0.1869320386606051
3,202,LogReg,1600,0,0,0.17937652540198767
3,202,LogReg,1958,1,1,0.8122428971257729
3,202,LogReg,8251,1,1,0.7408709720293759
3,202,LogReg,7445,0,0,0.05361656270416893
3,202,LogReg,2898,1,1,0.981613117064354
3,202,LogReg,3012,1,0,0.27306922096988895
3,202,LogReg,9086,1,1,0.9958401565640848
3,202,LogReg,457,1,0,0.2889037232280675
3,202,LogReg,1088,1,1,0.728541121105498
3,202,LogReg,4379,1,0,0.4448912533164311
3,202,LogReg,7344,1,1,0.7466429057136885
3,202,LogReg,3577,1,0,0.18818641196656155
3,202,LogReg,6355,1,0,0.07947786961057988
3,202,LogReg,3375,1,1,0.7658949384434961
3,202,LogReg,2421,1,1,0.7217009998949716
3,202,LogReg,8545,1,0,0.4928034990619058
3,202,LogReg,411,1,1,0.9964519054396059
3,202,LogReg,2388,1,1,0.6585404896597133
3,202,LogReg,6046,1,1,0.683481891787571
3,202,LogReg,6053,1,1,0.8741189026878784
3,202,LogReg,2896,1,1,0.7174493208031442
3,202,LogReg,8875,1,1,0.98989708891078
3,202,LogReg,2288,1,0,0.24879507842018447
3,202,LogReg,5014,0,0,0.18991209319192973
3,202,LogReg,9148,1,1,0.561710610896013
3,202,LogReg,7337,1,1,0.6672625918708538
3,202,LogReg,2426,1,1,0.6787433147109956
3,202,LogReg,5343,0,1,0.6770782103944755
3,202,LogReg,1177,1,1,0.7263972605326529
3,202,LogReg,9388,1,1,0.9789025053856585
3,202,LogReg,1590,1,1,0.6290056962944134
3,202,LogReg,430,1,1,0.8330397864852651
3,202,LogReg,7095,1,1,0.7390316459543214
3,202,LogReg,4803,1,1,0.6149079758471342
3,202,LogReg,3900,0,1,0.5828070112790648
3,202,LogReg,5389,1,1,0.5718608359501668
3,202,LogReg,4978,0,0,0.4266598456785025
3,202,LogReg,6542,1,1,0.8702174466167232
3,202,LogReg,6803,1,1,0.5245853047482382
3,202,LogReg,3858,1,0,0.3944620490391145
3,202,LogReg,4168,0,0,0.19308123858302298
3,202,LogReg,7819,0,0,0.45412215166689057
3,202,LogReg,4715,1,1,0.9694542169332852
3,202,LogReg,3797,0,0,0.24315940114842027
3,202,LogReg,3282,1,1,0.8821778566887579
3,202,LogReg,6845,1,0,0.25002600649657974
3,202,LogReg,16,0,0,0.22209445210657616
3,202,LogReg,9038,1,0,0.46542321005855547
3,202,LogReg,2520,1,1,0.8571109968008275
3,202,LogReg,3774,0,0,0.0885213292876795
3,202,LogReg,426,1,0,0.4365704498932551
3,202,LogReg,8912,1,1,0.6686180688039981
3,202,LogReg,6067,1,1,0.7977225850378875
3,202,LogReg,5495,1,0,0.2485990837922235
3,202,LogReg,7986,1,0,0.38041644433631794
3,202,LogReg,2320,1,1,0.7735214318825057
3,202,LogReg,2374,1,1,0.8949929984461003
3,202,LogReg,4532,1,1,0.8676761344354146
3,202,LogReg,1405,1,1,0.7507027108066274
3,202,LogReg,8430,0,0,0.26975148682483135
3,202,LogReg,6203,1,1,0.767090858543724
3,202,LogReg,2480,1,1,0.8612093426002232
3,202,LogReg,4747,0,0,0.07386397411961296
3,202,LogReg,5159,1,1,0.7974836966806971
3,202,LogReg,5612,0,1,0.6050146269119836
3,202,LogReg,9222,1,0,0.275549169654917
3,202,LogReg,8875,1,1,0.98989708891078
3,202,LogReg,8815,1,1,0.6927512571746116
3,202,LogReg,9322,1,1,0.9923991026791159
3,202,LogReg,290,1,1,0.6391854889895703
3,202,LogReg,425,1,0,0.4859086014490313
3,202,LogReg,2516,1,1,0.879659840046977
3,202,LogReg,8420,0,0,0.20516242411332258
3,202,LogReg,2951,1,0,0.022637145732793667
3,202,LogReg,2410,1,1,0.6755701196868769
3,202,LogReg,2924,1,1,0.5606854945097417
3,202,LogReg,7444,0,0,0.0606595273237299
3,202,LogReg,533,1,1,0.6494662878054389
3,202,LogReg,9508,1,1,0.9922741633486629
3,202,LogReg,3858,1,0,0.3944620490391145
3,202,LogReg,8699,1,1,0.9220662073003365
3,202,LogReg,7415,1,1,0.5475712553264067
3,202,LogReg,593,1,1,0.6581361498612199
3,202,LogReg,8223,0,0,0.2817724968732866
3,202,LogReg,9015,1,1,0.7312750124360523
3,202,LogReg,3096,1,1,0.9105206646208669
3,202,LogReg,2313,1,0,0.2793498236697576
3,202,LogReg,4532,1,1,0.8676761344354146
3,202,LogReg,9539,1,1,0.998095941246314
3,202,LogReg,6786,1,1,0.9964728421701057
3,202,LogReg,8951,1,1,0.963254511935363
3,202,LogReg,5786,0,0,0.20975349605560567
3,202,LogReg,8566,1,1,0.9919593497809299
3,202,LogReg,6588,1,0,0.05915261584746656
3,202,LogReg,4597,0,0,0.3055493457279099
3,202,LogReg,7685,1,1,0.8488623562236084
3,202,LogReg,5373,0,0,0.0598849049567718
3,202,LogReg,5107,1,1,0.6245592141837205
3,202,LogReg,6845,1,0,0.25002600649657974
3,202,LogReg,4565,1,1,0.5484751162711453
3,202,LogReg,3930,0,1,0.6369650953873476
3,202,LogReg,6384,1,1,0.8216574555492479
3,202,LogReg,2728,1,1,0.8346148285989966
3,202,LogReg,1590,1,1,0.6290056962944134
3,202,LogReg,6997,1,1,0.8707718944272919
3,202,LogReg,6326,0,0,0.0158364618965771
3,202,LogReg,8073,1,1,0.9618440580450331
3,202,LogReg,9204,1,1,0.9919720461370276
3,202,LogReg,2555,1,0,0.15437363667463824
3,202,LogReg,6713,1,1,0.9648416613854123
3,202,LogReg,3060,1,0,0.15651382856269153
3,202,LogReg,4686,1,1,0.9821128130834903
3,202,LogReg,4669,1,1,0.8744863079669326
3,202,LogReg,5697,0,0,0.1351720762863522
3,202,LogReg,8566,1,1,0.9919593497809299
3,202,LogReg,6221,1,0,0.20809436474471985
3,202,LogReg,7796,0,0,0.3064896230394859
3,202,LogReg,5826,0,0,0.10190726023593479
3,202,LogReg,1821,1,1,0.9643318884106311
3,202,LogReg,1194,1,1,0.8563028594316968
3,202,LogReg,1970,1,1,0.962772730798487
3,202,LogReg,5560,0,0,0.4293623257538926
3,202,LogReg,6218,0,0,0.24475947962097078
3,202,LogReg,1199,0,1,0.5206981376624463
3,202,LogReg,4770,0,0,0.1971169349590419
3,202,LogReg,7515,1,1,0.7883305986838006
3,202,LogReg,2498,0,0,0.30393128236629957
3,202,LogReg,4007,0,1,0.8571365428333774
3,202,LogReg,5680,0,0,0.34054715128656676
3,202,LogReg,1746,1,1,0.8915674822522371
3,202,LogReg,9551,1,0,0.00010866527805922422
3,202,LogReg,5199,0,0,0.32160169949261275
3,202,LogReg,7205,1,1,0.6189314961464332
3,202,LogReg,7448,0,0,0.06807368998160925
3,202,LogReg,3419,1,1,0.8658154766727281
3,202,LogReg,6710,1,1,0.8640473258267855
3,202,LogReg,2489,1,0,0.462752359007679
3,202,LogReg,2981,1,1,0.7781848799467592
3,202,LogReg,8056,1,1,0.8326575123949688
3,202,LogReg,5510,0,0,0.2611460809628404
3,202,LogReg,6528,1,0,0.07308171812517772
3,202,LogReg,6225,1,0,0.24597055793824166
3,202,LogReg,841,1,1,0.5554723612087346
3,202,LogReg,3872,1,0,0.2488094778441326
3,202,LogReg,8136,1,1,0.8131809599911076
3,202,LogReg,8108,1,1,0.9614804447792447
3,202,LogReg,8051,1,1,0.9032530876259703
3,202,LogReg,9544,1,1,0.8791181989072138
3,202,LogReg,8841,1,1,0.944170579121349
3,202,LogReg,425,1,0,0.4859086014490313
3,202,LogReg,7026,0,0,0.18420428487374657
3,202,LogReg,437,1,1,0.7881630054316346
3,202,LogReg,2346,1,1,0.9060926999452138
3,202,LogReg,6251,1,1,0.8819477450776211
3,202,LogReg,2576,1,1,0.7310681014908997
3,202,LogReg,4655,1,1,0.8773111073485301
3,202,LogReg,1365,0,0,0.07915116536470856
3,202,LogReg,3344,1,1,0.5125727408332568
3,202,LogReg,782,1,1,0.874569727795817
3,202,LogReg,5455,0,0,0.44544088699908563
3,202,LogReg,8817,1,1,0.9932575411729214
3,202,LogReg,592,1,1,0.6532989692157337
3,202,LogReg,5592,0,0,0.13189925134057007
3,202,LogReg,4055,1,1,0.8170611305886105
3,202,LogReg,4495,0,0,0.266262724852729
3,202,LogReg,5277,0,0,0.44660315696771097
3,202,LogReg,7434,1,1,0.5756166783106081
3,202,LogReg,6182,1,0,0.36235179348856966
3,202,LogReg,1301,0,0,0.014648154540818394
3,202,LogReg,1368,1,1,0.8218496036923965
3,202,LogReg,5179,1,0,0.3422246310478397
3,202,LogReg,8718,1,1,0.953630888771341
3,202,LogReg,1364,1,1,0.9922741633486629
3,202,LogReg,5130,0,0,0.18953740207280312
3,202,LogReg,8484,0,0,0.07998915753309432
3,202,LogReg,2118,1,1,0.7375211334990509
3,202,LogReg,293,1,1,0.6838886049673837
3,202,LogReg,279,1,0,0.3308592976581791
3,202,LogReg,3023,1,1,0.7625306421076703
3,202,LogReg,3410,1,1,0.8205545074774435
3,202,LogReg,7770,0,0,0.000584229309134564
3,202,LogReg,7697,1,0,0.22343598317822608
3,202,LogReg,8440,0,0,0.2732885528129044
3,202,LogReg,8207,1,1,0.83485001974231
3,202,LogReg,1009,1,0,0.4145481205685358
3,202,LogReg,4494,0,0,0.0676375961666199
3,202,LogReg,6313,1,0,0.08785634026243813
3,202,LogReg,5551,0,0,0.44597714609126804
3,202,LogReg,1111,1,1,0.8178076830121452
3,202,LogReg,2035,0,1,0.7573483263826937
3,202,LogReg,4840,1,0,0.18693203866060504
3,202,LogReg,1512,1,1,0.8270607686074463
3,202,LogReg,8170,1,1,0.7402275619385508
3,202,LogReg,5547,0,1,0.9217464861520555
3,202,LogReg,950,1,1,0.922615826786371
3,202,LogReg,4722,1,1,0.9105206646208669
3,202,LogReg,2189,1,1,0.8922246296896672
3,202,LogReg,8873,1,1,0.9955449631819276
3,202,LogReg,828,1,1,0.9306397163499551
3,202,LogReg,4946,0,0,0.44544088699908563
3,202,LogReg,4696,1,1,0.9381441176686993
3,202,LogReg,3343,1,1,0.9786896679915281
3,202,LogReg,2489,1,0,0.462752359007679
3,202,LogReg,7804,0,1,0.5755325799429782
3,202,LogReg,7114,1,0,0.31615502102897014
3,202,LogReg,5659,0,0,0.26464058535664015
3,202,LogReg,5140,1,1,0.8000520752337715
3,202,LogReg,9388,1,1,0.9789025053856585
3,202,LogReg,3030,1,1,0.9001618057892321
3,202,LogReg,3222,1,1,0.8373557958991024
3,202,LogReg,3593,1,0,0.4731762754860898
3,202,LogReg,1395,1,1,0.8697097691129148
3,202,LogReg,1483,1,1,0.9287913515779174
3,202,LogReg,9558,1,1,0.9318193037908111
3,202,LogReg,4075,0,0,0.09967715608909952
3,202,LogReg,7355,1,1,0.7969508457348494
3,202,LogReg,1389,1,1,0.7625306421076701
3,202,LogReg,7883,1,0,0.3309438603377831
3,202,LogReg,4467,1,1,0.6721665842885061
3,202,LogReg,5155,1,1,0.6885919938135413
3,202,LogReg,3855,1,1,0.5352085067702201
3,202,LogReg,8664,1,1,0.9332565778982551
3,202,LogReg,9494,1,1,0.9979306610607437
3,202,LogReg,8606,1,1,0.9103069994636935
3,202,LogReg,4439,0,1,0.5649345694530312
3,202,LogReg,6180,1,0,0.07841498256449023
3,202,LogReg,2549,1,1,0.9648416613854123
3,202,LogReg,6046,1,1,0.683481891787571
3,202,LogReg,5548,1,1,0.8582205716172586
3,202,LogReg,5205,0,0,0.4349288868174483
3,202,LogReg,2199,1,0,0.18818641196656155
3,202,LogReg,8054,1,1,0.9218988497845713
3,202,LogReg,978,1,1,0.7931713682848748
3,202,LogReg,754,1,1,0.6287527888424774
3,202,LogReg,6848,0,0,0.17143401178863493
3,202,LogReg,9293,1,1,0.9091609826022152
3,202,LogReg,6318,1,0,0.12839032066874928
3,202,LogReg,359,1,0,0.07547508635936269
3,202,LogReg,5838,1,1,0.583803251699663
3,202,LogReg,6000,1,0,0.12568401112085817
3,202,LogReg,2239,1,0,0.30546268006265515
3,202,LogReg,4007,0,1,0.8571365428333774
3,202,LogReg,7886,0,1,0.9339052965059397
3,202,LogReg,5708,0,0,0.08477584963080108
3,202,LogReg,1501,1,0,0.4852728449668353
3,202,LogReg,1180,0,0,0.15915127083733893
3,202,LogReg,4194,1,1,0.6169221428579161
3,202,LogReg,6060,1,1,0.9819843980194168
3,202,LogReg,8370,0,0,0.14686509717004653
3,202,LogReg,2678,1,1,0.8975378141065958
3,202,LogReg,2600,1,1,0.8178076830121452
3,202,LogReg,6326,0,0,0.0158364618965771
3,202,LogReg,1915,0,0,0.019749964218459704
3,202,LogReg,7761,1,1,0.9187977246417285
3,202,LogReg,8221,1,1,0.6377944073215551
3,202,LogReg,4865,1,1,0.8738098782760959
3,202,LogReg,9401,1,1,0.917836402820494
3,202,LogReg,1050,1,1,0.9266304089904572
3,202,LogReg,2377,1,1,0.8002544565277586
3,202,LogReg,2300,0,0,0.02965503165914948
3,202,LogReg,3315,1,1,0.8174101090420707
3,202,LogReg,5159,1,1,0.7974836966806971
3,202,LogReg,7490,1,0,0.2733146005855796
3,202,LogReg,5861,1,1,0.8091180107083785
3,202,LogReg,5573,0,0,0.26404172311385
3,202,LogReg,8140,1,1,0.8512218472435066
3,202,LogReg,9494,1,1,0.9979306610607437
3,202,LogReg,8735,1,1,0.9517820427040117
3,202,LogReg,4570,0,0,0.27738267742795264
3,202,LogReg,8415,0,0,0.2859104707151375
3,202,LogReg,2277,1,1,0.7352257866346468
3,202,LogReg,2517,1,1,0.8812573544512908
3,202,LogReg,9547,1,1,0.9985288984337677
3,202,LogReg,1009,1,0,0.4145481205685358
3,202,LogReg,6190,1,1,0.7149231824148148
3,202,LogReg,437,1,1,0.7881630054316346
3,202,LogReg,5815,0,0,0.12470527706466442
3,202,LogReg,6383,1,1,0.8771671284733719
3,202,LogReg,6267,1,1,0.5373062622091758
3,202,LogReg,1056,1,1,0.9073889335290594
3,202,LogReg,4696,1,1,0.9381441176686993
3,202,LogReg,7630,0,0,0.31826740122938096
3,202,LogReg,6713,1,1,0.9648416613854123
3,202,LogReg,5846,1,0,0.3899623513794328
3,202,LogReg,661,1,1,0.9558671442662011
3,202,LogReg,6152,1,0,0.4455001503684566
3,202,LogReg,2474,1,1,0.7427041010682606
3,202,LogReg,1511,1,1,0.7695602288962221
3,202,LogReg,2022,0,0,0.13195494609988134
3,202,LogReg,213,1,0,0.4928669943897499
3,202,LogReg,9502,1,1,0.9992792405710932
3,202,LogReg,8961,1,1,0.9630825629865185
3,202,LogReg,3372,1,1,0.8150308099509659
3,202,LogReg,4873,1,1,0.9432574732666125
3,202,LogReg,7151,1,1,0.6830677498323653
3,202,LogReg,7148,1,1,0.9559641462522394
3,202,LogReg,5455,0,0,0.44544088699908563
3,202,LogReg,9321,1,1,0.9994692451259943
3,202,LogReg,8958,1,1,0.9931833690221331
3,202,LogReg,2123,1,1,0.8475376065679094
3,202,LogReg,7804,0,1,0.5755325799429782
3,202,LogReg,6645,1,1,0.8575371441315912
3,202,LogReg,97,0,0,0.27191757411785644
3,202,LogReg,5356,0,0,0.31485998967466994
3,202,LogReg,2273,1,1,0.7114934499116508
3,202,LogReg,2522,1,1,0.9738994088932326
3,202,LogReg,4769,0,0,0.019749964218459704
3,202,LogReg,5985,1,1,0.9823255807622513
3,202,LogReg,4534,0,0,0.45892910694615774
3,202,LogReg,6596,1,1,0.7864569376335447
3,202,LogReg,3583,1,1,0.7090220148068699
3,202,LogReg,5639,0,0,0.3848142745861588
3,202,LogReg,1464,0,0,0.3055648164261537
3,202,LogReg,692,1,1,0.5500583211775185
3,202,LogReg,7234,0,0,0.03475170071878489
3,202,LogReg,9322,1,1,0.9923991026791159
3,202,LogReg,139,1,0,0.37684833450681454
3,202,LogReg,5436,0,1,0.6284570916035207
3,202,LogReg,4467,1,1,0.6721665842885061
3,202,LogReg,6542,1,1,0.8702174466167232
3,202,LogReg,328,1,1,0.8452888333163567
3,202,LogReg,533,1,1,0.6494662878054389
3,202,LogReg,4659,0,0,0.45060742172522966
3,202,LogReg,7839,0,0,0.00640037501478769
3,202,LogReg,6588,1,0,0.05915261584746656
3,202,LogReg,418,1,1,0.8107059776496847
3,202,LogReg,5659,0,0,0.26464058535664015
3,202,LogReg,1346,1,1,0.9692150637216799
3,202,LogReg,9581,1,1,0.9505550939859423
3,202,LogReg,8186,1,1,0.8706275391336068
3,202,LogReg,9337,1,1,0.9819843980194168
3,202,LogReg,5146,1,1,0.8475300825431268
3,202,LogReg,2384,1,1,0.6037871885514139
3,202,LogReg,2097,1,1,0.5292785572517493
3,202,LogReg,2436,1,1,0.7474973765994947
3,202,LogReg,3771,0,0,0.4282038559229031
3,202,LogReg,8437,0,0,0.12839032066874928
3,202,LogReg,9203,1,1,0.9877221461519146
3,202,LogReg,2982,1,1,0.7781848799467592
3,202,LogReg,4338,0,0,0.023711685878304353
3,202,LogReg,877,1,1,0.7887117993245899
3,202,LogReg,3011,1,0,0.23347571111241147
3,202,LogReg,6575,0,0,0.2949023463526977
3,202,LogReg,2785,1,0,0.11065646771273753
3,202,LogReg,6259,1,1,0.9688609657145496
3,202,LogReg,2226,0,0,0.266262724852729
3,202,LogReg,3410,1,1,0.8205545074774435
3,202,LogReg,2967,1,0,0.3948139703859375
3,202,LogReg,4625,1,1,0.8883781419247584
3,202,LogReg,3546,1,1,0.8402521675278571
3,202,LogReg,2228,1,0,0.3058579709956845
3,202,LogReg,4956,0,0,0.01189168634227408
3,202,LogReg,5290,0,0,0.21240777666929048
3,202,LogReg,2414,1,1,0.9892111285390184
3,202,LogReg,8581,1,1,0.7977225850378875
3,202,LogReg,7828,1,1,0.6971654686037831
3,202,LogReg,814,1,1,0.8402800687630443
3,202,LogReg,2633,1,1,0.6623561454272641
3,202,LogReg,7005,1,0,0.3055815291462842
3,202,LogReg,4012,1,1,0.6989746661478501
3,202,LogReg,893,1,1,0.6264085094939389
3,202,LogReg,9012,1,1,0.936028131137779
3,202,LogReg,9066,1,1,0.9709611247091189
3,202,LogReg,249,1,1,0.6704489722443195
3,202,LogReg,3942,1,0,0.28724761040277635
3,202,LogReg,5343,0,1,0.6770782103944755
3,202,LogReg,8429,0,0,0.3274785463486522
3,202,LogReg,2748,1,0,0.051238110321219416
3,202,LogReg,3531,1,0,0.02233630270468209
3,202,LogReg,6067,1,1,0.7977225850378875
3,202,LogReg,4322,0,0,0.31615502102897014
3,202,LogReg,1350,1,1,0.8576160872173404
3,202,LogReg,2609,1,1,0.916415287850654
3,202,LogReg,6383,1,1,0.8771671284733719
3,202,LogReg,7670,1,1,0.6895370129766328
3,202,LogReg,9388,1,1,0.9789025053856585
3,202,LogReg,9235,1,1,0.9972615855329207
3,202,LogReg,2586,1,1,0.5698611209698589
3,202,LogReg,3338,1,1,0.962772730798487
3,202,LogReg,9322,1,1,0.9923991026791159
3,202,LogReg,4,0,1,0.8018935291926957
3,202,LogReg,7819,0,0,0.45412215166689057
3,202,LogReg,6845,1,0,0.25002600649657974
3,202,LogReg,3736,0,1,0.6150889585062645
3,202,LogReg,7534,1,1,0.838391491423652
3,202,LogReg,7059,1,1,0.7149231824148148
3,202,LogReg,2417,1,1,0.8916304912163671
3,202,LogReg,2355,1,1,0.5770864940168526
3,202,LogReg,4636,1,1,0.8430306757951698
3,202,LogReg,1582,1,1,0.6210141130112725
3,202,LogReg,109,1,0,0.25843426744736897
3,202,LogReg,2346,1,1,0.9060926999452138
3,202,LogReg,4665,1,1,0.8098865993488166
3,202,LogReg,8365,0,0,0.13956724188071523
3,202,LogReg,4183,1,1,0.9231193403061193
3,202,LogReg,2154,1,1,0.7931627803976895
3,202,LogReg,2190,1,1,0.5529670791080403
3,202,LogReg,8678,1,1,0.8591189544903111
3,202,LogReg,1242,1,1,0.7227721040277713
3,202,LogReg,557,1,1,0.7431868231515026
3,202,LogReg,5901,1,1,0.8587774988688057
3,202,LogReg,7159,1,1,0.8743862163021193
3,202,LogReg,1072,1,1,0.7463412731234162
3,202,LogReg,5348,0,0,0.043634662876131755
3,202,LogReg,6304,1,1,0.8719672984982297
3,202,LogReg,5671,0,0,0.49052232979826876
3,202,LogReg,5256,0,1,0.9290374283736496
3,202,LogReg,8378,0,0,0.163347695684802
3,202,LogReg,7770,0,0,0.000584229309134564
3,202,LogReg,2473,1,1,0.7069086669107486
3,202,LogReg,41,0,0,0.4738015616107537
3,202,LogReg,3046,1,1,0.8271689613397202
3,202,LogReg,7918,0,0,0.40331100820008264
3,202,LogReg,3375,1,1,0.7658949384434961
3,202,LogReg,9242,1,1,0.9233412810360447
3,202,LogReg,4615,1,1,0.5245853047482382
3,202,LogReg,3952,1,0,0.22630604148464087
3,202,LogReg,8841,1,1,0.944170579121349
3,202,LogReg,9320,1,1,0.9921536099235136
3,202,LogReg,2389,1,1,0.7522427519971546
3,202,LogReg,2224,1,0,0.389526262654797
3,202,LogReg,6591,1,0,0.452805549319631
3,202,LogReg,2296,1,0,0.4646487316302361
3,202,LogReg,5018,0,0,0.2985082442959856
3,202,LogReg,823,1,1,0.6078310839716506
3,202,LogReg,8926,1,1,0.9556770330096626
3,202,LogReg,2600,1,1,0.8178076830121452
3,202,LogReg,7205,1,1,0.6189314961464332
3,202,LogReg,2985,1,1,0.8339705359339501
3,202,LogReg,556,1,1,0.7497090474713927
3,202,LogReg,3201,0,0,0.1604302384110317
3,202,LogReg,2967,1,0,0.3948139703859375
3,202,LogReg,8214,1,0,0.4558213363400734
3,202,LogReg,5368,0,1,0.7825417482172342
3,202,LogReg,2511,1,0,0.3253132672308744
3,202,LogReg,8817,1,1,0.9932575411729214
3,202,LogReg,2929,1,1,0.8239739510355788
3,202,LogReg,1184,0,0,0.07998915753309435
3,202,LogReg,1402,1,1,0.6961766612769651
3,202,LogReg,5101,0,1,0.7639299618984066
3,202,LogReg,7828,1,1,0.6971654686037831
3,202,LogReg,547,1,1,0.8898722816796567
3,202,LogReg,1826,1,1,0.7705147648118772
3,202,LogReg,330,1,1,0.5523423737760637
3,202,LogReg,3852,0,0,0.3686168083360166
3,202,LogReg,6190,1,1,0.7149231824148148
3,202,LogReg,2377,1,1,0.8002544565277586
3,202,LogReg,8025,1,1,0.8605299208017643
3,202,LogReg,3135,1,1,0.8225453344629913
3,202,LogReg,4665,1,1,0.8098865993488166
3,202,LogReg,4226,1,1,0.8876633726275274
3,202,LogReg,2741,1,0,0.08935068422948769
3,202,LogReg,8735,1,1,0.9517820427040117
3,202,LogReg,2334,1,1,0.8136265397210191
3,202,LogReg,8570,1,1,0.8007391553686553
3,202,LogReg,9561,1,1,0.9979413140558863
3,202,LogReg,3172,0,0,0.35986531960362733
3,202,LogReg,2555,1,0,0.15437363667463824
3,202,LogReg,401,1,1,0.592826697989956
3,202,LogReg,7445,0,0,0.05361656270416893
3,202,LogReg,645,1,0,0.44188769304367914
3,202,LogReg,480,1,1,0.8624204913941208
3,202,LogReg,6829,1,1,0.8975378141065957
3,202,LogReg,5090,1,1,0.8128950706284983
3,202,LogReg,6573,0,0,0.06889376829883229
3,202,LogReg,8977,1,1,0.6962094878964814
3,202,LogReg,8458,0,0,0.02450117681530813
3,202,LogReg,7604,0,0,0.2817724968732864
3,202,LogReg,4383,1,1,0.990442474323466
3,202,LogReg,7608,0,0,0.476500927819257
3,202,LogReg,7918,0,0,0.40331100820008264
3,202,LogReg,4067,1,1,0.9633840868016168
3,202,LogReg,226,0,0,0.459422741502578
3,202,LogReg,4797,1,1,0.9350877619577334
3,202,LogReg,3038,1,1,0.767090858543724
3,202,LogReg,4579,1,1,0.8164305202537785
3,202,LogReg,4845,1,0,0.3096333388743689
3,202,LogReg,2549,1,1,0.9648416613854123
3,202,LogReg,3887,1,0,0.3889949642222935
3,202,LogReg,3375,1,1,0.7658949384434961
3,202,LogReg,8545,1,0,0.4928034990619058
3,202,LogReg,4669,1,1,0.8744863079669326
3,202,LogReg,5347,0,1,0.5697916952765264
3,202,LogReg,3691,1,1,0.9300402019606009
3,202,LogReg,4817,0,0,0.1319549460998818
3,202,LogReg,3193,1,0,0.1628300244127881
3,202,LogReg,6740,1,0,0.4588223320882947
3,202,LogReg,6682,1,0,0.4926346446271426
3,202,LogReg,7333,1,1,0.5096592268574399
3,202,LogReg,1501,1,0,0.4852728449668353
3,202,LogReg,7386,1,1,0.5744526557834247
3,202,LogReg,4295,1,0,0.11619968807994432
3,202,LogReg,4565,1,1,0.5484751162711453
3,202,LogReg,2055,0,0,0.23228973145321763
3,202,LogReg,821,1,1,0.7872424022948256
3,202,LogReg,6596,1,1,0.7864569376335447
3,202,LogReg,2555,1,0,0.15437363667463824
3,202,LogReg,1554,1,1,0.8876484746631286
3,202,LogReg,1983,1,1,0.7105421290686964
3,202,LogReg,5861,1,1,0.8091180107083785
3,202,LogReg,9323,1,1,0.9952805168593072
3,202,LogReg,3385,1,1,0.938705496649584
3,202,LogReg,1318,0,0,0.196759424370998
3,202,LogReg,8664,1,1,0.9332565778982551
3,202,LogReg,7114,1,0,0.31615502102897014
3,202,LogReg,1873,1,0,0.39997714103864845
3,202,LogReg,1226,1,1,0.8280476076043642
3,202,LogReg,8474,0,0,0.06633490099991038
3,202,LogReg,3714,0,1,0.5095793036950175
3,202,LogReg,1712,1,1,0.8652432683787212
3,202,LogReg,1600,0,0,0.17937652540198767
3,202,LogReg,2349,1,1,0.7278876219228235
3,202,LogReg,3508,1,1,0.7278607030508587
3,202,LogReg,4956,0,0,0.01189168634227408
3,202,LogReg,4867,0,0,0.03853293412069293
3,202,LogReg,275,1,1,0.5523974105496827
3,202,LogReg,8696,1,1,0.9956692157513689
3,202,LogReg,587,1,1,0.981249956029666
3,202,LogReg,6529,1,0,0.0606595273237299
3,202,LogReg,9314,1,1,0.9473410465303621
3,202,LogReg,9214,1,1,0.5675194450103825
3,202,LogReg,7595,1,1,0.5687636938181759
3,202,LogReg,8051,1,1,0.9032530876259703
3,202,LogReg,3911,0,0,0.09507415144436633
3,202,LogReg,2004,1,1,0.9589223560704928
3,202,LogReg,990,0,1,0.9272854178097393
3,202,LogReg,5256,0,1,0.9290374283736496
3,202,LogReg,4324,0,0,0.2182586521843145
3,202,LogReg,7770,0,0,0.000584229309134564
3,202,LogReg,291,1,1,0.6391854889895703
3,202,LogReg,537,1,1,0.7867767740605842
3,202,LogReg,23,0,1,0.710287097447474
3,202,LogReg,9551,1,0,0.00010866527805922422
3,202,LogReg,3972,1,0,0.44174933833481583
3,202,LogReg,8316,0,0,0.00026045233814810695
3,202,LogReg,828,1,1,0.9306397163499551
3,202,LogReg,8429,0,0,0.3274785463486522
3,202,LogReg,1712,1,1,0.8652432683787212
3,202,LogReg,3975,1,0,0.434124309750392
3,202,LogReg,4029,0,1,0.6890591971287672
3,202,LogReg,8290,0,0,0.0024739280196258984
3,202,LogReg,9066,1,1,0.9709611247091189
3,202,LogReg,3614,1,0,0.061049278160066806
3,202,LogReg,6633,1,0,0.45134973722705257
3,202,LogReg,564,1,1,0.6293716699466126
3,202,LogReg,5374,1,0,0.13777130850531644
3,202,LogReg,2508,1,1,0.6735237655568996
3,202,LogReg,8933,1,1,0.9312633236867073
3,202,LogReg,8565,1,1,0.8151305133073863
3,202,LogReg,1609,0,1,0.6222988298869357
3,202,LogReg,813,1,1,0.6078310839716506
3,202,LogReg,6850,1,0,0.37962276241364634
3,202,LogReg,9534,1,1,0.9939257055695007
3,202,LogReg,3643,1,1,0.732819429449504
3,202,LogReg,7448,0,0,0.06807368998160925
3,202,LogReg,2118,1,1,0.7375211334990509
3,202,LogReg,6845,1,0,0.25002600649657974
3,202,LogReg,4590,1,1,0.9863647593665431
3,202,LogReg,5689,0,0,0.20899540411790885
3,202,LogReg,3290,1,0,0.36149324211237227
3,202,LogReg,2938,1,1,0.8815679088633995
3,202,LogReg,4541,1,0,0.18293889760028595
3,202,LogReg,1314,1,1,0.8818484241216168
3,202,LogReg,1123,1,1,0.9633840868016168
3,202,LogReg,5249,0,1,0.5711336040352052
3,202,LogReg,5501,0,1,0.5291628056507081
3,202,LogReg,2909,1,1,0.8403006027082439
3,202,LogReg,5250,0,0,0.39869164454250017
3,202,LogReg,883,1,1,0.6079260092793731
3,202,LogReg,2909,1,1,0.8403006027082439
3,202,LogReg,8933,1,1,0.9312633236867073
3,202,LogReg,3476,1,0,0.1869320386606051
3,202,LogReg,3952,1,0,0.22630604148464087
3,202,LogReg,3804,0,1,0.6142660027648323
3,202,LogReg,8388,0,0,0.08739203583424639
3,202,LogReg,8154,1,1,0.948644226316908
3,202,LogReg,3096,1,1,0.9105206646208669
3,202,LogReg,2300,0,0,0.02965503165914948
3,202,LogReg,1786,1,1,0.9323990216710294
3,202,LogReg,97,0,0,0.27191757411785644
3,202,LogReg,4991,1,1,0.731529363970979
3,202,LogReg,2870,1,1,0.7994752348066003
3,202,LogReg,1540,1,1,0.7324930307669465
3,202,LogReg,2762,1,0,0.014787077276515605
3,202,LogReg,6783,1,1,0.8135676798758202
3,202,LogReg,3238,1,0,0.0010489288667456399
3,202,LogReg,5088,1,0,0.21547581451482992
3,202,LogReg,7752,0,0,0.08448759113032367
3,202,LogReg,7773,0,1,0.6508524734284256
3,202,LogReg,4887,0,0,0.3716433850030255
3,202,LogReg,1174,1,0,0.2699307236029871
3,202,LogReg,3851,0,0,0.10986208112363113
3,202,LogReg,1408,1,1,0.8243795195423926
3,202,LogReg,1072,1,1,0.7463412731234162
3,202,LogReg,1746,1,1,0.8915674822522371
3,202,LogReg,7205,1,1,0.6189314961464332
3,202,LogReg,504,1,1,0.9182999375309501
3,202,LogReg,7733,1,1,0.7734614045765397
3,202,LogReg,5966,1,0,0.09371539489385225
3,202,LogReg,7595,1,1,0.5687636938181759
3,202,LogReg,8993,1,1,0.9275625610052123
3,202,LogReg,1327,1,1,0.8614721294869788
3,202,LogReg,8958,1,1,0.9931833690221331
3,202,LogReg,8283,0,1,0.7887181816000407
3,202,LogReg,4521,0,1,0.5585493248849234
3,202,LogReg,3902,0,0,0.42715220591383424
3,202,LogReg,4943,0,1,0.6824432034783019
3,202,LogReg,1324,1,0,0.32296888201652657
3,202,LogReg,5510,0,0,0.2611460809628404
3,202,LogReg,5017,0,0,0.23349099404277626
3,202,LogReg,1399,1,1,0.8139120680573154
3,202,LogReg,2881,1,1,0.6742975061200579
3,202,LogReg,2084,1,1,0.7316809080848874
3,202,LogReg,7115,0,0,0.23531581230785192
3,202,LogReg,3201,0,0,0.1604302384110317
3,202,LogReg,6452,1,1,0.5475712553264067
3,202,LogReg,6016,1,0,0.05697216913285335
3,202,LogReg,1938,1,1,0.7628768224555684
3,202,LogReg,4465,1,1,0.701421908980803
3,202,LogReg,9381,1,1,0.9369611147594543
3,202,LogReg,5927,1,1,0.7487123378528125
3,202,LogReg,4545,0,0,0.03846631310378692
3,202,LogReg,5283,0,1,0.6409514020383726
3,202,LogReg,3823,1,0,0.3159575838217282
3,202,LogReg,710,1,1,0.5320732997435046
3,202,LogReg,6389,1,1,0.9613352969379955
3,202,LogReg,3957,0,1,0.552627967648479
3,202,LogReg,5141,1,1,0.9110057365038476
3,202,LogReg,8122,0,0,0.48752433394782213
3,202,LogReg,5894,1,1,0.9670943273276872
3,202,LogReg,5469,0,0,0.3354345777819876
3,202,LogReg,5039,0,0,0.34988243391986396
3,202,LogReg,6033,1,1,0.914683551978195
3,202,LogReg,8912,1,1,0.6686180688039981
3,202,LogReg,2320,1,1,0.7735214318825057
3,202,LogReg,2377,1,1,0.8002544565277586
3,202,LogReg,1297,0,0,0.00391481018415904
3,202,LogReg,8681,1,1,0.9983304444181214
3,202,LogReg,4761,0,0,0.2683906701324969
3,202,LogReg,4319,1,1,0.8348179839665326
3,202,LogReg,7781,0,0,0.11788097081801667
3,202,LogReg,6250,1,1,0.9278815534801533
3,202,LogReg,9386,1,1,0.984823325400113
3,202,LogReg,8365,0,0,0.13956724188071523
3,202,LogReg,2498,0,0,0.30393128236629957
3,202,LogReg,6669,1,0,0.15047159299609103
3,202,LogReg,4655,1,1,0.8773111073485301
3,202,LogReg,335,1,1,0.6890353622857219
3,202,LogReg,3361,1,0,0.4497762982241059
3,202,LogReg,8360,0,0,0.27306922096988895
3,202,LogReg,8589,1,1,0.8748603519999687
3,202,LogReg,8607,1,1,0.9924980956761861
3,202,LogReg,3759,1,1,0.8277338702131214
3,202,LogReg,9422,1,1,0.9998731173424017
3,202,LogReg,1791,1,1,0.95078554721175
3,202,LogReg,5861,1,1,0.8091180107083785
3,202,LogReg,3365,1,1,0.8495052427918
3,202,LogReg,2675,1,1,0.8660874751874325
3,202,LogReg,5019,0,1,0.5141677411850624
3,202,LogReg,5383,0,0,0.11293870437236292
3,202,LogReg,4681,1,1,0.8136336886717446
3,202,LogReg,159,1,0,0.37585451150495386
3,202,LogReg,6111,1,1,0.5558292189500825
3,202,LogReg,8330,0,0,0.037929845513768976
3,202,LogReg,7264,1,1,0.5430966473243026
3,202,LogReg,6836,0,0,0.09747527928617707
3,202,LogReg,7403,1,1,0.7509837132720903
3,202,LogReg,1139,0,0,0.18569531968385367
3,202,LogReg,8223,0,0,0.2817724968732866
3,202,LogReg,3218,0,0,0.1604302384110317
3,202,LogReg,1395,1,1,0.8697097691129148
3,202,LogReg,6016,1,0,0.05697216913285335
3,202,LogReg,7059,1,1,0.7149231824148148
3,202,LogReg,2576,1,1,0.7310681014908997
3,202,LogReg,3201,0,0,0.1604302384110317
3,202,LogReg,4329,0,0,0.21525419539713397
3,202,LogReg,4022,1,1,0.6132150284364608
3,202,LogReg,5203,0,0,0.45027704003637004
3,202,LogReg,336,1,1,0.8352864861188773
3,202,LogReg,2489,1,0,0.462752359007679
3,202,LogReg,2118,1,1,0.7375211334990509
3,202,LogReg,507,1,1,0.7192054061931152
3,202,LogReg,4665,1,1,0.8098865993488166
3,202,LogReg,1047,1,1,0.7806825529935589
3,202,LogReg,174,1,0,0.3671746054326001
3,202,LogReg,2474,1,1,0.7427041010682606
3,202,LogReg,1958,1,1,0.8122428971257729
3,202,LogReg,8437,0,0,0.12839032066874928
3,202,LogReg,7357,1,1,0.5262378326913322
3,202,LogReg,4790,1,1,0.9584652029676921
3,202,LogReg,533,1,1,0.6494662878054389
3,202,LogReg,4564,1,1,0.50815057911832
3,202,LogReg,1047,1,1,0.7806825529935589
3,202,LogReg,8362,0,0,0.13878157927712523
3,202,LogReg,1271,1,1,0.9823255807622513
3,202,LogReg,9078,1,1,0.9206216990924259
3,202,LogReg,7322,0,0,0.05018147645236979
3,202,LogReg,7622,0,1,0.6842931300572583
3,202,LogReg,9567,1,1,0.8228470412016664
3,202,LogReg,4067,1,1,0.9633840868016168
3,202,LogReg,2609,1,1,0.916415287850654
3,202,LogReg,9378,1,1,0.8474975261550529
3,202,LogReg,8598,1,0,0.438753081384542
3,202,LogReg,3105,1,1,0.9559641462522394
3,202,LogReg,7424,1,0,0.2698329231546165
3,202,LogReg,593,1,1,0.6581361498612199
3,202,LogReg,4029,0,1,0.6890591971287672
3,202,LogReg,4929,1,1,0.8608648431841002
3,202,LogReg,7647,0,1,0.6188303620737083
3,202,LogReg,1852,0,0,0.0598849049567718
3,202,LogReg,4228,0,0,0.32235461808299753
3,202,LogReg,352,0,1,0.7566841582144247
3,202,LogReg,6475,1,1,0.9221822949678783
3,202,LogReg,2824,1,1,0.8136304710156703
3,202,LogReg,4748,0,0,0.08785634026243813
3,202,LogReg,6532,0,0,0.06725920180732843
3,202,LogReg,1465,1,0,0.47977883550554506
3,202,LogReg,4880,1,1,0.8170779113280062
3,202,LogReg,159,1,0,0.37585451150495386
3,202,LogReg,7194,1,0,0.07588002307174409
3,202,LogReg,3971,1,0,0.3430698256207418
3,202,LogReg,8054,1,1,0.9218988497845713
3,202,LogReg,6159,1,0,0.29374583458242476
3,202,LogReg,7542,1,0,0.21240777666929048
3,202,LogReg,7569,1,1,0.8612093426002229
3,202,LogReg,3410,1,1,0.8205545074774435
3,202,LogReg,348,1,1,0.5724924822686829
3,202,LogReg,1399,1,1,0.8139120680573154
3,202,LogReg,8738,1,1,0.8228331007844318
3,202,LogReg,5154,0,0,0.1719670004740774
3,202,LogReg,6654,1,1,0.8658047839452602
3,202,LogReg,4450,1,1,0.7862519445374998
3,202,LogReg,92,1,0,0.1140725162632151
3,202,LogReg,8823,1,1,0.9169304884496811
3,202,LogReg,8884,1,1,0.5792902004810668
3,202,LogReg,4016,1,1,0.6345399580674901
3,202,LogReg,5957,1,1,0.8660874751874325
3,202,LogReg,6218,0,0,0.24475947962097078
3,202,LogReg,5927,1,1,0.7487123378528125
3,202,LogReg,9059,1,1,0.9803706842425842
3,202,LogReg,2990,1,1,0.8882243984882351
3,202,LogReg,2349,1,1,0.7278876219228235
3,202,LogReg,7316,0,0,0.18083832440215689
3,202,LogReg,626,1,1,0.7980056571392345
3,202,LogReg,5945,0,0,0.2619701305196325
3,202,LogReg,5640,0,0,0.20710319145722336
3,202,LogReg,1685,1,1,0.7304043120360055
3,202,LogReg,9005,1,1,0.989294315035311
3,202,LogReg,2728,1,1,0.8346148285989966
3,202,LogReg,9551,1,0,0.00010866527805922422
3,202,LogReg,8013,0,0,0.3921621400103243
3,202,LogReg,9005,1,1,0.989294315035311
3,202,LogReg,3410,1,1,0.8205545074774435
3,202,LogReg,8864,1,1,0.9748670852132592
3,202,LogReg,5284,0,0,0.44921478583934077
3,202,LogReg,2313,1,0,0.2793498236697576
3,202,LogReg,4840,1,0,0.18693203866060504
3,202,LogReg,766,1,1,0.948644226316908
3,202,LogReg,2811,1,0,0.13871975593310024
3,202,LogReg,8411,0,0,0.4338851447085999
3,202,LogReg,7992,1,0,0.025233763246671394
3,202,LogReg,1275,1,1,0.9740227332654855
3,202,LogReg,7297,0,0,0.11129102780337871
3,202,LogReg,7810,1,1,0.7780782014472313
3,202,LogReg,4241,0,0,0.2240655347977738
3,202,LogReg,8056,1,1,0.8326575123949688
3,202,LogReg,1637,1,1,0.7997316434650198
3,202,LogReg,5107,1,1,0.6245592141837205
3,202,LogReg,11,0,0,0.39991292073737933
3,202,LogReg,4932,1,0,0.4558548126328604
3,202,LogReg,7328,1,1,0.515884136969144
3,202,LogReg,3400,1,0,0.4642268778107169
3,202,LogReg,8860,1,1,0.9701340206724939
3,202,LogReg,7886,0,1,0.9339052965059397
3,202,LogReg,1189,0,0,0.003732932212152191
3,202,LogReg,159,1,0,0.37585451150495386
3,202,LogReg,2695,1,1,0.806513866529711
3,202,LogReg,5336,0,0,0.14034177211864873
3,202,LogReg,5118,0,0,0.24436712809763278
3,202,LogReg,6796,1,1,0.7019216971468827
3,202,LogReg,7316,0,0,0.18083832440215689
3,202,LogReg,8530,1,1,0.9589309466686682
3,202,LogReg,1968,1,1,0.8216574555492479
3,202,LogReg,5516,1,1,0.5549103937781968
3,202,LogReg,2766,1,0,0.1541911694020403
3,202,LogReg,8493,1,1,0.9486652887730399
3,202,LogReg,8891,1,1,0.9541008957921604
3,202,LogReg,6368,1,0,0.4206765163400569
3,202,LogReg,7140,1,1,0.8819477450776211
3,202,LogReg,5229,0,0,0.0010590738182056118
3,202,LogReg,1088,1,1,0.728541121105498
3,202,LogReg,4717,0,0,0.34357225707077826
3,202,LogReg,9323,1,1,0.9952805168593072
3,202,LogReg,4119,1,1,0.873604156357326
3,202,LogReg,5224,0,0,0.026072056966366847
3,202,LogReg,5640,0,0,0.20710319145722336
3,202,LogReg,6480,1,1,0.9022497143611108
3,202,LogReg,7140,1,1,0.8819477450776211
3,202,LogReg,4269,0,0,0.13878157927712517
3,202,LogReg,2500,1,1,0.887479673915052
3,202,LogReg,1712,1,1,0.8652432683787212
3,202,LogReg,3217,1,0,0.027053520449148088
3,202,LogReg,1078,0,1,0.6890591971287672
3,202,LogReg,1943,0,0,0.05124807494915855
3,202,LogReg,5101,0,1,0.7639299618984066
3,202,LogReg,4754,0,0,0.0690372189605835
3,202,LogReg,9546,1,1,0.9724237797790053
3,202,LogReg,1685,1,1,0.7304043120360055
3,202,LogReg,3792,1,0,0.14959284251178104
3,202,LogReg,7022,1,0,0.30939244577887826
3,202,LogReg,513,1,1,0.877016104700069
3,202,LogReg,3786,0,1,0.5934356036299198
3,202,LogReg,7403,1,1,0.7509837132720903
3,202,LogReg,3995,1,1,0.5357074280185968
3,202,LogReg,6091,1,1,0.5065149025593526
3,202,LogReg,1966,1,1,0.9322191039772031
3,202,LogReg,2489,1,0,0.46275235900768
3,202,KNN,7283,1,1,1.0
3,202,KNN,6848,0,0,0.0
3,202,KNN,8118,1,1,0.8532288422197885
3,202,KNN,8237,1,1,0.9477860553092576
3,202,KNN,9504,1,1,1.0
3,202,KNN,8860,1,1,1.0
3,202,KNN,3090,1,1,1.0
3,202,KNN,5653,0,0,0.4826383897212094
3,202,KNN,4195,1,1,1.0
3,202,KNN,426,1,1,0.7400139328112859
3,202,KNN,6698,1,0,0.06346034958147273
3,202,KNN,880,1,1,1.0
3,202,KNN,2286,1,1,0.8400520046635849
3,202,KNN,4260,1,1,1.0
3,202,KNN,2020,0,0,0.37075396560582574
3,202,KNN,8112,1,1,1.0
3,202,KNN,4267,1,1,1.0
3,202,KNN,330,1,1,1.0
3,202,KNN,4929,1,1,1.0
3,202,KNN,1870,1,1,1.0
3,202,KNN,1053,1,1,1.0
3,202,KNN,6650,1,1,0.9848196826347548
3,202,KNN,336,1,1,1.0
3,202,KNN,6462,1,1,0.8186540076878468
3,202,KNN,4862,0,0,0.0
3,202,KNN,3046,1,1,1.0
3,202,KNN,7744,1,1,0.5299406186619177
3,202,KNN,3543,1,1,1.0
3,202,KNN,8325,0,0,0.0
3,202,KNN,1852,0,0,0.25
3,202,KNN,1486,1,1,1.0
3,202,KNN,2581,0,0,0.4299821083189618
3,202,KNN,1483,1,1,1.0
3,202,KNN,5451,0,1,0.7393134575852713
3,202,KNN,7283,1,1,1.0
3,202,KNN,2913,1,1,1.0
3,202,KNN,5229,0,0,0.0
3,202,KNN,9465,1,0,0.4670031044315684
3,202,KNN,8395,0,1,0.8993540167319499
3,202,KNN,3201,0,0,0.0
3,202,KNN,6866,1,1,1.0
3,202,KNN,2239,1,1,0.9999994964576205
3,202,KNN,7101,1,1,1.0
3,202,KNN,314,1,1,0.9405474056938617
3,202,KNN,7217,0,0,0.19999994171922134
3,202,KNN,2871,1,1,1.0
3,202,KNN,1271,1,1,1.0
3,202,KNN,645,1,1,0.9218294796242008
3,202,KNN,7761,1,1,1.0
3,202,KNN,6316,0,1,0.5999997489545809
3,202,KNN,2449,1,1,0.8904953079136458
3,202,KNN,8803,1,1,0.8791472819473456
3,202,KNN,4881,1,1,1.0
3,202,KNN,3592,1,0,0.46410172316883863
3,202,KNN,8627,1,1,1.0
3,202,KNN,3556,0,1,1.0
3,202,KNN,5740,0,1,0.6676349573224077
3,202,KNN,6864,1,1,1.0
3,202,KNN,2374,1,1,1.0
3,202,KNN,3972,1,1,0.7809422521669787
3,202,KNN,4095,0,1,0.999999070360778
3,202,KNN,7453,1,1,1.0
3,202,KNN,2250,1,1,1.0
3,202,KNN,9167,1,1,0.9414486059750197
3,202,KNN,6529,1,0,0.0
3,202,KNN,6796,1,1,1.0
3,202,KNN,3787,1,1,0.7321827962377513
3,202,KNN,293,1,1,1.0
3,202,KNN,6131,1,1,1.0
3,202,KNN,2945,1,1,1.0
3,202,KNN,1689,1,1,1.0
3,202,KNN,8566,1,1,1.0
3,202,KNN,4228,0,0,0.3333333333333333
3,202,KNN,5680,0,0,0.3247517060591213
3,202,KNN,6159,1,0,0.25
3,202,KNN,9311,1,1,0.9433951732777638
3,202,KNN,3838,1,1,0.8745053122624207
3,202,KNN,2098,1,1,0.8617960956510932
3,202,KNN,3981,0,1,0.8140213644647032
3,202,KNN,4548,0,1,1.0
3,202,KNN,9386,1,1,0.774850211417481
3,202,KNN,2067,0,0,0.0
3,202,KNN,6385,1,1,1.0
3,202,KNN,1600,0,0,0.5
3,202,KNN,2675,1,1,1.0
3,202,KNN,1131,0,0,0.3333333333333333
3,202,KNN,9504,1,1,1.0
3,202,KNN,4813,0,0,0.0
3,202,KNN,8646,1,1,1.0
3,202,KNN,6543,1,1,1.0
3,202,KNN,8565,1,1,1.0
3,202,KNN,6605,1,1,1.0
3,202,KNN,4615,1,1,0.9999999085077311
3,202,KNN,679,1,1,0.8496246185920003
3,202,KNN,7114,1,1,0.5000004124233514
3,202,KNN,4067,1,1,1.0
3,202,KNN,6710,1,1,1.0
3,202,KNN,7609,0,1,0.7952882011367693
3,202,KNN,2608,1,1,1.0
3,202,KNN,3353,1,0,1.599441710208102e-07
3,202,KNN,9012,1,1,0.8188963555820787
3,202,KNN,6682,1,0,1.575825474739481e-06
3,202,KNN,3901,1,1,0.6369200334352052
3,202,KNN,2250,1,1,1.0
3,202,KNN,7134,1,1,1.0
3,202,KNN,5740,0,1,0.6676349573224077
3,202,KNN,5501,0,0,8.163515808602781e-07
3,202,KNN,1388,1,0,0.49936386638306857
3,202,KNN,4948,0,0,2.8309944874347247e-07
3,202,KNN,7218,0,0,0.0
3,202,KNN,9042,1,1,0.6150101415579402
3,202,KNN,7961,1,1,1.0
3,202,KNN,2449,1,1,0.8904953079136458
3,202,KNN,766,1,1,1.0
3,202,KNN,7877,1,1,0.9414787123340754
3,202,KNN,5336,0,0,2.50090529369832e-07
3,202,KNN,6313,1,0,0.3333333487333786
3,202,KNN,1189,0,1,0.5325143656436447
3,202,KNN,5579,0,1,1.0
3,202,KNN,5469,0,0,0.2666270128081764
3,202,KNN,1368,1,1,1.0
3,202,KNN,133,1,1,0.8103370919167573
3,202,KNN,4319,1,1,0.9999996480913123
3,202,KNN,3753,1,1,0.6498437687168305
3,202,KNN,5797,0,0,0.3398277935565811
3,202,KNN,3858,1,0,0.37229994764180574
3,202,KNN,391,1,1,1.0
3,202,KNN,7395,1,1,1.0
3,202,KNN,1873,1,0,0.5
3,202,KNN,3583,1,1,0.9999999441155207
3,202,KNN,2424,1,1,1.0
3,202,KNN,4541,1,1,1.0
3,202,KNN,4,0,1,0.5870492569263944
3,202,KNN,2633,1,1,1.0
3,202,KNN,4943,0,1,0.7899531410906293
3,202,KNN,6827,1,1,1.0
3,202,KNN,3378,1,1,0.8186540076878468
3,202,KNN,4174,1,1,1.0
3,202,KNN,7522,1,1,0.5000000184813257
3,202,KNN,5703,0,1,0.8595402998621208
3,202,KNN,300,1,1,0.9229031891827805
3,202,KNN,813,1,1,0.868419744781535
3,202,KNN,8907,1,1,0.9321492236260559
3,202,KNN,336,1,1,1.0
3,202,KNN,6829,1,1,1.0
3,202,KNN,3593,1,1,0.9999999818067057
3,202,KNN,2389,1,1,1.0
3,202,KNN,3995,1,1,1.0
3,202,KNN,7961,1,1,1.0
3,202,KNN,3526,1,1,0.9999999907651543
3,202,KNN,990,0,1,1.0
3,202,KNN,3152,1,1,1.0
3,202,KNN,3090,1,1,1.0
3,202,KNN,1972,1,1,0.9490434508512777
3,202,KNN,5570,0,1,0.9343466531645912
3,202,KNN,6713,1,1,1.0
3,202,KNN,3819,1,1,0.6070107019276212
3,202,KNN,9214,1,1,0.8741957357009926
3,202,KNN,9167,1,1,0.9414486059750197
3,202,KNN,3383,1,1,1.0
3,202,KNN,3753,1,1,0.6498437687168305
3,202,KNN,8079,1,1,1.0
3,202,KNN,2215,1,1,0.9491902309927571
3,202,KNN,3228,0,0,0.0
3,202,KNN,2620,0,0,3.7915384079108294e-08
3,202,KNN,275,1,0,7.026243425665366e-07
3,202,KNN,4287,1,1,0.9999999276877956
3,202,KNN,8789,1,1,1.0
3,202,KNN,4446,1,1,1.0
3,202,KNN,2799,1,0,0.1402763346219188
3,202,KNN,6152,1,0,0.3592874420835073
3,202,KNN,8570,1,1,0.9480391135868829
3,202,KNN,4770,0,0,2.9172296892213956e-07
3,202,KNN,3531,1,0,0.4
3,202,KNN,2668,1,1,0.9488850706776237
3,202,KNN,2288,1,1,0.7641023607676911
3,202,KNN,102,0,1,1.0
3,202,KNN,7056,1,1,1.0
3,202,KNN,6573,0,0,0.0
3,202,KNN,4747,0,0,0.49999981826966794
3,202,KNN,2122,1,1,1.0
3,202,KNN,8249,1,1,1.0
3,202,KNN,7197,0,0,0.0
3,202,KNN,9380,1,1,1.0
3,202,KNN,437,1,1,0.8688548541092556
3,202,KNN,7257,0,0,0.26874865282465815
3,202,KNN,4145,0,0,0.25886239775329645
3,202,KNN,523,1,1,0.8019500726930113
3,202,KNN,3837,0,1,0.5478003633456316
3,202,KNN,6111,1,1,0.9999999538708023
3,202,KNN,4295,1,1,0.6582152817903263
3,202,KNN,8047,0,0,0.4276480385176918
3,202,KNN,8585,1,1,0.8296163013787726
3,202,KNN,543,1,0,0.460018177967178
3,202,KNN,7838,0,0,0.4
3,202,KNN,5794,0,0,0.40278361230955784
3,202,KNN,1402,1,1,1.0
3,202,KNN,749,1,1,0.9485193201563296
3,202,KNN,6982,1,1,1.0
3,202,KNN,2512,1,1,1.0
3,202,KNN,7371,0,1,0.6666666666666666
3,202,KNN,3230,1,0,0.5
3,202,KNN,9154,1,1,1.0
3,202,KNN,3434,0,0,0.3134278955624589
3,202,KNN,4615,1,1,0.9999999085077311
3,202,KNN,9388,1,1,0.9462980437923754
3,202,KNN,8312,0,0,0.047846694307410044
3,202,KNN,4770,0,0,2.9172296892213956e-07
3,202,KNN,5375,0,0,0.0
3,202,KNN,1174,1,1,0.9999998422628977
3,202,KNN,3577,1,1,0.5573300173746983
3,202,KNN,5714,0,1,0.7489073974747119
3,202,KNN,5118,0,0,0.4513562451012335
3,202,KNN,2919,1,1,1.0
3,202,KNN,8312,0,0,0.047846694307410044
3,202,KNN,2069,0,0,0.2
3,202,KNN,3415,1,0,0.46159346716607497
3,202,KNN,8108,1,1,1.0
3,202,KNN,1137,1,1,1.0
3,202,KNN,9323,1,1,1.0
3,202,KNN,5491,0,1,0.7317214192607817
3,202,KNN,5436,0,1,0.8649718861978336
3,202,KNN,8231,1,1,1.0
3,202,KNN,1408,1,1,1.0
3,202,KNN,6714,1,1,1.0
3,202,KNN,5018,0,0,4.8886285991363e-07
3,202,KNN,6402,1,1,1.0
3,202,KNN,3745,0,1,0.6713219435716905
3,202,KNN,8823,1,1,1.0
3,202,KNN,8290,0,0,0.23128486563029882
3,202,KNN,4524,0,0,0.025566511095460927
3,202,KNN,3201,0,0,0.0
3,202,KNN,6067,1,1,1.0
3,202,KNN,9544,1,1,1.0
3,202,KNN,5531,0,1,0.7875158665372779
3,202,KNN,8423,0,0,0.02537086542277933
3,202,KNN,6211,1,1,1.0
3,202,KNN,5965,1,0,0.0
3,202,KNN,9561,1,1,1.0
3,202,KNN,2967,1,1,1.0
3,202,KNN,7445,0,0,0.3333333333333333
3,202,KNN,3282,1,1,0.9886013478236002
3,202,KNN,5783,0,0,0.4523782172360885
3,202,KNN,2919,1,1,1.0
3,202,KNN,8983,1,1,0.8184779398883458
3,202,KNN,4168,0,0,0.083224687004105
3,202,KNN,2199,1,1,0.5573300173746983
3,202,KNN,2245,1,0,0.4738863667072255
3,202,KNN,4194,1,1,1.0
3,202,KNN,4750,0,1,0.8333333333333334
3,202,KNN,8627,1,1,1.0
3,202,KNN,6328,1,1,0.9999999511926976
3,202,KNN,1486,1,1,1.0
3,202,KNN,1301,0,0,0.3360890704137539
3,202,KNN,2754,1,0,0.33333329663358874
3,202,KNN,4748,0,0,0.3333333487333786
3,202,KNN,4748,0,0,0.3333333487333786
3,202,KNN,7482,0,0,0.46950283281436633
3,202,KNN,4025,1,1,1.0
3,202,KNN,413,1,1,0.7014155197811387
3,202,KNN,2515,1,1,1.0
3,202,KNN,430,1,1,0.9118382873207534
3,202,KNN,3666,0,0,1.8878936642559656e-07
3,202,KNN,8537,1,1,0.9524727357412114
3,202,KNN,2446,1,1,0.9411046506342357
3,202,KNN,1943,0,0,0.5
3,202,KNN,7647,0,1,1.0
3,202,KNN,41,0,1,0.7588633218924239
3,202,KNN,2600,1,1,0.9999999655082885
3,202,KNN,6727,0,0,0.13073954175365726
3,202,KNN,4194,1,1,1.0
3,202,KNN,8338,0,0,0.30772162612058807
3,202,KNN,3670,1,1,0.9999997070098122
3,202,KNN,433,1,1,1.0
3,202,KNN,7229,1,1,1.0
3,202,KNN,1088,1,1,0.8254605430685102
3,202,KNN,7056,1,1,1.0
3,202,KNN,8721,1,1,0.8824711253237504
3,202,KNN,3771,0,1,0.6960688310154427
3,202,KNN,9167,1,1,0.9414486059750197
3,202,KNN,3609,0,0,0.0
3,202,KNN,2267,1,1,0.7825138575915161
3,202,KNN,5241,0,0,0.45999432714560456
3,202,KNN,9148,1,1,0.8617693487819152
3,202,KNN,4517,1,1,0.932944388255615
3,202,KNN,4683,1,1,1.0
3,202,KNN,1056,1,1,1.0
3,202,KNN,401,1,1,0.833093915729688
3,202,KNN,7242,0,0,0.4578641985496756
3,202,KNN,6849,1,1,0.5000001032062529
3,202,KNN,6845,1,0,0.26965215828312633
3,202,KNN,8803,1,1,0.8791472819473456
3,202,KNN,1588,1,1,0.9999999371341683
3,202,KNN,3012,1,0,0.25
3,202,KNN,1050,1,1,1.0
3,202,KNN,4012,1,1,1.0
3,202,KNN,2586,1,1,0.9999997825228196
3,202,KNN,7333,1,1,1.0
3,202,KNN,9512,1,1,0.8605417724382295
3,202,KNN,2858,1,0,0.33333333390960135
3,202,KNN,5387,0,0,2.720608578328408e-07
3,202,KNN,5491,0,1,0.7317214192607817
3,202,KNN,9208,1,1,0.7812965128636069
3,202,KNN,8330,0,0,0.12983837798628226
3,202,KNN,1123,1,1,1.0
3,202,KNN,8294,0,0,0.16732822980274253
3,202,KNN,3861,1,1,0.6156005410543967
3,202,KNN,9318,1,1,1.0
3,202,KNN,4231,0,1,0.9053811715510901
3,202,KNN,9334,1,1,1.0
3,202,KNN,5368,0,1,0.872922191074131
3,202,KNN,489,1,1,0.7158731357023279
3,202,KNN,2609,1,1,1.0
3,202,KNN,7703,0,0,0.12348234989793848
3,202,KNN,2819,1,1,1.0
3,202,KNN,8570,1,1,0.9480391135868829
3,202,KNN,7818,0,1,0.8016269043165435
3,202,KNN,2189,1,1,1.0
3,202,KNN,1168,1,1,1.0
3,202,KNN,3409,1,1,0.9999998616992715
3,202,KNN,9015,1,1,0.9316031767238395
3,202,KNN,7415,1,1,0.9999999519355675
3,202,KNN,5743,0,0,0.3415563650837218
3,202,KNN,3336,1,1,1.0
3,202,KNN,6823,0,0,4.925522136892149e-07
3,202,KNN,174,1,1,0.9607493057386549
3,202,KNN,4194,1,1,1.0
3,202,KNN,2417,1,1,0.9999999879065793
3,202,KNN,9085,1,1,0.9333528464915338
3,202,KNN,2316,1,1,1.0
3,202,KNN,5156,1,0,0.5
3,202,KNN,5826,0,0,0.4558466810006024
3,202,KNN,2215,1,1,0.9491902309927571
3,202,KNN,3074,1,0,0.05411955946376445
3,202,KNN,4869,1,1,0.9999999658366575
3,202,KNN,4980,0,1,0.6073798481515742
3,202,KNN,4715,1,1,0.9827976960399759
3,202,KNN,7434,1,0,0.0
3,202,KNN,9539,1,1,1.0
3,202,KNN,8627,1,1,1.0
3,202,KNN,5159,1,1,0.9999999321190989
3,202,KNN,5667,0,0,0.0
3,202,KNN,5905,1,1,1.0
3,202,KNN,2273,1,1,0.9682504834781506
3,202,KNN,5374,1,1,0.5999997489545809
3,202,KNN,3416,1,0,0.3437296182624414
3,202,KNN,4278,1,1,1.0
3,202,KNN,3452,1,1,0.9999999617030196
3,202,KNN,2924,1,1,1.0
3,202,KNN,5905,1,1,1.0
3,202,KNN,8434,0,0,0.19772271526941115
3,202,KNN,3400,1,1,0.9999999803962162
3,202,KNN,7120,0,1,0.9999938686609997
3,202,KNN,2493,0,1,0.6060501188590589
3,202,KNN,4569,0,0,0.10026620538759803
3,202,KNN,3852,0,1,0.6074839876486942
3,202,KNN,9159,1,1,0.9267641132814693
3,202,KNN,2067,0,0,0.0
3,202,KNN,5027,0,1,0.5564203420751436
3,202,KNN,8474,0,0,0.20222821082712136
3,202,KNN,9300,1,1,1.0
3,202,KNN,6894,1,1,0.9893655232880589
3,202,KNN,3838,1,1,0.8745053122624207
3,202,KNN,5017,0,0,0.19825245589715682
3,202,KNN,4418,0,0,3.1479435776210027e-07
3,202,KNN,8634,1,1,0.9772460631775503
3,202,KNN,2474,1,1,0.9315839822013049
3,202,KNN,9381,1,1,1.0
3,202,KNN,675,1,1,1.0
3,202,KNN,564,1,1,0.9999997319795789
3,202,KNN,5806,1,1,0.7837328652565041
3,202,KNN,4980,0,1,0.6073798481515742
3,202,KNN,6070,1,1,1.0
3,202,KNN,3292,1,1,1.0
3,202,KNN,8269,1,1,1.0
3,202,KNN,2855,1,1,1.0
3,202,KNN,8568,1,1,0.9601789343837818
3,202,KNN,1402,1,1,1.0
3,202,KNN,9343,1,1,0.8887988476678043
3,202,KNN,9242,1,1,0.937968778129125
3,202,KNN,4088,0,0,0.47213584143937554
3,202,KNN,4046,1,1,1.0
3,202,KNN,2516,1,1,1.0
3,202,KNN,1327,1,1,1.0
3,202,KNN,3378,1,1,0.8186540076878468
3,202,KNN,7554,1,1,0.9999999332337073
3,202,KNN,8855,1,1,0.9677143506031182
3,202,KNN,4769,0,0,0.25
3,202,KNN,2668,1,1,0.9488850706776237
3,202,KNN,5389,1,1,0.88836442866835
3,202,KNN,1966,1,1,1.0
3,202,KNN,389,1,1,0.6455441751010352
3,202,KNN,8188,1,1,0.8759145334570092
3,202,KNN,754,1,1,0.9079120664320608
3,202,KNN,7490,1,0,0.0
3,202,KNN,6440,1,1,0.9999988987637717
3,202,KNN,3378,1,1,0.8186540076878468
3,202,KNN,9222,1,1,0.8219488647714034
3,202,KNN,8589,1,1,0.9410875929636493
3,202,KNN,2898,1,1,1.0
3,202,KNN,6728,0,1,0.7307264119247866
3,202,KNN,7401,1,1,1.0
3,202,KNN,1584,1,1,1.0
3,202,KNN,8429,0,0,0.4999999900566975
3,202,KNN,3852,0,1,0.6074839876486942
3,202,KNN,5284,0,0,4.1105808721610164e-07
3,202,KNN,9383,1,1,1.0
3,202,KNN,3201,0,0,0.0
3,202,KNN,9066,1,1,0.8953112346028984
3,202,KNN,8571,1,1,0.6857685761775593
3,202,KNN,5290,0,0,0.3825288609976219
3,202,KNN,2477,0,1,0.8222102365138374
3,202,KNN,2919,1,1,1.0
3,202,KNN,5039,0,1,0.8578572549845254
3,202,KNN,8437,0,0,2.0043214281842307e-08
3,202,KNN,9494,1,1,1.0
3,202,KNN,5019,0,1,0.5995343361061442
3,202,KNN,3344,1,1,0.9490434508512777
3,202,KNN,2788,0,1,0.9999979040002793
3,202,KNN,5146,1,1,0.9353514435372549
3,202,KNN,4880,1,1,1.0
3,202,KNN,1050,1,1,1.0
3,202,KNN,1746,1,1,1.0
3,202,KNN,1367,1,1,1.0
3,202,KNN,1516,1,1,1.0
3,202,KNN,275,1,0,7.026243425665366e-07
3,202,KNN,3718,0,1,0.8030347139790722
3,202,KNN,741,1,1,1.0
3,202,KNN,5088,1,1,0.9353481237708983
3,202,KNN,2881,1,1,1.0
3,202,KNN,1013,1,1,1.0
3,202,KNN,1958,1,1,0.9999999538448928
3,202,KNN,2388,1,1,0.9374627854241951
3,202,KNN,2190,1,1,1.0
3,202,KNN,3975,1,1,0.87274562401244
3,202,KNN,5827,0,0,0.3825239497475381
3,202,KNN,3583,1,1,0.9999999441155207
3,202,KNN,8530,1,1,1.0
3,202,KNN,8419,0,0,0.20620753388430618
3,202,KNN,1406,1,1,1.0
3,202,KNN,2277,1,1,0.9999999214048338
3,202,KNN,8351,0,0,3.1479435776210027e-07
3,202,KNN,4797,1,1,1.0
3,202,KNN,1308,1,1,0.9999999519355675
3,202,KNN,5693,0,0,0.44061071090992127
3,202,KNN,4774,0,1,0.6666662122189514
3,202,KNN,9320,1,1,0.9280212380952619
3,202,KNN,4696,1,1,1.0
3,202,KNN,6850,1,1,0.5000001032062529
3,202,KNN,5625,1,1,0.8744638116536172
3,202,KNN,6242,1,1,1.0
3,202,KNN,6203,1,1,1.0
3,202,KNN,149,1,1,0.713551462301907
3,202,KNN,5336,0,0,2.50090529369832e-07
3,202,KNN,4185,1,1,1.0
3,202,KNN,9048,1,1,0.8265098018403979
3,202,KNN,53,0,0,0.19966961132756259
3,202,KNN,4276,0,1,0.6261547937797945
3,202,KNN,2154,1,1,0.9887791310220672
3,202,KNN,9378,1,1,1.0
3,202,KNN,4109,1,1,1.0
3,202,KNN,4295,1,1,0.6582152817903263
3,202,KNN,8440,0,1,0.5128245317364336
3,202,KNN,9494,1,1,1.0
3,202,KNN,6318,1,0,2.0043214281842307e-08
3,202,KNN,3061,1,0,5.223352689472673e-06
3,202,KNN,7265,1,0,0.47034060584386117
3,202,KNN,1881,1,1,1.0
3,202,KNN,9422,1,1,1.0
3,202,KNN,2224,1,1,0.7106456062586716
3,202,KNN,3771,0,1,0.6960688310154427
3,202,KNN,9541,1,1,1.0
3,202,KNN,4945,0,1,0.5117310012683545
3,202,KNN,9149,1,1,1.0
3,202,KNN,2154,1,1,0.9887791310220672
3,202,KNN,592,1,1,0.92474582922418
3,202,KNN,7257,0,0,0.26874865282465815
3,202,KNN,2447,1,1,1.0
3,202,KNN,7595,1,1,1.0
3,202,KNN,990,0,1,1.0
3,202,KNN,3493,1,1,1.0
3,202,KNN,2567,1,0,0.2000000792411854
3,202,KNN,3814,0,1,0.8271037316126721
3,202,KNN,5224,0,0,0.0
3,202,KNN,1109,1,1,1.0
3,202,KNN,6632,1,1,1.0
3,202,KNN,1477,1,1,0.6856366565434587
3,202,KNN,4597,0,0,0.3333334043623981
3,202,KNN,2549,1,1,1.0
3,202,KNN,2675,1,1,1.0
3,202,KNN,3901,1,1,0.6369200334352052
3,202,KNN,7217,0,0,0.19999994171922134
3,202,KNN,8840,1,1,0.9531802076167943
3,202,KNN,96,0,0,0.296121745639882
3,202,KNN,1060,1,1,1.0
3,202,KNN,5501,0,0,8.163515808602781e-07
3,202,KNN,3576,0,1,0.5294678419351425
3,202,KNN,3774,0,1,0.7086468202482595
3,202,KNN,2555,1,0,0.0
3,202,KNN,3688,1,1,0.7446462632635079
3,202,KNN,8216,0,0,0.11414286247714915
3,202,KNN,1858,1,1,0.8333333333333334
3,202,KNN,2687,1,1,0.9999997409372756
3,202,KNN,929,1,1,1.0
3,202,KNN,6316,0,1,0.5999997489545809
3,202,KNN,2541,1,1,1.0
3,202,KNN,5433,0,1,0.6009824146003978
3,202,KNN,9154,1,1,1.0
3,202,KNN,3718,0,1,0.8030347139790722
3,202,KNN,626,1,1,1.0
3,202,KNN,799,1,1,0.6922078398328743
3,202,KNN,3434,0,0,0.3134278955624589
3,202,KNN,2555,1,0,0.0
3,202,KNN,4887,0,0,0.3118794883420748
3,202,KNN,3026,1,1,1.0
3,202,KNN,8890,1,1,0.891127642283661
3,202,KNN,3609,0,0,0.0
3,202,KNN,2417,1,1,0.9999999879065793
3,202,KNN,4817,0,0,2.720608578328408e-07
3,202,KNN,8231,1,1,1.0
3,202,KNN,5639,0,1,0.6047447833271221
3,202,KNN,1893,0,0,0.19999994171922134
3,202,KNN,8654,1,1,0.9416129819746599
3,202,KNN,3753,1,1,0.6498437687168305
3,202,KNN,8423,0,0,0.02537086542277933
3,202,KNN,3121,1,1,0.9475346367626359
3,202,KNN,8027,1,1,1.0
3,202,KNN,2657,0,0,0.0
3,202,KNN,2385,1,1,0.9403708587484785
3,202,KNN,315,1,1,0.9405474056938617
3,202,KNN,3376,0,0,0.0
3,202,KNN,2711,1,1,0.9999998305969221
3,202,KNN,5101,0,1,1.0
3,202,KNN,6033,1,1,1.0
3,202,KNN,6633,1,1,0.999999958898705
3,202,KNN,8382,0,0,1.7882301083447118e-07
3,202,KNN,6000,1,0,0.0
3,202,KNN,1915,0,0,0.25
3,202,KNN,5231,0,0,0.29367450132777767
3,202,KNN,4945,0,1,0.5117310012683545
3,202,KNN,7357,1,1,0.6607114993571797
3,202,KNN,8112,1,1,1.0
3,202,KNN,3663,1,1,0.9999998951149033
3,202,KNN,3576,0,1,0.5294678419351425
3,202,KNN,4500,0,0,0.1477162294145546
3,202,KNN,8536,1,1,0.9355241184212442
3,202,KNN,8748,1,1,0.9283797508015207
3,202,KNN,4183,1,1,1.0
3,202,KNN,6796,1,1,1.0
3,202,KNN,8832,1,1,1.0
3,202,KNN,4389,0,0,0.31819260346434824
3,202,KNN,1968,1,1,1.0
3,202,KNN,1093,1,1,1.0
3,202,KNN,5581,1,0,0.2569364974279454
3,202,KNN,3493,1,1,1.0
3,202,KNN,3746,0,0,0.0
3,202,KNN,849,1,1,0.9480181732546735
3,202,KNN,1689,1,1,1.0
3,202,KNN,610,1,1,1.0
3,202,KNN,6480,1,1,1.0
3,202,KNN,8154,1,1,1.0
3,202,KNN,6842,1,0,0.0
3,202,KNN,3234,1,1,0.9999999827743352
3,202,KNN,2822,1,1,1.0
3,202,KNN,853,1,1,1.0
3,202,KNN,5281,0,1,0.8034557006933457
3,202,KNN,1785,1,1,1.0
3,202,KNN,2484,1,1,0.859815632990544
3,202,KNN,6631,1,1,0.9999999481701011
3,202,KNN,4630,1,1,1.0
3,202,KNN,3827,1,1,0.7282362203778858
3,202,KNN,391,1,1,1.0
3,202,KNN,3093,1,1,1.0
3,202,KNN,2537,0,0,0.0
3,202,KNN,7802,0,0,0.2995116024584647
3,202,KNN,5874,1,1,1.0
3,202,KNN,2000,0,0,0.5
3,202,KNN,8954,1,1,1.0
3,202,KNN,5728,0,1,0.6776079172640814
3,202,KNN,841,1,1,0.7610202485457916
3,202,KNN,7630,0,1,0.5039111844746615
3,202,KNN,5611,0,0,0.46993620400265074
3,202,KNN,2541,1,1,1.0
3,202,KNN,9090,1,1,0.8379917469586697
3,202,KNN,403,1,1,0.8586476640053946
3,202,KNN,3643,1,1,1.0
3,202,KNN,6070,1,1,1.0
3,202,KNN,8993,1,1,1.0
3,202,KNN,279,1,1,0.9999999208384853
3,202,KNN,8164,0,0,0.41138661039449675
3,202,KNN,3981,0,1,0.8140213644647032
3,202,KNN,8458,0,0,0.26593667234461216
3,202,KNN,1445,1,1,1.0
3,202,KNN,1500,1,1,0.9481754563980673
3,202,KNN,5901,1,1,1.0
3,202,KNN,3409,1,1,0.9999998616992715
3,202,KNN,2622,0,0,6.913367706138937e-08
3,202,KNN,226,0,1,0.894568346586687
3,202,KNN,3760,1,1,0.5441284637373789
3,202,KNN,8378,0,0,0.3333334176443673
3,202,KNN,7959,1,1,1.0
3,202,KNN,5277,0,0,0.46961769590981456
3,202,KNN,4317,1,1,1.0
3,202,KNN,6053,1,1,1.0
3,202,KNN,5703,0,1,0.8595402998621208
3,202,KNN,7992,1,1,0.9325822121436207
3,202,KNN,4590,1,1,1.0
3,202,KNN,4387,0,0,0.08738554183251313
3,202,KNN,1785,1,1,1.0
3,202,KNN,5682,0,0,0.46794583718014415
3,202,KNN,4646,1,1,0.9893655232880589
3,202,KNN,6016,1,0,0.3333332034573419
3,202,KNN,2378,1,1,1.0
3,202,KNN,6181,0,0,0.0
3,202,KNN,834,1,1,1.0
3,202,KNN,8398,0,0,0.27980927371154524
3,202,KNN,7647,0,1,1.0
3,202,KNN,8884,1,1,0.9221357653620726
3,202,KNN,1464,0,1,1.0
3,202,KNN,2754,1,0,0.33333329663358874
3,202,KNN,9321,1,1,1.0
3,202,KNN,6617,1,1,1.0
3,202,KNN,2313,1,1,0.9453055983485669
3,202,KNN,1791,1,1,1.0
3,202,KNN,9042,1,1,0.6150101415579402
3,202,KNN,2929,1,1,1.0
3,202,KNN,873,1,1,1.0
3,202,KNN,4378,1,1,1.0
3,202,KNN,457,1,1,0.8725883110756185
3,202,KNN,49,0,1,0.7324217714362268
3,202,KNN,5004,0,1,0.8525427354903199
3,202,KNN,8081,0,0,0.41640527557684315
3,202,KNN,5826,0,0,0.4558466810006024
3,202,KNN,8811,1,1,1.0
3,202,KNN,7796,0,0,0.0
3,202,KNN,4956,0,0,0.0
3,202,KNN,1590,1,1,0.8586791685063075
3,202,KNN,5957,1,1,1.0
3,202,KNN,2384,1,1,1.0
3,202,KNN,6301,1,0,0.2500000849019889
3,202,KNN,7761,1,1,1.0
3,202,KNN,6906,1,1,1.0
3,202,KNN,2121,1,1,0.9414703508350135
3,202,KNN,8598,1,1,1.0
3,202,KNN,713,1,1,1.0
3,202,KNN,4803,1,1,1.0
3,202,KNN,7312,1,1,1.0
3,202,KNN,7608,0,1,1.0
3,202,KNN,2938,1,1,1.0
3,202,KNN,639,1,1,0.9999999837388481
3,202,KNN,4975,0,1,0.7910022850024999
3,202,KNN,1131,0,0,0.3333333333333333
3,202,KNN,5017,0,0,0.19825245589715682
3,202,KNN,8870,1,1,1.0
3,202,KNN,3312,0,0,0.05488941935439325
3,202,KNN,6605,1,1,1.0
3,202,KNN,7022,1,0,0.0
3,202,KNN,8983,1,1,0.8184779398883458
3,202,KNN,8114,1,1,1.0
3,202,KNN,6313,1,0,0.3333333487333786
3,202,KNN,2044,1,1,0.818219304978611
3,202,KNN,6740,1,1,1.0
3,202,KNN,8294,0,0,0.16732822980274253
3,202,KNN,6304,1,1,0.9669310980978381
3,202,KNN,8079,1,1,1.0
3,202,KNN,4675,1,1,1.0
3,202,KNN,1584,1,1,1.0
3,202,KNN,2788,0,1,0.9999979040002793
3,202,KNN,5882,1,0,0.3333333333333333
3,202,KNN,6728,0,1,0.7307264119247866
3,202,KNN,8600,1,1,1.0
3,202,KNN,2622,0,0,6.913367706138937e-08
3,202,KNN,4046,1,1,1.0
3,202,KNN,1271,1,1,1.0
3,202,KNN,2896,1,1,1.0
3,202,KNN,1352,1,1,0.7030919404944352
3,202,KNN,3941,1,1,0.5364671480797175
3,202,KNN,226,0,1,0.894568346586687
3,202,KNN,92,1,0,0.220009370864689
3,202,KNN,7312,1,1,1.0
3,202,KNN,4843,1,1,0.9999999106264679
3,202,KNN,6539,0,0,1.1207325272020009e-07
3,202,KNN,8457,0,0,0.32903813041364194
3,202,KNN,1746,1,1,1.0
3,202,KNN,2604,1,1,1.0
3,202,KNN,3852,0,1,0.6074839876486942
3,202,KNN,7101,1,1,1.0
3,202,KNN,8907,1,1,0.9321492236260559
3,202,KNN,348,1,1,0.5951134467035486
3,202,KNN,1878,1,1,1.0
3,202,KNN,4145,0,0,0.25886239775329645
3,202,KNN,881,1,1,0.8083318370230332
3,202,KNN,1114,1,1,1.0
3,202,KNN,883,1,1,0.9999999740331343
3,202,KNN,1226,1,1,0.8189493897781254
3,202,KNN,340,1,0,0.344893355443992
3,202,KNN,4492,0,0,0.0
3,202,KNN,8125,1,0,0.5
3,202,KNN,424,1,1,0.8267179545133548
3,202,KNN,1416,1,1,1.0
3,202,KNN,2035,0,0,0.0
3,202,KNN,8930,1,1,0.7979862051185911
3,202,KNN,8415,0,0,0.25
3,202,KNN,2346,1,1,1.0
3,202,KNN,4646,1,1,0.9893655232880589
3,202,KNN,6625,1,1,0.9646789441298311
3,202,KNN,8021,1,1,1.0
3,202,KNN,4,0,1,0.5870492569263944
3,202,KNN,2767,1,0,0.10162317228241324
3,202,KNN,672,1,1,0.9363175373207989
3,202,KNN,9161,1,1,1.0
3,202,KNN,6896,1,1,1.0
3,202,KNN,2794,1,0,0.0
3,202,KNN,1050,1,1,1.0
3,202,KNN,8112,1,1,1.0
3,202,KNN,537,1,1,0.8668014857812157
3,202,KNN,4007,0,0,0.3333333333333333
3,202,KNN,5288,0,0,0.34318856708503803
3,202,KNN,8763,1,1,0.935877459299857
3,202,KNN,2643,1,1,0.9507895720530787
3,202,KNN,668,1,1,0.9385120574017652
3,202,KNN,5797,0,0,0.3398277935565811
3,202,KNN,6110,0,0,0.323055349012457
3,202,KNN,102,0,1,1.0
3,202,KNN,4597,0,0,0.3333334043623981
3,202,KNN,7887,0,1,0.6310482305672803
3,202,KNN,8699,1,1,0.9409862899094289
3,202,KNN,335,1,1,1.0
3,202,KNN,7992,1,1,0.9325822121436207
3,202,KNN,1009,1,1,0.9999998882349779
3,202,KNN,4313,1,1,0.8367790741868416
3,202,KNN,4887,0,0,0.3118794883420748
3,202,KNN,5927,1,1,1.0
3,202,KNN,1512,1,1,1.0
3,202,KNN,9567,1,1,1.0
3,202,KNN,4226,1,1,1.0
3,202,KNN,5561,0,1,0.6333879443740297
3,202,KNN,5653,0,0,0.4826383897212094
3,202,KNN,853,1,1,1.0
3,202,KNN,5503,0,0,0.32448505754813795
3,202,KNN,8951,1,1,0.8790263895997406
3,202,KNN,6997,1,1,0.7865784829442485
3,202,KNN,2473,1,1,0.93087513838951
3,202,KNN,6079,1,1,1.0
3,202,KNN,3890,0,0,0.4516739617876452
3,202,KNN,5710,0,1,0.5276483342692262
3,202,KNN,5375,0,0,0.0
3,202,KNN,8600,1,1,1.0
3,202,KNN,7276,1,1,1.0
3,202,KNN,7912,1,1,0.6666665992269047
3,202,KNN,159,1,0,0.39479900698371445
3,202,KNN,7959,1,1,1.0
3,202,KNN,8252,1,1,0.9649516333315452
3,202,KNN,4491,1,1,1.0
3,202,KNN,8931,1,1,1.0
3,202,KNN,209,0,0,0.5
3,202,KNN,4869,1,1,0.9999999658366575
3,202,KNN,1720,1,1,1.0
3,202,KNN,2224,1,1,0.7106456062586716
3,202,KNN,1254,1,1,0.9285950462964896
3,202,KNN,4101,0,0,0.0
3,202,KNN,6313,1,0,0.3333333487333786
3,202,KNN,5697,0,1,0.5924300310426769
3,202,KNN,2788,0,1,0.9999979040002793
3,202,KNN,8925,1,1,1.0
3,202,KNN,6682,1,0,1.575825474739481e-06
3,202,KNN,3222,1,1,1.0
3,202,KNN,8038,0,1,0.5325143656436447
3,202,KNN,8214,1,1,0.5007280366099448
3,202,KNN,6129,1,1,1.0
3,202,KNN,5277,0,0,0.46961769590981456
3,202,KNN,3290,1,0,0.0
3,202,KNN,8377,0,0,0.25
3,202,KNN,4644,0,0,9.81886223292944e-08
3,202,KNN,6741,1,1,0.5154235713322594
3,202,KNN,5905,1,1,1.0
3,202,KNN,6140,1,1,0.9817693018595348
3,202,KNN,5680,0,0,0.3247517060591213
3,202,KNN,4372,1,1,1.0
3,202,KNN,1137,1,1,1.0
3,202,KNN,4521,0,0,0.0
3,202,KNN,2123,1,1,0.9537977429490992
3,202,KNN,621,1,1,1.0
3,202,KNN,5107,1,1,0.8721153400532867
3,202,KNN,2286,1,1,0.8400520046635849
3,202,KNN,2766,1,0,4.060796232632125e-07
3,202,KNN,929,1,1,1.0
3,202,KNN,7183,0,0,0.2500000849019889
3,202,KNN,3745,0,1,0.6713219435716905
3,202,KNN,6137,1,0,0.24999990158439966
3,202,KNN,4168,0,0,0.083224687004105
3,202,KNN,6783,1,0,6.229724835577859e-07
3,202,KNN,5290,0,0,0.3825288609976219
3,202,KNN,7229,1,1,1.0
3,202,KNN,8681,1,1,0.9423233062151528
3,202,KNN,7455,1,1,1.0
3,202,KNN,6866,1,1,1.0
3,202,KNN,7637,0,1,0.6471839898280118
3,202,KNN,4439,0,0,0.034681013630009326
3,202,KNN,3336,1,1,1.0
3,202,KNN,6848,0,0,0.0
3,202,KNN,4388,0,0,0.22164376797866447
3,202,KNN,8555,1,1,1.0
3,202,KNN,3747,0,1,0.6485849598327639
3,202,KNN,2318,1,1,1.0
3,202,KNN,8056,1,1,0.8893723629979173
3,202,KNN,6605,1,1,1.0
3,202,KNN,149,1,1,0.713551462301907
3,202,KNN,2374,1,1,1.0
3,202,KNN,1772,1,1,0.9386691058544245
3,202,KNN,4895,0,1,0.9999998085087147
3,202,KNN,3917,0,1,0.6527086177563355
3,202,KNN,1242,1,1,0.9999998780113083
3,202,KNN,5036,1,1,0.7897874296696056
3,202,KNN,3911,0,0,0.3344669924261078
3,202,KNN,5101,0,1,1.0
3,202,KNN,8411,0,1,0.5256015246470307
3,202,KNN,8231,1,1,1.0
3,202,KNN,7059,1,1,1.0
3,202,KNN,4367,0,1,0.5322178134297808
3,202,KNN,574,1,1,1.0
3,202,KNN,8013,0,0,0.3597727779287045
3,202,KNN,1318,0,0,1.427138583816099e-07
3,202,KNN,2897,1,1,1.0
3,202,KNN,4757,1,1,1.0
3,202,KNN,4593,1,1,1.0
3,202,KNN,6923,1,1,1.0
3,202,KNN,5667,0,0,0.0
3,202,KNN,293,1,1,1.0
3,202,KNN,4439,0,0,0.034681013630009326
3,202,KNN,1927,1,1,1.0
3,202,KNN,9136,1,1,1.0
3,202,KNN,7151,1,1,1.0
3,202,KNN,8216,0,0,0.11414286247714915
3,202,KNN,1098,0,0,0.2500000311944461
3,202,KNN,2318,1,1,1.0
3,202,KNN,5797,0,0,0.3398277935565811
3,202,KNN,330,1,1,1.0
3,202,KNN,9544,1,1,1.0
3,202,KNN,2296,1,1,0.935712688838589
3,202,KNN,7917,1,1,1.0
3,202,KNN,3733,0,1,0.8079438598623199
3,202,KNN,8530,1,1,1.0
3,202,KNN,8457,0,0,0.32903813041364194
3,202,KNN,2567,1,0,0.2000000792411854
3,202,KNN,8644,1,1,1.0
3,202,KNN,5512,1,1,1.0
3,202,KNN,7333,1,1,1.0
3,202,KNN,7790,1,1,1.0
3,202,KNN,6275,1,0,0.0
3,202,KNN,9570,1,1,1.0
3,202,KNN,3814,0,1,0.8271037316126721
3,202,KNN,5008,0,1,1.0
3,202,KNN,2929,1,1,1.0
3,202,KNN,9056,1,1,1.0
3,202,KNN,7022,1,0,0.0
3,202,KNN,2484,1,1,0.859815632990544
3,202,KNN,6129,1,1,1.0
3,202,KNN,4770,0,0,2.9172296892213956e-07
3,202,KNN,2604,1,1,1.0
3,202,KNN,6355,1,0,0.33333329229030334
3,202,KNN,4879,1,1,1.0
3,202,KNN,4782,1,1,1.0
3,202,KNN,1878,1,1,1.0
3,202,KNN,391,1,1,1.0
3,202,KNN,5874,1,1,1.0
3,202,KNN,6596,1,1,0.9999999752239105
3,202,KNN,9460,1,1,1.0
3,202,KNN,2985,1,1,1.0
3,202,KNN,4717,0,0,5.223352689472673e-06
3,202,KNN,7120,0,1,0.9999938686609997
3,202,KNN,2544,1,1,1.0
3,202,KNN,8114,1,1,1.0
3,202,KNN,994,1,1,0.8527302614558249
3,202,KNN,1089,1,1,0.9999997613056119
3,202,KNN,1772,1,1,0.9386691058544245
3,202,KNN,9421,1,1,1.0
3,202,KNN,6046,1,1,1.0
3,202,KNN,797,1,1,0.8801891037057323
3,202,KNN,1352,1,1,0.7030919404944352
3,202,KNN,9573,1,1,0.9232726446163346
3,202,KNN,971,1,1,1.0
3,202,KNN,1881,1,1,1.0
3,202,KNN,2084,1,1,1.0
3,202,KNN,7839,0,0,0.0
3,202,KNN,4274,1,1,1.0
3,202,KNN,1134,1,1,1.0
3,202,KNN,9550,1,1,1.0
3,202,KNN,8413,0,0,0.2257896063016848
3,202,KNN,7571,0,1,1.0
3,202,KNN,8470,0,0,0.2500000220578047
3,202,KNN,9465,1,0,0.4670031044315684
3,202,KNN,80,0,0,2.8128464390095167e-07
3,202,KNN,592,1,1,0.92474582922418
3,202,KNN,3858,1,0,0.37229994764180574
3,202,KNN,8513,1,1,0.8900767445804889
3,202,KNN,1029,0,0,0.0791715884836553
3,202,KNN,2371,1,1,1.0
3,202,KNN,4761,0,0,0.3674141313972476
3,202,KNN,7335,1,1,1.0
3,202,KNN,768,1,1,1.0
3,202,KNN,2239,1,1,0.9999994964576205
3,202,KNN,1994,1,1,0.9182593077121911
3,202,KNN,8563,1,0,0.40084741259784346
3,202,KNN,2600,1,1,0.9999999655082885
3,202,KNN,4808,1,1,1.0
3,202,KNN,877,1,1,1.0
3,202,KNN,4801,1,1,1.0
3,202,KNN,813,1,1,0.868419744781535
3,202,KNN,7961,1,1,1.0
3,202,KNN,2300,0,0,0.23257892202741
3,202,KNN,5347,0,0,0.5
3,202,KNN,1933,1,1,1.0
3,202,KNN,5639,0,1,0.6047447833271221
3,202,KNN,9086,1,1,1.0
3,202,KNN,3312,0,0,0.05488941935439325
3,202,KNN,6669,1,1,0.6355768224519115
3,202,KNN,3849,1,1,0.9312669594923213
3,202,KNN,9544,1,1,1.0
3,202,KNN,2447,1,1,1.0
3,202,KNN,5945,0,1,0.5064112861319929
3,202,KNN,5377,0,0,7.348115970983396e-07
3,202,KNN,3943,1,1,0.6351993331690565
3,202,KNN,8958,1,1,1.0
3,202,KNN,6180,1,0,0.0
3,202,KNN,8569,1,1,0.8607151916727215
3,202,KNN,8170,1,1,0.8283153266152012
3,202,KNN,6741,1,1,0.5154235713322594
3,202,KNN,433,1,1,1.0
3,202,KNN,4564,1,1,0.9913780350009536
3,202,KNN,4487,0,0,0.4
3,202,KNN,2608,1,1,1.0
3,202,KNN,5101,0,1,1.0
3,202,KNN,8954,1,1,1.0
3,202,KNN,6137,1,0,0.24999990158439966
3,202,KNN,925,1,1,0.9147996761926498
3,202,KNN,1181,1,1,1.0
3,202,KNN,6328,1,1,0.9999999511926976
3,202,KNN,3865,1,1,0.7257378989733148
3,202,KNN,5556,0,1,1.0
3,202,KNN,1788,1,1,1.0
3,202,KNN,8249,1,1,1.0
3,202,KNN,4630,1,1,1.0
3,202,KNN,2819,1,1,1.0
3,202,KNN,564,1,1,0.9999997319795789
3,202,KNN,389,1,1,0.6455441751010352
3,202,KNN,543,1,0,0.460018177967178
3,202,KNN,3801,0,1,0.5941459651305134
3,202,KNN,5383,0,0,0.11961932574593222
3,202,KNN,4195,1,1,1.0
3,202,KNN,2633,1,1,1.0
3,202,KNN,6691,1,1,1.0
3,202,KNN,4157,1,1,0.9999999606410078
3,202,KNN,2555,1,0,0.0
3,202,KNN,7515,1,1,1.0
3,202,KNN,1780,1,1,1.0
3,202,KNN,8747,1,1,1.0
3,202,KNN,3221,1,0,3.1479435776210027e-07
3,202,KNN,8644,1,1,1.0
3,202,KNN,2997,1,0,1.1404489571962067e-07
3,202,KNN,8920,1,1,0.903476004314909
3,202,KNN,7699,1,1,1.0
3,202,KNN,7455,1,1,1.0
3,202,KNN,6719,1,1,1.0
3,202,KNN,6539,0,0,1.1207325272020009e-07
3,202,KNN,2840,1,1,1.0
3,202,KNN,1053,1,1,1.0
3,202,KNN,4978,0,0,0.33576750675717354
3,202,KNN,7060,1,1,1.0
3,202,KNN,8304,0,0,0.5
3,202,KNN,1712,1,1,1.0
3,202,KNN,5495,1,1,0.6552435189939634
3,202,KNN,4686,1,1,1.0
3,202,KNN,8944,1,1,1.0
3,202,KNN,3952,1,0,0.0
3,202,KNN,834,1,1,1.0
3,202,KNN,3906,1,1,0.8527239982049933
3,202,KNN,8585,1,1,0.8296163013787726
3,202,KNN,4988,0,0,0.45895578164951223
3,202,KNN,7453,1,1,1.0
3,202,KNN,9149,1,1,1.0
3,202,KNN,4670,1,1,1.0
3,202,KNN,4388,0,0,0.22164376797866447
3,202,KNN,731,1,1,1.0
3,202,KNN,8726,1,1,1.0
3,202,KNN,328,1,1,1.0
3,202,KNN,5611,0,0,0.46993620400265074
3,202,KNN,4789,1,1,1.0
3,202,KNN,2746,1,0,6.497396428236665e-07
3,202,KNN,1254,1,1,0.9285950462964896
3,202,KNN,8699,1,1,0.9409862899094289
3,202,KNN,8789,1,1,1.0
3,202,KNN,4405,1,1,0.9786319637130387
3,202,KNN,7839,0,0,0.0
3,202,KNN,6624,1,1,1.0
3,202,KNN,6203,1,1,1.0
3,202,KNN,7257,0,0,0.26874865282465815
3,202,KNN,1722,1,1,1.0
3,202,KNN,6440,1,1,0.9999988987637717
3,202,KNN,6539,0,0,1.1207325272020009e-07
3,202,KNN,9091,1,1,1.0
3,202,KNN,3733,0,1,0.8079438598623199
3,202,KNN,2896,1,1,1.0
3,202,KNN,1416,1,1,1.0
3,202,KNN,9529,1,1,0.9522280873159688
3,202,KNN,2762,1,0,0.33544719473276313
3,202,KNN,2990,1,1,1.0
3,202,KNN,2123,1,1,0.9537977429490992
3,202,KNN,8395,0,1,0.8993540167319499
3,202,KNN,9573,1,1,0.9232726446163346
3,202,KNN,23,0,1,0.9205925139598923
3,202,KNN,2380,0,0,0.0
3,202,KNN,7608,0,1,1.0
3,202,KNN,8569,1,1,0.8607151916727215
3,202,KNN,2320,1,1,0.9999999753185967
3,202,KNN,8670,1,1,0.7980639853155351
3,202,KNN,8459,0,0,0.42857142857142855
3,202,KNN,8237,1,1,0.9477860553092576
3,202,KNN,9437,1,1,1.0
3,202,KNN,7337,1,1,0.9785868781924526
3,202,KNN,2436,1,1,1.0
3,202,KNN,4637,0,0,0.2008144370004759
3,202,KNN,5680,0,0,0.3247517060591213
3,202,KNN,9038,1,1,0.951699842550722
3,202,KNN,8419,0,0,0.20620753388430618
3,202,KNN,2981,1,1,1.0
3,202,KNN,1078,0,0,0.3387127738915686
3,202,KNN,1088,1,1,0.8254605430685102
3,202,KNN,4331,0,0,0.4323893178653582
3,202,KNN,9214,1,1,0.8741957357009926
3,202,KNN,2604,1,1,1.0
3,202,KNN,5332,0,0,0.10620439429756369
3,202,KNN,3691,1,1,1.0
3,202,KNN,8602,1,1,0.8033448439930928
3,202,KNN,4145,0,0,0.25886239775329645
3,202,KNN,4593,1,1,1.0
3,202,KNN,5917,1,0,0.2500000311944461
3,202,KNN,5697,0,1,0.5924300310426769
3,202,KNN,4661,1,1,1.0
3,202,KNN,6802,0,1,0.6666664699597733
3,202,KNN,8474,0,0,0.20222821082712136
3,202,KNN,7961,1,1,1.0
3,202,KNN,4791,1,1,1.0
3,202,KNN,3312,0,0,0.05488941935439325
3,202,KNN,1373,1,1,1.0
3,202,KNN,5249,0,1,0.5127689898753389
3,202,KNN,1408,1,1,1.0
3,202,KNN,3930,0,1,0.7801190167009033
3,202,KNN,1168,1,1,1.0
3,202,KNN,7722,1,1,0.9999997544610966
3,202,KNN,1359,1,1,1.0
3,202,KNN,1235,0,0,0.3232894403936294
3,202,KNN,9177,1,1,0.8622501149546776
3,202,KNN,2421,1,1,0.8952668392843646
3,202,KNN,4138,0,0,0.33608907041375397
3,202,KNN,8543,1,1,1.0
3,202,KNN,4313,1,1,0.8367790741868416
3,202,KNN,4915,0,0,0.0
3,202,KNN,4324,0,0,0.0
3,202,KNN,3893,0,1,0.6982354705616591
3,202,KNN,7886,0,1,0.944082894154418
3,202,KNN,6440,1,1,0.9999988987637717
3,202,KNN,5697,0,1,0.5924300310426769
3,202,KNN,7664,0,0,0.4174674587945427
3,202,KNN,1722,1,1,1.0
3,202,KNN,9000,1,1,1.0
3,202,KNN,4324,0,0,0.0
3,202,KNN,6702,1,1,1.0
3,202,KNN,8624,1,1,1.0
3,202,KNN,5550,0,0,0.4167274525666983
3,202,KNN,1425,1,1,1.0
3,202,KNN,6529,1,0,0.0
3,202,KNN,2475,1,0,0.4402520620998321
3,202,KNN,6384,1,1,1.0
3,202,KNN,661,1,1,1.0
3,202,KNN,9154,1,1,1.0
3,202,KNN,9042,1,1,0.6150101415579402
3,202,KNN,5430,1,1,0.6203146098434871
3,202,KNN,1999,0,1,0.7071064711036765
3,202,KNN,4961,0,1,0.8295053068353028
3,202,KNN,5583,0,1,0.5218111031056153
3,202,KNN,8313,0,0,0.047750347104475226
3,202,KNN,4336,1,1,1.0
3,202,KNN,7750,0,1,1.0
3,202,KNN,53,0,0,0.19966961132756259
3,202,KNN,4947,0,0,0.5
3,202,KNN,8340,0,0,0.1063437459082605
3,202,KNN,2349,1,1,1.0
3,202,KNN,1184,0,0,0.49999995970588473
3,202,KNN,5790,0,1,0.5901848508644066
3,202,KNN,7445,0,0,0.3333333333333333
3,202,KNN,8311,0,0,0.11546474288723123
3,202,KNN,4947,0,0,0.5
3,202,KNN,8170,1,1,0.8283153266152012
3,202,KNN,2300,0,0,0.23257892202741
3,202,KNN,4535,1,1,0.9999998951149033
3,202,KNN,7322,0,0,0.0
3,202,KNN,4926,0,0,1.8447457751658386e-07
3,202,KNN,2673,1,0,0.47213584143937554
3,202,KNN,3476,1,1,0.9999998558864927
3,202,KNN,1600,0,0,0.5
3,202,KNN,1958,1,1,0.9999999538448928
3,202,KNN,8251,1,1,0.7496196217715158
3,202,KNN,7445,0,0,0.3333333333333333
3,202,KNN,2898,1,1,1.0
3,202,KNN,3012,1,0,0.25
3,202,KNN,9086,1,1,1.0
3,202,KNN,457,1,1,0.8725883110756185
3,202,KNN,1088,1,1,0.8254605430685102
3,202,KNN,4379,1,1,1.0
3,202,KNN,7344,1,1,1.0
3,202,KNN,3577,1,1,0.5573300173746983
3,202,KNN,6355,1,0,0.33333329229030334
3,202,KNN,3375,1,1,0.9522501249524608
3,202,KNN,2421,1,1,0.8952668392843646
3,202,KNN,8545,1,1,1.0
3,202,KNN,411,1,1,0.9370760630255527
3,202,KNN,2388,1,1,0.9374627854241951
3,202,KNN,6046,1,1,1.0
3,202,KNN,6053,1,1,1.0
3,202,KNN,2896,1,1,1.0
3,202,KNN,8875,1,1,1.0
3,202,KNN,2288,1,1,0.7641023607676911
3,202,KNN,5014,0,0,0.4868020390552916
3,202,KNN,9148,1,1,0.8617693487819152
3,202,KNN,7337,1,1,0.9785868781924526
3,202,KNN,2426,1,1,0.9130071993077182
3,202,KNN,5343,0,1,0.7780916132344922
3,202,KNN,1177,1,1,1.0
3,202,KNN,9388,1,1,0.9462980437923754
3,202,KNN,1590,1,1,0.8586791685063075
3,202,KNN,430,1,1,0.9118382873207534
3,202,KNN,7095,1,1,1.0
3,202,KNN,4803,1,1,1.0
3,202,KNN,3900,0,1,0.8254284504512311
3,202,KNN,5389,1,1,0.88836442866835
3,202,KNN,4978,0,0,0.33576750675717354
3,202,KNN,6542,1,1,1.0
3,202,KNN,6803,1,1,0.9999999085077311
3,202,KNN,3858,1,0,0.37229994764180574
3,202,KNN,4168,0,0,0.083224687004105
3,202,KNN,7819,0,1,0.697799160600988
3,202,KNN,4715,1,1,0.9827976960399759
3,202,KNN,3797,0,1,0.7434456521859205
3,202,KNN,3282,1,1,0.9886013478236002
3,202,KNN,6845,1,0,0.26965215828312633
3,202,KNN,16,0,1,0.5068252954333323
3,202,KNN,9038,1,1,0.951699842550722
3,202,KNN,2520,1,1,1.0
3,202,KNN,3774,0,1,0.7086468202482595
3,202,KNN,426,1,1,0.7400139328112859
3,202,KNN,8912,1,1,0.9213162197453091
3,202,KNN,6067,1,1,1.0
3,202,KNN,5495,1,1,0.6552435189939634
3,202,KNN,7986,1,1,0.6042790132483767
3,202,KNN,2320,1,1,0.9999999753185967
3,202,KNN,2374,1,1,1.0
3,202,KNN,4532,1,1,1.0
3,202,KNN,1405,1,1,1.0
3,202,KNN,8430,0,0,7.287718551852458e-08
3,202,KNN,6203,1,1,1.0
3,202,KNN,2480,1,1,0.9405958670496243
3,202,KNN,4747,0,0,0.49999981826966794
3,202,KNN,5159,1,1,0.9999999321190989
3,202,KNN,5612,0,1,0.5406492978317166
3,202,KNN,9222,1,1,0.8219488647714034
3,202,KNN,8875,1,1,1.0
3,202,KNN,8815,1,1,0.8834469471604545
3,202,KNN,9322,1,1,1.0
3,202,KNN,290,1,1,0.8521473930910585
3,202,KNN,425,1,1,1.0
3,202,KNN,2516,1,1,1.0
3,202,KNN,8420,0,0,0.24860736943621423
3,202,KNN,2951,1,0,0.25
3,202,KNN,2410,1,1,0.9479182137711232
3,202,KNN,2924,1,1,1.0
3,202,KNN,7444,0,0,0.0
3,202,KNN,533,1,1,1.0
3,202,KNN,9508,1,1,1.0
3,202,KNN,3858,1,0,0.37229994764180574
3,202,KNN,8699,1,1,0.9409862899094289
3,202,KNN,7415,1,1,0.9999999519355675
3,202,KNN,593,1,1,1.0
3,202,KNN,8223,0,1,1.0
3,202,KNN,9015,1,1,0.9316031767238395
3,202,KNN,3096,1,1,1.0
3,202,KNN,2313,1,1,0.9453055983485669
3,202,KNN,4532,1,1,1.0
3,202,KNN,9539,1,1,1.0
3,202,KNN,6786,1,1,1.0
3,202,KNN,8951,1,1,0.8790263895997406
3,202,KNN,5786,0,1,0.6978269100106329
3,202,KNN,8566,1,1,1.0
3,202,KNN,6588,1,0,0.3266083588645066
3,202,KNN,4597,0,0,0.3333334043623981
3,202,KNN,7685,1,1,1.0
3,202,KNN,5373,0,0,0.25
3,202,KNN,5107,1,1,0.8721153400532867
3,202,KNN,6845,1,0,0.26965215828312633
3,202,KNN,4565,1,1,1.0
3,202,KNN,3930,0,1,0.7801190167009033
3,202,KNN,6384,1,1,1.0
3,202,KNN,2728,1,1,1.0
3,202,KNN,1590,1,1,0.8586791685063075
3,202,KNN,6997,1,1,0.7865784829442485
3,202,KNN,6326,0,0,0.0
3,202,KNN,8073,1,1,0.9559848551673187
3,202,KNN,9204,1,1,1.0
3,202,KNN,2555,1,0,0.0
3,202,KNN,6713,1,1,1.0
3,202,KNN,3060,1,0,0.030299516510251725
3,202,KNN,4686,1,1,1.0
3,202,KNN,4669,1,1,1.0
3,202,KNN,5697,0,1,0.5924300310426769
3,202,KNN,8566,1,1,1.0
3,202,KNN,6221,1,1,0.9999938686609997
3,202,KNN,7796,0,0,0.0
3,202,KNN,5826,0,0,0.4558466810006024
3,202,KNN,1821,1,1,1.0
3,202,KNN,1194,1,1,1.0
3,202,KNN,1970,1,1,1.0
3,202,KNN,5560,0,0,0.40239299926592614
3,202,KNN,6218,0,1,0.9999989835316688
3,202,KNN,1199,0,0,7.462814755206033e-07
3,202,KNN,4770,0,0,2.9172296892213956e-07
3,202,KNN,7515,1,1,1.0
3,202,KNN,2498,0,1,0.9425574026976568
3,202,KNN,4007,0,0,0.3333333333333333
3,202,KNN,5680,0,0,0.3247517060591213
3,202,KNN,1746,1,1,1.0
3,202,KNN,9551,1,1,0.6324674188127029
3,202,KNN,5199,0,0,0.4053218433396415
3,202,KNN,7205,1,1,0.802882228842068
3,202,KNN,7448,0,0,1.0039250249572618e-06
3,202,KNN,3419,1,1,1.0
3,202,KNN,6710,1,1,1.0
3,202,KNN,2489,1,0,0.430843496674211
3,202,KNN,2981,1,1,1.0
3,202,KNN,8056,1,1,0.8893723629979173
3,202,KNN,5510,0,1,0.7055311397689658
3,202,KNN,6528,1,0,0.25
3,202,KNN,6225,1,0,0.4999995924128222
3,202,KNN,841,1,1,0.7610202485457916
3,202,KNN,3872,1,1,0.5467564853378162
3,202,KNN,8136,1,0,3.3534793131309737e-06
3,202,KNN,8108,1,1,1.0
3,202,KNN,8051,1,1,0.9411432593134641
3,202,KNN,9544,1,1,1.0
3,202,KNN,8841,1,1,0.8623364342949692
3,202,KNN,425,1,1,1.0
3,202,KNN,7026,0,0,0.5
3,202,KNN,437,1,1,0.8688548541092556
3,202,KNN,2346,1,1,1.0
3,202,KNN,6251,1,1,1.0
3,202,KNN,2576,1,1,0.8388769314171133
3,202,KNN,4655,1,1,0.999999970203616
3,202,KNN,1365,0,1,0.6212671908059075
3,202,KNN,3344,1,1,0.9490434508512777
3,202,KNN,782,1,1,0.7885375500654268
3,202,KNN,5455,0,0,0.0
3,202,KNN,8817,1,1,0.6968911885893008
3,202,KNN,592,1,1,0.92474582922418
3,202,KNN,5592,0,1,0.7265248700832775
3,202,KNN,4055,1,1,0.9908510747475958
3,202,KNN,4495,0,0,0.23250806300646398
3,202,KNN,5277,0,0,0.46961769590981456
3,202,KNN,7434,1,0,0.0
3,202,KNN,6182,1,0,0.34891546405545715
3,202,KNN,1301,0,0,0.3360890704137539
3,202,KNN,1368,1,1,1.0
3,202,KNN,5179,1,1,1.0
3,202,KNN,8718,1,1,1.0
3,202,KNN,1364,1,1,1.0
3,202,KNN,5130,0,1,0.7917599994265251
3,202,KNN,8484,0,0,0.49999995970588473
3,202,KNN,2118,1,1,1.0
3,202,KNN,293,1,1,1.0
3,202,KNN,279,1,1,0.9999999208384853
3,202,KNN,3023,1,1,0.9999998356019983
3,202,KNN,3410,1,1,1.0
3,202,KNN,7770,0,0,0.20006010147762762
3,202,KNN,7697,1,1,0.8292813863529064
3,202,KNN,8440,0,1,0.5128245317364336
3,202,KNN,8207,1,1,1.0
3,202,KNN,1009,1,1,0.9999998882349779
3,202,KNN,4494,0,0,0.16347174381684085
3,202,KNN,6313,1,0,0.3333333487333786
3,202,KNN,5551,0,1,0.6688979778311005
3,202,KNN,1111,1,1,0.9999999655082885
3,202,KNN,2035,0,0,0.0
3,202,KNN,4840,1,1,0.9999998558864927
3,202,KNN,1512,1,1,1.0
3,202,KNN,8170,1,1,0.8283153266152012
3,202,KNN,5547,0,1,0.8244467486438998
3,202,KNN,950,1,1,1.0
3,202,KNN,4722,1,1,1.0
3,202,KNN,2189,1,1,1.0
3,202,KNN,8873,1,1,1.0
3,202,KNN,828,1,1,0.9448165439757729
3,202,KNN,4946,0,0,0.0
3,202,KNN,4696,1,1,1.0
3,202,KNN,3343,1,1,1.0
3,202,KNN,2489,1,0,0.430843496674211
3,202,KNN,7804,0,1,0.5521869538582668
3,202,KNN,7114,1,1,0.5000004124233514
3,202,KNN,5659,0,1,0.7987456201600222
3,202,KNN,5140,1,1,0.9438210161223717
3,202,KNN,9388,1,1,0.9462980437923754
3,202,KNN,3030,1,1,1.0
3,202,KNN,3222,1,1,1.0
3,202,KNN,3593,1,1,0.9999999818067057
3,202,KNN,1395,1,1,1.0
3,202,KNN,1483,1,1,1.0
3,202,KNN,9558,1,1,1.0
3,202,KNN,4075,0,0,0.3333333333333333
3,202,KNN,7355,1,1,1.0
3,202,KNN,1389,1,1,0.9999998356019983
3,202,KNN,7883,1,1,0.6234760139876376
3,202,KNN,4467,1,1,0.999999813234909
3,202,KNN,5155,1,1,0.7391735919044277
3,202,KNN,3855,1,1,1.0
3,202,KNN,8664,1,1,0.9340474091426838
3,202,KNN,9494,1,1,1.0
3,202,KNN,8606,1,1,0.8839121406869396
3,202,KNN,4439,0,0,0.034681013630009326
3,202,KNN,6180,1,0,0.0
3,202,KNN,2549,1,1,1.0
3,202,KNN,6046,1,1,1.0
3,202,KNN,5548,1,1,1.0
3,202,KNN,5205,0,1,0.7448544199708039
3,202,KNN,2199,1,1,0.5573300173746983
3,202,KNN,8054,1,1,0.692836604947156
3,202,KNN,978,1,1,1.0
3,202,KNN,754,1,1,0.9079120664320608
3,202,KNN,6848,0,0,0.0
3,202,KNN,9293,1,1,1.0
3,202,KNN,6318,1,0,2.0043214281842307e-08
3,202,KNN,359,1,1,0.8719402541847338
3,202,KNN,5838,1,1,1.0
3,202,KNN,6000,1,0,0.0
3,202,KNN,2239,1,1,0.9999994964576205
3,202,KNN,4007,0,0,0.3333333333333333
3,202,KNN,7886,0,1,0.944082894154418
3,202,KNN,5708,0,1,0.867885681246624
3,202,KNN,1501,1,1,0.573575755882183
3,202,KNN,1180,0,0,0.3689556150096028
3,202,KNN,4194,1,1,1.0
3,202,KNN,6060,1,1,1.0
3,202,KNN,8370,0,0,0.26898898375512154
3,202,KNN,2678,1,1,1.0
3,202,KNN,2600,1,1,0.9999999655082885
3,202,KNN,6326,0,0,0.0
3,202,KNN,1915,0,0,0.25
3,202,KNN,7761,1,1,1.0
3,202,KNN,8221,1,1,0.7734262337207547
3,202,KNN,4865,1,1,1.0
3,202,KNN,9401,1,1,1.0
3,202,KNN,1050,1,1,1.0
3,202,KNN,2377,1,1,1.0
3,202,KNN,2300,0,0,0.23257892202741
3,202,KNN,3315,1,1,1.0
3,202,KNN,5159,1,1,0.9999999321190989
3,202,KNN,7490,1,0,0.0
3,202,KNN,5861,1,1,1.0
3,202,KNN,5573,0,1,0.6796792605827895
3,202,KNN,8140,1,1,1.0
3,202,KNN,9494,1,1,1.0
3,202,KNN,8735,1,1,1.0
3,202,KNN,4570,0,0,0.3333333333333333
3,202,KNN,8415,0,0,0.25
3,202,KNN,2277,1,1,0.9999999214048338
3,202,KNN,2517,1,1,1.0
3,202,KNN,9547,1,1,1.0
3,202,KNN,1009,1,1,0.9999998882349779
3,202,KNN,6190,1,1,1.0
3,202,KNN,437,1,1,0.8688548541092556
3,202,KNN,5815,0,0,0.4606322841814812
3,202,KNN,6383,1,1,0.9617067473622133
3,202,KNN,6267,1,1,0.999999809580194
3,202,KNN,1056,1,1,1.0
3,202,KNN,4696,1,1,1.0
3,202,KNN,7630,0,1,0.5039111844746615
3,202,KNN,6713,1,1,1.0
3,202,KNN,5846,1,0,6.762933288410846e-08
3,202,KNN,661,1,1,1.0
3,202,KNN,6152,1,0,0.3592874420835073
3,202,KNN,2474,1,1,0.9315839822013049
3,202,KNN,1511,1,1,1.0
3,202,KNN,2022,0,0,2.7206085783284155e-07
3,202,KNN,213,1,1,1.0
3,202,KNN,9502,1,1,1.0
3,202,KNN,8961,1,1,1.0
3,202,KNN,3372,1,1,1.0
3,202,KNN,4873,1,1,1.0
3,202,KNN,7151,1,1,1.0
3,202,KNN,7148,1,1,1.0
3,202,KNN,5455,0,0,0.0
3,202,KNN,9321,1,1,1.0
3,202,KNN,8958,1,1,1.0
3,202,KNN,2123,1,1,0.9537977429490992
3,202,KNN,7804,0,1,0.5521869538582668
3,202,KNN,6645,1,1,0.877734054948253
3,202,KNN,97,0,0,0.4096341558331806
3,202,KNN,5356,0,0,0.5
3,202,KNN,2273,1,1,0.9682504834781506
3,202,KNN,2522,1,1,1.0
3,202,KNN,4769,0,0,0.25
3,202,KNN,5985,1,1,1.0
3,202,KNN,4534,0,0,0.0
3,202,KNN,6596,1,1,0.9999999752239105
3,202,KNN,3583,1,1,0.9999999441155207
3,202,KNN,5639,0,1,0.6047447833271221
3,202,KNN,1464,0,1,1.0
3,202,KNN,692,1,1,0.7683073620344465
3,202,KNN,7234,0,0,0.4831993615031361
3,202,KNN,9322,1,1,1.0
3,202,KNN,139,1,1,0.5017261087234388
3,202,KNN,5436,0,1,0.8649718861978336
3,202,KNN,4467,1,1,0.999999813234909
3,202,KNN,6542,1,1,1.0
3,202,KNN,328,1,1,1.0
3,202,KNN,533,1,1,1.0
3,202,KNN,4659,0,0,0.31707375945230054
3,202,KNN,7839,0,0,0.0
3,202,KNN,6588,1,0,0.3266083588645066
3,202,KNN,418,1,1,1.0
3,202,KNN,5659,0,1,0.7987456201600222
3,202,KNN,1346,1,1,0.8740716837275182
3,202,KNN,9581,1,1,0.9364692539174707
3,202,KNN,8186,1,1,1.0
3,202,KNN,9337,1,1,1.0
3,202,KNN,5146,1,1,0.9353514435372549
3,202,KNN,2384,1,1,1.0
3,202,KNN,2097,1,1,1.0
3,202,KNN,2436,1,1,1.0
3,202,KNN,3771,0,1,0.6960688310154427
3,202,KNN,8437,0,0,2.0043214281842307e-08
3,202,KNN,9203,1,1,0.9502899711733163
3,202,KNN,2982,1,1,1.0
3,202,KNN,4338,0,0,0.0
3,202,KNN,877,1,1,1.0
3,202,KNN,3011,1,0,0.2857142857142857
3,202,KNN,6575,0,0,0.0
3,202,KNN,2785,1,0,0.033829495945513106
3,202,KNN,6259,1,1,1.0
3,202,KNN,2226,0,0,0.23250806300646398
3,202,KNN,3410,1,1,1.0
3,202,KNN,2967,1,1,1.0
3,202,KNN,4625,1,1,1.0
3,202,KNN,3546,1,1,1.0
3,202,KNN,2228,1,1,0.9999997848490035
3,202,KNN,4956,0,0,0.0
3,202,KNN,5290,0,0,0.3825288609976219
3,202,KNN,2414,1,1,1.0
3,202,KNN,8581,1,1,1.0
3,202,KNN,7828,1,1,0.9375344727742315
3,202,KNN,814,1,1,1.0
3,202,KNN,2633,1,1,1.0
3,202,KNN,7005,1,0,0.0
3,202,KNN,4012,1,1,1.0
3,202,KNN,893,1,1,0.9999995337465041
3,202,KNN,9012,1,1,0.8188963555820787
3,202,KNN,9066,1,1,0.8953112346028984
3,202,KNN,249,1,1,0.7661768714883175
3,202,KNN,3942,1,1,0.5364671480797175
3,202,KNN,5343,0,1,0.7780916132344922
3,202,KNN,8429,0,0,0.4999999900566975
3,202,KNN,2748,1,0,0.3333333333333333
3,202,KNN,3531,1,0,0.4
3,202,KNN,6067,1,1,1.0
3,202,KNN,4322,0,1,0.5000004124233514
3,202,KNN,1350,1,1,0.9501493888712845
3,202,KNN,2609,1,1,1.0
3,202,KNN,6383,1,1,0.9617067473622133
3,202,KNN,7670,1,0,0.5
3,202,KNN,9388,1,1,0.9462980437923754
3,202,KNN,9235,1,1,0.8776844712105589
3,202,KNN,2586,1,1,0.9999997825228196
3,202,KNN,3338,1,1,1.0
3,202,KNN,9322,1,1,1.0
3,202,KNN,4,0,1,0.5870492569263944
3,202,KNN,7819,0,1,0.697799160600988
3,202,KNN,6845,1,0,0.26965215828312633
3,202,KNN,3736,0,1,0.54295917288085
3,202,KNN,7534,1,1,1.0
3,202,KNN,7059,1,1,1.0
3,202,KNN,2417,1,1,0.9999999879065793
3,202,KNN,2355,1,1,1.0
3,202,KNN,4636,1,1,1.0
3,202,KNN,1582,1,1,0.8315854302397967
3,202,KNN,109,1,1,1.0
3,202,KNN,2346,1,1,1.0
3,202,KNN,4665,1,1,0.9117075232250248
3,202,KNN,8365,0,0,6.705848158850016e-08
3,202,KNN,4183,1,1,1.0
3,202,KNN,2154,1,1,0.9887791310220672
3,202,KNN,2190,1,1,1.0
3,202,KNN,8678,1,1,0.9841123995662667
3,202,KNN,1242,1,1,0.9999998780113083
3,202,KNN,557,1,1,1.0
3,202,KNN,5901,1,1,1.0
3,202,KNN,7159,1,1,1.0
3,202,KNN,1072,1,1,1.0
3,202,KNN,5348,0,0,0.25546961920818717
3,202,KNN,6304,1,1,0.9669310980978381
3,202,KNN,5671,0,1,0.746875483743378
3,202,KNN,5256,0,1,0.7860567554720039
3,202,KNN,8378,0,0,0.3333334176443673
3,202,KNN,7770,0,0,0.20006010147762762
3,202,KNN,2473,1,1,0.93087513838951
3,202,KNN,41,0,1,0.7588633218924239
3,202,KNN,3046,1,1,1.0
3,202,KNN,7918,0,1,0.5391109383040195
3,202,KNN,3375,1,1,0.9522501249524608
3,202,KNN,9242,1,1,0.937968778129125
3,202,KNN,4615,1,1,0.9999999085077311
3,202,KNN,3952,1,0,0.0
3,202,KNN,8841,1,1,0.8623364342949692
3,202,KNN,9320,1,1,0.9280212380952619
3,202,KNN,2389,1,1,1.0
3,202,KNN,2224,1,1,0.7106456062586716
3,202,KNN,6591,1,1,0.7829086267721661
3,202,KNN,2296,1,1,0.935712688838589
3,202,KNN,5018,0,0,4.8886285991363e-07
3,202,KNN,823,1,1,0.868419744781535
3,202,KNN,8926,1,1,0.8465549660566646
3,202,KNN,2600,1,1,0.9999999655082885
3,202,KNN,7205,1,1,0.802882228842068
3,202,KNN,2985,1,1,1.0
3,202,KNN,556,1,1,0.9392556027358144
3,202,KNN,3201,0,0,0.0
3,202,KNN,2967,1,1,1.0
3,202,KNN,8214,1,1,0.5007280366099448
3,202,KNN,5368,0,1,0.872922191074131
3,202,KNN,2511,1,1,0.9999999184937307
3,202,KNN,8817,1,1,0.6968911885893008
3,202,KNN,2929,1,1,1.0
3,202,KNN,1184,0,0,0.49999995970588473
3,202,KNN,1402,1,1,1.0
3,202,KNN,5101,0,1,1.0
3,202,KNN,7828,1,1,0.9375344727742315
3,202,KNN,547,1,1,1.0
3,202,KNN,1826,1,1,1.0
3,202,KNN,330,1,1,1.0
3,202,KNN,3852,0,1,0.6074839876486942
3,202,KNN,6190,1,1,1.0
3,202,KNN,2377,1,1,1.0
3,202,KNN,8025,1,1,1.0
3,202,KNN,3135,1,1,1.0
3,202,KNN,4665,1,1,0.9117075232250248
3,202,KNN,4226,1,1,1.0
3,202,KNN,2741,1,0,0.4734012672646652
3,202,KNN,8735,1,1,1.0
3,202,KNN,2334,1,1,0.8537565747369886
3,202,KNN,8570,1,1,0.9480391135868829
3,202,KNN,9561,1,1,1.0
3,202,KNN,3172,0,0,0.0
3,202,KNN,2555,1,0,0.0
3,202,KNN,401,1,1,0.833093915729688
3,202,KNN,7445,0,0,0.3333333333333333
3,202,KNN,645,1,1,0.9218294796242008
3,202,KNN,480,1,1,0.8666995225124535
3,202,KNN,6829,1,1,1.0
3,202,KNN,5090,1,1,1.0
3,202,KNN,6573,0,0,0.0
3,202,KNN,8977,1,1,0.5351521657413534
3,202,KNN,8458,0,0,0.26593667234461216
3,202,KNN,7604,0,1,0.999999852675357
3,202,KNN,4383,1,1,1.0
3,202,KNN,7608,0,1,1.0
3,202,KNN,7918,0,1,0.5391109383040195
3,202,KNN,4067,1,1,1.0
3,202,KNN,226,0,1,0.894568346586687
3,202,KNN,4797,1,1,1.0
3,202,KNN,3038,1,1,1.0
3,202,KNN,4579,1,1,0.9829768344976787
3,202,KNN,4845,1,1,0.6643344867545184
3,202,KNN,2549,1,1,1.0
3,202,KNN,3887,1,1,0.8069369428620666
3,202,KNN,3375,1,1,0.9522501249524608
3,202,KNN,8545,1,1,1.0
3,202,KNN,4669,1,1,1.0
3,202,KNN,5347,0,0,0.5
3,202,KNN,3691,1,1,1.0
3,202,KNN,4817,0,0,2.720608578328408e-07
3,202,KNN,3193,1,0,3.1479435776210027e-07
3,202,KNN,6740,1,1,1.0
3,202,KNN,6682,1,0,1.575825474739481e-06
3,202,KNN,7333,1,1,1.0
3,202,KNN,1501,1,1,0.573575755882183
3,202,KNN,7386,1,1,0.9999996843195522
3,202,KNN,4295,1,1,0.6582152817903263
3,202,KNN,4565,1,1,1.0
3,202,KNN,2055,0,1,0.6935414644111021
3,202,KNN,821,1,1,0.8521293672927188
3,202,KNN,6596,1,1,0.9999999752239105
3,202,KNN,2555,1,0,0.0
3,202,KNN,1554,1,1,1.0
3,202,KNN,1983,1,1,1.0
3,202,KNN,5861,1,1,1.0
3,202,KNN,9323,1,1,1.0
3,202,KNN,3385,1,1,1.0
3,202,KNN,1318,0,0,1.427138583816099e-07
3,202,KNN,8664,1,1,0.9340474091426838
3,202,KNN,7114,1,1,0.5000004124233514
3,202,KNN,1873,1,0,0.5
3,202,KNN,1226,1,1,0.8189493897781254
3,202,KNN,8474,0,0,0.20222821082712136
3,202,KNN,3714,0,1,0.7412716273868023
3,202,KNN,1712,1,1,1.0
3,202,KNN,1600,0,0,0.5
3,202,KNN,2349,1,1,1.0
3,202,KNN,3508,1,1,1.0
3,202,KNN,4956,0,0,0.0
3,202,KNN,4867,0,0,0.0
3,202,KNN,275,1,0,7.026243425665366e-07
3,202,KNN,8696,1,1,1.0
3,202,KNN,587,1,1,0.875050189517645
3,202,KNN,6529,1,0,0.0
3,202,KNN,9314,1,1,1.0
3,202,KNN,9214,1,1,0.8741957357009926
3,202,KNN,7595,1,1,1.0
3,202,KNN,8051,1,1,0.9411432593134641
3,202,KNN,3911,0,0,0.3344669924261078
3,202,KNN,2004,1,1,1.0
3,202,KNN,990,0,1,1.0
3,202,KNN,5256,0,1,0.7860567554720039
3,202,KNN,4324,0,0,0.0
3,202,KNN,7770,0,0,0.20006010147762762
3,202,KNN,291,1,1,0.8521473930910585
3,202,KNN,537,1,1,0.8668014857812157
3,202,KNN,23,0,1,0.9205925139598923
3,202,KNN,9551,1,1,0.6324674188127029
3,202,KNN,3972,1,1,0.7809422521669787
3,202,KNN,8316,0,0,0.19437793730837566
3,202,KNN,828,1,1,0.9448165439757729
3,202,KNN,8429,0,0,0.4999999900566975
3,202,KNN,1712,1,1,1.0
3,202,KNN,3975,1,1,0.87274562401244
3,202,KNN,4029,0,0,0.3387127738915686
3,202,KNN,8290,0,0,0.23128486563029882
3,202,KNN,9066,1,1,0.8953112346028984
3,202,KNN,3614,1,0,0.0
3,202,KNN,6633,1,1,0.999999958898705
3,202,KNN,564,1,1,0.9999997319795789
3,202,KNN,5374,1,1,0.5999997489545809
3,202,KNN,2508,1,1,1.0
3,202,KNN,8933,1,1,0.9703679646164021
3,202,KNN,8565,1,1,1.0
3,202,KNN,1609,0,1,1.0
3,202,KNN,813,1,1,0.868419744781535
3,202,KNN,6850,1,1,0.5000001032062529
3,202,KNN,9534,1,1,0.8971156674197606
3,202,KNN,3643,1,1,1.0
3,202,KNN,7448,0,0,1.0039250249572618e-06
3,202,KNN,2118,1,1,1.0
3,202,KNN,6845,1,0,0.26965215828312633
3,202,KNN,4590,1,1,1.0
3,202,KNN,5689,0,1,0.5806348447510966
3,202,KNN,3290,1,0,0.0
3,202,KNN,2938,1,1,1.0
3,202,KNN,4541,1,1,1.0
3,202,KNN,1314,1,1,1.0
3,202,KNN,1123,1,1,1.0
3,202,KNN,5249,0,1,0.5127689898753389
3,202,KNN,5501,0,0,8.163515808602781e-07
3,202,KNN,2909,1,1,1.0
3,202,KNN,5250,0,1,0.6068443431923198
3,202,KNN,883,1,1,0.9999999740331343
3,202,KNN,2909,1,1,1.0
3,202,KNN,8933,1,1,0.9703679646164021
3,202,KNN,3476,1,1,0.9999998558864927
3,202,KNN,3952,1,0,0.0
3,202,KNN,3804,0,1,0.9359010482050286
3,202,KNN,8388,0,0,0.3273510345117522
3,202,KNN,8154,1,1,1.0
3,202,KNN,3096,1,1,1.0
3,202,KNN,2300,0,0,0.23257892202741
3,202,KNN,1786,1,1,1.0
3,202,KNN,97,0,0,0.4096341558331806
3,202,KNN,4991,1,1,0.5538528752197408
3,202,KNN,2870,1,1,1.0
3,202,KNN,1540,1,1,0.9999999647713909
3,202,KNN,2762,1,0,0.33544719473276313
3,202,KNN,6783,1,0,6.229724835577859e-07
3,202,KNN,3238,1,0,0.33333330912553594
3,202,KNN,5088,1,1,0.9353481237708983
3,202,KNN,7752,0,0,5.636153466785974e-07
3,202,KNN,7773,0,1,0.9999996272773635
3,202,KNN,4887,0,0,0.3118794883420748
3,202,KNN,1174,1,1,0.9999998422628977
3,202,KNN,3851,0,0,0.3681368298240746
3,202,KNN,1408,1,1,1.0
3,202,KNN,1072,1,1,1.0
3,202,KNN,1746,1,1,1.0
3,202,KNN,7205,1,1,0.802882228842068
3,202,KNN,504,1,1,1.0
3,202,KNN,7733,1,1,1.0
3,202,KNN,5966,1,1,0.9999986852921551
3,202,KNN,7595,1,1,1.0
3,202,KNN,8993,1,1,1.0
3,202,KNN,1327,1,1,1.0
3,202,KNN,8958,1,1,1.0
3,202,KNN,8283,0,1,0.6984501815738738
3,202,KNN,4521,0,0,0.0
3,202,KNN,3902,0,1,0.7272167648492225
3,202,KNN,4943,0,1,0.7899531410906293
3,202,KNN,1324,1,1,0.9999999946941931
3,202,KNN,5510,0,1,0.7055311397689658
3,202,KNN,5017,0,0,0.19825245589715682
3,202,KNN,1399,1,1,1.0
3,202,KNN,2881,1,1,1.0
3,202,KNN,2084,1,1,1.0
3,202,KNN,7115,0,0,0.49999985648684253
3,202,KNN,3201,0,0,0.0
3,202,KNN,6452,1,1,0.9999999519355675
3,202,KNN,6016,1,0,0.3333332034573419
3,202,KNN,1938,1,1,1.0
3,202,KNN,4465,1,1,0.9999998724719705
3,202,KNN,9381,1,1,1.0
3,202,KNN,5927,1,1,1.0
3,202,KNN,4545,0,0,3.3859678707952387e-07
3,202,KNN,5283,0,1,0.6061841521729332
3,202,KNN,3823,1,1,0.6137509597660412
3,202,KNN,710,1,1,1.0
3,202,KNN,6389,1,1,1.0
3,202,KNN,3957,0,0,0.19110127276633965
3,202,KNN,5141,1,1,0.941388778144153
3,202,KNN,8122,0,0,0.05403545230720161
3,202,KNN,5894,1,1,1.0
3,202,KNN,5469,0,0,0.2666270128081764
3,202,KNN,5039,0,1,0.8578572549845254
3,202,KNN,6033,1,1,1.0
3,202,KNN,8912,1,1,0.9213162197453091
3,202,KNN,2320,1,1,0.9999999753185967
3,202,KNN,2377,1,1,1.0
3,202,KNN,1297,0,0,2.790176670909683e-07
3,202,KNN,8681,1,1,0.9423233062151528
3,202,KNN,4761,0,0,0.3674141313972476
3,202,KNN,4319,1,1,0.9999996480913123
3,202,KNN,7781,0,0,0.10700986472955724
3,202,KNN,6250,1,1,1.0
3,202,KNN,9386,1,1,0.774850211417481
3,202,KNN,8365,0,0,6.705848158850016e-08
3,202,KNN,2498,0,1,0.9425574026976568
3,202,KNN,6669,1,1,0.6355768224519115
3,202,KNN,4655,1,1,0.999999970203616
3,202,KNN,335,1,1,1.0
3,202,KNN,3361,1,1,1.0
3,202,KNN,8360,0,0,0.25
3,202,KNN,8589,1,1,0.9410875929636493
3,202,KNN,8607,1,1,0.7453988088196164
3,202,KNN,3759,1,1,0.6675586178873681
3,202,KNN,9422,1,1,1.0
3,202,KNN,1791,1,1,1.0
3,202,KNN,5861,1,1,1.0
3,202,KNN,3365,1,1,1.0
3,202,KNN,2675,1,1,1.0
3,202,KNN,5019,0,1,0.5995343361061442
3,202,KNN,5383,0,0,0.11961932574593222
3,202,KNN,4681,1,1,1.0
3,202,KNN,159,1,0,0.39479900698371445
3,202,KNN,6111,1,1,0.9999999538708023
3,202,KNN,8330,0,0,0.12983837798628226
3,202,KNN,7264,1,1,0.8025159630001878
3,202,KNN,6836,0,1,0.6127480049436802
3,202,KNN,7403,1,1,1.0
3,202,KNN,1139,0,0,0.25
3,202,KNN,8223,0,1,1.0
3,202,KNN,3218,0,0,0.0
3,202,KNN,1395,1,1,1.0
3,202,KNN,6016,1,0,0.3333332034573419
3,202,KNN,7059,1,1,1.0
3,202,KNN,2576,1,1,0.8388769314171133
3,202,KNN,3201,0,0,0.0
3,202,KNN,4329,0,0,0.060409734959100625
3,202,KNN,4022,1,1,1.0
3,202,KNN,5203,0,0,0.473037032211549
3,202,KNN,336,1,1,1.0
3,202,KNN,2489,1,0,0.430843496674211
3,202,KNN,2118,1,1,1.0
3,202,KNN,507,1,1,0.937691667937041
3,202,KNN,4665,1,1,0.9117075232250248
3,202,KNN,1047,1,1,1.0
3,202,KNN,174,1,1,0.9607493057386549
3,202,KNN,2474,1,1,0.9315839822013049
3,202,KNN,1958,1,1,0.9999999538448928
3,202,KNN,8437,0,0,2.0043214281842307e-08
3,202,KNN,7357,1,1,0.6607114993571797
3,202,KNN,4790,1,1,1.0
3,202,KNN,533,1,1,1.0
3,202,KNN,4564,1,1,0.9913780350009536
3,202,KNN,1047,1,1,1.0
3,202,KNN,8362,0,0,0.5
3,202,KNN,1271,1,1,1.0
3,202,KNN,9078,1,1,0.6638243239453931
3,202,KNN,7322,0,0,0.0
3,202,KNN,7622,0,1,0.9379950338734586
3,202,KNN,9567,1,1,1.0
3,202,KNN,4067,1,1,1.0
3,202,KNN,2609,1,1,1.0
3,202,KNN,9378,1,1,1.0
3,202,KNN,8598,1,1,1.0
3,202,KNN,3105,1,1,1.0
3,202,KNN,7424,1,0,0.428042669707388
3,202,KNN,593,1,1,1.0
3,202,KNN,4029,0,0,0.3387127738915686
3,202,KNN,4929,1,1,1.0
3,202,KNN,7647,0,1,1.0
3,202,KNN,1852,0,0,0.25
3,202,KNN,4228,0,0,0.3333333333333333
3,202,KNN,352,0,1,0.9299252200247043
3,202,KNN,6475,1,1,1.0
3,202,KNN,2824,1,1,1.0
3,202,KNN,4748,0,0,0.3333333487333786
3,202,KNN,6532,0,0,0.3333333032134986
3,202,KNN,1465,1,1,0.9034742629997171
3,202,KNN,4880,1,1,1.0
3,202,KNN,159,1,0,0.39479900698371445
3,202,KNN,7194,1,0,0.2786309789761588
3,202,KNN,3971,1,1,0.7232977174280228
3,202,KNN,8054,1,1,0.692836604947156
3,202,KNN,6159,1,0,0.25
3,202,KNN,7542,1,0,0.3825288609976219
3,202,KNN,7569,1,1,0.9405958670496242
3,202,KNN,3410,1,1,1.0
3,202,KNN,348,1,1,0.5951134467035486
3,202,KNN,1399,1,1,1.0
3,202,KNN,8738,1,1,1.0
3,202,KNN,5154,0,0,0.34226217330270425
3,202,KNN,6654,1,1,1.0
3,202,KNN,4450,1,1,1.0
3,202,KNN,92,1,0,0.220009370864689
3,202,KNN,8823,1,1,1.0
3,202,KNN,8884,1,1,0.9221357653620726
3,202,KNN,4016,1,1,1.0
3,202,KNN,5957,1,1,1.0
3,202,KNN,6218,0,1,0.9999989835316688
3,202,KNN,5927,1,1,1.0
3,202,KNN,9059,1,1,0.933388947961541
3,202,KNN,2990,1,1,1.0
3,202,KNN,2349,1,1,1.0
3,202,KNN,7316,0,0,0.33333327199032886
3,202,KNN,626,1,1,1.0
3,202,KNN,5945,0,1,0.5064112861319929
3,202,KNN,5640,0,1,0.6325834862900053
3,202,KNN,1685,1,1,1.0
3,202,KNN,9005,1,1,1.0
3,202,KNN,2728,1,1,1.0
3,202,KNN,9551,1,1,0.6324674188127029
3,202,KNN,8013,0,0,0.3597727779287045
3,202,KNN,9005,1,1,1.0
3,202,KNN,3410,1,1,1.0
3,202,KNN,8864,1,1,0.923933908224571
3,202,KNN,5284,0,0,3.676615633979555e-07
3,202,KNN,2313,1,1,0.9453055983485669
3,202,KNN,4840,1,1,0.9999998558864927
3,202,KNN,766,1,1,1.0
3,202,KNN,2811,1,0,0.31698714610871936
3,202,KNN,8411,0,1,0.5256015246470307
3,202,KNN,7992,1,1,0.9325822121436207
3,202,KNN,1275,1,1,1.0
3,202,KNN,7297,0,0,0.25786403576324646
3,202,KNN,7810,1,1,1.0
3,202,KNN,4241,0,0,0.33333333390960135
3,202,KNN,8056,1,1,0.8893723629979173
3,202,KNN,1637,1,1,1.0
3,202,KNN,5107,1,1,0.8721153400532867
3,202,KNN,11,0,1,0.5199132703567768
3,202,KNN,4932,1,1,0.999999902288944
3,202,KNN,7328,1,1,1.0
3,202,KNN,3400,1,1,0.9999999803962162
3,202,KNN,8860,1,1,1.0
3,202,KNN,7886,0,1,0.944082894154418
3,202,KNN,1189,0,1,0.5325143656436447
3,202,KNN,159,1,0,0.39479900698371445
3,202,KNN,2695,1,1,1.0
3,202,KNN,5336,0,0,2.50090529369832e-07
3,202,KNN,5118,0,0,0.4513562451012335
3,202,KNN,6796,1,1,1.0
3,202,KNN,7316,0,0,0.33333327199032886
3,202,KNN,8530,1,1,1.0
3,202,KNN,1968,1,1,1.0
3,202,KNN,5516,1,1,0.6397551245389137
3,202,KNN,2766,1,0,4.060796232632125e-07
3,202,KNN,8493,1,1,0.9740068992970607
3,202,KNN,8891,1,1,0.9362805711889975
3,202,KNN,6368,1,0,0.5
3,202,KNN,7140,1,1,1.0
3,202,KNN,5229,0,0,0.0
3,202,KNN,1088,1,1,0.8254605430685102
3,202,KNN,4717,0,0,5.223352689472673e-06
3,202,KNN,9323,1,1,1.0
3,202,KNN,4119,1,1,1.0
3,202,KNN,5224,0,0,0.0
3,202,KNN,5640,0,1,0.6325834862900053
3,202,KNN,6480,1,1,1.0
3,202,KNN,7140,1,1,1.0
3,202,KNN,4269,0,0,0.5
3,202,KNN,2500,1,1,0.9413345314761697
3,202,KNN,1712,1,1,1.0
3,202,KNN,3217,1,0,0.20761975932834034
3,202,KNN,1078,0,0,0.3387127738915686
3,202,KNN,1943,0,0,0.5
3,202,KNN,5101,0,1,1.0
3,202,KNN,4754,0,1,0.5573198695115975
3,202,KNN,9546,1,1,1.0
3,202,KNN,1685,1,1,1.0
3,202,KNN,3792,1,1,0.6727167863992192
3,202,KNN,7022,1,0,0.0
3,202,KNN,513,1,1,1.0
3,202,KNN,3786,0,1,1.0
3,202,KNN,7403,1,1,1.0
3,202,KNN,3995,1,1,1.0
3,202,KNN,6091,1,1,1.0
3,202,KNN,1966,1,1,1.0
3,202,KNN,2489,1,0,0.4308434966742084
3,202,RF,7283,1,1,1.0
3,202,RF,6848,0,0,0.09690784069291986
3,202,RF,8118,1,1,0.7520442831172338
3,202,RF,8237,1,1,0.9037587525922721
3,202,RF,9504,1,1,0.7917389565005171
3,202,RF,8860,1,1,0.9386937827843234
3,202,RF,3090,1,1,0.9243130708746695
3,202,RF,5653,0,0,0.40658544901510496
3,202,RF,4195,1,1,0.9996758774227343
3,202,RF,426,1,1,0.6936566514025558
3,202,RF,6698,1,0,0.19638258401031894
3,202,RF,880,1,1,0.6908420622853012
3,202,RF,2286,1,1,0.840157887868689
3,202,RF,4260,1,1,0.9988314074116765
3,202,RF,2020,0,0,0.2801036319116296
3,202,RF,8112,1,1,0.9704113278735278
3,202,RF,4267,1,1,0.9632569381993192
3,202,RF,330,1,1,0.8731791058656413
3,202,RF,4929,1,1,0.9683219630030321
3,202,RF,1870,1,1,0.9127487398351949
3,202,RF,1053,1,1,0.9883761577983248
3,202,RF,6650,1,1,0.9825675967475469
3,202,RF,336,1,1,0.9553262978971522
3,202,RF,6462,1,1,0.9259011604881993
3,202,RF,4862,0,0,0.10071392117306566
3,202,RF,3046,1,1,0.9088910321652045
3,202,RF,7744,1,1,0.8656756279347668
3,202,RF,3543,1,1,0.9446037504284598
3,202,RF,8325,0,0,0.0032010694662267746
3,202,RF,1852,0,0,0.13678591770890455
3,202,RF,1486,1,1,0.8590187348198755
3,202,RF,2581,0,0,0.22366052532401487
3,202,RF,1483,1,1,0.8167480463707415
3,202,RF,5451,0,1,0.6065323579100689
3,202,RF,7283,1,1,1.0
3,202,RF,2913,1,1,0.9939468358259762
3,202,RF,5229,0,0,0.10164886936738546
3,202,RF,9465,1,1,0.9356835513665708
3,202,RF,8395,0,1,0.6415732117906168
3,202,RF,3201,0,0,0.002205856616593681
3,202,RF,6866,1,1,0.9918275987466934
3,202,RF,2239,1,1,0.8764344267071723
3,202,RF,7101,1,1,0.9198917320803257
3,202,RF,314,1,1,0.7982385220060337
3,202,RF,7217,0,0,0.10411036018183233
3,202,RF,2871,1,1,0.9990605840607836
3,202,RF,1271,1,1,0.9830437490375711
3,202,RF,645,1,1,0.5881222291003861
3,202,RF,7761,1,1,0.9972372258076184
3,202,RF,6316,0,0,0.4075187580488261
3,202,RF,2449,1,1,0.8770183331676756
3,202,RF,8803,1,1,0.5094252737445641
3,202,RF,4881,1,1,0.9613476982520853
3,202,RF,3592,1,0,0.4995875837214649
3,202,RF,8627,1,1,0.8922715576903002
3,202,RF,3556,0,1,0.7033339747843204
3,202,RF,5740,0,1,0.8640121063784207
3,202,RF,6864,1,1,0.9888450790137177
3,202,RF,2374,1,1,0.9463390210611784
3,202,RF,3972,1,1,0.6007614462433561
3,202,RF,4095,0,0,0.24285238536814596
3,202,RF,7453,1,1,0.9570603257604194
3,202,RF,2250,1,1,0.8828886894705562
3,202,RF,9167,1,1,0.8901162362926351
3,202,RF,6529,1,0,0.03461341115544813
3,202,RF,6796,1,1,0.9493954368586219
3,202,RF,3787,1,1,0.6363651971302146
3,202,RF,293,1,1,0.8411867819090877
3,202,RF,6131,1,1,0.994525678173448
3,202,RF,2945,1,1,0.9848832320739604
3,202,RF,1689,1,1,0.9466587278957789
3,202,RF,8566,1,1,0.9621339662613984
3,202,RF,4228,0,0,0.24184903804144675
3,202,RF,5680,0,0,0.456084883965822
3,202,RF,6159,1,0,0.15404780483140032
3,202,RF,9311,1,1,0.9748847160278226
3,202,RF,3838,1,1,0.7531561471983597
3,202,RF,2098,1,1,0.9098869398834384
3,202,RF,3981,0,1,0.6627855186217475
3,202,RF,4548,0,1,0.8854007831837204
3,202,RF,9386,1,1,0.9112859830527057
3,202,RF,2067,0,0,0.10862203317661556
3,202,RF,6385,1,1,0.9264686839881147
3,202,RF,1600,0,0,0.301832816368656
3,202,RF,2675,1,1,0.9907249348058933
3,202,RF,1131,0,0,0.20228858368856095
3,202,RF,9504,1,1,0.7917389565005171
3,202,RF,4813,0,0,0.054580696043116286
3,202,RF,8646,1,1,0.9929565113553379
3,202,RF,6543,1,1,0.9446037504284598
3,202,RF,8565,1,1,0.8663425684356397
3,202,RF,6605,1,1,0.9934824713540032
3,202,RF,4615,1,1,0.9412246092936145
3,202,RF,679,1,1,0.764646855353078
3,202,RF,7114,1,0,0.49748605922199884
3,202,RF,4067,1,1,0.9944013059409593
3,202,RF,6710,1,1,0.9311357582342171
3,202,RF,7609,0,1,0.7376116380702323
3,202,RF,2608,1,1,0.9970755470765394
3,202,RF,3353,1,0,0.013750306010893127
3,202,RF,9012,1,1,0.8227402683955775
3,202,RF,6682,1,0,0.210765614396859
3,202,RF,3901,1,0,0.41280718091702484
3,202,RF,2250,1,1,0.8828886894705562
3,202,RF,7134,1,1,0.9885818480485863
3,202,RF,5740,0,1,0.8640121063784207
3,202,RF,5501,0,0,0.2083247826548181
3,202,RF,1388,1,1,0.6439051621088181
3,202,RF,4948,0,0,0.0569842055169139
3,202,RF,7218,0,0,0.009580265148199213
3,202,RF,9042,1,1,0.6641092886055461
3,202,RF,7961,1,1,0.9196368436871376
3,202,RF,2449,1,1,0.8770183331676756
3,202,RF,766,1,1,0.9804076119951786
3,202,RF,7877,1,1,0.8842614378271159
3,202,RF,5336,0,0,0.1521670410111785
3,202,RF,6313,1,0,0.24768903257306404
3,202,RF,1189,0,0,0.26530123138618406
3,202,RF,5579,0,1,0.7752619916791894
3,202,RF,5469,0,0,0.3272450247112114
3,202,RF,1368,1,1,0.9995185549620467
3,202,RF,133,1,1,0.7419327481265114
3,202,RF,4319,1,1,0.8762166399204703
3,202,RF,3753,1,1,0.8017863224673027
3,202,RF,5797,0,0,0.32620243029651264
3,202,RF,3858,1,0,0.4500890460240401
3,202,RF,391,1,1,0.9971989826741781
3,202,RF,7395,1,1,0.9957978789165222
3,202,RF,1873,1,1,0.5193795385304789
3,202,RF,3583,1,1,0.7763674538472998
3,202,RF,2424,1,1,0.9607898021116528
3,202,RF,4541,1,1,0.8865621181502865
3,202,RF,4,0,0,0.27894879927708455
3,202,RF,2633,1,1,0.9315945409377592
3,202,RF,4943,0,1,0.6513780666889147
3,202,RF,6827,1,1,0.9907249348058933
3,202,RF,3378,1,1,0.9259011604881993
3,202,RF,4174,1,1,0.9550264644853023
3,202,RF,7522,1,0,0.3860895487436106
3,202,RF,5703,0,1,0.5480512587904018
3,202,RF,300,1,1,0.7569299442995521
3,202,RF,813,1,1,0.9092388983427544
3,202,RF,8907,1,1,0.8002109569965402
3,202,RF,336,1,1,0.9553262978971522
3,202,RF,6829,1,1,0.9334034438713824
3,202,RF,3593,1,1,0.840074127628465
3,202,RF,2389,1,1,0.9401300512073735
3,202,RF,3995,1,1,0.9752330838019766
3,202,RF,7961,1,1,0.9196368436871376
3,202,RF,3526,1,1,0.9940587627773145
3,202,RF,990,0,1,0.9747879371004005
3,202,RF,3152,1,1,0.9829613794768801
3,202,RF,3090,1,1,0.9243130708746695
3,202,RF,1972,1,1,0.8811270594248408
3,202,RF,5570,0,1,0.5347534140186728
3,202,RF,6713,1,1,0.9966352358136834
3,202,RF,3819,1,1,0.5626744982750268
3,202,RF,9214,1,1,0.8841685455668459
3,202,RF,9167,1,1,0.8901162362926351
3,202,RF,3383,1,1,0.9789219375296289
3,202,RF,3753,1,1,0.8017863224673027
3,202,RF,8079,1,1,0.9399370786650575
3,202,RF,2215,1,1,0.7883656966038923
3,202,RF,3228,0,0,0.29423010477152733
3,202,RF,2620,0,0,0.00998046891406393
3,202,RF,275,1,0,0.2048266558858609
3,202,RF,4287,1,1,0.9734887967440539
3,202,RF,8789,1,1,0.9280358249772607
3,202,RF,4446,1,1,0.9264686839881147
3,202,RF,2799,1,0,0.11403041512164636
3,202,RF,6152,1,0,0.24004670313518023
3,202,RF,8570,1,1,0.9643725976500701
3,202,RF,4770,0,0,0.08233812450492829
3,202,RF,3531,1,0,0.22881150379532147
3,202,RF,2668,1,1,0.8692699610654561
3,202,RF,2288,1,1,0.5931984248731507
3,202,RF,102,0,1,0.6111276500299269
3,202,RF,7056,1,1,0.9903437935567354
3,202,RF,6573,0,0,0.10071392117306566
3,202,RF,4747,0,0,0.3303851247492174
3,202,RF,2122,1,1,0.9244638364593147
3,202,RF,8249,1,1,0.9812733848822869
3,202,RF,7197,0,0,0.00359457005309029
3,202,RF,9380,1,1,0.9589151151025135
3,202,RF,437,1,1,0.7015015777551852
3,202,RF,7257,0,0,0.2551360733527066
3,202,RF,4145,0,0,0.12161674715643113
3,202,RF,523,1,1,0.6892841143511893
3,202,RF,3837,0,1,0.5251580496164586
3,202,RF,6111,1,1,0.9773734579591798
3,202,RF,4295,1,0,0.4867179467269971
3,202,RF,8047,0,0,0.16323442616856987
3,202,RF,8585,1,1,0.9436456080302104
3,202,RF,543,1,1,0.5812475446484714
3,202,RF,7838,0,0,0.18521418655605337
3,202,RF,5794,0,0,0.4407977935105952
3,202,RF,1402,1,1,0.9903437935567354
3,202,RF,749,1,1,0.9044100203935921
3,202,RF,6982,1,1,0.9968819164624311
3,202,RF,2512,1,1,0.7543644995543537
3,202,RF,7371,0,0,0.35900742337638236
3,202,RF,3230,1,1,0.5193795385304789
3,202,RF,9154,1,1,0.916412615208651
3,202,RF,3434,0,0,0.18123817584949575
3,202,RF,4615,1,1,0.9412246092936145
3,202,RF,9388,1,1,0.9219660944147351
3,202,RF,8312,0,0,0.025278694864643837
3,202,RF,4770,0,0,0.08233812450492829
3,202,RF,5375,0,0,0.002205856616593681
3,202,RF,1174,1,1,0.6730531004946474
3,202,RF,3577,1,1,0.5383028962896655
3,202,RF,5714,0,1,0.603699734246781
3,202,RF,5118,0,1,0.5505801984698
3,202,RF,2919,1,1,0.8624957111016326
3,202,RF,8312,0,0,0.025278694864643837
3,202,RF,2069,0,0,0.12181251429663648
3,202,RF,3415,1,0,0.45280464748193244
3,202,RF,8108,1,1,0.9794072425154795
3,202,RF,1137,1,1,1.0
3,202,RF,9323,1,1,0.9892286689954285
3,202,RF,5491,0,0,0.3498046358590014
3,202,RF,5436,0,1,0.6621715203352798
3,202,RF,8231,1,1,0.9621133845297467
3,202,RF,1408,1,1,0.9818700153405762
3,202,RF,6714,1,1,0.9855852005197329
3,202,RF,5018,0,0,0.3559211988059864
3,202,RF,6402,1,1,0.9553395150180105
3,202,RF,3745,0,1,0.560619947155404
3,202,RF,8823,1,1,0.9728553322118664
3,202,RF,8290,0,0,0.31833754061243974
3,202,RF,4524,0,0,0.03408253878253766
3,202,RF,3201,0,0,0.002205856616593681
3,202,RF,6067,1,1,0.990850139310171
3,202,RF,9544,1,1,0.9673979128540499
3,202,RF,5531,0,1,0.5768414285268645
3,202,RF,8423,0,0,0.052503874413562156
3,202,RF,6211,1,1,0.9957480996560091
3,202,RF,5965,1,0,0.004314032484312281
3,202,RF,9561,1,1,0.9586179867524633
3,202,RF,2967,1,1,0.9168027995759401
3,202,RF,7445,0,0,0.16715458129488361
3,202,RF,3282,1,1,0.9566612421238508
3,202,RF,5783,0,0,0.1743442343970964
3,202,RF,2919,1,1,0.8624957111016326
3,202,RF,8983,1,1,0.8076689432197531
3,202,RF,4168,0,0,0.04674603383937076
3,202,RF,2199,1,1,0.5383028962896655
3,202,RF,2245,1,1,0.9217884049395423
3,202,RF,4194,1,1,0.9956015739917347
3,202,RF,4750,0,1,0.6615837552808951
3,202,RF,8627,1,1,0.8922715576903002
3,202,RF,6328,1,1,0.9444039836647279
3,202,RF,1486,1,1,0.8590187348198755
3,202,RF,1301,0,0,0.34541565089368936
3,202,RF,2754,1,0,0.15835619391244063
3,202,RF,4748,0,0,0.24768903257306404
3,202,RF,4748,0,0,0.24768903257306404
3,202,RF,7482,0,0,0.3878121008858614
3,202,RF,4025,1,1,0.9152033763637314
3,202,RF,413,1,1,0.6595134338056801
3,202,RF,2515,1,1,0.9263606848397093
3,202,RF,430,1,1,0.8567321287000782
3,202,RF,3666,0,0,0.16393165711595226
3,202,RF,8537,1,1,0.7699116442409685
3,202,RF,2446,1,1,0.897070944079539
3,202,RF,1943,0,0,0.29842131353235957
3,202,RF,7647,0,1,0.7755682615968538
3,202,RF,41,0,1,0.6619438483280247
3,202,RF,2600,1,1,0.9981938922315042
3,202,RF,6727,0,0,0.1452334255630714
3,202,RF,4194,1,1,0.9956015739917347
3,202,RF,8338,0,0,0.24945093793766676
3,202,RF,3670,1,1,0.876131509122912
3,202,RF,433,1,1,0.8128793105816985
3,202,RF,7229,1,1,0.9158712641614934
3,202,RF,1088,1,1,0.9336758678539262
3,202,RF,7056,1,1,0.9903437935567354
3,202,RF,8721,1,1,0.6265970147407323
3,202,RF,3771,0,1,0.6258968507976311
3,202,RF,9167,1,1,0.8901162362926351
3,202,RF,3609,0,0,0.1703992210569996
3,202,RF,2267,1,1,0.7065219658561362
3,202,RF,5241,0,0,0.3376149730426179
3,202,RF,9148,1,1,0.6078255424793119
3,202,RF,4517,1,1,0.9609053260942337
3,202,RF,4683,1,1,0.9315387701735525
3,202,RF,1056,1,1,0.9481880650816724
3,202,RF,401,1,1,0.8329614193933037
3,202,RF,7242,0,1,0.5812460159574137
3,202,RF,6849,1,0,0.45478298596562977
3,202,RF,6845,1,0,0.27973434479648346
3,202,RF,8803,1,1,0.5094252737445641
3,202,RF,1588,1,1,0.9066378724689436
3,202,RF,3012,1,0,0.13708489682836628
3,202,RF,1050,1,1,0.952201385003911
3,202,RF,4012,1,1,0.832734795334304
3,202,RF,2586,1,1,0.8159031914060759
3,202,RF,7333,1,1,0.6759286675107694
3,202,RF,9512,1,1,0.8262521235729055
3,202,RF,2858,1,0,0.20669599741313402
3,202,RF,5387,0,0,0.0830964934942415
3,202,RF,5491,0,0,0.3498046358590014
3,202,RF,9208,1,1,0.9322144681654997
3,202,RF,8330,0,0,0.10914801273255106
3,202,RF,1123,1,1,0.9944013059409593
3,202,RF,8294,0,0,0.2081512977267439
3,202,RF,3861,1,1,0.5684740370698249
3,202,RF,9318,1,1,0.9723985953078611
3,202,RF,4231,0,1,0.5984223047018329
3,202,RF,9334,1,1,0.987257147796506
3,202,RF,5368,0,1,0.8113262170506396
3,202,RF,489,1,1,0.6115837357994873
3,202,RF,2609,1,1,0.9946492652725502
3,202,RF,7703,0,0,0.12432796095871773
3,202,RF,2819,1,1,0.9363609348943609
3,202,RF,8570,1,1,0.9643725976500701
3,202,RF,7818,0,1,0.7520272540493076
3,202,RF,2189,1,1,0.9282152825661872
3,202,RF,1168,1,1,0.9929306773564663
3,202,RF,3409,1,1,0.7672535111522056
3,202,RF,9015,1,1,0.96525997402378
3,202,RF,7415,1,1,0.8901148335478613
3,202,RF,5743,0,0,0.3292144557842672
3,202,RF,3336,1,1,0.9992127082577721
3,202,RF,6823,0,0,0.1886008434983023
3,202,RF,174,1,1,0.9362477346274026
3,202,RF,4194,1,1,0.9956015739917347
3,202,RF,2417,1,1,0.9940904279561065
3,202,RF,9085,1,1,0.9699043976422744
3,202,RF,2316,1,1,0.8594823337361788
3,202,RF,5156,1,1,0.5193795385304789
3,202,RF,5826,0,0,0.35147020881499325
3,202,RF,2215,1,1,0.7883656966038923
3,202,RF,3074,1,0,0.08477908365428015
3,202,RF,4869,1,1,0.9399628596328798
3,202,RF,4980,0,1,0.758054696244689
3,202,RF,4715,1,1,0.9014202124611179
3,202,RF,7434,1,0,0.43414886531295066
3,202,RF,9539,1,1,0.948682838716157
3,202,RF,8627,1,1,0.8922715576903002
3,202,RF,5159,1,1,0.8971186322636452
3,202,RF,5667,0,0,0.32331457792335266
3,202,RF,5905,1,1,0.9973935938308877
3,202,RF,2273,1,1,0.96455360583598
3,202,RF,5374,1,0,0.4075187580488261
3,202,RF,3416,1,0,0.32609932692282034
3,202,RF,4278,1,1,0.9874361582410225
3,202,RF,3452,1,1,0.981160456684319
3,202,RF,2924,1,1,0.9373200897710254
3,202,RF,5905,1,1,0.9973935938308877
3,202,RF,8434,0,0,0.08217500868530855
3,202,RF,3400,1,1,0.9548929998908684
3,202,RF,7120,0,0,0.43604206733790385
3,202,RF,2493,0,0,0.45404124006566676
3,202,RF,4569,0,0,0.09775943972172893
3,202,RF,3852,0,1,0.5743268277534521
3,202,RF,9159,1,1,0.8141898540362286
3,202,RF,2067,0,0,0.10862203317661556
3,202,RF,5027,0,0,0.47941701730417835
3,202,RF,8474,0,0,0.222739772800698
3,202,RF,9300,1,1,0.9828357669307911
3,202,RF,6894,1,1,0.8729853235319408
3,202,RF,3838,1,1,0.7531561471983597
3,202,RF,5017,0,0,0.17234644619107414
3,202,RF,4418,0,0,0.06855620360340207
3,202,RF,8634,1,1,0.8636180113483946
3,202,RF,2474,1,1,0.8425166407386138
3,202,RF,9381,1,1,0.9995288508302648
3,202,RF,675,1,1,0.9425445195852223
3,202,RF,564,1,1,0.7502917297351307
3,202,RF,5806,1,1,0.9472794872283987
3,202,RF,4980,0,1,0.758054696244689
3,202,RF,6070,1,1,0.9806745294794925
3,202,RF,3292,1,1,0.9832683484951309
3,202,RF,8269,1,1,0.9790469156518179
3,202,RF,2855,1,1,0.9997625463862874
3,202,RF,8568,1,1,0.9621655311833596
3,202,RF,1402,1,1,0.9903437935567354
3,202,RF,9343,1,1,0.9341680910929508
3,202,RF,9242,1,1,0.9101703184143802
3,202,RF,4088,0,0,0.2911044293763809
3,202,RF,4046,1,1,0.9315945409377592
3,202,RF,2516,1,1,0.9681294326417619
3,202,RF,1327,1,1,0.9491758383958588
3,202,RF,3378,1,1,0.9259011604881993
3,202,RF,7554,1,1,0.9368795802612752
3,202,RF,8855,1,1,0.9927959003802509
3,202,RF,4769,0,0,0.12628404262127588
3,202,RF,2668,1,1,0.8692699610654561
3,202,RF,5389,1,1,0.73278398231265
3,202,RF,1966,1,1,0.9728992289293132
3,202,RF,389,1,0,0.4082435599405625
3,202,RF,8188,1,1,0.8645725303894145
3,202,RF,754,1,1,0.8397837932991056
3,202,RF,7490,1,0,0.1844732976134821
3,202,RF,6440,1,1,0.713023941731031
3,202,RF,3378,1,1,0.9259011604881993
3,202,RF,9222,1,0,0.393711790760869
3,202,RF,8589,1,1,0.8805882710996206
3,202,RF,2898,1,1,0.8865128609919515
3,202,RF,6728,0,0,0.40609715275751307
3,202,RF,7401,1,1,0.9868299198442275
3,202,RF,1584,1,1,0.9622826471027086
3,202,RF,8429,0,0,0.31090590745226077
3,202,RF,3852,0,1,0.5743268277534521
3,202,RF,5284,0,0,0.2593519415090107
3,202,RF,9383,1,1,0.9986675933689555
3,202,RF,3201,0,0,0.002205856616593681
3,202,RF,9066,1,1,0.9145118733202368
3,202,RF,8571,1,1,0.6743351409904593
3,202,RF,5290,0,1,0.6548599631110388
3,202,RF,2477,0,1,0.80444156743368
3,202,RF,2919,1,1,0.8624957111016326
3,202,RF,5039,0,1,0.5510107388409352
3,202,RF,8437,0,0,0.0036557319036515912
3,202,RF,9494,1,1,0.9780430344910911
3,202,RF,5019,0,1,0.5018030182053157
3,202,RF,3344,1,1,0.8811270594248408
3,202,RF,2788,0,0,0.4101976296366653
3,202,RF,5146,1,1,0.905414664506407
3,202,RF,4880,1,1,0.9722649127503157
3,202,RF,1050,1,1,0.952201385003911
3,202,RF,1746,1,1,0.9565475581766383
3,202,RF,1367,1,1,0.9994385986630354
3,202,RF,1516,1,1,0.9424592432610177
3,202,RF,275,1,0,0.2048266558858609
3,202,RF,3718,0,1,0.5819935379250717
3,202,RF,741,1,1,0.9237445246878463
3,202,RF,5088,1,1,0.638720442649336
3,202,RF,2881,1,1,0.9962834499249675
3,202,RF,1013,1,1,0.9254935638453697
3,202,RF,1958,1,1,0.9633417637495246
3,202,RF,2388,1,1,0.8572884593773137
3,202,RF,2190,1,1,0.830645657601686
3,202,RF,3975,1,1,0.686477909618635
3,202,RF,5827,0,0,0.31797245415174147
3,202,RF,3583,1,1,0.7763674538472998
3,202,RF,8530,1,1,0.9921042751750326
3,202,RF,8419,0,0,0.14191687224982713
3,202,RF,1406,1,1,0.9756925840929688
3,202,RF,2277,1,1,0.916494684360503
3,202,RF,8351,0,0,0.06855620360340207
3,202,RF,4797,1,1,0.979244126139415
3,202,RF,1308,1,1,0.8901148335478613
3,202,RF,5693,0,0,0.3701700930101899
3,202,RF,4774,0,0,0.3373177122336539
3,202,RF,9320,1,1,0.9277490099745868
3,202,RF,4696,1,1,0.9893156102135023
3,202,RF,6850,1,0,0.45478298596562977
3,202,RF,5625,1,1,0.7593718722619544
3,202,RF,6242,1,1,0.9945434668303761
3,202,RF,6203,1,1,0.9544142505740061
3,202,RF,149,1,1,0.5940638476003067
3,202,RF,5336,0,0,0.1521670410111785
3,202,RF,4185,1,1,1.0
3,202,RF,9048,1,1,0.622635027493508
3,202,RF,53,0,0,0.3414657550962067
3,202,RF,4276,0,0,0.4675306581807218
3,202,RF,2154,1,1,0.9083180944416448
3,202,RF,9378,1,1,1.0
3,202,RF,4109,1,1,0.9646075581752181
3,202,RF,4295,1,0,0.4867179467269971
3,202,RF,8440,0,0,0.376917680543616
3,202,RF,9494,1,1,0.9780430344910911
3,202,RF,6318,1,0,0.0036557319036515912
3,202,RF,3061,1,0,0.18597220579789706
3,202,RF,7265,1,0,0.4868438699155224
3,202,RF,1881,1,1,0.9980453450504707
3,202,RF,9422,1,1,0.9740382883089229
3,202,RF,2224,1,1,0.7837637555120831
3,202,RF,3771,0,1,0.6258968507976311
3,202,RF,9541,1,1,0.9218043946241485
3,202,RF,4945,0,0,0.4245074510138668
3,202,RF,9149,1,1,0.947620885359437
3,202,RF,2154,1,1,0.9083180944416448
3,202,RF,592,1,1,0.9411674577205832
3,202,RF,7257,0,0,0.2551360733527066
3,202,RF,2447,1,1,0.9727109348254401
3,202,RF,7595,1,1,0.704501648665081
3,202,RF,990,0,1,0.9747879371004005
3,202,RF,3493,1,1,0.9942028270364611
3,202,RF,2567,1,0,0.09886010994041902
3,202,RF,3814,0,1,0.7150751840388437
3,202,RF,5224,0,0,0.05265458360549209
3,202,RF,1109,1,1,0.9995243872634592
3,202,RF,6632,1,1,0.860422679310207
3,202,RF,1477,1,1,0.6892686682894592
3,202,RF,4597,0,0,0.3054202150490529
3,202,RF,2549,1,1,0.9966352358136834
3,202,RF,2675,1,1,0.9907249348058933
3,202,RF,3901,1,0,0.41280718091702484
3,202,RF,7217,0,0,0.10411036018183233
3,202,RF,8840,1,1,0.919193153901646
3,202,RF,96,0,0,0.19505833293056946
3,202,RF,1060,1,1,0.9221217915058376
3,202,RF,5501,0,0,0.2083247826548181
3,202,RF,3576,0,0,0.40154272975781774
3,202,RF,3774,0,1,0.7095680712980474
3,202,RF,2555,1,0,0.07584311978326436
3,202,RF,3688,1,1,0.7884028056199485
3,202,RF,8216,0,0,0.048311610707638335
3,202,RF,1858,1,1,0.6615837552808951
3,202,RF,2687,1,1,0.9020475790826396
3,202,RF,929,1,1,0.8593943115516194
3,202,RF,6316,0,0,0.4075187580488261
3,202,RF,2541,1,1,0.8720251782840106
3,202,RF,5433,0,0,0.48231689109393017
3,202,RF,9154,1,1,0.916412615208651
3,202,RF,3718,0,1,0.5819935379250717
3,202,RF,626,1,1,0.9909129370593247
3,202,RF,799,1,1,0.7859124610433169
3,202,RF,3434,0,0,0.18123817584949575
3,202,RF,2555,1,0,0.07584311978326436
3,202,RF,4887,0,0,0.24368386166048972
3,202,RF,3026,1,1,0.9542041363369936
3,202,RF,8890,1,1,0.901825263042405
3,202,RF,3609,0,0,0.1703992210569996
3,202,RF,2417,1,1,0.9940904279561065
3,202,RF,4817,0,0,0.0830964934942415
3,202,RF,8231,1,1,0.9621133845297467
3,202,RF,5639,0,1,0.5766621374038599
3,202,RF,1893,0,0,0.10411036018183233
3,202,RF,8654,1,1,0.8150827840996514
3,202,RF,3753,1,1,0.8017863224673027
3,202,RF,8423,0,0,0.052503874413562156
3,202,RF,3121,1,1,0.9807861785823551
3,202,RF,8027,1,1,0.9536333981612952
3,202,RF,2657,0,0,0.2429915903069288
3,202,RF,2385,1,1,0.8058901917816688
3,202,RF,315,1,1,0.7982385220060337
3,202,RF,3376,0,0,0.14364179713046543
3,202,RF,2711,1,1,0.8923835462962368
3,202,RF,5101,0,1,0.7058033663166777
3,202,RF,6033,1,1,0.999649357601713
3,202,RF,6633,1,1,0.9235721618107466
3,202,RF,8382,0,0,0.013750306010893127
3,202,RF,6000,1,0,0.12314242303466784
3,202,RF,1915,0,0,0.12628404262127588
3,202,RF,5231,0,0,0.4056627701234115
3,202,RF,4945,0,0,0.4245074510138668
3,202,RF,7357,1,1,0.5761597515265563
3,202,RF,8112,1,1,0.9704113278735278
3,202,RF,3663,1,1,0.9467087247592034
3,202,RF,3576,0,0,0.40154272975781774
3,202,RF,4500,0,0,0.19279817710051933
3,202,RF,8536,1,1,0.6453490580894823
3,202,RF,8748,1,1,0.9603774882985706
3,202,RF,4183,1,1,0.9879551714411806
3,202,RF,6796,1,1,0.9493954368586219
3,202,RF,8832,1,1,1.0
3,202,RF,4389,0,0,0.242473783617284
3,202,RF,1968,1,1,0.9414290458933485
3,202,RF,1093,1,1,0.8112405831690163
3,202,RF,5581,1,0,0.36597431791430085
3,202,RF,3493,1,1,0.9942028270364611
3,202,RF,3746,0,0,0.171217877461886
3,202,RF,849,1,1,0.8821595104752028
3,202,RF,1689,1,1,0.9466587278957789
3,202,RF,610,1,1,0.8515517193648197
3,202,RF,6480,1,1,0.9996758774227343
3,202,RF,8154,1,1,0.9804076119951786
3,202,RF,6842,1,0,0.2945947871726649
3,202,RF,3234,1,1,0.979990272695744
3,202,RF,2822,1,1,0.711826287035519
3,202,RF,853,1,1,0.9102866565914798
3,202,RF,5281,0,1,0.5523792174158589
3,202,RF,1785,1,1,0.992325493781793
3,202,RF,2484,1,1,0.6673686633859979
3,202,RF,6631,1,1,0.9106403519169993
3,202,RF,4630,1,1,0.975782539446719
3,202,RF,3827,1,1,0.677220692815061
3,202,RF,391,1,1,0.9971989826741781
3,202,RF,3093,1,1,0.9945434668303761
3,202,RF,2537,0,0,0.003639702440619074
3,202,RF,7802,0,0,0.37104407316200994
3,202,RF,5874,1,1,0.9722410986072205
3,202,RF,2000,0,0,0.25065408181518745
3,202,RF,8954,1,1,0.9530868030792091
3,202,RF,5728,0,1,0.7134073862410076
3,202,RF,841,1,1,0.6358714176310651
3,202,RF,7630,0,0,0.2744925534785199
3,202,RF,5611,0,0,0.28677365147103323
3,202,RF,2541,1,1,0.8720251782840106
3,202,RF,9090,1,1,0.9075335791151389
3,202,RF,403,1,1,0.748740932470365
3,202,RF,3643,1,1,0.9075684920663641
3,202,RF,6070,1,1,0.9806745294794925
3,202,RF,8993,1,1,0.928788535035699
3,202,RF,279,1,1,0.8269757063004683
3,202,RF,8164,0,0,0.22165321220018996
3,202,RF,3981,0,1,0.6627855186217475
3,202,RF,8458,0,0,0.14754892357979954
3,202,RF,1445,1,1,0.7680648628026776
3,202,RF,1500,1,1,0.8565952956920374
3,202,RF,5901,1,1,0.9967403347619183
3,202,RF,3409,1,1,0.7672535111522056
3,202,RF,2622,0,0,0.013772785580361569
3,202,RF,226,0,1,0.6812372345382438
3,202,RF,3760,1,0,0.4816339855576542
3,202,RF,8378,0,0,0.24380306020066725
3,202,RF,7959,1,1,0.9946776710210549
3,202,RF,5277,0,0,0.4401486724603954
3,202,RF,4317,1,1,0.9747339574158
3,202,RF,6053,1,1,0.9357831442158349
3,202,RF,5703,0,1,0.5480512587904018
3,202,RF,7992,1,1,0.6702514657309849
3,202,RF,4590,1,1,1.0
3,202,RF,4387,0,0,0.04434049882530109
3,202,RF,1785,1,1,0.992325493781793
3,202,RF,5682,0,0,0.3828079194797723
3,202,RF,4646,1,1,0.8729853235319408
3,202,RF,6016,1,0,0.17069942651592185
3,202,RF,2378,1,1,0.8035191181978503
3,202,RF,6181,0,0,0.060063542651238484
3,202,RF,834,1,1,0.9537454121291564
3,202,RF,8398,0,0,0.18856048289899538
3,202,RF,7647,0,1,0.7755682615968538
3,202,RF,8884,1,1,0.905233850393661
3,202,RF,1464,0,0,0.4365461576903023
3,202,RF,2754,1,0,0.15835619391244063
3,202,RF,9321,1,1,0.9881968300531625
3,202,RF,6617,1,1,0.8822615166183171
3,202,RF,2313,1,1,0.7803214505080943
3,202,RF,1791,1,1,0.9546280414856904
3,202,RF,9042,1,1,0.6641092886055461
3,202,RF,2929,1,1,0.958458772423403
3,202,RF,873,1,1,0.8779959921856242
3,202,RF,4378,1,1,0.9322514798082854
3,202,RF,457,1,1,0.8282233988738126
3,202,RF,49,0,0,0.4270504319741123
3,202,RF,5004,0,1,0.5865839409611019
3,202,RF,8081,0,0,0.24510475698327155
3,202,RF,5826,0,0,0.35147020881499325
3,202,RF,8811,1,1,0.9699380630808312
3,202,RF,7796,0,0,0.17050014038386319
3,202,RF,4956,0,0,0.25582979326942806
3,202,RF,1590,1,1,0.8545285868786918
3,202,RF,5957,1,1,0.9907249348058933
3,202,RF,2384,1,1,0.753096834504928
3,202,RF,6301,1,0,0.1593444490626635
3,202,RF,7761,1,1,0.9972372258076184
3,202,RF,6906,1,1,0.9016527760733988
3,202,RF,2121,1,1,0.8837587558656296
3,202,RF,8598,1,1,0.8136740833864554
3,202,RF,713,1,1,0.9270512970656007
3,202,RF,4803,1,1,0.971454821455442
3,202,RF,7312,1,1,0.7838640417206486
3,202,RF,7608,0,1,0.834898300250805
3,202,RF,2938,1,1,0.9716015776490114
3,202,RF,639,1,1,0.9503969184312295
3,202,RF,4975,0,0,0.43182771949250837
3,202,RF,1131,0,0,0.20228858368856095
3,202,RF,5017,0,0,0.17234644619107414
3,202,RF,8870,1,1,0.8615490431310816
3,202,RF,3312,0,0,0.05254477901651847
3,202,RF,6605,1,1,0.9934824713540032
3,202,RF,7022,1,0,0.2541592419092576
3,202,RF,8983,1,1,0.8076689432197531
3,202,RF,8114,1,1,0.9101206348930517
3,202,RF,6313,1,0,0.24768903257306404
3,202,RF,2044,1,1,0.9534908268656745
3,202,RF,6740,1,1,0.8112405831690163
3,202,RF,8294,0,0,0.2081512977267439
3,202,RF,6304,1,1,0.9453701410823827
3,202,RF,8079,1,1,0.9399370786650575
3,202,RF,4675,1,1,0.9937413373372226
3,202,RF,1584,1,1,0.9622826471027086
3,202,RF,2788,0,0,0.4101976296366653
3,202,RF,5882,1,0,0.18022906705803024
3,202,RF,6728,0,0,0.40609715275751307
3,202,RF,8600,1,1,0.9372972266229541
3,202,RF,2622,0,0,0.013772785580361569
3,202,RF,4046,1,1,0.9315945409377592
3,202,RF,1271,1,1,0.9830437490375711
3,202,RF,2896,1,1,0.886993443701872
3,202,RF,1352,1,1,0.7482015315810545
3,202,RF,3941,1,1,0.5684505418918261
3,202,RF,226,0,1,0.6812372345382438
3,202,RF,92,1,0,0.34060730073985435
3,202,RF,7312,1,1,0.7838640417206486
3,202,RF,4843,1,1,0.8884528184489174
3,202,RF,6539,0,0,0.03101081406002084
3,202,RF,8457,0,0,0.19024626367422787
3,202,RF,1746,1,1,0.9565475581766383
3,202,RF,2604,1,1,0.9967403347619183
3,202,RF,3852,0,1,0.5743268277534521
3,202,RF,7101,1,1,0.9198917320803257
3,202,RF,8907,1,1,0.8002109569965402
3,202,RF,348,1,1,0.513809055544311
3,202,RF,1878,1,1,0.9724684139145704
3,202,RF,4145,0,0,0.12161674715643113
3,202,RF,881,1,1,0.6573738487333148
3,202,RF,1114,1,1,0.9836998456454797
3,202,RF,883,1,1,0.8783774211959876
3,202,RF,1226,1,1,0.9247479845562622
3,202,RF,340,1,1,0.6716053951392448
3,202,RF,4492,0,0,0.002512837991604417
3,202,RF,8125,1,1,0.5279212144024658
3,202,RF,424,1,1,0.7857242573912703
3,202,RF,1416,1,1,0.9915523545217836
3,202,RF,2035,0,0,0.202949809218256
3,202,RF,8930,1,1,0.7201681783764116
3,202,RF,8415,0,0,0.17938140977826764
3,202,RF,2346,1,1,0.9737051890212614
3,202,RF,4646,1,1,0.8729853235319408
3,202,RF,6625,1,1,0.9539744944350639
3,202,RF,8021,1,1,0.9436797730430577
3,202,RF,4,0,0,0.27894879927708455
3,202,RF,2767,1,0,0.05076624692220312
3,202,RF,672,1,1,0.9258047514755655
3,202,RF,9161,1,1,0.9903174963757325
3,202,RF,6896,1,1,0.9550654154016756
3,202,RF,2794,1,0,0.16506390344745822
3,202,RF,1050,1,1,0.952201385003911
3,202,RF,8112,1,1,0.9704113278735278
3,202,RF,537,1,1,0.7503999690998263
3,202,RF,4007,0,0,0.3287335639062251
3,202,RF,5288,0,0,0.3110011832595637
3,202,RF,8763,1,1,0.8188891750277735
3,202,RF,2643,1,1,0.9862126784326187
3,202,RF,668,1,1,0.7640042927824697
3,202,RF,5797,0,0,0.32620243029651264
3,202,RF,6110,0,0,0.22437898251946564
3,202,RF,102,0,1,0.6111276500299269
3,202,RF,4597,0,0,0.3054202150490529
3,202,RF,7887,0,0,0.43716816670036635
3,202,RF,8699,1,1,0.9124569968243054
3,202,RF,335,1,1,0.5690049191952611
3,202,RF,7992,1,1,0.6702514657309849
3,202,RF,1009,1,1,0.8493497468158404
3,202,RF,4313,1,1,0.9076248758549482
3,202,RF,4887,0,0,0.24368386166048972
3,202,RF,5927,1,1,0.9170038325004114
3,202,RF,1512,1,1,0.9966213813440755
3,202,RF,9567,1,1,0.9035552913986166
3,202,RF,4226,1,1,0.9988028751645358
3,202,RF,5561,0,1,0.697876681204483
3,202,RF,5653,0,0,0.40658544901510496
3,202,RF,853,1,1,0.9102866565914798
3,202,RF,5503,0,1,0.5269916511065408
3,202,RF,8951,1,1,0.8616996218656695
3,202,RF,6997,1,1,0.7617300921779224
3,202,RF,2473,1,1,0.7636937369863381
3,202,RF,6079,1,1,0.8832034868500988
3,202,RF,3890,0,1,0.5165714315043196
3,202,RF,5710,0,0,0.3708113984585658
3,202,RF,5375,0,0,0.002205856616593681
3,202,RF,8600,1,1,0.9372972266229541
3,202,RF,7276,1,1,0.9971010498193057
3,202,RF,7912,1,1,0.5207922331145857
3,202,RF,159,1,0,0.2198567748112005
3,202,RF,7959,1,1,0.9946776710210549
3,202,RF,8252,1,1,0.8165214712808195
3,202,RF,4491,1,1,0.9361733152515335
3,202,RF,8931,1,1,0.8487902125516971
3,202,RF,209,0,0,0.4338823250265316
3,202,RF,4869,1,1,0.9399628596328798
3,202,RF,1720,1,1,0.920048867319354
3,202,RF,2224,1,1,0.7837637555120831
3,202,RF,1254,1,1,0.8753596709213504
3,202,RF,4101,0,0,0.15846476635320358
3,202,RF,6313,1,0,0.24768903257306404
3,202,RF,5697,0,0,0.30814639880367334
3,202,RF,2788,0,0,0.4101976296366653
3,202,RF,8925,1,1,0.9860567913825
3,202,RF,6682,1,0,0.210765614396859
3,202,RF,3222,1,1,0.8541338415409365
3,202,RF,8038,0,0,0.26530123138618406
3,202,RF,8214,1,0,0.3714984740610422
3,202,RF,6129,1,1,0.9407284089010198
3,202,RF,5277,0,0,0.4401486724603954
3,202,RF,3290,1,0,0.1146054491928312
3,202,RF,8377,0,0,0.15404780483140032
3,202,RF,4644,0,0,0.09634938245548925
3,202,RF,6741,1,1,0.618866679922419
3,202,RF,5905,1,1,0.9973935938308877
3,202,RF,6140,1,1,0.8752423616781563
3,202,RF,5680,0,0,0.456084883965822
3,202,RF,4372,1,1,0.9311511641508702
3,202,RF,1137,1,1,1.0
3,202,RF,4521,0,0,0.1703992210569996
3,202,RF,2123,1,1,0.9261206346327632
3,202,RF,621,1,1,0.9438597730715753
3,202,RF,5107,1,1,0.9091216718609832
3,202,RF,2286,1,1,0.840157887868689
3,202,RF,2766,1,0,0.07295220784703693
3,202,RF,929,1,1,0.8593943115516194
3,202,RF,7183,0,0,0.1593444490626635
3,202,RF,3745,0,1,0.560619947155404
3,202,RF,6137,1,0,0.1226168942066862
3,202,RF,4168,0,0,0.04674603383937076
3,202,RF,6783,1,0,0.4182606795217972
3,202,RF,5290,0,1,0.6548599631110388
3,202,RF,7229,1,1,0.9158712641614934
3,202,RF,8681,1,1,0.980002390810428
3,202,RF,7455,1,1,0.9074290026122847
3,202,RF,6866,1,1,0.9918275987466934
3,202,RF,7637,0,0,0.3369994446998619
3,202,RF,4439,0,0,0.07285574253352184
3,202,RF,3336,1,1,0.9992127082577721
3,202,RF,6848,0,0,0.09690784069291986
3,202,RF,4388,0,0,0.12996785656616888
3,202,RF,8555,1,1,0.9205745831414037
3,202,RF,3747,0,1,0.5716335262979997
3,202,RF,2318,1,1,0.8854820985177615
3,202,RF,8056,1,1,0.882293883682521
3,202,RF,6605,1,1,0.9934824713540032
3,202,RF,149,1,1,0.5940638476003067
3,202,RF,2374,1,1,0.9463390210611784
3,202,RF,1772,1,1,0.9234524583399076
3,202,RF,4895,0,1,0.6015831205723725
3,202,RF,3917,0,1,0.7603588126446135
3,202,RF,1242,1,1,0.8743942154335079
3,202,RF,5036,1,1,0.7445214506438285
3,202,RF,3911,0,0,0.42296077311304586
3,202,RF,5101,0,1,0.7058033663166777
3,202,RF,8411,0,0,0.30150447215205967
3,202,RF,8231,1,1,0.9621133845297467
3,202,RF,7059,1,1,0.8499834780519342
3,202,RF,4367,0,0,0.4636530778121097
3,202,RF,574,1,1,0.9796993388656459
3,202,RF,8013,0,0,0.33577742523850157
3,202,RF,1318,0,0,0.03830582400880982
3,202,RF,2897,1,1,0.9169548125664767
3,202,RF,4757,1,1,0.9980453450504707
3,202,RF,4593,1,1,0.9967208039202038
3,202,RF,6923,1,1,0.9997537255398415
3,202,RF,5667,0,0,0.32331457792335266
3,202,RF,293,1,1,0.8411867819090877
3,202,RF,4439,0,0,0.07285574253352184
3,202,RF,1927,1,1,0.8567461648207474
3,202,RF,9136,1,1,0.9518258067664
3,202,RF,7151,1,1,0.990023049670607
3,202,RF,8216,0,0,0.048311610707638335
3,202,RF,1098,0,0,0.16587613024195508
3,202,RF,2318,1,1,0.8854820985177615
3,202,RF,5797,0,0,0.32620243029651264
3,202,RF,330,1,1,0.8731791058656413
3,202,RF,9544,1,1,0.9673979128540499
3,202,RF,2296,1,1,0.6158327829999373
3,202,RF,7917,1,1,0.9397562995986418
3,202,RF,3733,0,1,0.6661066791370256
3,202,RF,8530,1,1,0.9921042751750326
3,202,RF,8457,0,0,0.19024626367422787
3,202,RF,2567,1,0,0.09886010994041902
3,202,RF,8644,1,1,1.0
3,202,RF,5512,1,1,0.7665294895305056
3,202,RF,7333,1,1,0.6759286675107694
3,202,RF,7790,1,1,0.9865201585130328
3,202,RF,6275,1,0,0.07031928889137394
3,202,RF,9570,1,1,0.9719998035596571
3,202,RF,3814,0,1,0.7150751840388437
3,202,RF,5008,0,1,0.849081539409455
3,202,RF,2929,1,1,0.958458772423403
3,202,RF,9056,1,1,0.930685107440015
3,202,RF,7022,1,0,0.2541592419092576
3,202,RF,2484,1,1,0.6673686633859979
3,202,RF,6129,1,1,0.9407284089010198
3,202,RF,4770,0,0,0.08233812450492829
3,202,RF,2604,1,1,0.9967403347619183
3,202,RF,6355,1,0,0.17814957972444695
3,202,RF,4879,1,1,0.9609564452896806
3,202,RF,4782,1,1,1.0
3,202,RF,1878,1,1,0.9724684139145704
3,202,RF,391,1,1,0.9971989826741781
3,202,RF,5874,1,1,0.9722410986072205
3,202,RF,6596,1,1,0.9042819173474822
3,202,RF,9460,1,1,0.9102102956336118
3,202,RF,2985,1,1,0.994525678173448
3,202,RF,4717,0,0,0.18597220579789706
3,202,RF,7120,0,0,0.43604206733790385
3,202,RF,2544,1,1,0.9847851631957293
3,202,RF,8114,1,1,0.9101206348930517
3,202,RF,994,1,1,0.8734578505474008
3,202,RF,1089,1,1,0.881719546703248
3,202,RF,1772,1,1,0.9234524583399076
3,202,RF,9421,1,1,0.9777297910979427
3,202,RF,6046,1,1,0.9791879309807311
3,202,RF,797,1,1,0.9607099625323707
3,202,RF,1352,1,1,0.7482015315810545
3,202,RF,9573,1,1,0.9571643398155737
3,202,RF,971,1,1,0.9925359138041422
3,202,RF,1881,1,1,0.9980453450504707
3,202,RF,2084,1,1,0.9610308799140413
3,202,RF,7839,0,0,0.11466829376224685
3,202,RF,4274,1,1,0.9995288508302648
3,202,RF,1134,1,1,0.9821771722894452
3,202,RF,9550,1,1,0.9745691791714457
3,202,RF,8413,0,0,0.4981628855170026
3,202,RF,7571,0,1,0.8997211118573744
3,202,RF,8470,0,0,0.16587613024195508
3,202,RF,9465,1,1,0.9356835513665708
3,202,RF,80,0,0,0.08966028558697088
3,202,RF,592,1,1,0.9411674577205832
3,202,RF,3858,1,0,0.4500890460240401
3,202,RF,8513,1,1,0.9652606186769149
3,202,RF,1029,0,0,0.17117796857814482
3,202,RF,2371,1,1,0.8763157932378537
3,202,RF,4761,0,0,0.22545996542613367
3,202,RF,7335,1,1,0.9799079693234024
3,202,RF,768,1,1,0.9575035243326991
3,202,RF,2239,1,1,0.8764344267071723
3,202,RF,1994,1,1,0.877112274716673
3,202,RF,8563,1,1,0.9349613841375499
3,202,RF,2600,1,1,0.9981938922315042
3,202,RF,4808,1,1,0.9854764812866305
3,202,RF,877,1,1,0.9781849292879014
3,202,RF,4801,1,1,0.995629450359303
3,202,RF,813,1,1,0.9092388983427544
3,202,RF,7961,1,1,0.9196368436871376
3,202,RF,2300,0,0,0.07003238262892371
3,202,RF,5347,0,0,0.34181318071542566
3,202,RF,1933,1,1,0.8291442206322719
3,202,RF,5639,0,1,0.5766621374038599
3,202,RF,9086,1,1,0.8454546739127063
3,202,RF,3312,0,0,0.05254477901651847
3,202,RF,6669,1,1,0.6546861294929159
3,202,RF,3849,1,1,0.7167174479455977
3,202,RF,9544,1,1,0.9673979128540499
3,202,RF,2447,1,1,0.9727109348254401
3,202,RF,5945,0,0,0.3363716383262313
3,202,RF,5377,0,1,0.534551307622325
3,202,RF,3943,1,1,0.6613260505914382
3,202,RF,8958,1,1,0.9660328192334073
3,202,RF,6180,1,0,0.02181082223760494
3,202,RF,8569,1,1,0.879807901165654
3,202,RF,8170,1,1,0.915536549004997
3,202,RF,6741,1,1,0.618866679922419
3,202,RF,433,1,1,0.8128793105816985
3,202,RF,4564,1,1,0.9932326152832737
3,202,RF,4487,0,0,0.22881150379532147
3,202,RF,2608,1,1,0.9970755470765394
3,202,RF,5101,0,1,0.7058033663166777
3,202,RF,8954,1,1,0.9530868030792091
3,202,RF,6137,1,0,0.1226168942066862
3,202,RF,925,1,1,0.9346291152699187
3,202,RF,1181,1,1,0.9907249348058933
3,202,RF,6328,1,1,0.9444039836647279
3,202,RF,3865,1,1,0.62589247792616
3,202,RF,5556,0,1,0.8292766289314872
3,202,RF,1788,1,1,1.0
3,202,RF,8249,1,1,0.9812733848822869
3,202,RF,4630,1,1,0.975782539446719
3,202,RF,2819,1,1,0.9363609348943609
3,202,RF,564,1,1,0.7502917297351307
3,202,RF,389,1,0,0.4082435599405625
3,202,RF,543,1,1,0.5812475446484714
3,202,RF,3801,0,0,0.3234881352338214
3,202,RF,5383,0,0,0.2645589811376208
3,202,RF,4195,1,1,0.9996758774227343
3,202,RF,2633,1,1,0.9315945409377592
3,202,RF,6691,1,1,0.9453861177922613
3,202,RF,4157,1,1,0.9584578610489483
3,202,RF,2555,1,0,0.07584311978326436
3,202,RF,7515,1,1,0.9735384430121369
3,202,RF,1780,1,1,0.9926945083482976
3,202,RF,8747,1,1,0.9315876774172355
3,202,RF,3221,1,0,0.06855620360340207
3,202,RF,8644,1,1,1.0
3,202,RF,2997,1,0,0.03896778402988779
3,202,RF,8920,1,1,0.8434660628198243
3,202,RF,7699,1,1,0.9477290939705072
3,202,RF,7455,1,1,0.9074290026122847
3,202,RF,6719,1,1,0.8264050702499257
3,202,RF,6539,0,0,0.03101081406002084
3,202,RF,2840,1,1,0.9610630023839352
3,202,RF,1053,1,1,0.9883761577983248
3,202,RF,4978,0,0,0.4218619323302756
3,202,RF,7060,1,1,0.9758584364629457
3,202,RF,8304,0,0,0.301832816368656
3,202,RF,1712,1,1,0.9891503730233889
3,202,RF,5495,1,1,0.5223004891698654
3,202,RF,4686,1,1,0.9849715096535345
3,202,RF,8944,1,1,0.8539289037913675
3,202,RF,3952,1,0,0.23827531776739852
3,202,RF,834,1,1,0.9537454121291564
3,202,RF,3906,1,1,0.7243969552199063
3,202,RF,8585,1,1,0.9436456080302104
3,202,RF,4988,0,0,0.46161694147943244
3,202,RF,7453,1,1,0.9570603257604194
3,202,RF,9149,1,1,0.947620885359437
3,202,RF,4670,1,1,0.9985375178437518
3,202,RF,4388,0,0,0.12996785656616888
3,202,RF,731,1,1,0.9275508088692521
3,202,RF,8726,1,1,0.9273888729799995
3,202,RF,328,1,1,0.9821828790906099
3,202,RF,5611,0,0,0.28677365147103323
3,202,RF,4789,1,1,0.9772646549269711
3,202,RF,2746,1,0,0.17897425710589412
3,202,RF,1254,1,1,0.8753596709213504
3,202,RF,8699,1,1,0.9124569968243054
3,202,RF,8789,1,1,0.9280358249772607
3,202,RF,4405,1,1,0.9404334544766292
3,202,RF,7839,0,0,0.11466829376224685
3,202,RF,6624,1,1,0.9758919825637642
3,202,RF,6203,1,1,0.9544142505740061
3,202,RF,7257,0,0,0.2551360733527066
3,202,RF,1722,1,1,0.9255466253608483
3,202,RF,6440,1,1,0.713023941731031
3,202,RF,6539,0,0,0.03101081406002084
3,202,RF,9091,1,1,0.9688570933151481
3,202,RF,3733,0,1,0.6661066791370256
3,202,RF,2896,1,1,0.886993443701872
3,202,RF,1416,1,1,0.9915523545217836
3,202,RF,9529,1,1,0.9068117258315435
3,202,RF,2762,1,0,0.3510254481439617
3,202,RF,2990,1,1,0.9211855642215024
3,202,RF,2123,1,1,0.9261206346327632
3,202,RF,8395,0,1,0.6415732117906168
3,202,RF,9573,1,1,0.9571643398155737
3,202,RF,23,0,1,0.5664898931114102
3,202,RF,2380,0,0,0.10579543962690094
3,202,RF,7608,0,1,0.834898300250805
3,202,RF,8569,1,1,0.879807901165654
3,202,RF,2320,1,1,0.9178149995288023
3,202,RF,8670,1,1,0.7246050454415096
3,202,RF,8459,0,0,0.2631858563986052
3,202,RF,8237,1,1,0.9037587525922721
3,202,RF,9437,1,1,0.9526238628595888
3,202,RF,7337,1,1,0.9046833587101937
3,202,RF,2436,1,1,0.983895653109003
3,202,RF,4637,0,0,0.16687352759818178
3,202,RF,5680,0,0,0.456084883965822
3,202,RF,9038,1,1,0.8456239490618179
3,202,RF,8419,0,0,0.14191687224982713
3,202,RF,2981,1,1,0.9570071018404515
3,202,RF,1078,0,0,0.2109507572405651
3,202,RF,1088,1,1,0.9336758678539262
3,202,RF,4331,0,0,0.2356167882536768
3,202,RF,9214,1,1,0.8841685455668459
3,202,RF,2604,1,1,0.9967403347619183
3,202,RF,5332,0,0,0.13868323852540398
3,202,RF,3691,1,1,0.9814577516434604
3,202,RF,8602,1,1,0.8319620433605266
3,202,RF,4145,0,0,0.12161674715643113
3,202,RF,4593,1,1,0.9967208039202038
3,202,RF,5917,1,0,0.16587613024195508
3,202,RF,5697,0,0,0.30814639880367334
3,202,RF,4661,1,1,0.9995143694393447
3,202,RF,6802,0,0,0.3506079323123156
3,202,RF,8474,0,0,0.222739772800698
3,202,RF,7961,1,1,0.9196368436871376
3,202,RF,4791,1,1,0.9984415651300412
3,202,RF,3312,0,0,0.05254477901651847
3,202,RF,1373,1,1,0.9967652395892986
3,202,RF,5249,0,1,0.5554402194212577
3,202,RF,1408,1,1,0.9818700153405762
3,202,RF,3930,0,1,0.6976146180498596
3,202,RF,1168,1,1,0.9929306773564663
3,202,RF,7722,1,1,0.8799930864259575
3,202,RF,1359,1,1,0.9773704147221492
3,202,RF,1235,0,0,0.4435963212829946
3,202,RF,9177,1,1,0.6500263167200943
3,202,RF,2421,1,1,0.8896030377895656
3,202,RF,4138,0,0,0.34541565089368936
3,202,RF,8543,1,1,0.9025107740565111
3,202,RF,4313,1,1,0.9076248758549482
3,202,RF,4915,0,0,0.14140348876337425
3,202,RF,4324,0,0,0.2581555209304715
3,202,RF,3893,0,1,0.654982273533461
3,202,RF,7886,0,1,0.5911847493771867
3,202,RF,6440,1,1,0.713023941731031
3,202,RF,5697,0,0,0.30814639880367334
3,202,RF,7664,0,0,0.2591662794134078
3,202,RF,1722,1,1,0.9255466253608483
3,202,RF,9000,1,1,0.8876449324691447
3,202,RF,4324,0,0,0.2581555209304715
3,202,RF,6702,1,1,0.9942239770107526
3,202,RF,8624,1,1,0.9284679325920829
3,202,RF,5550,0,0,0.27827107213548596
3,202,RF,1425,1,1,0.9040275374547274
3,202,RF,6529,1,0,0.03461341115544813
3,202,RF,2475,1,1,0.7200623688075865
3,202,RF,6384,1,1,0.9414290458933485
3,202,RF,661,1,1,0.9132042409163081
3,202,RF,9154,1,1,0.916412615208651
3,202,RF,9042,1,1,0.6641092886055461
3,202,RF,5430,1,1,0.8301433256707669
3,202,RF,1999,0,0,0.32486026027537984
3,202,RF,4961,0,1,0.6948470983395842
3,202,RF,5583,0,0,0.3156661875675335
3,202,RF,8313,0,0,0.04652954730431552
3,202,RF,4336,1,1,0.9752243439876566
3,202,RF,7750,0,0,0.4365461576903023
3,202,RF,53,0,0,0.3414657550962067
3,202,RF,4947,0,0,0.23002081804454744
3,202,RF,8340,0,0,0.13059937600994898
3,202,RF,2349,1,1,0.9296660945372878
3,202,RF,1184,0,0,0.3379381517429889
3,202,RF,5790,0,0,0.4638053676589417
3,202,RF,7445,0,0,0.16715458129488361
3,202,RF,8311,0,0,0.05347107017638325
3,202,RF,4947,0,0,0.23002081804454744
3,202,RF,8170,1,1,0.915536549004997
3,202,RF,2300,0,0,0.07003238262892371
3,202,RF,4535,1,1,0.9467087247592034
3,202,RF,7322,0,0,0.0029425757114759817
3,202,RF,4926,0,0,0.06730072901883233
3,202,RF,2673,1,0,0.2911044293763809
3,202,RF,3476,1,1,0.8607334903746388
3,202,RF,1600,0,0,0.301832816368656
3,202,RF,1958,1,1,0.9633417637495246
3,202,RF,8251,1,1,0.7958201541724916
3,202,RF,7445,0,0,0.16715458129488361
3,202,RF,2898,1,1,0.8865128609919515
3,202,RF,3012,1,0,0.13708489682836628
3,202,RF,9086,1,1,0.8454546739127063
3,202,RF,457,1,1,0.8282233988738126
3,202,RF,1088,1,1,0.9336758678539262
3,202,RF,4379,1,1,0.9707450473414974
3,202,RF,7344,1,0,0.2574334202350165
3,202,RF,3577,1,1,0.5383028962896655
3,202,RF,6355,1,0,0.17814957972444695
3,202,RF,3375,1,1,0.9406353332995687
3,202,RF,2421,1,1,0.8896030377895656
3,202,RF,8545,1,1,0.8073751927090143
3,202,RF,411,1,1,0.8921279728973918
3,202,RF,2388,1,1,0.8572884593773137
3,202,RF,6046,1,1,0.9791879309807311
3,202,RF,6053,1,1,0.9357831442158349
3,202,RF,2896,1,1,0.886993443701872
3,202,RF,8875,1,1,0.9671072312836
3,202,RF,2288,1,1,0.5931984248731507
3,202,RF,5014,0,1,0.6009881079608115
3,202,RF,9148,1,1,0.6078255424793119
3,202,RF,7337,1,1,0.9046833587101937
3,202,RF,2426,1,1,0.8142309776287214
3,202,RF,5343,0,1,0.6715816770576579
3,202,RF,1177,1,1,0.9594581126334225
3,202,RF,9388,1,1,0.9219660944147351
3,202,RF,1590,1,1,0.8545285868786918
3,202,RF,430,1,1,0.8567321287000782
3,202,RF,7095,1,1,0.9724295062723398
3,202,RF,4803,1,1,0.971454821455442
3,202,RF,3900,0,1,0.7821053824070803
3,202,RF,5389,1,1,0.73278398231265
3,202,RF,4978,0,0,0.4218619323302756
3,202,RF,6542,1,1,0.9507340614062336
3,202,RF,6803,1,1,0.9412246092936145
3,202,RF,3858,1,0,0.4500890460240401
3,202,RF,4168,0,0,0.04674603383937076
3,202,RF,7819,0,1,0.5835979163913317
3,202,RF,4715,1,1,0.9014202124611179
3,202,RF,3797,0,1,0.5269906693972166
3,202,RF,3282,1,1,0.9566612421238508
3,202,RF,6845,1,0,0.27973434479648346
3,202,RF,16,0,0,0.37183993811713784
3,202,RF,9038,1,1,0.8456239490618179
3,202,RF,2520,1,1,0.9478157898321693
3,202,RF,3774,0,1,0.7095680712980474
3,202,RF,426,1,1,0.6936566514025558
3,202,RF,8912,1,1,0.8666538288682623
3,202,RF,6067,1,1,0.990850139310171
3,202,RF,5495,1,1,0.5223004891698654
3,202,RF,7986,1,1,0.7067802761418375
3,202,RF,2320,1,1,0.9178149995288023
3,202,RF,2374,1,1,0.9463390210611784
3,202,RF,4532,1,1,0.9884309139159347
3,202,RF,1405,1,1,0.9444289812944977
3,202,RF,8430,0,0,0.16488710487109323
3,202,RF,6203,1,1,0.9544142505740061
3,202,RF,2480,1,1,0.8881526224296536
3,202,RF,4747,0,0,0.3303851247492174
3,202,RF,5159,1,1,0.8971186322636452
3,202,RF,5612,0,1,0.6122707041843145
3,202,RF,9222,1,0,0.393711790760869
3,202,RF,8875,1,1,0.9671072312836
3,202,RF,8815,1,1,0.7236176255845242
3,202,RF,9322,1,1,0.8858167368363395
3,202,RF,290,1,1,0.587648885996463
3,202,RF,425,1,1,0.6002076013623452
3,202,RF,2516,1,1,0.9681294326417619
3,202,RF,8420,0,0,0.22365948386547893
3,202,RF,2951,1,0,0.1452097475042698
3,202,RF,2410,1,1,0.9097429501992319
3,202,RF,2924,1,1,0.9373200897710254
3,202,RF,7444,0,0,0.03461341115544813
3,202,RF,533,1,1,0.7811765225958234
3,202,RF,9508,1,1,1.0
3,202,RF,3858,1,0,0.4500890460240401
3,202,RF,8699,1,1,0.9124569968243054
3,202,RF,7415,1,1,0.8901148335478613
3,202,RF,593,1,1,0.9464925035440094
3,202,RF,8223,0,1,0.7501752462747625
3,202,RF,9015,1,1,0.96525997402378
3,202,RF,3096,1,1,0.9568109028792804
3,202,RF,2313,1,1,0.7803214505080943
3,202,RF,4532,1,1,0.9884309139159347
3,202,RF,9539,1,1,0.948682838716157
3,202,RF,6786,1,1,0.8925032803324164
3,202,RF,8951,1,1,0.8616996218656695
3,202,RF,5786,0,1,0.5790630791328945
3,202,RF,8566,1,1,0.9621339662613984
3,202,RF,6588,1,0,0.15461855507693623
3,202,RF,4597,0,0,0.3054202150490529
3,202,RF,7685,1,1,0.9015187658455386
3,202,RF,5373,0,0,0.13678591770890455
3,202,RF,5107,1,1,0.9091216718609832
3,202,RF,6845,1,0,0.27973434479648346
3,202,RF,4565,1,1,0.9649556624393117
3,202,RF,3930,0,1,0.6976146180498596
3,202,RF,6384,1,1,0.9414290458933485
3,202,RF,2728,1,1,0.9821826151219757
3,202,RF,1590,1,1,0.8545285868786918
3,202,RF,6997,1,1,0.7617300921779224
3,202,RF,6326,0,0,0.0023986746058415175
3,202,RF,8073,1,1,0.9283369298077979
3,202,RF,9204,1,1,0.8750582373898762
3,202,RF,2555,1,0,0.07584311978326436
3,202,RF,6713,1,1,0.9966352358136834
3,202,RF,3060,1,0,0.03820210196846381
3,202,RF,4686,1,1,0.9849715096535345
3,202,RF,4669,1,1,0.9997625463862874
3,202,RF,5697,0,0,0.30814639880367334
3,202,RF,8566,1,1,0.9621339662613984
3,202,RF,6221,1,0,0.43604206733790385
3,202,RF,7796,0,0,0.17050014038386319
3,202,RF,5826,0,0,0.35147020881499325
3,202,RF,1821,1,1,0.9989973181013112
3,202,RF,1194,1,1,0.9610873097734034
3,202,RF,1970,1,1,0.9761870627807838
3,202,RF,5560,0,0,0.31232647469764646
3,202,RF,6218,0,1,0.5329028392064171
3,202,RF,1199,0,0,0.207609986768683
3,202,RF,4770,0,0,0.08233812450492829
3,202,RF,7515,1,1,0.9735384430121369
3,202,RF,2498,0,1,0.5469864309784807
3,202,RF,4007,0,0,0.3287335639062251
3,202,RF,5680,0,0,0.456084883965822
3,202,RF,1746,1,1,0.9565475581766383
3,202,RF,9551,1,1,0.7853341700034298
3,202,RF,5199,0,0,0.3495786851513502
3,202,RF,7205,1,0,0.49999975016139714
3,202,RF,7448,0,0,0.14734069378925194
3,202,RF,3419,1,1,0.9593184588894802
3,202,RF,6710,1,1,0.9311357582342171
3,202,RF,2489,1,0,0.2717404925378945
3,202,RF,2981,1,1,0.9570071018404515
3,202,RF,8056,1,1,0.882293883682521
3,202,RF,5510,0,0,0.48577696878862986
3,202,RF,6528,1,0,0.1442208293335395
3,202,RF,6225,1,0,0.2552528949997599
3,202,RF,841,1,1,0.6358714176310651
3,202,RF,3872,1,0,0.360489856016893
3,202,RF,8136,1,1,0.621923848073858
3,202,RF,8108,1,1,0.9794072425154795
3,202,RF,8051,1,1,0.9913612400210667
3,202,RF,9544,1,1,0.9673979128540499
3,202,RF,8841,1,1,0.9240845359812306
3,202,RF,425,1,1,0.6002076013623452
3,202,RF,7026,0,0,0.31401004285385814
3,202,RF,437,1,1,0.7015015777551852
3,202,RF,2346,1,1,0.9737051890212614
3,202,RF,6251,1,1,0.9767665619757456
3,202,RF,2576,1,1,0.7957827435715515
3,202,RF,4655,1,1,0.9156453105151238
3,202,RF,1365,0,0,0.34432493688213645
3,202,RF,3344,1,1,0.8811270594248408
3,202,RF,782,1,1,0.779429019653011
3,202,RF,5455,0,0,0.09178869061298296
3,202,RF,8817,1,1,0.8180031191777476
3,202,RF,592,1,1,0.9411674577205832
3,202,RF,5592,0,0,0.4271988117868561
3,202,RF,4055,1,1,0.996824689293725
3,202,RF,4495,0,0,0.13481170512999385
3,202,RF,5277,0,0,0.4401486724603954
3,202,RF,7434,1,0,0.43414886531295066
3,202,RF,6182,1,0,0.23373026876698702
3,202,RF,1301,0,0,0.34541565089368936
3,202,RF,1368,1,1,0.9995185549620467
3,202,RF,5179,1,1,0.5502309622213031
3,202,RF,8718,1,1,0.9171392293933219
3,202,RF,1364,1,1,1.0
3,202,RF,5130,0,1,0.5379870832214396
3,202,RF,8484,0,0,0.3379381517429889
3,202,RF,2118,1,1,0.8112695855600294
3,202,RF,293,1,1,0.8411867819090877
3,202,RF,279,1,1,0.8269757063004683
3,202,RF,3023,1,1,0.8681260208376119
3,202,RF,3410,1,1,0.9438561305449159
3,202,RF,7770,0,0,0.3171037756983301
3,202,RF,7697,1,1,0.8714636905818981
3,202,RF,8440,0,0,0.376917680543616
3,202,RF,8207,1,1,0.985765816300542
3,202,RF,1009,1,1,0.8493497468158404
3,202,RF,4494,0,0,0.1364528960457243
3,202,RF,6313,1,0,0.24768903257306404
3,202,RF,5551,0,0,0.3439333618866173
3,202,RF,1111,1,1,0.9981938922315042
3,202,RF,2035,0,0,0.202949809218256
3,202,RF,4840,1,1,0.8607334903746388
3,202,RF,1512,1,1,0.9966213813440755
3,202,RF,8170,1,1,0.915536549004997
3,202,RF,5547,0,1,0.7945244135279143
3,202,RF,950,1,1,0.9964969865269359
3,202,RF,4722,1,1,0.9568109028792804
3,202,RF,2189,1,1,0.9282152825661872
3,202,RF,8873,1,1,0.9763296716155595
3,202,RF,828,1,1,0.889263824465591
3,202,RF,4946,0,0,0.09178869061298296
3,202,RF,4696,1,1,0.9893156102135023
3,202,RF,3343,1,1,0.9968036706639934
3,202,RF,2489,1,0,0.2717404925378945
3,202,RF,7804,0,1,0.5581659633838877
3,202,RF,7114,1,0,0.49748605922199884
3,202,RF,5659,0,0,0.24261308609003918
3,202,RF,5140,1,1,0.9197011502204248
3,202,RF,9388,1,1,0.9219660944147351
3,202,RF,3030,1,1,0.9907731791962333
3,202,RF,3222,1,1,0.8541338415409365
3,202,RF,3593,1,1,0.840074127628465
3,202,RF,1395,1,1,0.9199014689707166
3,202,RF,1483,1,1,0.8167480463707415
3,202,RF,9558,1,1,0.9929306773564663
3,202,RF,4075,0,0,0.20228858368856095
3,202,RF,7355,1,1,0.9707017697343194
3,202,RF,1389,1,1,0.8681260208376119
3,202,RF,7883,1,1,0.6029027038482598
3,202,RF,4467,1,1,0.8796936291186196
3,202,RF,5155,1,1,0.8701195055321578
3,202,RF,3855,1,1,0.8183856043913407
3,202,RF,8664,1,1,0.7285437787363631
3,202,RF,9494,1,1,0.9780430344910911
3,202,RF,8606,1,1,0.7826144289011892
3,202,RF,4439,0,0,0.07285574253352184
3,202,RF,6180,1,0,0.02181082223760494
3,202,RF,2549,1,1,0.9966352358136834
3,202,RF,6046,1,1,0.9791879309807311
3,202,RF,5548,1,1,0.8966851762754879
3,202,RF,5205,0,0,0.4985884608455621
3,202,RF,2199,1,1,0.5383028962896655
3,202,RF,8054,1,1,0.748903659093012
3,202,RF,978,1,1,0.9552213906221215
3,202,RF,754,1,1,0.8397837932991056
3,202,RF,6848,0,0,0.09690784069291986
3,202,RF,9293,1,1,0.9996758774227343
3,202,RF,6318,1,0,0.0036557319036515912
3,202,RF,359,1,1,0.7797122646454706
3,202,RF,5838,1,1,0.8846074764854235
3,202,RF,6000,1,0,0.12314242303466784
3,202,RF,2239,1,1,0.8764344267071723
3,202,RF,4007,0,0,0.3287335639062251
3,202,RF,7886,0,1,0.5911847493771867
3,202,RF,5708,0,1,0.7457558257467173
3,202,RF,1501,1,1,0.7561755402568104
3,202,RF,1180,0,0,0.26326495524548443
3,202,RF,4194,1,1,0.9956015739917347
3,202,RF,6060,1,1,0.9990605840607836
3,202,RF,8370,0,0,0.26295741727810634
3,202,RF,2678,1,1,0.9334034438713824
3,202,RF,2600,1,1,0.9981938922315042
3,202,RF,6326,0,0,0.0023986746058415175
3,202,RF,1915,0,0,0.12628404262127588
3,202,RF,7761,1,1,0.9972372258076184
3,202,RF,8221,1,1,0.8287709192162412
3,202,RF,4865,1,1,0.9851350414186846
3,202,RF,9401,1,1,0.9982773099573135
3,202,RF,1050,1,1,0.952201385003911
3,202,RF,2377,1,1,0.8160116013854156
3,202,RF,2300,0,0,0.07003238262892371
3,202,RF,3315,1,1,0.9550771017312139
3,202,RF,5159,1,1,0.8971186322636452
3,202,RF,7490,1,0,0.1844732976134821
3,202,RF,5861,1,1,0.9960461174732318
3,202,RF,5573,0,1,0.503407392159047
3,202,RF,8140,1,1,0.9447818567439059
3,202,RF,9494,1,1,0.9780430344910911
3,202,RF,8735,1,1,0.9700167872425483
3,202,RF,4570,0,0,0.21262118974765315
3,202,RF,8415,0,0,0.17938140977826764
3,202,RF,2277,1,1,0.916494684360503
3,202,RF,2517,1,1,0.9836201877850521
3,202,RF,9547,1,1,0.9751601976911044
3,202,RF,1009,1,1,0.8493497468158404
3,202,RF,6190,1,1,0.8499834780519342
3,202,RF,437,1,1,0.7015015777551852
3,202,RF,5815,0,1,0.5071676401198559
3,202,RF,6383,1,1,0.9583830347649596
3,202,RF,6267,1,1,0.761032932973202
3,202,RF,1056,1,1,0.9481880650816724
3,202,RF,4696,1,1,0.9893156102135023
3,202,RF,7630,0,0,0.2744925534785199
3,202,RF,6713,1,1,0.9966352358136834
3,202,RF,5846,1,0,0.020370255236838428
3,202,RF,661,1,1,0.9132042409163081
3,202,RF,6152,1,0,0.24004670313518023
3,202,RF,2474,1,1,0.8425166407386138
3,202,RF,1511,1,1,0.971754972476409
3,202,RF,2022,0,0,0.0830964934942415
3,202,RF,213,1,1,0.9231777566977422
3,202,RF,9502,1,1,0.9966930194717432
3,202,RF,8961,1,1,0.9548154632127458
3,202,RF,3372,1,1,0.9415754298496349
3,202,RF,4873,1,1,0.9762963709843231
3,202,RF,7151,1,1,0.990023049670607
3,202,RF,7148,1,1,0.9971989826741781
3,202,RF,5455,0,0,0.09178869061298296
3,202,RF,9321,1,1,0.9881968300531625
3,202,RF,8958,1,1,0.9660328192334073
3,202,RF,2123,1,1,0.9261206346327632
3,202,RF,7804,0,1,0.5581659633838877
3,202,RF,6645,1,1,0.899874697996463
3,202,RF,97,0,0,0.2509931378719124
3,202,RF,5356,0,0,0.2974043466416509
3,202,RF,2273,1,1,0.96455360583598
3,202,RF,2522,1,1,0.9860205007444481
3,202,RF,4769,0,0,0.12628404262127588
3,202,RF,5985,1,1,0.9830437490375711
3,202,RF,4534,0,0,0.05911632460176827
3,202,RF,6596,1,1,0.9042819173474822
3,202,RF,3583,1,1,0.7763674538472998
3,202,RF,5639,0,1,0.5766621374038599
3,202,RF,1464,0,0,0.4365461576903023
3,202,RF,692,1,1,0.8445387748075447
3,202,RF,7234,0,0,0.32131110210687003
3,202,RF,9322,1,1,0.8858167368363395
3,202,RF,139,1,1,0.7240820526931114
3,202,RF,5436,0,1,0.6621715203352798
3,202,RF,4467,1,1,0.8796936291186196
3,202,RF,6542,1,1,0.9507340614062336
3,202,RF,328,1,1,0.9821828790906099
3,202,RF,533,1,1,0.7811765225958234
3,202,RF,4659,0,0,0.29633676074099596
3,202,RF,7839,0,0,0.11466829376224685
3,202,RF,6588,1,0,0.15461855507693623
3,202,RF,418,1,1,0.8284804151905272
3,202,RF,5659,0,0,0.24261308609003918
3,202,RF,1346,1,1,0.8744393185268202
3,202,RF,9581,1,1,0.8469084629995058
3,202,RF,8186,1,1,0.9469698543713594
3,202,RF,9337,1,1,0.9990605840607836
3,202,RF,5146,1,1,0.905414664506407
3,202,RF,2384,1,1,0.753096834504928
3,202,RF,2097,1,1,0.9503466055807628
3,202,RF,2436,1,1,0.983895653109003
3,202,RF,3771,0,1,0.6258968507976311
3,202,RF,8437,0,0,0.0036557319036515912
3,202,RF,9203,1,1,0.9237334064238576
3,202,RF,2982,1,1,0.9570071018404515
3,202,RF,4338,0,0,0.03897014442343377
3,202,RF,877,1,1,0.9781849292879014
3,202,RF,3011,1,0,0.14970284208046025
3,202,RF,6575,0,0,0.01590556291129811
3,202,RF,2785,1,0,0.07670033704800362
3,202,RF,6259,1,1,0.9944593925513058
3,202,RF,2226,0,0,0.13481170512999385
3,202,RF,3410,1,1,0.9438561305449159
3,202,RF,2967,1,1,0.9168027995759401
3,202,RF,4625,1,1,0.9656804286593872
3,202,RF,3546,1,1,0.9361733152515335
3,202,RF,2228,1,1,0.7701045145392912
3,202,RF,4956,0,0,0.25582979326942806
3,202,RF,5290,0,1,0.6548599631110388
3,202,RF,2414,1,1,0.9210223579333672
3,202,RF,8581,1,1,0.990850139310171
3,202,RF,7828,1,1,0.9834125241730907
3,202,RF,814,1,1,0.8743245016059649
3,202,RF,2633,1,1,0.9315945409377592
3,202,RF,7005,1,0,0.292458556281219
3,202,RF,4012,1,1,0.832734795334304
3,202,RF,893,1,1,0.6780915405344017
3,202,RF,9012,1,1,0.8227402683955775
3,202,RF,9066,1,1,0.9145118733202368
3,202,RF,249,1,1,0.6490427753482948
3,202,RF,3942,1,1,0.5684505418918261
3,202,RF,5343,0,1,0.6715816770576579
3,202,RF,8429,0,0,0.31090590745226077
3,202,RF,2748,1,0,0.1907981465212047
3,202,RF,3531,1,0,0.22881150379532147
3,202,RF,6067,1,1,0.990850139310171
3,202,RF,4322,0,0,0.49748605922199884
3,202,RF,1350,1,1,0.9132174739499526
3,202,RF,2609,1,1,0.9946492652725502
3,202,RF,6383,1,1,0.9583830347649596
3,202,RF,7670,1,0,0.4350587637826658
3,202,RF,9388,1,1,0.9219660944147351
3,202,RF,9235,1,1,0.9594111097429311
3,202,RF,2586,1,1,0.8159031914060759
3,202,RF,3338,1,1,0.9761870627807838
3,202,RF,9322,1,1,0.8858167368363395
3,202,RF,4,0,0,0.27894879927708455
3,202,RF,7819,0,1,0.5835979163913317
3,202,RF,6845,1,0,0.27973434479648346
3,202,RF,3736,0,1,0.517579607449795
3,202,RF,7534,1,1,0.9469175945808455
3,202,RF,7059,1,1,0.8499834780519342
3,202,RF,2417,1,1,0.9940904279561065
3,202,RF,2355,1,1,0.8192267094718325
3,202,RF,4636,1,1,0.9982974373742048
3,202,RF,1582,1,1,0.8435415284465926
3,202,RF,109,1,1,0.9137856768938474
3,202,RF,2346,1,1,0.9737051890212614
3,202,RF,4665,1,1,0.8747269999929
3,202,RF,8365,0,0,0.027886545882289622
3,202,RF,4183,1,1,0.9879551714411806
3,202,RF,2154,1,1,0.9083180944416448
3,202,RF,2190,1,1,0.830645657601686
3,202,RF,8678,1,1,0.8581256872002382
3,202,RF,1242,1,1,0.8743942154335079
3,202,RF,557,1,1,0.7972702855047558
3,202,RF,5901,1,1,0.9967403347619183
3,202,RF,7159,1,1,0.9867568005455135
3,202,RF,1072,1,1,0.9034079324711277
3,202,RF,5348,0,0,0.31027242077012557
3,202,RF,6304,1,1,0.9453701410823827
3,202,RF,5671,0,1,0.6358301791709684
3,202,RF,5256,0,1,0.750811054028878
3,202,RF,8378,0,0,0.24380306020066725
3,202,RF,7770,0,0,0.3171037756983301
3,202,RF,2473,1,1,0.7636937369863381
3,202,RF,41,0,1,0.6619438483280247
3,202,RF,3046,1,1,0.9088910321652045
3,202,RF,7918,0,0,0.3738578773586002
3,202,RF,3375,1,1,0.9406353332995687
3,202,RF,9242,1,1,0.9101703184143802
3,202,RF,4615,1,1,0.9412246092936145
3,202,RF,3952,1,0,0.23827531776739852
3,202,RF,8841,1,1,0.9240845359812306
3,202,RF,9320,1,1,0.9277490099745868
3,202,RF,2389,1,1,0.9401300512073735
3,202,RF,2224,1,1,0.7837637555120831
3,202,RF,6591,1,1,0.5381505304623602
3,202,RF,2296,1,1,0.6158327829999373
3,202,RF,5018,0,0,0.3559211988059864
3,202,RF,823,1,1,0.9092388983427544
3,202,RF,8926,1,1,0.9385930148942964
3,202,RF,2600,1,1,0.9981938922315042
3,202,RF,7205,1,0,0.49999975016139714
3,202,RF,2985,1,1,0.994525678173448
3,202,RF,556,1,1,0.7705004115561713
3,202,RF,3201,0,0,0.002205856616593681
3,202,RF,2967,1,1,0.9168027995759401
3,202,RF,8214,1,0,0.3714984740610422
3,202,RF,5368,0,1,0.8113262170506396
3,202,RF,2511,1,1,0.7901420002674315
3,202,RF,8817,1,1,0.8180031191777476
3,202,RF,2929,1,1,0.958458772423403
3,202,RF,1184,0,0,0.3379381517429889
3,202,RF,1402,1,1,0.9903437935567354
3,202,RF,5101,0,1,0.7058033663166777
3,202,RF,7828,1,1,0.9834125241730907
3,202,RF,547,1,1,0.9341565945307913
3,202,RF,1826,1,1,0.9540190760542044
3,202,RF,330,1,1,0.8731791058656413
3,202,RF,3852,0,1,0.5743268277534521
3,202,RF,6190,1,1,0.8499834780519342
3,202,RF,2377,1,1,0.8160116013854156
3,202,RF,8025,1,1,0.9359751657449131
3,202,RF,3135,1,1,0.9687775344096626
3,202,RF,4665,1,1,0.8747269999929
3,202,RF,4226,1,1,0.9988028751645358
3,202,RF,2741,1,0,0.27808019197249806
3,202,RF,8735,1,1,0.9700167872425483
3,202,RF,2334,1,1,0.9074537052600142
3,202,RF,8570,1,1,0.9643725976500701
3,202,RF,9561,1,1,0.9586179867524633
3,202,RF,3172,0,0,0.09444811170890503
3,202,RF,2555,1,0,0.07584311978326436
3,202,RF,401,1,1,0.8329614193933037
3,202,RF,7445,0,0,0.16715458129488361
3,202,RF,645,1,1,0.5881222291003861
3,202,RF,480,1,1,0.8046775007270086
3,202,RF,6829,1,1,0.9334034438713824
3,202,RF,5090,1,1,0.9151493829435239
3,202,RF,6573,0,0,0.10071392117306566
3,202,RF,8977,1,1,0.5885567128361816
3,202,RF,8458,0,0,0.14754892357979954
3,202,RF,7604,0,1,0.7501752462747625
3,202,RF,4383,1,1,0.9980453450504707
3,202,RF,7608,0,1,0.834898300250805
3,202,RF,7918,0,0,0.3738578773586002
3,202,RF,4067,1,1,0.9944013059409593
3,202,RF,226,0,1,0.6812372345382438
3,202,RF,4797,1,1,0.979244126139415
3,202,RF,3038,1,1,0.9544142505740061
3,202,RF,4579,1,1,0.9981938922315042
3,202,RF,4845,1,1,0.584284619913736
3,202,RF,2549,1,1,0.9966352358136834
3,202,RF,3887,1,1,0.6559405108652006
3,202,RF,3375,1,1,0.9406353332995687
3,202,RF,8545,1,1,0.8073751927090143
3,202,RF,4669,1,1,0.9997625463862874
3,202,RF,5347,0,0,0.34181318071542566
3,202,RF,3691,1,1,0.9814577516434604
3,202,RF,4817,0,0,0.0830964934942415
3,202,RF,3193,1,0,0.06855620360340207
3,202,RF,6740,1,1,0.8112405831690163
3,202,RF,6682,1,0,0.210765614396859
3,202,RF,7333,1,1,0.6759286675107694
3,202,RF,1501,1,1,0.7561755402568104
3,202,RF,7386,1,1,0.9832113740948885
3,202,RF,4295,1,0,0.4867179467269971
3,202,RF,4565,1,1,0.9649556624393117
3,202,RF,2055,0,0,0.10466404849342154
3,202,RF,821,1,1,0.8421589478355392
3,202,RF,6596,1,1,0.9042819173474822
3,202,RF,2555,1,0,0.07584311978326436
3,202,RF,1554,1,1,0.9121582384401141
3,202,RF,1983,1,1,0.9553395150180105
3,202,RF,5861,1,1,0.9960461174732318
3,202,RF,9323,1,1,0.9892286689954285
3,202,RF,3385,1,1,0.9953389148970126
3,202,RF,1318,0,0,0.03830582400880982
3,202,RF,8664,1,1,0.7285437787363631
3,202,RF,7114,1,0,0.49748605922199884
3,202,RF,1873,1,1,0.5193795385304789
3,202,RF,1226,1,1,0.9247479845562622
3,202,RF,8474,0,0,0.222739772800698
3,202,RF,3714,0,1,0.647546772598388
3,202,RF,1712,1,1,0.9891503730233889
3,202,RF,1600,0,0,0.301832816368656
3,202,RF,2349,1,1,0.9296660945372878
3,202,RF,3508,1,1,0.9206675178327833
3,202,RF,4956,0,0,0.25582979326942806
3,202,RF,4867,0,0,0.010936502152420537
3,202,RF,275,1,0,0.2048266558858609
3,202,RF,8696,1,1,0.966390867586292
3,202,RF,587,1,1,0.8591193159272973
3,202,RF,6529,1,0,0.03461341115544813
3,202,RF,9314,1,1,0.9385991700789679
3,202,RF,9214,1,1,0.8841685455668459
3,202,RF,7595,1,1,0.704501648665081
3,202,RF,8051,1,1,0.9913612400210667
3,202,RF,3911,0,0,0.42296077311304586
3,202,RF,2004,1,1,0.9929565113553379
3,202,RF,990,0,1,0.9747879371004005
3,202,RF,5256,0,1,0.750811054028878
3,202,RF,4324,0,0,0.2581555209304715
3,202,RF,7770,0,0,0.3171037756983301
3,202,RF,291,1,1,0.587648885996463
3,202,RF,537,1,1,0.7503999690998263
3,202,RF,23,0,1,0.5664898931114102
3,202,RF,9551,1,1,0.7853341700034298
3,202,RF,3972,1,1,0.6007614462433561
3,202,RF,8316,0,0,0.20505191722912577
3,202,RF,828,1,1,0.889263824465591
3,202,RF,8429,0,0,0.31090590745226077
3,202,RF,1712,1,1,0.9891503730233889
3,202,RF,3975,1,1,0.686477909618635
3,202,RF,4029,0,0,0.2109507572405651
3,202,RF,8290,0,0,0.31833754061243974
3,202,RF,9066,1,1,0.9145118733202368
3,202,RF,3614,1,0,0.031382426185024605
3,202,RF,6633,1,1,0.9235721618107466
3,202,RF,564,1,1,0.7502917297351307
3,202,RF,5374,1,0,0.4075187580488261
3,202,RF,2508,1,1,0.9040085392480218
3,202,RF,8933,1,1,0.8451968284388636
3,202,RF,8565,1,1,0.8663425684356397
3,202,RF,1609,0,1,0.8060615132723111
3,202,RF,813,1,1,0.9092388983427544
3,202,RF,6850,1,0,0.45478298596562977
3,202,RF,9534,1,1,0.9288701998064639
3,202,RF,3643,1,1,0.9075684920663641
3,202,RF,7448,0,0,0.14734069378925194
3,202,RF,2118,1,1,0.8112695855600294
3,202,RF,6845,1,0,0.27973434479648346
3,202,RF,4590,1,1,1.0
3,202,RF,5689,0,0,0.4265740546829156
3,202,RF,3290,1,0,0.1146054491928312
3,202,RF,2938,1,1,0.9716015776490114
3,202,RF,4541,1,1,0.8865621181502865
3,202,RF,1314,1,1,0.9936284962255474
3,202,RF,1123,1,1,0.9944013059409593
3,202,RF,5249,0,1,0.5554402194212577
3,202,RF,5501,0,0,0.2083247826548181
3,202,RF,2909,1,1,0.9444917317235771
3,202,RF,5250,0,1,0.5311710340301155
3,202,RF,883,1,1,0.8783774211959876
3,202,RF,2909,1,1,0.9444917317235771
3,202,RF,8933,1,1,0.8451968284388636
3,202,RF,3476,1,1,0.8607334903746388
3,202,RF,3952,1,0,0.23827531776739852
3,202,RF,3804,0,1,0.6107502066714634
3,202,RF,8388,0,0,0.24755555371129237
3,202,RF,8154,1,1,0.9804076119951786
3,202,RF,3096,1,1,0.9568109028792804
3,202,RF,2300,0,0,0.07003238262892371
3,202,RF,1786,1,1,0.9720890225889062
3,202,RF,97,0,0,0.2509931378719124
3,202,RF,4991,1,0,0.2907223035690379
3,202,RF,2870,1,1,0.9995277391304347
3,202,RF,1540,1,1,0.9260108380924073
3,202,RF,2762,1,0,0.3510254481439617
3,202,RF,6783,1,0,0.4182606795217972
3,202,RF,3238,1,0,0.21064196898129076
3,202,RF,5088,1,1,0.638720442649336
3,202,RF,7752,0,0,0.32666277875004496
3,202,RF,7773,0,1,0.8721404895331193
3,202,RF,4887,0,0,0.24368386166048972
3,202,RF,1174,1,1,0.6730531004946474
3,202,RF,3851,0,0,0.300120514696134
3,202,RF,1408,1,1,0.9818700153405762
3,202,RF,1072,1,1,0.9034079324711277
3,202,RF,1746,1,1,0.9565475581766383
3,202,RF,7205,1,0,0.49999975016139714
3,202,RF,504,1,1,0.8959752641437402
3,202,RF,7733,1,1,0.9381760882803276
3,202,RF,5966,1,0,0.24285238536814596
3,202,RF,7595,1,1,0.704501648665081
3,202,RF,8993,1,1,0.928788535035699
3,202,RF,1327,1,1,0.9491758383958588
3,202,RF,8958,1,1,0.9660328192334073
3,202,RF,8283,0,1,0.5662703829511828
3,202,RF,4521,0,0,0.1703992210569996
3,202,RF,3902,0,1,0.6590001035419403
3,202,RF,4943,0,1,0.6513780666889147
3,202,RF,1324,1,1,0.9402868096110201
3,202,RF,5510,0,0,0.48577696878862986
3,202,RF,5017,0,0,0.17234644619107414
3,202,RF,1399,1,1,0.8690731673860584
3,202,RF,2881,1,1,0.9962834499249675
3,202,RF,2084,1,1,0.9610308799140413
3,202,RF,7115,0,0,0.22793716340347245
3,202,RF,3201,0,0,0.002205856616593681
3,202,RF,6452,1,1,0.8901148335478613
3,202,RF,6016,1,0,0.17069942651592185
3,202,RF,1938,1,1,0.9506251471864202
3,202,RF,4465,1,1,0.9257657430242807
3,202,RF,9381,1,1,0.9995288508302648
3,202,RF,5927,1,1,0.9170038325004114
3,202,RF,4545,0,0,0.1499733043682974
3,202,RF,5283,0,1,0.6073982235572082
3,202,RF,3823,1,1,0.511155244653274
3,202,RF,710,1,1,0.8085793341349575
3,202,RF,6389,1,1,1.0
3,202,RF,3957,0,0,0.3384361936781321
3,202,RF,5141,1,1,0.9829524702875247
3,202,RF,8122,0,0,0.23439192689474328
3,202,RF,5894,1,1,0.9967208039202038
3,202,RF,5469,0,0,0.3272450247112114
3,202,RF,5039,0,1,0.5510107388409352
3,202,RF,6033,1,1,0.999649357601713
3,202,RF,8912,1,1,0.8666538288682623
3,202,RF,2320,1,1,0.9178149995288023
3,202,RF,2377,1,1,0.8160116013854156
3,202,RF,1297,0,0,0.13073659874905552
3,202,RF,8681,1,1,0.980002390810428
3,202,RF,4761,0,0,0.22545996542613367
3,202,RF,4319,1,1,0.8762166399204703
3,202,RF,7781,0,0,0.10089297641871289
3,202,RF,6250,1,1,0.9322829947896513
3,202,RF,9386,1,1,0.9112859830527057
3,202,RF,8365,0,0,0.027886545882289622
3,202,RF,2498,0,1,0.5469864309784807
3,202,RF,6669,1,1,0.6546861294929159
3,202,RF,4655,1,1,0.9156453105151238
3,202,RF,335,1,1,0.5690049191952611
3,202,RF,3361,1,1,0.9620987499686041
3,202,RF,8360,0,0,0.13708489682836628
3,202,RF,8589,1,1,0.8805882710996206
3,202,RF,8607,1,1,0.7256300109621088
3,202,RF,3759,1,1,0.6669997909326868
3,202,RF,9422,1,1,0.9740382883089229
3,202,RF,1791,1,1,0.9546280414856904
3,202,RF,5861,1,1,0.9960461174732318
3,202,RF,3365,1,1,0.9772646549269711
3,202,RF,2675,1,1,0.9907249348058933
3,202,RF,5019,0,1,0.5018030182053157
3,202,RF,5383,0,0,0.2645589811376208
3,202,RF,4681,1,1,0.9426205258045024
3,202,RF,159,1,0,0.2198567748112005
3,202,RF,6111,1,1,0.9773734579591798
3,202,RF,8330,0,0,0.10914801273255106
3,202,RF,7264,1,0,0.4628483991096441
3,202,RF,6836,0,0,0.21414923471997788
3,202,RF,7403,1,1,0.9696050357739039
3,202,RF,1139,0,0,0.2204668736857461
3,202,RF,8223,0,1,0.7501752462747625
3,202,RF,3218,0,0,0.002205856616593681
3,202,RF,1395,1,1,0.9199014689707166
3,202,RF,6016,1,0,0.17069942651592185
3,202,RF,7059,1,1,0.8499834780519342
3,202,RF,2576,1,1,0.7957827435715515
3,202,RF,3201,0,0,0.002205856616593681
3,202,RF,4329,0,0,0.20779677052326398
3,202,RF,4022,1,1,0.9386451829064621
3,202,RF,5203,0,0,0.24973670035686066
3,202,RF,336,1,1,0.9553262978971522
3,202,RF,2489,1,0,0.2717404925378945
3,202,RF,2118,1,1,0.8112695855600294
3,202,RF,507,1,1,0.8061770851175888
3,202,RF,4665,1,1,0.8747269999929
3,202,RF,1047,1,1,0.9657202185372765
3,202,RF,174,1,1,0.9362477346274026
3,202,RF,2474,1,1,0.8425166407386138
3,202,RF,1958,1,1,0.9633417637495246
3,202,RF,8437,0,0,0.0036557319036515912
3,202,RF,7357,1,1,0.5761597515265563
3,202,RF,4790,1,1,0.9865574744101386
3,202,RF,533,1,1,0.7811765225958234
3,202,RF,4564,1,1,0.9932326152832737
3,202,RF,1047,1,1,0.9657202185372765
3,202,RF,8362,0,0,0.3411656156676385
3,202,RF,1271,1,1,0.9830437490375711
3,202,RF,9078,1,0,0.4362497135442052
3,202,RF,7322,0,0,0.0029425757114759817
3,202,RF,7622,0,1,0.8318111757685358
3,202,RF,9567,1,1,0.9035552913986166
3,202,RF,4067,1,1,0.9944013059409593
3,202,RF,2609,1,1,0.9946492652725502
3,202,RF,9378,1,1,1.0
3,202,RF,8598,1,1,0.8136740833864554
3,202,RF,3105,1,1,0.9971989826741781
3,202,RF,7424,1,0,0.3624002613255597
3,202,RF,593,1,1,0.9464925035440094
3,202,RF,4029,0,0,0.2109507572405651
3,202,RF,4929,1,1,0.9683219630030321
3,202,RF,7647,0,1,0.7755682615968538
3,202,RF,1852,0,0,0.13678591770890455
3,202,RF,4228,0,0,0.24184903804144675
3,202,RF,352,0,1,0.7327366533610119
3,202,RF,6475,1,1,0.9918051420107206
3,202,RF,2824,1,1,0.9079778519491751
3,202,RF,4748,0,0,0.24768903257306404
3,202,RF,6532,0,0,0.15421824782613744
3,202,RF,1465,1,1,0.8797986002576899
3,202,RF,4880,1,1,0.9722649127503157
3,202,RF,159,1,0,0.2198567748112005
3,202,RF,7194,1,0,0.147363985445469
3,202,RF,3971,1,1,0.5707482065128971
3,202,RF,8054,1,1,0.748903659093012
3,202,RF,6159,1,0,0.15404780483140032
3,202,RF,7542,1,1,0.6548599631110388
3,202,RF,7569,1,1,0.8881526224296536
3,202,RF,3410,1,1,0.9438561305449159
3,202,RF,348,1,1,0.513809055544311
3,202,RF,1399,1,1,0.8690731673860584
3,202,RF,8738,1,1,0.8893674484241092
3,202,RF,5154,0,0,0.3538645501487958
3,202,RF,6654,1,1,0.8960678298159438
3,202,RF,4450,1,1,0.9576917967672637
3,202,RF,92,1,0,0.34060730073985435
3,202,RF,8823,1,1,0.9728553322118664
3,202,RF,8884,1,1,0.905233850393661
3,202,RF,4016,1,1,0.9357202664441496
3,202,RF,5957,1,1,0.9907249348058933
3,202,RF,6218,0,1,0.5329028392064171
3,202,RF,5927,1,1,0.9170038325004114
3,202,RF,9059,1,1,0.7201305547298678
3,202,RF,2990,1,1,0.9211855642215024
3,202,RF,2349,1,1,0.9296660945372878
3,202,RF,7316,0,0,0.18742650860409513
3,202,RF,626,1,1,0.9909129370593247
3,202,RF,5945,0,0,0.3363716383262313
3,202,RF,5640,0,0,0.45319981843485785
3,202,RF,1685,1,1,0.8934943914057848
3,202,RF,9005,1,1,0.9004584426404735
3,202,RF,2728,1,1,0.9821826151219757
3,202,RF,9551,1,1,0.7853341700034298
3,202,RF,8013,0,0,0.33577742523850157
3,202,RF,9005,1,1,0.9004584426404735
3,202,RF,3410,1,1,0.9438561305449159
3,202,RF,8864,1,1,0.959802269446429
3,202,RF,5284,0,0,0.2593519415090107
3,202,RF,2313,1,1,0.7803214505080943
3,202,RF,4840,1,1,0.8607334903746388
3,202,RF,766,1,1,0.9804076119951786
3,202,RF,2811,1,0,0.1482660483457192
3,202,RF,8411,0,0,0.30150447215205967
3,202,RF,7992,1,1,0.6702514657309849
3,202,RF,1275,1,1,0.9918275987466934
3,202,RF,7297,0,0,0.123473754042239
3,202,RF,7810,1,1,0.9563908785376679
3,202,RF,4241,0,0,0.20669599741313402
3,202,RF,8056,1,1,0.882293883682521
3,202,RF,1637,1,1,0.9713067455875667
3,202,RF,5107,1,1,0.9091216718609832
3,202,RF,11,0,1,0.5237314843994785
3,202,RF,4932,1,1,0.8996590037101672
3,202,RF,7328,1,1,0.9802926412984247
3,202,RF,3400,1,1,0.9548929998908684
3,202,RF,8860,1,1,0.9386937827843234
3,202,RF,7886,0,1,0.5911847493771867
3,202,RF,1189,0,0,0.26530123138618406
3,202,RF,159,1,0,0.2198567748112005
3,202,RF,2695,1,1,0.9604228878574914
3,202,RF,5336,0,0,0.1521670410111785
3,202,RF,5118,0,1,0.5505801984698
3,202,RF,6796,1,1,0.9493954368586219
3,202,RF,7316,0,0,0.18742650860409513
3,202,RF,8530,1,1,0.9921042751750326
3,202,RF,1968,1,1,0.9414290458933485
3,202,RF,5516,1,1,0.6165519652112527
3,202,RF,2766,1,0,0.07295220784703693
3,202,RF,8493,1,1,0.9144608981670665
3,202,RF,8891,1,1,0.9077499020210722
3,202,RF,6368,1,0,0.31838752134462145
3,202,RF,7140,1,1,0.9767665619757456
3,202,RF,5229,0,0,0.10164886936738546
3,202,RF,1088,1,1,0.9336758678539262
3,202,RF,4717,0,0,0.18597220579789706
3,202,RF,9323,1,1,0.9892286689954285
3,202,RF,4119,1,1,0.9987513432460929
3,202,RF,5224,0,0,0.05265458360549209
3,202,RF,5640,0,0,0.45319981843485785
3,202,RF,6480,1,1,0.9996758774227343
3,202,RF,7140,1,1,0.9767665619757456
3,202,RF,4269,0,0,0.3411656156676385
3,202,RF,2500,1,1,0.7980901054268591
3,202,RF,1712,1,1,0.9891503730233889
3,202,RF,3217,1,0,0.11276524722213742
3,202,RF,1078,0,0,0.2109507572405651
3,202,RF,1943,0,0,0.29842131353235957
3,202,RF,5101,0,1,0.7058033663166777
3,202,RF,4754,0,0,0.3323322012928536
3,202,RF,9546,1,1,1.0
3,202,RF,1685,1,1,0.8934943914057848
3,202,RF,3792,1,0,0.42869767509446793
3,202,RF,7022,1,0,0.2541592419092576
3,202,RF,513,1,1,0.9750870286881443
3,202,RF,3786,0,1,0.8216653812001806
3,202,RF,7403,1,1,0.9696050357739039
3,202,RF,3995,1,1,0.9752330838019766
3,202,RF,6091,1,1,0.9261003248489408
3,202,RF,1966,1,1,0.9728992289293132
3,202,RF,2489,1,0,0.2717404925378945
3,202,ET,7283,1,1,1.0
3,202,ET,6848,0,0,0.0172598796195585
3,202,ET,8118,1,1,0.8780081244740454
3,202,ET,8237,1,1,0.9139389652127484
3,202,ET,9504,1,1,0.8396484916536383
3,202,ET,8860,1,1,0.9128168664514372
3,202,ET,3090,1,1,0.9651022812986573
3,202,ET,5653,0,0,0.3452729812382826
3,202,ET,4195,1,1,0.9981016449003844
3,202,ET,426,1,1,0.6919849811006221
3,202,ET,6698,1,0,0.19335262144442464
3,202,ET,880,1,1,0.7672910396477555
3,202,ET,2286,1,1,0.7837850235286442
3,202,ET,4260,1,1,0.9974784255090925
3,202,ET,2020,0,0,0.040663867798960085
3,202,ET,8112,1,1,0.9972688302226261
3,202,ET,4267,1,1,0.9855807547527272
3,202,ET,330,1,1,0.9045157787096724
3,202,ET,4929,1,1,0.9948490006448276
3,202,ET,1870,1,1,0.9892837963064868
3,202,ET,1053,1,1,0.9934250470198632
3,202,ET,6650,1,1,0.9841660206496914
3,202,ET,336,1,1,0.9573834609087826
3,202,ET,6462,1,1,0.8801714791663501
3,202,ET,4862,0,0,0.08779631813019048
3,202,ET,3046,1,1,0.897914322859084
3,202,ET,7744,1,1,0.9513723649790744
3,202,ET,3543,1,1,0.9925941974451459
3,202,ET,8325,0,0,0.0008338740458560304
3,202,ET,1852,0,0,0.12031408994756225
3,202,ET,1486,1,1,0.9349148618040181
3,202,ET,2581,0,0,0.11980232821524459
3,202,ET,1483,1,1,0.8374344371035817
3,202,ET,5451,0,1,0.6853335796372204
3,202,ET,7283,1,1,1.0
3,202,ET,2913,1,1,0.9995522867737948
3,202,ET,5229,0,0,0.02964522512283545
3,202,ET,9465,1,1,0.8257735793967861
3,202,ET,8395,0,1,0.6817951494031806
3,202,ET,3201,0,0,0.0006630571296562205
3,202,ET,6866,1,1,0.998640204299891
3,202,ET,2239,1,1,0.9308678343385856
3,202,ET,7101,1,1,0.9706274131263882
3,202,ET,314,1,1,0.837640374580974
3,202,ET,7217,0,0,0.09187857215102391
3,202,ET,2871,1,1,0.9997619454485704
3,202,ET,1271,1,1,0.9968660074165635
3,202,ET,645,1,1,0.5551583626763763
3,202,ET,7761,1,1,0.9995066280602819
3,202,ET,6316,0,0,0.3904270195797173
3,202,ET,2449,1,1,0.9377557262726753
3,202,ET,8803,1,1,0.5004389812519979
3,202,ET,4881,1,1,0.9951933349788729
3,202,ET,3592,1,0,0.4152344570310418
3,202,ET,8627,1,1,0.9680045059716523
3,202,ET,3556,0,1,0.7436120634606532
3,202,ET,5740,0,1,0.8070770016642723
3,202,ET,6864,1,1,0.9983917864240295
3,202,ET,2374,1,1,0.98650969842459
3,202,ET,3972,1,1,0.6216054659640492
3,202,ET,4095,0,0,0.23678038796993478
3,202,ET,7453,1,1,0.9612397979368819
3,202,ET,2250,1,1,0.9029211936431585
3,202,ET,9167,1,1,0.8912397157958682
3,202,ET,6529,1,0,0.003252289499772801
3,202,ET,6796,1,1,0.9801633853577377
3,202,ET,3787,1,1,0.6320366558605091
3,202,ET,293,1,1,0.9300963513173135
3,202,ET,6131,1,1,0.992172734693523
3,202,ET,2945,1,1,0.9967276998132866
3,202,ET,1689,1,1,0.9295080818501268
3,202,ET,8566,1,1,0.9854640904914295
3,202,ET,4228,0,0,0.18352779215743104
3,202,ET,5680,0,0,0.35675463583540096
3,202,ET,6159,1,0,0.12059658702593139
3,202,ET,9311,1,1,0.9363259789636029
3,202,ET,3838,1,1,0.7666435399429671
3,202,ET,2098,1,1,0.9244936109890608
3,202,ET,3981,0,1,0.6900900348552901
3,202,ET,4548,0,1,0.8860971058387493
3,202,ET,9386,1,1,0.8868440736189334
3,202,ET,2067,0,0,0.01655416987837878
3,202,ET,6385,1,1,0.9755859927941941
3,202,ET,1600,0,0,0.2906851166650773
3,202,ET,2675,1,1,0.9977787773555816
3,202,ET,1131,0,0,0.17351555548818845
3,202,ET,9504,1,1,0.8396484916536383
3,202,ET,4813,0,0,0.10277697275741365
3,202,ET,8646,1,1,0.9986568603213843
3,202,ET,6543,1,1,0.9925941974451459
3,202,ET,8565,1,1,0.8963862201824172
3,202,ET,6605,1,1,0.9951233097618158
3,202,ET,4615,1,1,0.9797153627054006
3,202,ET,679,1,1,0.8231959323235108
3,202,ET,7114,1,0,0.47192341836581087
3,202,ET,4067,1,1,0.9996727699813287
3,202,ET,6710,1,1,0.9530732702159115
3,202,ET,7609,0,1,0.6863515697245061
3,202,ET,2608,1,1,0.9977078096997124
3,202,ET,3353,1,0,0.0055204845885589325
3,202,ET,9012,1,1,0.8003448679434492
3,202,ET,6682,1,0,0.09208171780455023
3,202,ET,3901,1,0,0.3956985411185828
3,202,ET,2250,1,1,0.9029211936431585
3,202,ET,7134,1,1,0.997215985669184
3,202,ET,5740,0,1,0.8070770016642723
3,202,ET,5501,0,0,0.028144446832676577
3,202,ET,1388,1,1,0.7067634633169556
3,202,ET,4948,0,0,0.01695963855684779
3,202,ET,7218,0,0,0.002485591739167836
3,202,ET,9042,1,1,0.6118764263900921
3,202,ET,7961,1,1,0.974747318322951
3,202,ET,2449,1,1,0.9377557262726753
3,202,ET,766,1,1,0.9985827572714229
3,202,ET,7877,1,1,0.904985655876496
3,202,ET,5336,0,0,0.08968920468537334
3,202,ET,6313,1,0,0.1988114929503361
3,202,ET,1189,0,0,0.2463668677005507
3,202,ET,5579,0,1,0.7966970225768879
3,202,ET,5469,0,0,0.3541830447236099
3,202,ET,1368,1,1,0.9967649881915013
3,202,ET,133,1,1,0.8266260264217218
3,202,ET,4319,1,1,0.8498830852412627
3,202,ET,3753,1,1,0.8296669236390396
3,202,ET,5797,0,0,0.2885930930783125
3,202,ET,3858,1,0,0.33896012704122513
3,202,ET,391,1,1,1.0
3,202,ET,7395,1,1,0.9986739245936105
3,202,ET,1873,1,0,0.29884797498604787
3,202,ET,3583,1,1,0.8775271541570119
3,202,ET,2424,1,1,0.9838568486556811
3,202,ET,4541,1,1,0.9657443671951159
3,202,ET,4,0,0,0.2462605204915775
3,202,ET,2633,1,1,0.9826025530166187
3,202,ET,4943,0,1,0.6013302423315429
3,202,ET,6827,1,1,0.9977787773555816
3,202,ET,3378,1,1,0.8801714791663501
3,202,ET,4174,1,1,0.9642123071278613
3,202,ET,7522,1,0,0.27154553395727365
3,202,ET,5703,0,0,0.4668355736224512
3,202,ET,300,1,1,0.8248092353701554
3,202,ET,813,1,1,0.9696787419464972
3,202,ET,8907,1,1,0.8014589490216469
3,202,ET,336,1,1,0.9573834609087826
3,202,ET,6829,1,1,0.9834784002152164
3,202,ET,3593,1,1,0.9622587862939729
3,202,ET,2389,1,1,0.9099979008185012
3,202,ET,3995,1,1,0.9930216288657898
3,202,ET,7961,1,1,0.974747318322951
3,202,ET,3526,1,1,0.9971786573489348
3,202,ET,990,0,1,0.9873963780516397
3,202,ET,3152,1,1,0.9916778749462222
3,202,ET,3090,1,1,0.9651022812986573
3,202,ET,1972,1,1,0.9266461084490424
3,202,ET,5570,0,1,0.6040391412252735
3,202,ET,6713,1,1,0.9991045735475895
3,202,ET,3819,1,1,0.5740500559608237
3,202,ET,9214,1,1,0.8979236814865043
3,202,ET,9167,1,1,0.8912397157958682
3,202,ET,3383,1,1,0.9941659814861814
3,202,ET,3753,1,1,0.8296669236390396
3,202,ET,8079,1,1,0.9792653999584585
3,202,ET,2215,1,1,0.9309915177440077
3,202,ET,3228,0,0,0.054067340199462285
3,202,ET,2620,0,0,0.0003362603365432558
3,202,ET,275,1,0,0.10342533160158991
3,202,ET,4287,1,1,0.997215444279938
3,202,ET,8789,1,1,0.912501402817644
3,202,ET,4446,1,1,0.9755859927941941
3,202,ET,2799,1,0,0.02584062240336474
3,202,ET,6152,1,0,0.16318737977549072
3,202,ET,8570,1,1,0.9320570437266724
3,202,ET,4770,0,0,0.013578727360073505
3,202,ET,3531,1,0,0.21607423213925983
3,202,ET,2668,1,1,0.9112255302016273
3,202,ET,2288,1,1,0.6855959964947346
3,202,ET,102,0,1,0.6234591561710312
3,202,ET,7056,1,1,0.9927096548261934
3,202,ET,6573,0,0,0.08779631813019048
3,202,ET,4747,0,0,0.2989048411773744
3,202,ET,2122,1,1,0.9316518117585899
3,202,ET,8249,1,1,0.9829365490774612
3,202,ET,7197,0,0,0.0018455506923725428
3,202,ET,9380,1,1,0.9965025724201079
3,202,ET,437,1,1,0.7136284907856784
3,202,ET,7257,0,0,0.2183251841420168
3,202,ET,4145,0,0,0.08764843371243297
3,202,ET,523,1,1,0.6672101763578114
3,202,ET,3837,0,0,0.40479997626928393
3,202,ET,6111,1,1,0.9965970492031455
3,202,ET,4295,1,0,0.4865059929197537
3,202,ET,8047,0,0,0.09702863304786769
3,202,ET,8585,1,1,0.9437654385761511
3,202,ET,543,1,1,0.5897467422544023
3,202,ET,7838,0,0,0.14398312262379942
3,202,ET,5794,0,0,0.4009866953302234
3,202,ET,1402,1,1,0.9927096548261934
3,202,ET,749,1,1,0.9139339454044492
3,202,ET,6982,1,1,0.999057118239453
3,202,ET,2512,1,1,0.951533519136169
3,202,ET,7371,0,0,0.24517137635722286
3,202,ET,3230,1,0,0.29884797498604787
3,202,ET,9154,1,1,0.9550572120333004
3,202,ET,3434,0,0,0.19940696801287563
3,202,ET,4615,1,1,0.9797153627054006
3,202,ET,9388,1,1,0.9502847495217633
3,202,ET,8312,0,0,0.015996175368975872
3,202,ET,4770,0,0,0.013578727360073505
3,202,ET,5375,0,0,0.0006630571296562205
3,202,ET,1174,1,1,0.7485739351306164
3,202,ET,3577,1,1,0.6166597225011298
3,202,ET,5714,0,1,0.6138559302027834
3,202,ET,5118,0,1,0.6334251078799134
3,202,ET,2919,1,1,0.891278757876315
3,202,ET,8312,0,0,0.015996175368975872
3,202,ET,2069,0,0,0.08411380940076782
3,202,ET,3415,1,0,0.44435183516958565
3,202,ET,8108,1,1,0.9905814729094963
3,202,ET,1137,1,1,0.9952972138164824
3,202,ET,9323,1,1,0.9966665646141846
3,202,ET,5491,0,0,0.35987538890465176
3,202,ET,5436,0,1,0.7424456829417954
3,202,ET,8231,1,1,0.9602211814871799
3,202,ET,1408,1,1,0.9960842578519885
3,202,ET,6714,1,1,0.9959705809641531
3,202,ET,5018,0,0,0.14959640807691257
3,202,ET,6402,1,1,0.9629296386365424
3,202,ET,3745,0,1,0.5509985085366058
3,202,ET,8823,1,1,0.9915012511541617
3,202,ET,8290,0,0,0.18973460615575802
3,202,ET,4524,0,0,0.0019004855708843443
3,202,ET,3201,0,0,0.0006630571296562205
3,202,ET,6067,1,1,0.9962189435590506
3,202,ET,9544,1,1,0.989686593271312
3,202,ET,5531,0,1,0.5274630352457913
3,202,ET,8423,0,0,0.01328374682286017
3,202,ET,6211,1,1,0.9908562688044467
3,202,ET,5965,1,0,0.00040048113650261694
3,202,ET,9561,1,1,0.9722612769402813
3,202,ET,2967,1,1,0.9720966696071146
3,202,ET,7445,0,0,0.11054415973919934
3,202,ET,3282,1,1,0.9820217853324711
3,202,ET,5783,0,0,0.16619003565389429
3,202,ET,2919,1,1,0.891278757876315
3,202,ET,8983,1,1,0.8227532287533171
3,202,ET,4168,0,0,0.01013105012463037
3,202,ET,2199,1,1,0.6166597225011298
3,202,ET,2245,1,1,0.8336862233205172
3,202,ET,4194,1,1,0.9979270001851506
3,202,ET,4750,0,1,0.6574450709764655
3,202,ET,8627,1,1,0.9680045059716523
3,202,ET,6328,1,1,0.994662348354582
3,202,ET,1486,1,1,0.9349148618040181
3,202,ET,1301,0,0,0.27897507077771044
3,202,ET,2754,1,0,0.15397369205130051
3,202,ET,4748,0,0,0.1988114929503361
3,202,ET,4748,0,0,0.1988114929503361
3,202,ET,7482,0,0,0.3641981751874023
3,202,ET,4025,1,1,0.9327856069255125
3,202,ET,413,1,1,0.6998112406555268
3,202,ET,2515,1,1,0.9741280380302054
3,202,ET,430,1,1,0.9005377462465499
3,202,ET,3666,0,0,0.04470262504932433
3,202,ET,8537,1,1,0.8416169444356699
3,202,ET,2446,1,1,0.9027345578555438
3,202,ET,1943,0,0,0.2728798434259358
3,202,ET,7647,0,1,0.7832841528560784
3,202,ET,41,0,1,0.6704310834836249
3,202,ET,2600,1,1,0.9824260108744163
3,202,ET,6727,0,0,0.09617958356220334
3,202,ET,4194,1,1,0.9979270001851506
3,202,ET,8338,0,0,0.17946117519132535
3,202,ET,3670,1,1,0.9712598040747051
3,202,ET,433,1,1,0.9110716819018053
3,202,ET,7229,1,1,0.96511438291906
3,202,ET,1088,1,1,0.9204197592695748
3,202,ET,7056,1,1,0.9927096548261934
3,202,ET,8721,1,1,0.6992487670469223
3,202,ET,3771,0,1,0.6691440261639262
3,202,ET,9167,1,1,0.8912397157958682
3,202,ET,3609,0,0,0.03125911027520801
3,202,ET,2267,1,1,0.6162797709659359
3,202,ET,5241,0,0,0.35631426461192467
3,202,ET,9148,1,1,0.6372138893001968
3,202,ET,4517,1,1,0.9671022252703187
3,202,ET,4683,1,1,0.9829534680338211
3,202,ET,1056,1,1,0.9922661410914183
3,202,ET,401,1,1,0.8236213960485004
3,202,ET,7242,0,0,0.44071896879423383
3,202,ET,6849,1,0,0.3323542597124359
3,202,ET,6845,1,0,0.24369798518340083
3,202,ET,8803,1,1,0.5004389812519979
3,202,ET,1588,1,1,0.9509350052794504
3,202,ET,3012,1,0,0.11711178796853695
3,202,ET,1050,1,1,0.97051898645121
3,202,ET,4012,1,1,0.9671328622784511
3,202,ET,2586,1,1,0.9417855339839617
3,202,ET,7333,1,1,0.8457909505942003
3,202,ET,9512,1,1,0.9045807718545017
3,202,ET,2858,1,0,0.17269989585929024
3,202,ET,5387,0,0,0.05357375295262429
3,202,ET,5491,0,0,0.35987538890465176
3,202,ET,9208,1,1,0.9284617711767664
3,202,ET,8330,0,0,0.044857471423975705
3,202,ET,1123,1,1,0.9996727699813287
3,202,ET,8294,0,0,0.21408093501380449
3,202,ET,3861,1,1,0.6008836502966204
3,202,ET,9318,1,1,0.9960680496403108
3,202,ET,4231,0,1,0.5703826864011551
3,202,ET,9334,1,1,0.9973700260732645
3,202,ET,5368,0,1,0.7755357561536406
3,202,ET,489,1,0,0.4902914955520293
3,202,ET,2609,1,1,0.9979351023210802
3,202,ET,7703,0,0,0.050781503122094854
3,202,ET,2819,1,1,0.9794207787418754
3,202,ET,8570,1,1,0.9320570437266724
3,202,ET,7818,0,1,0.6435583432424503
3,202,ET,2189,1,1,0.9908941081632845
3,202,ET,1168,1,1,0.9971655145428459
3,202,ET,3409,1,1,0.8775088084447816
3,202,ET,9015,1,1,0.9763434676248312
3,202,ET,7415,1,1,0.9690796459261916
3,202,ET,5743,0,0,0.19196429048889885
3,202,ET,3336,1,1,1.0
3,202,ET,6823,0,0,0.15270921404793794
3,202,ET,174,1,1,0.9329126331971893
3,202,ET,4194,1,1,0.9979270001851506
3,202,ET,2417,1,1,0.9933539091890321
3,202,ET,9085,1,1,0.9454875810513597
3,202,ET,2316,1,1,0.9535298077103683
3,202,ET,5156,1,0,0.29884797498604787
3,202,ET,5826,0,0,0.24221212208300538
3,202,ET,2215,1,1,0.9309915177440077
3,202,ET,3074,1,0,0.011323589732914042
3,202,ET,4869,1,1,0.9816582147059938
3,202,ET,4980,0,1,0.7610707744284405
3,202,ET,4715,1,1,0.9730406745028822
3,202,ET,7434,1,0,0.2139729529263454
3,202,ET,9539,1,1,0.9718913924014917
3,202,ET,8627,1,1,0.9680045059716523
3,202,ET,5159,1,1,0.886887220329733
3,202,ET,5667,0,0,0.14639473684551474
3,202,ET,5905,1,1,0.9994693723506946
3,202,ET,2273,1,1,0.9274995106319802
3,202,ET,5374,1,0,0.3904270195797173
3,202,ET,3416,1,0,0.23151186113410413
3,202,ET,4278,1,1,0.9985587639672165
3,202,ET,3452,1,1,0.9834577765998057
3,202,ET,2924,1,1,0.9831868213996837
3,202,ET,5905,1,1,0.9994693723506946
3,202,ET,8434,0,0,0.11747231895095647
3,202,ET,3400,1,1,0.978939548886378
3,202,ET,7120,0,0,0.3106960895284181
3,202,ET,2493,0,0,0.4777040790287237
3,202,ET,4569,0,0,0.010490886644857983
3,202,ET,3852,0,0,0.4684706262120427
3,202,ET,9159,1,1,0.879959436890267
3,202,ET,2067,0,0,0.01655416987837878
3,202,ET,5027,0,0,0.2995084791629063
3,202,ET,8474,0,0,0.2101941876792707
3,202,ET,9300,1,1,0.994414688397527
3,202,ET,6894,1,1,0.9557496749518799
3,202,ET,3838,1,1,0.7666435399429671
3,202,ET,5017,0,0,0.1529108191772682
3,202,ET,4418,0,0,0.010773934149434995
3,202,ET,8634,1,1,0.882472382548905
3,202,ET,2474,1,1,0.8292581099470777
3,202,ET,9381,1,1,0.9993455399626573
3,202,ET,675,1,1,0.9461827413228333
3,202,ET,564,1,1,0.7414811130660981
3,202,ET,5806,1,1,0.799977369560632
3,202,ET,4980,0,1,0.7610707744284405
3,202,ET,6070,1,1,0.9968139634168901
3,202,ET,3292,1,1,0.995354393255114
3,202,ET,8269,1,1,0.9956226328688234
3,202,ET,2855,1,1,0.9996218943559051
3,202,ET,8568,1,1,0.9428627396367538
3,202,ET,1402,1,1,0.9927096548261934
3,202,ET,9343,1,1,0.9157149498595853
3,202,ET,9242,1,1,0.8874281876596324
3,202,ET,4088,0,0,0.25074038089285944
3,202,ET,4046,1,1,0.9826025530166187
3,202,ET,2516,1,1,0.9833005881815704
3,202,ET,1327,1,1,0.9809481483562821
3,202,ET,3378,1,1,0.8801714791663501
3,202,ET,7554,1,1,0.9679754497970549
3,202,ET,8855,1,1,0.9683146447917492
3,202,ET,4769,0,0,0.10753986075318402
3,202,ET,2668,1,1,0.9112255302016273
3,202,ET,5389,1,1,0.7125438126824546
3,202,ET,1966,1,1,0.9482001341860087
3,202,ET,389,1,0,0.48048966697927425
3,202,ET,8188,1,1,0.9058641392447908
3,202,ET,754,1,1,0.9291562342199614
3,202,ET,7490,1,0,0.08879915676887551
3,202,ET,6440,1,0,0.3702451475557446
3,202,ET,3378,1,1,0.8801714791663501
3,202,ET,9222,1,0,0.42092572404707
3,202,ET,8589,1,1,0.9221376285069294
3,202,ET,2898,1,1,0.9801994279263245
3,202,ET,6728,0,0,0.4801910930049872
3,202,ET,7401,1,1,0.995907263927155
3,202,ET,1584,1,1,0.9790385232436758
3,202,ET,8429,0,0,0.26599817396184416
3,202,ET,3852,0,0,0.4684706262120427
3,202,ET,5284,0,0,0.0763571331654988
3,202,ET,9383,1,1,0.9986910799253146
3,202,ET,3201,0,0,0.0006630571296562205
3,202,ET,9066,1,1,0.9289583206062357
3,202,ET,8571,1,1,0.7483102530722316
3,202,ET,5290,0,0,0.43375751541768476
3,202,ET,2477,0,1,0.725550011896262
3,202,ET,2919,1,1,0.891278757876315
3,202,ET,5039,0,1,0.6779147002971175
3,202,ET,8437,0,0,0.000671885389939711
3,202,ET,9494,1,1,0.9911511617470405
3,202,ET,5019,0,0,0.4637661144501804
3,202,ET,3344,1,1,0.9266461084490424
3,202,ET,2788,0,0,0.30461402628382617
3,202,ET,5146,1,1,0.903898139169698
3,202,ET,4880,1,1,0.9925197841323786
3,202,ET,1050,1,1,0.97051898645121
3,202,ET,1746,1,1,0.9794013590257018
3,202,ET,1367,1,1,0.9992437887118101
3,202,ET,1516,1,1,0.9467192959672789
3,202,ET,275,1,0,0.10342533160158991
3,202,ET,3718,0,1,0.5096998288080574
3,202,ET,741,1,1,0.9599407828063033
3,202,ET,5088,1,1,0.6809957605401793
3,202,ET,2881,1,1,0.9955427378262939
3,202,ET,1013,1,1,0.9740355563756035
3,202,ET,1958,1,1,0.9911373499056391
3,202,ET,2388,1,1,0.7948950420017838
3,202,ET,2190,1,1,0.8723705820397728
3,202,ET,3975,1,1,0.7092688065110068
3,202,ET,5827,0,0,0.29458933579096497
3,202,ET,3583,1,1,0.8775271541570119
3,202,ET,8530,1,1,0.998204651627328
3,202,ET,8419,0,0,0.12656924531380256
3,202,ET,1406,1,1,0.9906774132610101
3,202,ET,2277,1,1,0.9903390308408597
3,202,ET,8351,0,0,0.010773934149434995
3,202,ET,4797,1,1,0.9920105833321802
3,202,ET,1308,1,1,0.9690796459261916
3,202,ET,5693,0,0,0.37202368887822973
3,202,ET,4774,0,0,0.3177395215775643
3,202,ET,9320,1,1,0.895350608452973
3,202,ET,4696,1,1,0.9968334273993616
3,202,ET,6850,1,0,0.3323542597124359
3,202,ET,5625,1,1,0.7295198096485044
3,202,ET,6242,1,1,0.9972725589024248
3,202,ET,6203,1,1,0.9752873249128666
3,202,ET,149,1,1,0.7780172094676902
3,202,ET,5336,0,0,0.08968920468537334
3,202,ET,4185,1,1,0.9981187581450559
3,202,ET,9048,1,1,0.6271605364960436
3,202,ET,53,0,0,0.1655406925211384
3,202,ET,4276,0,0,0.4043882749946249
3,202,ET,2154,1,1,0.8736275812265327
3,202,ET,9378,1,1,0.9952972138164824
3,202,ET,4109,1,1,0.9844039709783977
3,202,ET,4295,1,0,0.4865059929197537
3,202,ET,8440,0,0,0.32057615541878076
3,202,ET,9494,1,1,0.9911511617470405
3,202,ET,6318,1,0,0.000671885389939711
3,202,ET,3061,1,0,0.14450182817650048
3,202,ET,7265,1,0,0.3552164623972507
3,202,ET,1881,1,1,1.0
3,202,ET,9422,1,1,0.9911319913183425
3,202,ET,2224,1,1,0.903105387253314
3,202,ET,3771,0,1,0.6691440261639262
3,202,ET,9541,1,1,0.9462077131702754
3,202,ET,4945,0,0,0.4084437803445495
3,202,ET,9149,1,1,0.9805495912297538
3,202,ET,2154,1,1,0.8736275812265327
3,202,ET,592,1,1,0.9661861572163309
3,202,ET,7257,0,0,0.2183251841420168
3,202,ET,2447,1,1,0.9854059305772569
3,202,ET,7595,1,1,0.7662541188016819
3,202,ET,990,0,1,0.9873963780516397
3,202,ET,3493,1,1,0.9987298882207816
3,202,ET,2567,1,0,0.07997508345987943
3,202,ET,3814,0,1,0.738327656154996
3,202,ET,5224,0,0,0.001220331492673975
3,202,ET,1109,1,1,0.9989034259958384
3,202,ET,6632,1,1,0.9665453189412436
3,202,ET,1477,1,1,0.7609620789824971
3,202,ET,4597,0,0,0.27606782716828954
3,202,ET,2549,1,1,0.9991045735475895
3,202,ET,2675,1,1,0.9977787773555816
3,202,ET,3901,1,0,0.3956985411185828
3,202,ET,7217,0,0,0.09187857215102391
3,202,ET,8840,1,1,0.9398197548557553
3,202,ET,96,0,0,0.1744227210944717
3,202,ET,1060,1,1,0.983445088187913
3,202,ET,5501,0,0,0.028144446832676577
3,202,ET,3576,0,0,0.29834526374618797
3,202,ET,3774,0,1,0.7419782104802272
3,202,ET,2555,1,0,0.0009088827610907742
3,202,ET,3688,1,1,0.838513960723254
3,202,ET,8216,0,0,0.020230302017415717
3,202,ET,1858,1,1,0.6574450709764655
3,202,ET,2687,1,1,0.9204387770888808
3,202,ET,929,1,1,0.8925961374305987
3,202,ET,6316,0,0,0.3904270195797173
3,202,ET,2541,1,1,0.9271882575035768
3,202,ET,5433,0,0,0.438332846307868
3,202,ET,9154,1,1,0.9550572120333004
3,202,ET,3718,0,1,0.5096998288080574
3,202,ET,626,1,1,0.998440574800699
3,202,ET,799,1,1,0.8310283530873804
3,202,ET,3434,0,0,0.19940696801287563
3,202,ET,2555,1,0,0.0009088827610907742
3,202,ET,4887,0,0,0.1523215613976106
3,202,ET,3026,1,1,0.9848696403787595
3,202,ET,8890,1,1,0.8902089162416256
3,202,ET,3609,0,0,0.03125911027520801
3,202,ET,2417,1,1,0.9933539091890321
3,202,ET,4817,0,0,0.05357375295262429
3,202,ET,8231,1,1,0.9602211814871799
3,202,ET,5639,0,1,0.6086962635645365
3,202,ET,1893,0,0,0.09187857215102391
3,202,ET,8654,1,1,0.8304541112395056
3,202,ET,3753,1,1,0.8296669236390396
3,202,ET,8423,0,0,0.01328374682286017
3,202,ET,3121,1,1,0.9726129783045723
3,202,ET,8027,1,1,0.9798525315228404
3,202,ET,2657,0,0,0.10348020982784371
3,202,ET,2385,1,1,0.8469365371541975
3,202,ET,315,1,1,0.837640374580974
3,202,ET,3376,0,0,0.016429309539158145
3,202,ET,2711,1,1,0.9583797125296805
3,202,ET,5101,0,1,0.586302591047539
3,202,ET,6033,1,1,0.9990859050405588
3,202,ET,6633,1,1,0.9868776940499301
3,202,ET,8382,0,0,0.0055204845885589325
3,202,ET,6000,1,0,0.0807011184863321
3,202,ET,1915,0,0,0.10753986075318402
3,202,ET,5231,0,0,0.398709792782792
3,202,ET,4945,0,0,0.4084437803445495
3,202,ET,7357,1,1,0.6257339894993785
3,202,ET,8112,1,1,0.9972688302226261
3,202,ET,3663,1,1,0.9820949646873206
3,202,ET,3576,0,0,0.29834526374618797
3,202,ET,4500,0,0,0.11120659561906156
3,202,ET,8536,1,1,0.748442819609927
3,202,ET,8748,1,1,0.9743965160642472
3,202,ET,4183,1,1,0.9978585828916133
3,202,ET,6796,1,1,0.9801633853577377
3,202,ET,8832,1,1,0.9949553476021504
3,202,ET,4389,0,0,0.248315379454515
3,202,ET,1968,1,1,0.9897955858585124
3,202,ET,1093,1,1,0.8892991157440796
3,202,ET,5581,1,0,0.3238092508595103
3,202,ET,3493,1,1,0.9987298882207816
3,202,ET,3746,0,0,0.044102011507124846
3,202,ET,849,1,1,0.9763151744836912
3,202,ET,1689,1,1,0.9295080818501268
3,202,ET,610,1,1,0.8525049323112182
3,202,ET,6480,1,1,0.9995772154470145
3,202,ET,8154,1,1,0.9985827572714229
3,202,ET,6842,1,0,0.11322789495395412
3,202,ET,3234,1,1,0.987287307059318
3,202,ET,2822,1,1,0.7681717121656995
3,202,ET,853,1,1,0.9226409879410673
3,202,ET,5281,0,1,0.5597477416758311
3,202,ET,1785,1,1,0.9996316885350137
3,202,ET,2484,1,1,0.6921802812417608
3,202,ET,6631,1,1,0.9329293157971554
3,202,ET,4630,1,1,0.9993455399626573
3,202,ET,3827,1,1,0.6192823823924156
3,202,ET,391,1,1,1.0
3,202,ET,3093,1,1,0.9972725589024248
3,202,ET,2537,0,0,0.0011405877992897184
3,202,ET,7802,0,0,0.1180288177619807
3,202,ET,5874,1,1,0.9957630581757829
3,202,ET,2000,0,0,0.30709616032770704
3,202,ET,8954,1,1,0.9542694099924823
3,202,ET,5728,0,1,0.613767964973319
3,202,ET,841,1,1,0.7467704316486644
3,202,ET,7630,0,0,0.32902304273543964
3,202,ET,5611,0,0,0.2575289604973804
3,202,ET,2541,1,1,0.9271882575035768
3,202,ET,9090,1,1,0.837650467416431
3,202,ET,403,1,1,0.8003742424023027
3,202,ET,3643,1,1,0.968309427759154
3,202,ET,6070,1,1,0.9968139634168901
3,202,ET,8993,1,1,0.9806487255207039
3,202,ET,279,1,1,0.9635324884907479
3,202,ET,8164,0,0,0.1361514883271715
3,202,ET,3981,0,1,0.6900900348552901
3,202,ET,8458,0,0,0.11914429687020466
3,202,ET,1445,1,1,0.864300771533919
3,202,ET,1500,1,1,0.8850687296471862
3,202,ET,5901,1,1,0.997878249829057
3,202,ET,3409,1,1,0.8775088084447816
3,202,ET,2622,0,0,0.00040576988722679865
3,202,ET,226,0,1,0.6257514530316205
3,202,ET,3760,1,1,0.5351453172442725
3,202,ET,8378,0,0,0.1775832073309909
3,202,ET,7959,1,1,0.9988436654095062
3,202,ET,5277,0,0,0.3628700818101869
3,202,ET,4317,1,1,0.9860788649521577
3,202,ET,6053,1,1,0.9256852451141757
3,202,ET,5703,0,0,0.4668355736224512
3,202,ET,7992,1,1,0.6277231375793606
3,202,ET,4590,1,1,1.0
3,202,ET,4387,0,0,0.003969161217773593
3,202,ET,1785,1,1,0.9996316885350137
3,202,ET,5682,0,0,0.33149347633519705
3,202,ET,4646,1,1,0.9557496749518799
3,202,ET,6016,1,0,0.1695967808897812
3,202,ET,2378,1,1,0.8834326700130761
3,202,ET,6181,0,0,0.004830800181625739
3,202,ET,834,1,1,0.9747526167402436
3,202,ET,8398,0,0,0.12294418125518969
3,202,ET,7647,0,1,0.7832841528560784
3,202,ET,8884,1,1,0.9626181194010431
3,202,ET,1464,0,0,0.40014460369565874
3,202,ET,2754,1,0,0.15397369205130051
3,202,ET,9321,1,1,0.9992913786357115
3,202,ET,6617,1,1,0.9342327574451357
3,202,ET,2313,1,1,0.8782371072715109
3,202,ET,1791,1,1,0.9897950998532882
3,202,ET,9042,1,1,0.6118764263900921
3,202,ET,2929,1,1,0.9844773108574555
3,202,ET,873,1,1,0.96480885342841
3,202,ET,4378,1,1,0.9778688222180812
3,202,ET,457,1,1,0.803894866736427
3,202,ET,49,0,0,0.47670986118737
3,202,ET,5004,0,1,0.5113031430956325
3,202,ET,8081,0,0,0.15423491035069622
3,202,ET,5826,0,0,0.24221212208300538
3,202,ET,8811,1,1,0.9746741303379343
3,202,ET,7796,0,0,0.04256242366047778
3,202,ET,4956,0,0,0.18143126790954567
3,202,ET,1590,1,1,0.9369714862880787
3,202,ET,5957,1,1,0.9977787773555816
3,202,ET,2384,1,1,0.8414519719640319
3,202,ET,6301,1,0,0.13847817143386967
3,202,ET,7761,1,1,0.9995066280602819
3,202,ET,6906,1,1,0.9788408579870903
3,202,ET,2121,1,1,0.8973863950118499
3,202,ET,8598,1,1,0.8304685263840661
3,202,ET,713,1,1,0.9480009989004243
3,202,ET,4803,1,1,0.9589762597937674
3,202,ET,7312,1,1,0.9521634430141555
3,202,ET,7608,0,1,0.8065040244596545
3,202,ET,2938,1,1,0.9941373481511601
3,202,ET,639,1,1,0.9895614538513856
3,202,ET,4975,0,0,0.4135665578731145
3,202,ET,1131,0,0,0.17351555548818845
3,202,ET,5017,0,0,0.1529108191772682
3,202,ET,8870,1,1,0.9117333818588436
3,202,ET,3312,0,0,0.015653675855844824
3,202,ET,6605,1,1,0.9951233097618158
3,202,ET,7022,1,0,0.11649354587801108
3,202,ET,8983,1,1,0.8227532287533171
3,202,ET,8114,1,1,0.9394035491040019
3,202,ET,6313,1,0,0.1988114929503361
3,202,ET,2044,1,1,0.9471193676934043
3,202,ET,6740,1,1,0.8892991157440796
3,202,ET,8294,0,0,0.21408093501380449
3,202,ET,6304,1,1,0.9619262485289414
3,202,ET,8079,1,1,0.9792653999584585
3,202,ET,4675,1,1,0.9934001507875776
3,202,ET,1584,1,1,0.9790385232436758
3,202,ET,2788,0,0,0.30461402628382617
3,202,ET,5882,1,0,0.170592797022142
3,202,ET,6728,0,0,0.4801910930049872
3,202,ET,8600,1,1,0.9447697195219862
3,202,ET,2622,0,0,0.00040576988722679865
3,202,ET,4046,1,1,0.9826025530166187
3,202,ET,1271,1,1,0.9968660074165635
3,202,ET,2896,1,1,0.9781637716967057
3,202,ET,1352,1,1,0.7973767658974223
3,202,ET,3941,1,0,0.48223648973272953
3,202,ET,226,0,1,0.6257514530316205
3,202,ET,92,1,0,0.22055182233961126
3,202,ET,7312,1,1,0.9521634430141555
3,202,ET,4843,1,1,0.9701609152034281
3,202,ET,6539,0,0,0.0011403580561679645
3,202,ET,8457,0,0,0.17204924892743256
3,202,ET,1746,1,1,0.9794013590257018
3,202,ET,2604,1,1,0.997878249829057
3,202,ET,3852,0,0,0.4684706262120427
3,202,ET,7101,1,1,0.9706274131263882
3,202,ET,8907,1,1,0.8014589490216469
3,202,ET,348,1,0,0.4408140367863221
3,202,ET,1878,1,1,0.9944620658052084
3,202,ET,4145,0,0,0.08764843371243297
3,202,ET,881,1,1,0.7542878432778686
3,202,ET,1114,1,1,0.9906010822134225
3,202,ET,883,1,1,0.9065424859564712
3,202,ET,1226,1,1,0.8811714791663501
3,202,ET,340,1,1,0.5488693398481597
3,202,ET,4492,0,0,0.0003006040299493685
3,202,ET,8125,1,0,0.3126037610817899
3,202,ET,424,1,1,0.8352967406753616
3,202,ET,1416,1,1,0.9965320781663632
3,202,ET,2035,0,0,0.13397999478491301
3,202,ET,8930,1,1,0.7005125296201865
3,202,ET,8415,0,0,0.12565846222246574
3,202,ET,2346,1,1,0.9886669246135564
3,202,ET,4646,1,1,0.9557496749518799
3,202,ET,6625,1,1,0.9818908734758365
3,202,ET,8021,1,1,0.9806194805121721
3,202,ET,4,0,0,0.2462605204915775
3,202,ET,2767,1,0,0.02090610759987914
3,202,ET,672,1,1,0.9665401148145641
3,202,ET,9161,1,1,0.9843206015267424
3,202,ET,6896,1,1,0.9645500848592358
3,202,ET,2794,1,0,0.17490093873136434
3,202,ET,1050,1,1,0.97051898645121
3,202,ET,8112,1,1,0.9972688302226261
3,202,ET,537,1,1,0.8575576233452621
3,202,ET,4007,0,0,0.21062726425625175
3,202,ET,5288,0,0,0.24526780027596679
3,202,ET,8763,1,1,0.8083966517269816
3,202,ET,2643,1,1,0.9801810438506711
3,202,ET,668,1,1,0.7251790349547719
3,202,ET,5797,0,0,0.2885930930783125
3,202,ET,6110,0,0,0.17397914764223213
3,202,ET,102,0,1,0.6234591561710312
3,202,ET,4597,0,0,0.27606782716828954
3,202,ET,7887,0,0,0.39648601704577563
3,202,ET,8699,1,1,0.8900866807547897
3,202,ET,335,1,1,0.6354142281232147
3,202,ET,7992,1,1,0.6277231375793606
3,202,ET,1009,1,1,0.9847188455197692
3,202,ET,4313,1,1,0.9762517892200016
3,202,ET,4887,0,0,0.1523215613976106
3,202,ET,5927,1,1,0.9316176338589233
3,202,ET,1512,1,1,0.9960957532644408
3,202,ET,9567,1,1,0.9100202735702265
3,202,ET,4226,1,1,0.9988822390728883
3,202,ET,5561,0,0,0.49852751325693373
3,202,ET,5653,0,0,0.3452729812382826
3,202,ET,853,1,1,0.9226409879410673
3,202,ET,5503,0,0,0.40027437734167837
3,202,ET,8951,1,1,0.8588068913167818
3,202,ET,6997,1,1,0.7911569163872059
3,202,ET,2473,1,1,0.6924610650088838
3,202,ET,6079,1,1,0.8196430136850776
3,202,ET,3890,0,0,0.4130461652934141
3,202,ET,5710,0,0,0.3474343133322316
3,202,ET,5375,0,0,0.0006630571296562205
3,202,ET,8600,1,1,0.9447697195219862
3,202,ET,7276,1,1,1.0
3,202,ET,7912,1,1,0.5061073888361993
3,202,ET,159,1,0,0.11365960761868026
3,202,ET,7959,1,1,0.9988436654095062
3,202,ET,8252,1,1,0.9166401575046649
3,202,ET,4491,1,1,0.9401172931864009
3,202,ET,8931,1,1,0.926951360725456
3,202,ET,209,0,0,0.31979250416245986
3,202,ET,4869,1,1,0.9816582147059938
3,202,ET,1720,1,1,0.9876881678263337
3,202,ET,2224,1,1,0.903105387253314
3,202,ET,1254,1,1,0.9384665539591158
3,202,ET,4101,0,0,0.10440352230426882
3,202,ET,6313,1,0,0.1988114929503361
3,202,ET,5697,0,0,0.2974222772423103
3,202,ET,2788,0,0,0.30461402628382617
3,202,ET,8925,1,1,0.9810072106913417
3,202,ET,6682,1,0,0.09208171780455023
3,202,ET,3222,1,1,0.8515512666505587
3,202,ET,8038,0,0,0.2463668677005507
3,202,ET,8214,1,0,0.3315491193726924
3,202,ET,6129,1,1,0.9797508403370051
3,202,ET,5277,0,0,0.3628700818101869
3,202,ET,3290,1,0,0.007193316121822588
3,202,ET,8377,0,0,0.12059658702593139
3,202,ET,4644,0,0,0.020039225801951083
3,202,ET,6741,1,1,0.5012782578659679
3,202,ET,5905,1,1,0.9994693723506946
3,202,ET,6140,1,1,0.9541825054203468
3,202,ET,5680,0,0,0.35675463583540096
3,202,ET,4372,1,1,0.9676823347954937
3,202,ET,1137,1,1,0.9952972138164824
3,202,ET,4521,0,0,0.03125911027520801
3,202,ET,2123,1,1,0.9549453918373112
3,202,ET,621,1,1,0.9559486234264013
3,202,ET,5107,1,1,0.9508357804563666
3,202,ET,2286,1,1,0.7837850235286442
3,202,ET,2766,1,0,0.01892792568824226
3,202,ET,929,1,1,0.8925961374305987
3,202,ET,7183,0,0,0.13847817143386967
3,202,ET,3745,0,1,0.5509985085366058
3,202,ET,6137,1,0,0.08975642685110749
3,202,ET,4168,0,0,0.01013105012463037
3,202,ET,6783,1,0,0.14753583596693817
3,202,ET,5290,0,0,0.43375751541768476
3,202,ET,7229,1,1,0.96511438291906
3,202,ET,8681,1,1,0.9661015914908808
3,202,ET,7455,1,1,0.9701801269272295
3,202,ET,6866,1,1,0.998640204299891
3,202,ET,7637,0,0,0.358643341653993
3,202,ET,4439,0,0,0.02039219607607058
3,202,ET,3336,1,1,1.0
3,202,ET,6848,0,0,0.0172598796195585
3,202,ET,4388,0,0,0.10164327948863884
3,202,ET,8555,1,1,0.9373295874215395
3,202,ET,3747,0,1,0.5286640039131993
3,202,ET,2318,1,1,0.9198286923131092
3,202,ET,8056,1,1,0.9460230075761481
3,202,ET,6605,1,1,0.9951233097618158
3,202,ET,149,1,1,0.7780172094676902
3,202,ET,2374,1,1,0.98650969842459
3,202,ET,1772,1,1,0.9453246839419327
3,202,ET,4895,0,1,0.5751482853700469
3,202,ET,3917,0,1,0.7655128401951482
3,202,ET,1242,1,1,0.8480710779300956
3,202,ET,5036,1,1,0.5912734035228061
3,202,ET,3911,0,0,0.3771002555121751
3,202,ET,5101,0,1,0.586302591047539
3,202,ET,8411,0,0,0.3367900852046181
3,202,ET,8231,1,1,0.9602211814871799
3,202,ET,7059,1,1,0.850824579172
3,202,ET,4367,0,0,0.4625878697640253
3,202,ET,574,1,1,0.993195229717779
3,202,ET,8013,0,0,0.1884642295966836
3,202,ET,1318,0,0,0.001510564624636781
3,202,ET,2897,1,1,0.9764253125404755
3,202,ET,4757,1,1,1.0
3,202,ET,4593,1,1,1.0
3,202,ET,6923,1,1,0.9982919557766969
3,202,ET,5667,0,0,0.14639473684551474
3,202,ET,293,1,1,0.9300963513173135
3,202,ET,4439,0,0,0.02039219607607058
3,202,ET,1927,1,1,0.8739711586914036
3,202,ET,9136,1,1,0.9501235346466552
3,202,ET,7151,1,1,0.9918979349225919
3,202,ET,8216,0,0,0.020230302017415717
3,202,ET,1098,0,0,0.12433868038212845
3,202,ET,2318,1,1,0.9198286923131092
3,202,ET,5797,0,0,0.2885930930783125
3,202,ET,330,1,1,0.9045157787096724
3,202,ET,9544,1,1,0.989686593271312
3,202,ET,2296,1,1,0.6083112866724542
3,202,ET,7917,1,1,0.9707127576810701
3,202,ET,3733,0,1,0.7288637079290428
3,202,ET,8530,1,1,0.998204651627328
3,202,ET,8457,0,0,0.17204924892743256
3,202,ET,2567,1,0,0.07997508345987943
3,202,ET,8644,1,1,0.9985591149403344
3,202,ET,5512,1,1,0.9504372866495965
3,202,ET,7333,1,1,0.8457909505942003
3,202,ET,7790,1,1,0.9975233932276331
3,202,ET,6275,1,0,0.019380789121785563
3,202,ET,9570,1,1,0.9691362244959827
3,202,ET,3814,0,1,0.738327656154996
3,202,ET,5008,0,1,0.8216477884201885
3,202,ET,2929,1,1,0.9844773108574555
3,202,ET,9056,1,1,0.9760139206595957
3,202,ET,7022,1,0,0.11649354587801108
3,202,ET,2484,1,1,0.6921802812417608
3,202,ET,6129,1,1,0.9797508403370051
3,202,ET,4770,0,0,0.013578727360073505
3,202,ET,2604,1,1,0.997878249829057
3,202,ET,6355,1,0,0.13327047067553038
3,202,ET,4879,1,1,0.9967076052923947
3,202,ET,4782,1,1,1.0
3,202,ET,1878,1,1,0.9944620658052084
3,202,ET,391,1,1,1.0
3,202,ET,5874,1,1,0.9957630581757829
3,202,ET,6596,1,1,0.9527228403654249
3,202,ET,9460,1,1,0.90330583626681
3,202,ET,2985,1,1,0.992172734693523
3,202,ET,4717,0,0,0.14450182817650048
3,202,ET,7120,0,0,0.3106960895284181
3,202,ET,2544,1,1,0.9961729897842297
3,202,ET,8114,1,1,0.9394035491040019
3,202,ET,994,1,1,0.8837102335788973
3,202,ET,1089,1,1,0.9502128030492685
3,202,ET,1772,1,1,0.9453246839419327
3,202,ET,9421,1,1,0.9638798309217077
3,202,ET,6046,1,1,0.9756122875190025
3,202,ET,797,1,1,0.9502527545364113
3,202,ET,1352,1,1,0.7973767658974223
3,202,ET,9573,1,1,0.9806574300784179
3,202,ET,971,1,1,0.9991761123400883
3,202,ET,1881,1,1,1.0
3,202,ET,2084,1,1,0.9396958793012841
3,202,ET,7839,0,0,0.07306046547344325
3,202,ET,4274,1,1,0.9993455399626573
3,202,ET,1134,1,1,0.9926776423460922
3,202,ET,9550,1,1,0.9598078485808751
3,202,ET,8413,0,0,0.3921803443840177
3,202,ET,7571,0,1,0.976405219283248
3,202,ET,8470,0,0,0.12433868038212845
3,202,ET,9465,1,1,0.8257735793967861
3,202,ET,80,0,0,0.007985189510894579
3,202,ET,592,1,1,0.9661861572163309
3,202,ET,3858,1,0,0.33896012704122513
3,202,ET,8513,1,1,0.9341944376895582
3,202,ET,1029,0,0,0.14361087480738657
3,202,ET,2371,1,1,0.9298388940985899
3,202,ET,4761,0,0,0.21581876282579476
3,202,ET,7335,1,1,0.9954824985112257
3,202,ET,768,1,1,0.9638258077534442
3,202,ET,2239,1,1,0.9308678343385856
3,202,ET,1994,1,1,0.9099914230430902
3,202,ET,8563,1,1,0.8068225218513515
3,202,ET,2600,1,1,0.9824260108744163
3,202,ET,4808,1,1,0.9964182941903584
3,202,ET,877,1,1,0.9887350206653748
3,202,ET,4801,1,1,0.9986739245936105
3,202,ET,813,1,1,0.9696787419464972
3,202,ET,7961,1,1,0.974747318322951
3,202,ET,2300,0,0,0.013713682204394478
3,202,ET,5347,0,0,0.266733188190118
3,202,ET,1933,1,1,0.8713477983506823
3,202,ET,5639,0,1,0.6086962635645365
3,202,ET,9086,1,1,0.8327265146017533
3,202,ET,3312,0,0,0.015653675855844824
3,202,ET,6669,1,1,0.7651228800429788
3,202,ET,3849,1,1,0.7380662481576878
3,202,ET,9544,1,1,0.989686593271312
3,202,ET,2447,1,1,0.9854059305772569
3,202,ET,5945,0,0,0.3022609990237999
3,202,ET,5377,0,0,0.1874863208722666
3,202,ET,3943,1,1,0.5086694467307843
3,202,ET,8958,1,1,0.962857453374679
3,202,ET,6180,1,0,0.0025513893797678936
3,202,ET,8569,1,1,0.9316946762775611
3,202,ET,8170,1,1,0.9729053529470917
3,202,ET,6741,1,1,0.5012782578659679
3,202,ET,433,1,1,0.9110716819018053
3,202,ET,4564,1,1,0.9962047076622116
3,202,ET,4487,0,0,0.21607423213925983
3,202,ET,2608,1,1,0.9977078096997124
3,202,ET,5101,0,1,0.586302591047539
3,202,ET,8954,1,1,0.9542694099924823
3,202,ET,6137,1,0,0.08975642685110749
3,202,ET,925,1,1,0.9653419265525135
3,202,ET,1181,1,1,0.9977787773555816
3,202,ET,6328,1,1,0.994662348354582
3,202,ET,3865,1,1,0.5617663086462179
3,202,ET,5556,0,1,0.7535373972853574
3,202,ET,1788,1,1,1.0
3,202,ET,8249,1,1,0.9829365490774612
3,202,ET,4630,1,1,0.9993455399626573
3,202,ET,2819,1,1,0.9794207787418754
3,202,ET,564,1,1,0.7414811130660981
3,202,ET,389,1,0,0.48048966697927425
3,202,ET,543,1,1,0.5897467422544023
3,202,ET,3801,0,0,0.3599884516510359
3,202,ET,5383,0,0,0.1618735531412716
3,202,ET,4195,1,1,0.9981016449003844
3,202,ET,2633,1,1,0.9826025530166187
3,202,ET,6691,1,1,0.9851622824465519
3,202,ET,4157,1,1,0.9868886798636566
3,202,ET,2555,1,0,0.0009088827610907742
3,202,ET,7515,1,1,0.9868226907128876
3,202,ET,1780,1,1,0.9957111596149218
3,202,ET,8747,1,1,0.9705688168814692
3,202,ET,3221,1,0,0.010773934149434995
3,202,ET,8644,1,1,0.9985591149403344
3,202,ET,2997,1,0,0.005043336297170794
3,202,ET,8920,1,1,0.9186675944766196
3,202,ET,7699,1,1,0.9622703480679712
3,202,ET,7455,1,1,0.9701801269272295
3,202,ET,6719,1,1,0.8437160784608201
3,202,ET,6539,0,0,0.0011403580561679645
3,202,ET,2840,1,1,0.9852352581586208
3,202,ET,1053,1,1,0.9934250470198632
3,202,ET,4978,0,0,0.4147214384458361
3,202,ET,7060,1,1,0.9661670737886128
3,202,ET,8304,0,0,0.2906851166650773
3,202,ET,1712,1,1,0.99837002380496
3,202,ET,5495,1,0,0.41911346782440223
3,202,ET,4686,1,1,0.9984441268549212
3,202,ET,8944,1,1,0.8082078331743584
3,202,ET,3952,1,0,0.10591516727986655
3,202,ET,834,1,1,0.9747526167402436
3,202,ET,3906,1,1,0.7282099161479126
3,202,ET,8585,1,1,0.9437654385761511
3,202,ET,4988,0,0,0.41694227591148
3,202,ET,7453,1,1,0.9612397979368819
3,202,ET,9149,1,1,0.9805495912297538
3,202,ET,4670,1,1,0.9974784255090925
3,202,ET,4388,0,0,0.10164327948863884
3,202,ET,731,1,1,0.8954005074953442
3,202,ET,8726,1,1,0.970110214748047
3,202,ET,328,1,1,0.9898922436185057
3,202,ET,5611,0,0,0.2575289604973804
3,202,ET,4789,1,1,0.963669518834135
3,202,ET,2746,1,0,0.14006104047941928
3,202,ET,1254,1,1,0.9384665539591158
3,202,ET,8699,1,1,0.8900866807547897
3,202,ET,8789,1,1,0.912501402817644
3,202,ET,4405,1,1,0.9727137946210453
3,202,ET,7839,0,0,0.07306046547344325
3,202,ET,6624,1,1,0.9925994478214547
3,202,ET,6203,1,1,0.9752873249128666
3,202,ET,7257,0,0,0.2183251841420168
3,202,ET,1722,1,1,0.9654295113173287
3,202,ET,6440,1,0,0.3702451475557446
3,202,ET,6539,0,0,0.0011403580561679645
3,202,ET,9091,1,1,0.9516636929954337
3,202,ET,3733,0,1,0.7288637079290428
3,202,ET,2896,1,1,0.9781637716967057
3,202,ET,1416,1,1,0.9965320781663632
3,202,ET,9529,1,1,0.9310208311267587
3,202,ET,2762,1,0,0.2811926610396461
3,202,ET,2990,1,1,0.9934870201286105
3,202,ET,2123,1,1,0.9549453918373112
3,202,ET,8395,0,1,0.6817951494031806
3,202,ET,9573,1,1,0.9806574300784179
3,202,ET,23,0,1,0.5228839438294891
3,202,ET,2380,0,0,0.008522221683156151
3,202,ET,7608,0,1,0.8065040244596545
3,202,ET,8569,1,1,0.9316946762775611
3,202,ET,2320,1,1,0.9670478214473303
3,202,ET,8670,1,1,0.7687248624014363
3,202,ET,8459,0,0,0.2254225915921393
3,202,ET,8237,1,1,0.9139389652127484
3,202,ET,9437,1,1,0.9779493770626373
3,202,ET,7337,1,1,0.9647314766977009
3,202,ET,2436,1,1,0.9986763243038559
3,202,ET,4637,0,0,0.13043287060080316
3,202,ET,5680,0,0,0.35675463583540096
3,202,ET,9038,1,1,0.9232697618863367
3,202,ET,8419,0,0,0.12656924531380256
3,202,ET,2981,1,1,0.9880300296563086
3,202,ET,1078,0,0,0.08660704847089074
3,202,ET,1088,1,1,0.9204197592695748
3,202,ET,4331,0,0,0.20032707434322683
3,202,ET,9214,1,1,0.8979236814865043
3,202,ET,2604,1,1,0.997878249829057
3,202,ET,5332,0,0,0.11441529235348648
3,202,ET,3691,1,1,0.9993837746308711
3,202,ET,8602,1,1,0.8763682950733979
3,202,ET,4145,0,0,0.08764843371243297
3,202,ET,4593,1,1,1.0
3,202,ET,5917,1,0,0.12433868038212845
3,202,ET,5697,0,0,0.2974222772423103
3,202,ET,4661,1,1,0.9997551802112506
3,202,ET,6802,0,0,0.3476029219616145
3,202,ET,8474,0,0,0.2101941876792707
3,202,ET,7961,1,1,0.974747318322951
3,202,ET,4791,1,1,0.9953204600467084
3,202,ET,3312,0,0,0.015653675855844824
3,202,ET,1373,1,1,0.9993770745671556
3,202,ET,5249,0,1,0.5469112913777493
3,202,ET,1408,1,1,0.9960842578519885
3,202,ET,3930,0,1,0.6384284874679601
3,202,ET,1168,1,1,0.9971655145428459
3,202,ET,7722,1,1,0.9775258696060817
3,202,ET,1359,1,1,0.9867926038867739
3,202,ET,1235,0,0,0.23028695148514444
3,202,ET,9177,1,1,0.746020582281668
3,202,ET,2421,1,1,0.8660120521869045
3,202,ET,4138,0,0,0.27897507077771044
3,202,ET,8543,1,1,0.8496591393209083
3,202,ET,4313,1,1,0.9762517892200016
3,202,ET,4915,0,0,0.06740710504068755
3,202,ET,4324,0,0,0.24567266370962418
3,202,ET,3893,0,1,0.6472652556525408
3,202,ET,7886,0,1,0.559998532150799
3,202,ET,6440,1,0,0.3702451475557446
3,202,ET,5697,0,0,0.2974222772423103
3,202,ET,7664,0,0,0.26983191180748756
3,202,ET,1722,1,1,0.9654295113173287
3,202,ET,9000,1,1,0.9252968113256669
3,202,ET,4324,0,0,0.24567266370962418
3,202,ET,6702,1,1,0.9958609901544425
3,202,ET,8624,1,1,0.9334194386831531
3,202,ET,5550,0,0,0.3252970672744271
3,202,ET,1425,1,1,0.9740822977270116
3,202,ET,6529,1,0,0.003252289499772801
3,202,ET,2475,1,1,0.709708497599651
3,202,ET,6384,1,1,0.9897955858585124
3,202,ET,661,1,1,0.9166619653157343
3,202,ET,9154,1,1,0.9550572120333004
3,202,ET,9042,1,1,0.6118764263900921
3,202,ET,5430,1,1,0.7478214735787416
3,202,ET,1999,0,0,0.2944269820200542
3,202,ET,4961,0,1,0.7842476762447408
3,202,ET,5583,0,0,0.31467261794163476
3,202,ET,8313,0,0,0.019239184135056365
3,202,ET,4336,1,1,0.9794926015167901
3,202,ET,7750,0,0,0.40014460369565874
3,202,ET,53,0,0,0.1655406925211384
3,202,ET,4947,0,0,0.2098919941019123
3,202,ET,8340,0,0,0.107516525702636
3,202,ET,2349,1,1,0.9023011011820865
3,202,ET,1184,0,0,0.3081898152753174
3,202,ET,5790,0,0,0.4147345612093452
3,202,ET,7445,0,0,0.11054415973919934
3,202,ET,8311,0,0,0.016953416152650193
3,202,ET,4947,0,0,0.2098919941019123
3,202,ET,8170,1,1,0.9729053529470917
3,202,ET,2300,0,0,0.013713682204394478
3,202,ET,4535,1,1,0.9820949646873206
3,202,ET,7322,0,0,0.0003772275114704558
3,202,ET,4926,0,0,0.009605363226704395
3,202,ET,2673,1,0,0.25074038089285944
3,202,ET,3476,1,1,0.9105968706706025
3,202,ET,1600,0,0,0.2906851166650773
3,202,ET,1958,1,1,0.9911373499056391
3,202,ET,8251,1,1,0.7991702131152623
3,202,ET,7445,0,0,0.11054415973919934
3,202,ET,2898,1,1,0.9801994279263245
3,202,ET,3012,1,0,0.11711178796853695
3,202,ET,9086,1,1,0.8327265146017533
3,202,ET,457,1,1,0.803894866736427
3,202,ET,1088,1,1,0.9204197592695748
3,202,ET,4379,1,1,0.9843133051967747
3,202,ET,7344,1,0,0.20724095538787068
3,202,ET,3577,1,1,0.6166597225011298
3,202,ET,6355,1,0,0.13327047067553038
3,202,ET,3375,1,1,0.9079781473792115
3,202,ET,2421,1,1,0.8660120521869045
3,202,ET,8545,1,1,0.8279661434255623
3,202,ET,411,1,1,0.9672478759808252
3,202,ET,2388,1,1,0.7948950420017838
3,202,ET,6046,1,1,0.9756122875190025
3,202,ET,6053,1,1,0.9256852451141757
3,202,ET,2896,1,1,0.9781637716967057
3,202,ET,8875,1,1,0.9780512630743502
3,202,ET,2288,1,1,0.6855959964947346
3,202,ET,5014,0,0,0.4265683132152478
3,202,ET,9148,1,1,0.6372138893001968
3,202,ET,7337,1,1,0.9647314766977009
3,202,ET,2426,1,1,0.945340161271496
3,202,ET,5343,0,1,0.6169799658942491
3,202,ET,1177,1,1,0.9637866046519247
3,202,ET,9388,1,1,0.9502847495217633
3,202,ET,1590,1,1,0.9369714862880787
3,202,ET,430,1,1,0.9005377462465499
3,202,ET,7095,1,1,0.9873625239475115
3,202,ET,4803,1,1,0.9589762597937674
3,202,ET,3900,0,1,0.8839981413599823
3,202,ET,5389,1,1,0.7125438126824546
3,202,ET,4978,0,0,0.4147214384458361
3,202,ET,6542,1,1,0.9705547018736423
3,202,ET,6803,1,1,0.9797153627054006
3,202,ET,3858,1,0,0.33896012704122513
3,202,ET,4168,0,0,0.01013105012463037
3,202,ET,7819,0,1,0.5948144460970252
3,202,ET,4715,1,1,0.9730406745028822
3,202,ET,3797,0,1,0.6089075882554811
3,202,ET,3282,1,1,0.9820217853324711
3,202,ET,6845,1,0,0.24369798518340083
3,202,ET,16,0,0,0.3101440694581442
3,202,ET,9038,1,1,0.9232697618863367
3,202,ET,2520,1,1,0.9852556587366689
3,202,ET,3774,0,1,0.7419782104802272
3,202,ET,426,1,1,0.6919849811006221
3,202,ET,8912,1,1,0.8939396171944438
3,202,ET,6067,1,1,0.9962189435590506
3,202,ET,5495,1,0,0.41911346782440223
3,202,ET,7986,1,1,0.660791886503109
3,202,ET,2320,1,1,0.9670478214473303
3,202,ET,2374,1,1,0.98650969842459
3,202,ET,4532,1,1,0.9992913786357115
3,202,ET,1405,1,1,0.9294555738989994
3,202,ET,8430,0,0,0.03246804626210834
3,202,ET,6203,1,1,0.9752873249128666
3,202,ET,2480,1,1,0.8698819784206634
3,202,ET,4747,0,0,0.2989048411773744
3,202,ET,5159,1,1,0.886887220329733
3,202,ET,5612,0,1,0.5969378408891761
3,202,ET,9222,1,0,0.42092572404707
3,202,ET,8875,1,1,0.9780512630743502
3,202,ET,8815,1,1,0.7291932652827109
3,202,ET,9322,1,1,0.960002473516326
3,202,ET,290,1,1,0.5660029951698123
3,202,ET,425,1,1,0.6361721736977582
3,202,ET,2516,1,1,0.9833005881815704
3,202,ET,8420,0,0,0.10888037573954591
3,202,ET,2951,1,0,0.11901232521173628
3,202,ET,2410,1,1,0.9015869982336875
3,202,ET,2924,1,1,0.9831868213996837
3,202,ET,7444,0,0,0.003252289499772801
3,202,ET,533,1,1,0.9037829242322526
3,202,ET,9508,1,1,1.0
3,202,ET,3858,1,0,0.33896012704122513
3,202,ET,8699,1,1,0.8900866807547897
3,202,ET,7415,1,1,0.9690796459261916
3,202,ET,593,1,1,0.9728839098681276
3,202,ET,8223,0,1,0.808259899415025
3,202,ET,9015,1,1,0.9763434676248312
3,202,ET,3096,1,1,0.9834881784901129
3,202,ET,2313,1,1,0.8782371072715109
3,202,ET,4532,1,1,0.9992913786357115
3,202,ET,9539,1,1,0.9718913924014917
3,202,ET,6786,1,1,0.8674866352649443
3,202,ET,8951,1,1,0.8588068913167818
3,202,ET,5786,0,1,0.6281644924181771
3,202,ET,8566,1,1,0.9854640904914295
3,202,ET,6588,1,0,0.16326302622260402
3,202,ET,4597,0,0,0.27606782716828954
3,202,ET,7685,1,1,0.9323990774120057
3,202,ET,5373,0,0,0.12031408994756225
3,202,ET,5107,1,1,0.9508357804563666
3,202,ET,6845,1,0,0.24369798518340083
3,202,ET,4565,1,1,0.9816999111618868
3,202,ET,3930,0,1,0.6384284874679601
3,202,ET,6384,1,1,0.9897955858585124
3,202,ET,2728,1,1,0.9993455399626573
3,202,ET,1590,1,1,0.9369714862880787
3,202,ET,6997,1,1,0.7911569163872059
3,202,ET,6326,0,0,0.0015748703350141869
3,202,ET,8073,1,1,0.9404177967460575
3,202,ET,9204,1,1,0.8770930022267173
3,202,ET,2555,1,0,0.0009088827610907742
3,202,ET,6713,1,1,0.9991045735475895
3,202,ET,3060,1,0,0.004336477982308746
3,202,ET,4686,1,1,0.9984441268549212
3,202,ET,4669,1,1,0.9996218943559051
3,202,ET,5697,0,0,0.2974222772423103
3,202,ET,8566,1,1,0.9854640904914295
3,202,ET,6221,1,0,0.3106960895284181
3,202,ET,7796,0,0,0.04256242366047778
3,202,ET,5826,0,0,0.24221212208300538
3,202,ET,1821,1,1,0.9876680867929238
3,202,ET,1194,1,1,0.9882328512842312
3,202,ET,1970,1,1,0.9884901942009481
3,202,ET,5560,0,0,0.33287927597013683
3,202,ET,6218,0,0,0.4713718337437247
3,202,ET,1199,0,0,0.022203966142082553
3,202,ET,4770,0,0,0.013578727360073505
3,202,ET,7515,1,1,0.9868226907128876
3,202,ET,2498,0,1,0.6055382073206682
3,202,ET,4007,0,0,0.21062726425625175
3,202,ET,5680,0,0,0.35675463583540096
3,202,ET,1746,1,1,0.9794013590257018
3,202,ET,9551,1,1,0.8143629222525826
3,202,ET,5199,0,0,0.3330223173797719
3,202,ET,7205,1,1,0.5426063972661629
3,202,ET,7448,0,0,0.10163584917712482
3,202,ET,3419,1,1,0.9848196926938008
3,202,ET,6710,1,1,0.9530732702159115
3,202,ET,2489,1,0,0.1603377136711759
3,202,ET,2981,1,1,0.9880300296563086
3,202,ET,8056,1,1,0.9460230075761481
3,202,ET,5510,0,0,0.43068716740153595
3,202,ET,6528,1,0,0.10561733451772086
3,202,ET,6225,1,0,0.23592389347478
3,202,ET,841,1,1,0.7467704316486644
3,202,ET,3872,1,0,0.4361125939057034
3,202,ET,8136,1,0,0.32645923349789613
3,202,ET,8108,1,1,0.9905814729094963
3,202,ET,8051,1,1,0.9755353752874706
3,202,ET,9544,1,1,0.989686593271312
3,202,ET,8841,1,1,0.9095922363260135
3,202,ET,425,1,1,0.6361721736977582
3,202,ET,7026,0,0,0.29213586638522326
3,202,ET,437,1,1,0.7136284907856784
3,202,ET,2346,1,1,0.9886669246135564
3,202,ET,6251,1,1,0.9886509616423499
3,202,ET,2576,1,1,0.8674616785701265
3,202,ET,4655,1,1,0.9625639346616198
3,202,ET,1365,0,0,0.33259333749297254
3,202,ET,3344,1,1,0.9266461084490424
3,202,ET,782,1,1,0.7792053234959286
3,202,ET,5455,0,0,0.018687496021603175
3,202,ET,8817,1,1,0.7994786220885068
3,202,ET,592,1,1,0.9661861572163309
3,202,ET,5592,0,0,0.4335265895590838
3,202,ET,4055,1,1,0.9972836964933864
3,202,ET,4495,0,0,0.11833330976755439
3,202,ET,5277,0,0,0.3628700818101869
3,202,ET,7434,1,0,0.2139729529263454
3,202,ET,6182,1,0,0.18448762390808265
3,202,ET,1301,0,0,0.27897507077771044
3,202,ET,1368,1,1,0.9967649881915013
3,202,ET,5179,1,1,0.600574279733036
3,202,ET,8718,1,1,0.966038427779261
3,202,ET,1364,1,1,1.0
3,202,ET,5130,0,1,0.5175439191787622
3,202,ET,8484,0,0,0.3081898152753174
3,202,ET,2118,1,1,0.922498854133405
3,202,ET,293,1,1,0.9300963513173135
3,202,ET,279,1,1,0.9635324884907479
3,202,ET,3023,1,1,0.9388846298802784
3,202,ET,3410,1,1,0.9828679217114678
3,202,ET,7770,0,0,0.2128590559475515
3,202,ET,7697,1,1,0.8981370712473696
3,202,ET,8440,0,0,0.32057615541878076
3,202,ET,8207,1,1,0.9883275919343312
3,202,ET,1009,1,1,0.9847188455197692
3,202,ET,4494,0,0,0.13080070286944515
3,202,ET,6313,1,0,0.1988114929503361
3,202,ET,5551,0,0,0.32931865522273046
3,202,ET,1111,1,1,0.9824260108744163
3,202,ET,2035,0,0,0.13397999478491301
3,202,ET,4840,1,1,0.9105968706706025
3,202,ET,1512,1,1,0.9960957532644408
3,202,ET,8170,1,1,0.9729053529470917
3,202,ET,5547,0,1,0.774637249364774
3,202,ET,950,1,1,0.9985065356042543
3,202,ET,4722,1,1,0.9834881784901129
3,202,ET,2189,1,1,0.9908941081632845
3,202,ET,8873,1,1,0.9961149664441216
3,202,ET,828,1,1,0.8966111834474074
3,202,ET,4946,0,0,0.018687496021603175
3,202,ET,4696,1,1,0.9968334273993616
3,202,ET,3343,1,1,0.9994537357444051
3,202,ET,2489,1,0,0.1603377136711759
3,202,ET,7804,0,1,0.6129812459472231
3,202,ET,7114,1,0,0.47192341836581087
3,202,ET,5659,0,0,0.32003358977091906
3,202,ET,5140,1,1,0.9024558678059105
3,202,ET,9388,1,1,0.9502847495217633
3,202,ET,3030,1,1,0.9993360012531092
3,202,ET,3222,1,1,0.8515512666505587
3,202,ET,3593,1,1,0.9622587862939729
3,202,ET,1395,1,1,0.9646926936446464
3,202,ET,1483,1,1,0.8374344371035817
3,202,ET,9558,1,1,0.9971655145428459
3,202,ET,4075,0,0,0.17351555548818845
3,202,ET,7355,1,1,0.9952349574720138
3,202,ET,1389,1,1,0.9388846298802784
3,202,ET,7883,1,1,0.7218560946553241
3,202,ET,4467,1,1,0.9081153198169786
3,202,ET,5155,1,1,0.8059664083638802
3,202,ET,3855,1,1,0.9346178759114977
3,202,ET,8664,1,1,0.745914190999039
3,202,ET,9494,1,1,0.9911511617470405
3,202,ET,8606,1,1,0.8354736613347433
3,202,ET,4439,0,0,0.02039219607607058
3,202,ET,6180,1,0,0.0025513893797678936
3,202,ET,2549,1,1,0.9991045735475895
3,202,ET,6046,1,1,0.9756122875190025
3,202,ET,5548,1,1,0.8697544378830757
3,202,ET,5205,0,1,0.5112489473587079
3,202,ET,2199,1,1,0.6166597225011298
3,202,ET,8054,1,1,0.8359576370517335
3,202,ET,978,1,1,0.9774695979845323
3,202,ET,754,1,1,0.9291562342199614
3,202,ET,6848,0,0,0.0172598796195585
3,202,ET,9293,1,1,0.9986875363295351
3,202,ET,6318,1,0,0.000671885389939711
3,202,ET,359,1,1,0.7593835899010712
3,202,ET,5838,1,1,0.9373604432919725
3,202,ET,6000,1,0,0.0807011184863321
3,202,ET,2239,1,1,0.9308678343385856
3,202,ET,4007,0,0,0.21062726425625175
3,202,ET,7886,0,1,0.559998532150799
3,202,ET,5708,0,1,0.7155625730020853
3,202,ET,1501,1,1,0.7783334526126883
3,202,ET,1180,0,0,0.2605766889435291
3,202,ET,4194,1,1,0.9979270001851506
3,202,ET,6060,1,1,0.9997619454485704
3,202,ET,8370,0,0,0.1873833607740196
3,202,ET,2678,1,1,0.9834784002152164
3,202,ET,2600,1,1,0.9824260108744163
3,202,ET,6326,0,0,0.0015748703350141869
3,202,ET,1915,0,0,0.10753986075318402
3,202,ET,7761,1,1,0.9995066280602819
3,202,ET,8221,1,1,0.8978169614327045
3,202,ET,4865,1,1,0.9982787546772894
3,202,ET,9401,1,1,0.9982206398709458
3,202,ET,1050,1,1,0.97051898645121
3,202,ET,2377,1,1,0.8864437232190276
3,202,ET,2300,0,0,0.013713682204394478
3,202,ET,3315,1,1,0.9837974875008495
3,202,ET,5159,1,1,0.886887220329733
3,202,ET,7490,1,0,0.08879915676887551
3,202,ET,5861,1,1,0.9993259085038648
3,202,ET,5573,0,0,0.36368850193546653
3,202,ET,8140,1,1,0.9614029608524247
3,202,ET,9494,1,1,0.9911511617470405
3,202,ET,8735,1,1,0.9663418367946583
3,202,ET,4570,0,0,0.17656059149572406
3,202,ET,8415,0,0,0.12565846222246574
3,202,ET,2277,1,1,0.9903390308408597
3,202,ET,2517,1,1,0.9896924436958925
3,202,ET,9547,1,1,0.9841054811178234
3,202,ET,1009,1,1,0.9847188455197692
3,202,ET,6190,1,1,0.850824579172
3,202,ET,437,1,1,0.7136284907856784
3,202,ET,5815,0,0,0.4336172430481954
3,202,ET,6383,1,1,0.9693361048698329
3,202,ET,6267,1,1,0.8806585489441033
3,202,ET,1056,1,1,0.9922661410914183
3,202,ET,4696,1,1,0.9968334273993616
3,202,ET,7630,0,0,0.32902304273543964
3,202,ET,6713,1,1,0.9991045735475895
3,202,ET,5846,1,0,0.0006168685598264952
3,202,ET,661,1,1,0.9166619653157343
3,202,ET,6152,1,0,0.16318737977549072
3,202,ET,2474,1,1,0.8292581099470777
3,202,ET,1511,1,1,0.9503048479505507
3,202,ET,2022,0,0,0.05357375295262429
3,202,ET,213,1,1,0.9544879688751617
3,202,ET,9502,1,1,0.9992913786357115
3,202,ET,8961,1,1,0.9853808135290582
3,202,ET,3372,1,1,0.9427685832595405
3,202,ET,4873,1,1,0.9930483946231844
3,202,ET,7151,1,1,0.9918979349225919
3,202,ET,7148,1,1,1.0
3,202,ET,5455,0,0,0.018687496021603175
3,202,ET,9321,1,1,0.9992913786357115
3,202,ET,8958,1,1,0.962857453374679
3,202,ET,2123,1,1,0.9549453918373112
3,202,ET,7804,0,1,0.6129812459472231
3,202,ET,6645,1,1,0.8970793607345414
3,202,ET,97,0,0,0.21407313981796694
3,202,ET,5356,0,0,0.26887295417796786
3,202,ET,2273,1,1,0.9274995106319802
3,202,ET,2522,1,1,0.97899273616737
3,202,ET,4769,0,0,0.10753986075318402
3,202,ET,5985,1,1,0.9968660074165635
3,202,ET,4534,0,0,0.011379257460282162
3,202,ET,6596,1,1,0.9527228403654249
3,202,ET,3583,1,1,0.8775271541570119
3,202,ET,5639,0,1,0.6086962635645365
3,202,ET,1464,0,0,0.40014460369565874
3,202,ET,692,1,1,0.8205829668103515
3,202,ET,7234,0,0,0.27641265304091195
3,202,ET,9322,1,1,0.960002473516326
3,202,ET,139,1,1,0.6334566399903828
3,202,ET,5436,0,1,0.7424456829417954
3,202,ET,4467,1,1,0.9081153198169786
3,202,ET,6542,1,1,0.9705547018736423
3,202,ET,328,1,1,0.9898922436185057
3,202,ET,533,1,1,0.9037829242322526
3,202,ET,4659,0,0,0.28432759722437695
3,202,ET,7839,0,0,0.07306046547344325
3,202,ET,6588,1,0,0.16326302622260402
3,202,ET,418,1,1,0.8110472239664747
3,202,ET,5659,0,0,0.32003358977091906
3,202,ET,1346,1,1,0.9248883267804482
3,202,ET,9581,1,1,0.7921988559548871
3,202,ET,8186,1,1,0.9632809935060952
3,202,ET,9337,1,1,0.9997619454485704
3,202,ET,5146,1,1,0.903898139169698
3,202,ET,2384,1,1,0.8414519719640319
3,202,ET,2097,1,1,0.9847603204813158
3,202,ET,2436,1,1,0.9986763243038559
3,202,ET,3771,0,1,0.6691440261639262
3,202,ET,8437,0,0,0.000671885389939711
3,202,ET,9203,1,1,0.9334065688669297
3,202,ET,2982,1,1,0.9880300296563086
3,202,ET,4338,0,0,0.002950958336131717
3,202,ET,877,1,1,0.9887350206653748
3,202,ET,3011,1,0,0.14087316529107058
3,202,ET,6575,0,0,0.0015418007243204626
3,202,ET,2785,1,0,0.020678301301202868
3,202,ET,6259,1,1,0.9996218943559051
3,202,ET,2226,0,0,0.11833330976755439
3,202,ET,3410,1,1,0.9828679217114678
3,202,ET,2967,1,1,0.9720966696071146
3,202,ET,4625,1,1,0.9896110486872409
3,202,ET,3546,1,1,0.9401172931864009
3,202,ET,2228,1,1,0.9188288941745955
3,202,ET,4956,0,0,0.18143126790954567
3,202,ET,5290,0,0,0.43375751541768476
3,202,ET,2414,1,1,0.9621055125317721
3,202,ET,8581,1,1,0.9962189435590506
3,202,ET,7828,1,1,0.9760020983321448
3,202,ET,814,1,1,0.9615808833184907
3,202,ET,2633,1,1,0.9826025530166187
3,202,ET,7005,1,0,0.10463724366517328
3,202,ET,4012,1,1,0.9671328622784511
3,202,ET,893,1,0,0.4636923574168698
3,202,ET,9012,1,1,0.8003448679434492
3,202,ET,9066,1,1,0.9289583206062357
3,202,ET,249,1,1,0.6292055377082232
3,202,ET,3942,1,0,0.48223648973272953
3,202,ET,5343,0,1,0.6169799658942491
3,202,ET,8429,0,0,0.26599817396184416
3,202,ET,2748,1,0,0.17147147639325885
3,202,ET,3531,1,0,0.21607423213925983
3,202,ET,6067,1,1,0.9962189435590506
3,202,ET,4322,0,0,0.47192341836581087
3,202,ET,1350,1,1,0.8887354234516404
3,202,ET,2609,1,1,0.9979351023210802
3,202,ET,6383,1,1,0.9693361048698329
3,202,ET,7670,1,0,0.2431835385834069
3,202,ET,9388,1,1,0.9502847495217633
3,202,ET,9235,1,1,0.9181803410454076
3,202,ET,2586,1,1,0.9417855339839617
3,202,ET,3338,1,1,0.9884901942009481
3,202,ET,9322,1,1,0.960002473516326
3,202,ET,4,0,0,0.2462605204915775
3,202,ET,7819,0,1,0.5948144460970252
3,202,ET,6845,1,0,0.24369798518340083
3,202,ET,3736,0,0,0.43421112713029825
3,202,ET,7534,1,1,0.9901376219997585
3,202,ET,7059,1,1,0.850824579172
3,202,ET,2417,1,1,0.9933539091890321
3,202,ET,2355,1,1,0.9357398456603743
3,202,ET,4636,1,1,0.9991570849165478
3,202,ET,1582,1,1,0.8325227972965952
3,202,ET,109,1,1,0.9737583535828434
3,202,ET,2346,1,1,0.9886669246135564
3,202,ET,4665,1,1,0.9516963239319279
3,202,ET,8365,0,0,0.0003252518124209907
3,202,ET,4183,1,1,0.9978585828916133
3,202,ET,2154,1,1,0.8736275812265327
3,202,ET,2190,1,1,0.8723705820397728
3,202,ET,8678,1,1,0.7760991863882973
3,202,ET,1242,1,1,0.8480710779300956
3,202,ET,557,1,1,0.8249770426699078
3,202,ET,5901,1,1,0.997878249829057
3,202,ET,7159,1,1,0.9935139322451326
3,202,ET,1072,1,1,0.9439384350614887
3,202,ET,5348,0,0,0.26232863266549494
3,202,ET,6304,1,1,0.9619262485289414
3,202,ET,5671,0,1,0.6309207700686319
3,202,ET,5256,0,1,0.6549319841455701
3,202,ET,8378,0,0,0.1775832073309909
3,202,ET,7770,0,0,0.2128590559475515
3,202,ET,2473,1,1,0.6924610650088838
3,202,ET,41,0,1,0.6704310834836249
3,202,ET,3046,1,1,0.897914322859084
3,202,ET,7918,0,0,0.28198452214939745
3,202,ET,3375,1,1,0.9079781473792115
3,202,ET,9242,1,1,0.8874281876596324
3,202,ET,4615,1,1,0.9797153627054006
3,202,ET,3952,1,0,0.10591516727986655
3,202,ET,8841,1,1,0.9095922363260135
3,202,ET,9320,1,1,0.895350608452973
3,202,ET,2389,1,1,0.9099979008185012
3,202,ET,2224,1,1,0.903105387253314
3,202,ET,6591,1,1,0.5358198149813095
3,202,ET,2296,1,1,0.6083112866724542
3,202,ET,5018,0,0,0.14959640807691257
3,202,ET,823,1,1,0.9696787419464972
3,202,ET,8926,1,1,0.9614579506110589
3,202,ET,2600,1,1,0.9824260108744163
3,202,ET,7205,1,1,0.5426063972661629
3,202,ET,2985,1,1,0.992172734693523
3,202,ET,556,1,1,0.7872445911069134
3,202,ET,3201,0,0,0.0006630571296562205
3,202,ET,2967,1,1,0.9720966696071146
3,202,ET,8214,1,0,0.3315491193726924
3,202,ET,5368,0,1,0.7755357561536406
3,202,ET,2511,1,1,0.8772625197935674
3,202,ET,8817,1,1,0.7994786220885068
3,202,ET,2929,1,1,0.9844773108574555
3,202,ET,1184,0,0,0.3081898152753174
3,202,ET,1402,1,1,0.9927096548261934
3,202,ET,5101,0,1,0.586302591047539
3,202,ET,7828,1,1,0.9760020983321448
3,202,ET,547,1,1,0.9658049541234386
3,202,ET,1826,1,1,0.974220021981065
3,202,ET,330,1,1,0.9045157787096724
3,202,ET,3852,0,0,0.4684706262120427
3,202,ET,6190,1,1,0.850824579172
3,202,ET,2377,1,1,0.8864437232190276
3,202,ET,8025,1,1,0.9882273894247733
3,202,ET,3135,1,1,0.9826076214122947
3,202,ET,4665,1,1,0.9516963239319279
3,202,ET,4226,1,1,0.9988822390728883
3,202,ET,2741,1,0,0.22799599288091746
3,202,ET,8735,1,1,0.9663418367946583
3,202,ET,2334,1,1,0.9249026857931915
3,202,ET,8570,1,1,0.9320570437266724
3,202,ET,9561,1,1,0.9722612769402813
3,202,ET,3172,0,0,0.022732590083510872
3,202,ET,2555,1,0,0.0009088827610907742
3,202,ET,401,1,1,0.8236213960485004
3,202,ET,7445,0,0,0.11054415973919934
3,202,ET,645,1,1,0.5551583626763763
3,202,ET,480,1,1,0.7854198596799722
3,202,ET,6829,1,1,0.9834784002152164
3,202,ET,5090,1,1,0.9022565296207725
3,202,ET,6573,0,0,0.08779631813019048
3,202,ET,8977,1,1,0.6146506124108062
3,202,ET,8458,0,0,0.11914429687020466
3,202,ET,7604,0,1,0.808259899415025
3,202,ET,4383,1,1,1.0
3,202,ET,7608,0,1,0.8065040244596545
3,202,ET,7918,0,0,0.28198452214939745
3,202,ET,4067,1,1,0.9996727699813287
3,202,ET,226,0,1,0.6257514530316205
3,202,ET,4797,1,1,0.9920105833321802
3,202,ET,3038,1,1,0.9752873249128666
3,202,ET,4579,1,1,0.9853325652074858
3,202,ET,4845,1,1,0.5502430158239979
3,202,ET,2549,1,1,0.9991045735475895
3,202,ET,3887,1,1,0.6688819149692918
3,202,ET,3375,1,1,0.9079781473792115
3,202,ET,8545,1,1,0.8279661434255623
3,202,ET,4669,1,1,0.9996218943559051
3,202,ET,5347,0,0,0.266733188190118
3,202,ET,3691,1,1,0.9993837746308711
3,202,ET,4817,0,0,0.05357375295262429
3,202,ET,3193,1,0,0.010773934149434995
3,202,ET,6740,1,1,0.8892991157440796
3,202,ET,6682,1,0,0.09208171780455023
3,202,ET,7333,1,1,0.8457909505942003
3,202,ET,1501,1,1,0.7783334526126883
3,202,ET,7386,1,1,0.986539763275499
3,202,ET,4295,1,0,0.4865059929197537
3,202,ET,4565,1,1,0.9816999111618868
3,202,ET,2055,0,0,0.06867533533685401
3,202,ET,821,1,1,0.8500813734241204
3,202,ET,6596,1,1,0.9527228403654249
3,202,ET,2555,1,0,0.0009088827610907742
3,202,ET,1554,1,1,0.9905675417698498
3,202,ET,1983,1,1,0.9629296386365424
3,202,ET,5861,1,1,0.9993259085038648
3,202,ET,9323,1,1,0.9966665646141846
3,202,ET,3385,1,1,0.9993360012531092
3,202,ET,1318,0,0,0.001510564624636781
3,202,ET,8664,1,1,0.745914190999039
3,202,ET,7114,1,0,0.47192341836581087
3,202,ET,1873,1,0,0.29884797498604787
3,202,ET,1226,1,1,0.8811714791663501
3,202,ET,8474,0,0,0.2101941876792707
3,202,ET,3714,0,1,0.6456136319746243
3,202,ET,1712,1,1,0.99837002380496
3,202,ET,1600,0,0,0.2906851166650773
3,202,ET,2349,1,1,0.9023011011820865
3,202,ET,3508,1,1,0.9829716718187173
3,202,ET,4956,0,0,0.18143126790954567
3,202,ET,4867,0,0,0.0005668635784157102
3,202,ET,275,1,0,0.10342533160158991
3,202,ET,8696,1,1,0.9480090472762356
3,202,ET,587,1,1,0.8561268275859416
3,202,ET,6529,1,0,0.003252289499772801
3,202,ET,9314,1,1,0.9796781325574316
3,202,ET,9214,1,1,0.8979236814865043
3,202,ET,7595,1,1,0.7662541188016819
3,202,ET,8051,1,1,0.9755353752874706
3,202,ET,3911,0,0,0.3771002555121751
3,202,ET,2004,1,1,0.9986568603213843
3,202,ET,990,0,1,0.9873963780516397
3,202,ET,5256,0,1,0.6549319841455701
3,202,ET,4324,0,0,0.24567266370962418
3,202,ET,7770,0,0,0.2128590559475515
3,202,ET,291,1,1,0.5660029951698123
3,202,ET,537,1,1,0.8575576233452621
3,202,ET,23,0,1,0.5228839438294891
3,202,ET,9551,1,1,0.8143629222525826
3,202,ET,3972,1,1,0.6216054659640492
3,202,ET,8316,0,0,0.15166272267852482
3,202,ET,828,1,1,0.8966111834474074
3,202,ET,8429,0,0,0.26599817396184416
3,202,ET,1712,1,1,0.99837002380496
3,202,ET,3975,1,1,0.7092688065110068
3,202,ET,4029,0,0,0.08660704847089074
3,202,ET,8290,0,0,0.18973460615575802
3,202,ET,9066,1,1,0.9289583206062357
3,202,ET,3614,1,0,0.0011917917720263317
3,202,ET,6633,1,1,0.9868776940499301
3,202,ET,564,1,1,0.7414811130660981
3,202,ET,5374,1,0,0.3904270195797173
3,202,ET,2508,1,1,0.9811918992489058
3,202,ET,8933,1,1,0.9429111655177747
3,202,ET,8565,1,1,0.8963862201824172
3,202,ET,1609,0,1,0.8567069120393657
3,202,ET,813,1,1,0.9696787419464972
3,202,ET,6850,1,0,0.3323542597124359
3,202,ET,9534,1,1,0.9348529988069917
3,202,ET,3643,1,1,0.968309427759154
3,202,ET,7448,0,0,0.10163584917712482
3,202,ET,2118,1,1,0.922498854133405
3,202,ET,6845,1,0,0.24369798518340083
3,202,ET,4590,1,1,1.0
3,202,ET,5689,0,0,0.3948598377951721
3,202,ET,3290,1,0,0.007193316121822588
3,202,ET,2938,1,1,0.9941373481511601
3,202,ET,4541,1,1,0.9657443671951159
3,202,ET,1314,1,1,0.9975186326689672
3,202,ET,1123,1,1,0.9996727699813287
3,202,ET,5249,0,1,0.5469112913777493
3,202,ET,5501,0,0,0.028144446832676577
3,202,ET,2909,1,1,0.9761613262523258
3,202,ET,5250,0,1,0.5413900609127726
3,202,ET,883,1,1,0.9065424859564712
3,202,ET,2909,1,1,0.9761613262523258
3,202,ET,8933,1,1,0.9429111655177747
3,202,ET,3476,1,1,0.9105968706706025
3,202,ET,3952,1,0,0.10591516727986655
3,202,ET,3804,0,1,0.7187452742152747
3,202,ET,8388,0,0,0.2010390270444066
3,202,ET,8154,1,1,0.9985827572714229
3,202,ET,3096,1,1,0.9834881784901129
3,202,ET,2300,0,0,0.013713682204394478
3,202,ET,1786,1,1,0.9885489293432822
3,202,ET,97,0,0,0.21407313981796694
3,202,ET,4991,1,0,0.25848582712571505
3,202,ET,2870,1,1,0.9988899549343003
3,202,ET,1540,1,1,0.9491071107530528
3,202,ET,2762,1,0,0.2811926610396461
3,202,ET,6783,1,0,0.14753583596693817
3,202,ET,3238,1,0,0.1817108543373208
3,202,ET,5088,1,1,0.6809957605401793
3,202,ET,7752,0,0,0.1420546413592848
3,202,ET,7773,0,1,0.881576594995475
3,202,ET,4887,0,0,0.1523215613976106
3,202,ET,1174,1,1,0.7485739351306164
3,202,ET,3851,0,0,0.2800647250666926
3,202,ET,1408,1,1,0.9960842578519885
3,202,ET,1072,1,1,0.9439384350614887
3,202,ET,1746,1,1,0.9794013590257018
3,202,ET,7205,1,1,0.5426063972661629
3,202,ET,504,1,1,0.9330793664103162
3,202,ET,7733,1,1,0.9800902723991324
3,202,ET,5966,1,0,0.23678038796993478
3,202,ET,7595,1,1,0.7662541188016819
3,202,ET,8993,1,1,0.9806487255207039
3,202,ET,1327,1,1,0.9809481483562821
3,202,ET,8958,1,1,0.962857453374679
3,202,ET,8283,0,0,0.4812519968375148
3,202,ET,4521,0,0,0.03125911027520801
3,202,ET,3902,0,1,0.6031632857883786
3,202,ET,4943,0,1,0.6013302423315429
3,202,ET,1324,1,1,0.9811676629942773
3,202,ET,5510,0,0,0.43068716740153595
3,202,ET,5017,0,0,0.1529108191772682
3,202,ET,1399,1,1,0.8804027501128774
3,202,ET,2881,1,1,0.9955427378262939
3,202,ET,2084,1,1,0.9396958793012841
3,202,ET,7115,0,0,0.21060436363060422
3,202,ET,3201,0,0,0.0006630571296562205
3,202,ET,6452,1,1,0.9690796459261916
3,202,ET,6016,1,0,0.1695967808897812
3,202,ET,1938,1,1,0.9862945840988026
3,202,ET,4465,1,1,0.9310421990736757
3,202,ET,9381,1,1,0.9993455399626573
3,202,ET,5927,1,1,0.9316176338589233
3,202,ET,4545,0,0,0.1019277270566913
3,202,ET,5283,0,1,0.5571268213186443
3,202,ET,3823,1,1,0.5504141101023622
3,202,ET,710,1,1,0.7931991490231896
3,202,ET,6389,1,1,1.0
3,202,ET,3957,0,0,0.10685447404291633
3,202,ET,5141,1,1,0.9589463760665674
3,202,ET,8122,0,0,0.1412809369031845
3,202,ET,5894,1,1,1.0
3,202,ET,5469,0,0,0.3541830447236099
3,202,ET,5039,0,1,0.6779147002971175
3,202,ET,6033,1,1,0.9990859050405588
3,202,ET,8912,1,1,0.8939396171944438
3,202,ET,2320,1,1,0.9670478214473303
3,202,ET,2377,1,1,0.8864437232190276
3,202,ET,1297,0,0,0.08950583184024336
3,202,ET,8681,1,1,0.9661015914908808
3,202,ET,4761,0,0,0.21581876282579476
3,202,ET,4319,1,1,0.8498830852412627
3,202,ET,7781,0,0,0.038911821967404114
3,202,ET,6250,1,1,0.9614677946261962
3,202,ET,9386,1,1,0.8868440736189334
3,202,ET,8365,0,0,0.0003252518124209907
3,202,ET,2498,0,1,0.6055382073206682
3,202,ET,6669,1,1,0.7651228800429788
3,202,ET,4655,1,1,0.9625639346616198
3,202,ET,335,1,1,0.6354142281232147
3,202,ET,3361,1,1,0.9837861270697005
3,202,ET,8360,0,0,0.11711178796853695
3,202,ET,8589,1,1,0.9221376285069294
3,202,ET,8607,1,1,0.7918926678853591
3,202,ET,3759,1,1,0.6910664450010549
3,202,ET,9422,1,1,0.9911319913183425
3,202,ET,1791,1,1,0.9897950998532882
3,202,ET,5861,1,1,0.9993259085038648
3,202,ET,3365,1,1,0.963669518834135
3,202,ET,2675,1,1,0.9977787773555816
3,202,ET,5019,0,0,0.4637661144501804
3,202,ET,5383,0,0,0.1618735531412716
3,202,ET,4681,1,1,0.9812782841117094
3,202,ET,159,1,0,0.11365960761868026
3,202,ET,6111,1,1,0.9965970492031455
3,202,ET,8330,0,0,0.044857471423975705
3,202,ET,7264,1,0,0.4268302440885352
3,202,ET,6836,0,0,0.22782580472215738
3,202,ET,7403,1,1,0.9910153096002033
3,202,ET,1139,0,0,0.12778489856785635
3,202,ET,8223,0,1,0.808259899415025
3,202,ET,3218,0,0,0.0006630571296562205
3,202,ET,1395,1,1,0.9646926936446464
3,202,ET,6016,1,0,0.1695967808897812
3,202,ET,7059,1,1,0.850824579172
3,202,ET,2576,1,1,0.8674616785701265
3,202,ET,3201,0,0,0.0006630571296562205
3,202,ET,4329,0,0,0.12117580848551558
3,202,ET,4022,1,1,0.9880667216191615
3,202,ET,5203,0,0,0.30452379684373115
3,202,ET,336,1,1,0.9573834609087826
3,202,ET,2489,1,0,0.1603377136711759
3,202,ET,2118,1,1,0.922498854133405
3,202,ET,507,1,1,0.8473739331945015
3,202,ET,4665,1,1,0.9516963239319279
3,202,ET,1047,1,1,0.9788202963949484
3,202,ET,174,1,1,0.9329126331971893
3,202,ET,2474,1,1,0.8292581099470777
3,202,ET,1958,1,1,0.9911373499056391
3,202,ET,8437,0,0,0.000671885389939711
3,202,ET,7357,1,1,0.6257339894993785
3,202,ET,4790,1,1,0.9907210879883473
3,202,ET,533,1,1,0.9037829242322526
3,202,ET,4564,1,1,0.9962047076622116
3,202,ET,1047,1,1,0.9788202963949484
3,202,ET,8362,0,0,0.2944668627218787
3,202,ET,1271,1,1,0.9968660074165635
3,202,ET,9078,1,0,0.3832316815969587
3,202,ET,7322,0,0,0.0003772275114704558
3,202,ET,7622,0,1,0.8211491751489342
3,202,ET,9567,1,1,0.9100202735702265
3,202,ET,4067,1,1,0.9996727699813287
3,202,ET,2609,1,1,0.9979351023210802
3,202,ET,9378,1,1,0.9952972138164824
3,202,ET,8598,1,1,0.8304685263840661
3,202,ET,3105,1,1,1.0
3,202,ET,7424,1,0,0.30095175625786025
3,202,ET,593,1,1,0.9728839098681276
3,202,ET,4029,0,0,0.08660704847089074
3,202,ET,4929,1,1,0.9948490006448276
3,202,ET,7647,0,1,0.7832841528560784
3,202,ET,1852,0,0,0.12031408994756225
3,202,ET,4228,0,0,0.18352779215743104
3,202,ET,352,0,1,0.7467877732378897
3,202,ET,6475,1,1,0.9973331846252403
3,202,ET,2824,1,1,0.9671253296444544
3,202,ET,4748,0,0,0.1988114929503361
3,202,ET,6532,0,0,0.11016575326677497
3,202,ET,1465,1,1,0.9176254854467008
3,202,ET,4880,1,1,0.9925197841323786
3,202,ET,159,1,0,0.11365960761868026
3,202,ET,7194,1,0,0.16531628569010187
3,202,ET,3971,1,1,0.52311671736897
3,202,ET,8054,1,1,0.8359576370517335
3,202,ET,6159,1,0,0.12059658702593139
3,202,ET,7542,1,0,0.43375751541768476
3,202,ET,7569,1,1,0.8698819784206634
3,202,ET,3410,1,1,0.9828679217114678
3,202,ET,348,1,0,0.4408140367863221
3,202,ET,1399,1,1,0.8804027501128774
3,202,ET,8738,1,1,0.9381090397422822
3,202,ET,5154,0,0,0.3711673446372186
3,202,ET,6654,1,1,0.8704865606654737
3,202,ET,4450,1,1,0.9806735768384575
3,202,ET,92,1,0,0.22055182233961126
3,202,ET,8823,1,1,0.9915012511541617
3,202,ET,8884,1,1,0.9626181194010431
3,202,ET,4016,1,1,0.9278486931133538
3,202,ET,5957,1,1,0.9977787773555816
3,202,ET,6218,0,0,0.4713718337437247
3,202,ET,5927,1,1,0.9316176338589233
3,202,ET,9059,1,1,0.6720390107624827
3,202,ET,2990,1,1,0.9934870201286105
3,202,ET,2349,1,1,0.9023011011820865
3,202,ET,7316,0,0,0.16183076680984537
3,202,ET,626,1,1,0.998440574800699
3,202,ET,5945,0,0,0.3022609990237999
3,202,ET,5640,0,1,0.5447311698246065
3,202,ET,1685,1,1,0.9497527031953528
3,202,ET,9005,1,1,0.9319581298016719
3,202,ET,2728,1,1,0.9993455399626573
3,202,ET,9551,1,1,0.8143629222525826
3,202,ET,8013,0,0,0.1884642295966836
3,202,ET,9005,1,1,0.9319581298016719
3,202,ET,3410,1,1,0.9828679217114678
3,202,ET,8864,1,1,0.9694759037479119
3,202,ET,5284,0,0,0.0763571331654988
3,202,ET,2313,1,1,0.8782371072715109
3,202,ET,4840,1,1,0.9105968706706025
3,202,ET,766,1,1,0.9985827572714229
3,202,ET,2811,1,0,0.12317157539612084
3,202,ET,8411,0,0,0.3367900852046181
3,202,ET,7992,1,1,0.6277231375793606
3,202,ET,1275,1,1,0.998640204299891
3,202,ET,7297,0,0,0.10722699336416293
3,202,ET,7810,1,1,0.9607122001786681
3,202,ET,4241,0,0,0.17269989585929024
3,202,ET,8056,1,1,0.9460230075761481
3,202,ET,1637,1,1,0.9540260258376835
3,202,ET,5107,1,1,0.9508357804563666
3,202,ET,11,0,0,0.47490473107132203
3,202,ET,4932,1,1,0.9774581238037962
3,202,ET,7328,1,1,0.9910021575110345
3,202,ET,3400,1,1,0.978939548886378
3,202,ET,8860,1,1,0.9128168664514372
3,202,ET,7886,0,1,0.559998532150799
3,202,ET,1189,0,0,0.2463668677005507
3,202,ET,159,1,0,0.11365960761868026
3,202,ET,2695,1,1,0.9681771539606736
3,202,ET,5336,0,0,0.08968920468537334
3,202,ET,5118,0,1,0.6334251078799134
3,202,ET,6796,1,1,0.9801633853577377
3,202,ET,7316,0,0,0.16183076680984537
3,202,ET,8530,1,1,0.998204651627328
3,202,ET,1968,1,1,0.9897955858585124
3,202,ET,5516,1,1,0.5636005252448497
3,202,ET,2766,1,0,0.01892792568824226
3,202,ET,8493,1,1,0.9609034485259711
3,202,ET,8891,1,1,0.8948445282059653
3,202,ET,6368,1,0,0.29142534616184856
3,202,ET,7140,1,1,0.9886509616423499
3,202,ET,5229,0,0,0.02964522512283545
3,202,ET,1088,1,1,0.9204197592695748
3,202,ET,4717,0,0,0.14450182817650048
3,202,ET,9323,1,1,0.9966665646141846
3,202,ET,4119,1,1,0.9996218943559051
3,202,ET,5224,0,0,0.001220331492673975
3,202,ET,5640,0,1,0.5447311698246065
3,202,ET,6480,1,1,0.9995772154470145
3,202,ET,7140,1,1,0.9886509616423499
3,202,ET,4269,0,0,0.2944668627218787
3,202,ET,2500,1,1,0.8647003266727147
3,202,ET,1712,1,1,0.99837002380496
3,202,ET,3217,1,0,0.09473409639956427
3,202,ET,1078,0,0,0.08660704847089074
3,202,ET,1943,0,0,0.2728798434259358
3,202,ET,5101,0,1,0.586302591047539
3,202,ET,4754,0,0,0.3886492957634535
3,202,ET,9546,1,1,0.9999508018581739
3,202,ET,1685,1,1,0.9497527031953528
3,202,ET,3792,1,0,0.42711075740772175
3,202,ET,7022,1,0,0.11649354587801108
3,202,ET,513,1,1,0.976664807649519
3,202,ET,3786,0,1,0.8270113497050783
3,202,ET,7403,1,1,0.9910153096002033
3,202,ET,3995,1,1,0.9930216288657898
3,202,ET,6091,1,1,0.9673843842487998
3,202,ET,1966,1,1,0.9482001341860087
3,202,ET,2489,1,0,0.1603377136711759
