model,index,y_true,y_pred,y_score
ET,3249,1,1,0.900989530308553
ET,3478,0,0,0.03810501833491877
ET,7812,1,1,0.9754234525409247
ET,5616,0,0,0.4166693737895364
ET,4266,1,1,0.9465191580047493
ET,8826,1,1,0.9865992063492064
ET,8169,1,1,0.8950886808435123
ET,965,1,1,0.9050621873624978
ET,1032,1,1,0.9480443880566153
ET,8750,1,1,0.8501668139418812
ET,5637,0,1,0.5748299481020966
ET,1319,0,0,0.3153239522314789
ET,2407,1,1,0.8460247303930469
ET,3404,1,1,0.8973627710116954
ET,9260,1,1,0.9714388611668885
ET,5943,1,1,0.9769118391901414
ET,7619,0,0,0.30460713266251194
ET,6557,1,1,0.8839453857242426
ET,7382,1,1,0.9977281646085995
ET,483,1,1,0.7512782079450184
ET,2328,1,1,0.91172280938592
ET,2163,1,1,0.9042923955282346
ET,8324,0,0,0.4498374618943403
ET,6623,1,1,0.9746675083242635
ET,344,1,1,0.8781032095689392
ET,8062,1,1,0.8343422545101121
ET,3970,1,0,0.4453783511497852
ET,6801,0,0,0.24567047632663763
ET,2341,1,1,0.9251317122436302
ET,38,0,0,0.2215583771534222
ET,2232,1,1,0.656832286481061
ET,1772,1,1,0.8240684241174517
ET,4630,1,1,0.9706175721662978
ET,1106,1,1,0.9905018829897568
ET,6398,1,0,0.01996801132262651
ET,4170,0,0,0.43702731035318765
ET,4186,1,1,0.987236643721047
ET,7078,1,1,0.9556795985525912
ET,6448,1,1,0.9005991214349531
ET,3889,1,0,0.33706952804171914
ET,2066,1,1,0.8523879102191877
ET,8645,1,1,0.9792708158508158
ET,6726,1,1,0.9922578332179096
ET,7737,1,1,0.825650094543866
ET,8141,1,1,0.5322253929715899
ET,4436,1,1,0.906667130688726
ET,8127,1,1,0.9814594856896623
ET,403,1,1,0.8416171918787978
ET,8877,1,1,0.8292133602091964
ET,2241,1,1,0.8087871653946378
ET,4898,0,0,0.06928129297351265
ET,7782,0,0,0.16126256793355978
ET,2023,0,0,0.014429311091545983
ET,2466,1,1,0.6502824385398815
ET,5572,0,0,0.22962017705354967
ET,492,1,0,0.26138209309005567
ET,5021,0,0,0.32442063492063494
ET,8408,0,0,0.017236877633936457
ET,1086,1,0,0.28603192127108634
ET,6804,0,0,0.09336258082399289
ET,4231,0,0,0.12417010663914688
ET,7639,0,1,0.8896881842843456
ET,4302,1,1,0.9102702663764651
ET,4052,1,1,0.9220079737301531
ET,1349,1,1,0.8622616183964508
ET,8550,1,0,0.38975307421998595
ET,393,1,1,0.8018040631192559
ET,5116,0,0,0.4418411280565479
ET,7090,1,1,0.9485312234984444
ET,5235,0,0,0.19778769841269844
ET,4074,0,0,0.01456366326748822
ET,5143,1,1,0.7941167302628834
ET,3960,0,0,0.19270362650214545
ET,5923,1,1,0.9579266625739444
ET,3438,1,0,0.19757150600670847
ET,2443,1,1,0.8099589227645408
ET,300,1,1,0.5329313054055734
ET,6635,1,1,0.8852718253968251
ET,293,1,1,0.7802841691225899
ET,2440,1,0,0.46913163710502503
ET,9399,1,1,0.985369180995247
ET,8023,1,1,0.8281209802715389
ET,7301,1,1,0.6405108185973546
ET,1150,1,1,0.9390625422327671
ET,7125,0,0,0.052978912385519016
ET,8147,1,1,0.9090561427192533
ET,2393,1,1,0.5226275094853758
ET,5994,0,0,0.025315385536453797
ET,4341,0,0,0.035816219976934266
ET,4201,1,1,0.931353451258884
ET,5865,1,1,0.6638121949281812
ET,6025,1,1,0.947283241728726
ET,2069,0,0,0.01085847838986103
ET,2031,0,0,0.0033702449627236604
ET,2115,1,1,0.944152586029826
ET,8037,0,0,0.019998015873015872
ET,4804,1,1,0.9834555557307156
ET,4964,0,0,0.330545634920635
ET,6071,1,1,0.572727031620538
ET,1417,1,1,0.9934791879572995
ET,1906,1,1,0.9572692153418012
ET,6162,1,1,0.772699995833932
ET,6088,1,1,0.9722300757933678
ET,6065,1,1,0.9878186306702981
ET,6378,1,1,0.7768264308011523
ET,2997,1,0,0.004534023178002137
ET,3144,0,0,0.11092439881257471
ET,6750,1,1,0.9618243099294775
ET,1630,1,1,0.6004539449513056
ET,9482,1,1,0.8275331126111312
ET,8906,1,1,0.560333273492304
ET,4327,0,0,0.021170564529077764
ET,2582,0,0,0.027393757753120394
ET,2621,0,0,0.01456366326748822
ET,8362,0,0,0.32066838374750184
ET,3995,1,1,0.9466597621828283
ET,806,1,1,0.822353046683447
ET,2279,1,1,0.9273986928124697
ET,9140,1,1,0.8225039671508746
ET,7792,0,0,0.002670001098563928
ET,6914,1,1,0.9992363905060456
ET,6650,1,1,0.979970397723839
ET,2925,1,1,0.8773204004703343
ET,5188,0,0,0.23177787866407695
ET,8578,1,1,0.9500017963509716
ET,1212,1,1,0.5332794751222873
ET,4140,0,0,0.43850549500103075
ET,4117,1,1,0.9878970752718876
ET,1928,1,1,0.5148778549883907
ET,129,0,0,0.2619327836526367
ET,4660,0,0,0.4406575869492911
ET,6055,1,1,0.6236839994872225
ET,5332,0,0,0.10973449797337652
ET,8928,1,1,0.864759438964512
ET,2557,1,0,0.012762839139773894
ET,7454,0,0,0.023484325883116948
ET,2528,1,1,0.9466597621828283
ET,8136,1,1,0.8383914891078361
ET,49,0,0,0.413712025615941
ET,8079,1,1,0.7895649657478971
ET,9039,1,1,0.5928793481632928
ET,456,1,1,0.7067644955821533
ET,7039,1,1,0.9068234809790319
ET,4743,1,0,0.015724792543288773
ET,2940,1,0,0.1989472133000715
ET,602,1,1,0.7690583927397973
ET,5566,0,0,0.3287203913840331
ET,7438,1,0,0.3394971421841501
ET,3615,1,1,0.7979276828361486
ET,678,1,1,0.6697370891652156
ET,3521,1,1,0.5435789413027331
ET,6333,1,0,0.035098815347277094
ET,96,0,0,0.24147300216490336
ET,9249,1,1,0.9163261176353313
ET,5505,0,0,0.23153832836758323
ET,1420,1,1,0.999242597275471
ET,3244,0,0,0.4109231985685937
ET,1476,0,1,0.8148876971576794
ET,1875,1,1,0.9670109151379173
ET,8682,1,1,0.9168524491974717
ET,7748,0,0,0.3764197408866526
ET,5095,0,0,0.017655817639927334
ET,2145,1,1,0.6352331638748704
ET,159,1,0,0.22054803321712627
ET,651,1,1,0.9821316776146213
ET,7238,0,0,0.01117658323712539
ET,8922,1,1,0.9438000882616432
ET,2248,1,1,0.8793568987935874
ET,4699,1,1,0.7460392082351446
ET,3858,1,0,0.24884669556652328
ET,7323,0,0,0.0033702449627236604
ET,5023,0,0,0.05829078283845507
ET,3687,1,1,0.5296150793650792
ET,8861,1,1,0.8212553781852019
ET,8838,1,1,0.772699995833932
ET,2306,1,1,0.7960293356399187
ET,6742,1,1,0.7893034386283725
ET,3109,1,1,0.8600862523818378
ET,5744,0,0,0.23900943588788967
ET,3308,1,1,0.754320663834536
ET,4710,0,0,0.20484046482857943
ET,746,1,1,0.871487403043428
ET,3105,1,1,0.9904642178708433
ET,2518,1,0,0.03268361565089508
ET,9245,1,1,0.9987424932249322
ET,7774,0,1,0.6478988260349948
ET,8119,1,1,0.7958700901553152
ET,1387,0,0,0.011912311741596338
ET,1837,1,1,0.8164654962668453
ET,5382,0,0,0.40007410273409255
ET,6218,0,0,0.021170564529077764
ET,275,1,0,0.07862349094168726
ET,2747,1,0,0.025315385536453797
ET,5788,0,0,0.24788894133277392
ET,5110,0,0,0.48566857452402834
ET,7133,1,1,0.9246367301952754
ET,4639,0,0,0.3114331817641689
ET,6499,1,1,0.9469579899132831
ET,2860,1,0,0.27627691251939374
ET,1397,1,1,0.8990810068452624
ET,4096,1,1,0.9464128129929751
ET,4993,0,0,0.3516543398894962
ET,8471,0,0,0.23835868284132386
ET,8368,0,0,0.030889367546318727
ET,8352,0,0,0.23524785078336083
ET,9392,1,1,0.9327543443762185
ET,3869,1,0,0.37106001498503005
ET,7356,1,1,0.5846039473425855
ET,8761,1,1,0.8633275758721072
ET,3313,1,1,0.8243729298075075
ET,2304,0,0,0.049293916662386444
ET,2798,1,1,0.9517526956097714
ET,2887,1,1,0.9397722517351519
ET,3056,1,0,0.0852233325058259
ET,636,1,1,0.5892991444243634
ET,1158,1,1,0.9532120131577296
ET,944,1,1,0.9255838281550376
ET,597,1,1,0.7497280018084718
ET,345,1,0,0.48401415257098934
ET,3017,1,1,0.824574235091963
ET,2644,0,0,0.09336258082399289
ET,7465,1,0,0.43746834986218425
ET,3378,1,1,0.9035971508512292
ET,8537,1,1,0.7628572169940782
ET,9511,1,1,0.9263311324870521
ET,7029,1,1,0.9831676858072133
ET,1953,1,1,0.9594491410934987
ET,6149,1,1,0.9240798049918104
ET,3904,0,1,0.707949586881967
ET,1405,1,1,0.9346146932881014
ET,4829,0,0,0.49785274258643725
ET,8656,1,1,0.9743563680360517
ET,4573,1,0,0.3458223228466344
ET,6556,1,0,0.39898909810522293
ET,3882,1,0,0.23048482220838765
ET,8430,0,0,0.09781019125920283
ET,2897,1,1,0.8838770235059296
ET,4349,1,1,0.9468946901305927
ET,2490,0,1,0.7143228441791583
ET,2030,0,0,0.23675871645061763
ET,9541,1,1,0.9141814397538429
ET,7854,1,1,0.7786220168476808
ET,9382,1,1,0.8627772484650112
ET,5465,0,0,0.00029017527188258897
ET,1131,0,0,0.011135267505913657
ET,6308,1,0,0.17103039922625715
ET,9211,1,1,0.9270236826868019
ET,3435,1,1,0.8880815735348014
ET,7343,0,1,0.6478603999253368
ET,5936,1,1,0.8886938505430895
ET,6177,1,1,0.6905060749444674
ET,4543,1,1,0.9613222360163337
ET,8256,0,0,0.12559439023265612
ET,6869,1,1,0.9878970752718876
ET,736,0,0,0.17317656559345893
ET,6873,0,0,0.010109694152811289
ET,7135,1,0,0.18623686517887544
ET,3821,0,1,0.5177539037681879
ET,1715,1,1,0.884877237309435
ET,2308,1,1,0.8183389509945377
ET,6331,1,1,0.9426332585926859
ET,1470,1,1,0.7829666016332892
ET,3621,1,1,0.8864629685125851
ET,518,1,1,0.8774477749888056
ET,4889,1,1,0.9230625961468916
ET,987,1,1,0.9210070944275188
ET,4983,0,0,0.21177605041444827
ET,2403,1,1,0.864130011675534
ET,6651,1,1,0.9689221549038761
ET,8083,1,1,0.90747097409333
ET,5697,0,0,0.32803467676058773
ET,539,1,1,0.8194223685798903
ET,753,1,1,0.9237339379667211
ET,2935,1,1,0.8786448642476837
ET,8010,0,0,0.14722817336535085
ET,7643,0,0,0.25291879561189023
ET,2462,1,1,0.8727370493807511
ET,5391,0,0,0.17543029233486507
ET,4643,0,0,0.025140873015873012
ET,3112,1,1,0.9561374029304933
ET,3361,1,1,0.9281530442319545
ET,3565,1,0,0.23373845691526174
ET,1054,1,1,0.8393276548367373
ET,8243,1,1,0.8793568987935874
ET,7604,0,0,0.44804304945611284
ET,7102,1,1,0.8057737796469631
ET,3774,0,1,0.5439430217118469
ET,1199,0,0,0.1740284718278948
ET,430,1,1,0.9287324794813304
ET,5791,0,0,0.3453923937490362
ET,7223,1,1,0.8831071200241232
ET,9353,1,1,0.9749424687055527
ET,556,1,1,0.8281603873069612
ET,9302,1,1,0.9922473809523809
ET,3964,1,1,0.6347788404083943
ET,6562,1,0,0.30925742114407306
ET,1050,1,1,0.9577966262003682
ET,9276,1,1,0.8263480644026144
ET,7113,1,1,0.6593550756870981
ET,7114,1,0,0.04303259533950061
ET,7511,1,0,0.3688076461556325
ET,1718,1,1,0.9342163963865536
ET,8121,0,0,0.26825583503123396
ET,1078,0,0,0.019383642393782093
ET,4495,0,0,0.00811565538847177
ET,8910,1,1,0.973782833397067
ET,7230,0,0,0.4199302177127018
ET,7226,0,0,0.0019434116526230154
ET,3007,1,0,0.20484046482857943
ET,4978,0,0,0.34306423373034756
ET,8896,1,1,0.8971020025523131
ET,5882,1,0,0.023688735710768637
ET,4821,1,1,0.9915211233512632
ET,8154,1,1,0.9305918463422087
ET,2483,0,0,0.028623539590254703
ET,6110,0,0,0.015188473238757867
ET,5378,0,0,0.005044833855580943
ET,1949,0,0,0.46387721761200446
ET,1883,1,1,0.9809165757076724
ET,2297,1,1,0.7891319671182182
ET,4655,1,1,0.7430915163120264
ET,544,1,1,0.7189227201658538
ET,4689,1,1,0.9917304519331701
ET,80,0,0,0.03232680304484616
ET,190,1,0,0.3688362748426578
ET,3573,1,1,0.5530550307042749
ET,2426,1,1,0.8456228927150344
ET,4483,1,1,0.8114825417378789
ET,3463,1,1,0.9834555557307156
ET,5375,0,0,0.1215253624066906
ET,8855,1,1,0.9925832321961061
ET,7121,0,0,0.1168051148926377
ET,8467,0,0,0.30509921628815495
ET,5512,1,0,0.3979246496715434
ET,5978,1,1,0.9221413394974755
ET,6209,1,1,0.6236744971968268
ET,2178,1,1,0.8219722506510067
ET,2266,1,1,0.740752065995825
ET,1323,1,1,0.9883856052741288
ET,5398,0,0,0.4300740694490694
ET,8727,1,1,0.724415837783652
ET,5373,0,0,0.13766601392531602
ET,7358,1,0,0.4058503721359235
ET,2926,1,1,0.8370737412725306
ET,9074,1,1,0.9696319868039255
ET,6234,0,1,0.7549488353858933
ET,7152,1,1,0.9872997983653998
ET,427,1,0,0.26727311266503245
ET,1090,1,1,0.6622047104177027
ET,5564,0,1,0.564763977993139
ET,6287,1,1,0.9371115744967391
ET,5992,0,0,0.3882457177221887
ET,1367,1,1,0.9965023420504256
ET,3781,1,1,0.5311252038969697
ET,7636,0,0,0.36361390192917414
ET,7478,1,0,0.19028801066768042
ET,8774,1,1,0.923424578973999
ET,6037,1,0,0.3158702278180229
ET,6085,1,1,0.8973254142511577
ET,6295,1,1,0.956686925555834
ET,2912,1,1,0.9463278480454709
ET,9457,1,1,0.9546216110277256
ET,7519,1,1,0.91172280938592
ET,3501,1,1,0.844510683784009
ET,5644,0,0,0.19310174017310278
ET,8660,1,1,0.9824367629376429
ET,2494,0,0,0.1937403721045036
ET,7953,0,0,0.1190328261444739
ET,4312,1,1,0.941825906458247
ET,1432,1,1,0.9105199558781846
ET,6216,1,1,0.7247514937822779
ET,3516,0,1,0.6088800638095653
ET,4107,0,0,0.014429311091545983
ET,2246,1,1,0.8918163219538287
ET,6598,1,1,0.8112287438047526
ET,8293,0,0,0.07466449631862389
ET,6509,1,1,0.6767091158059465
ET,6201,1,0,0.4866365952977613
ET,6807,1,1,0.8326058103427286
ET,4604,1,1,0.994891667791554
ET,5820,0,0,0.14813174763832657
ET,2363,1,1,0.915692032532889
ET,3599,1,1,0.9432358182638363
ET,1442,1,1,0.9122919519108962
ET,785,1,1,0.9938514072244128
ET,6238,1,1,0.9216976993729311
ET,1147,1,1,0.8886938505430895
ET,8498,1,1,0.7929786628197728
ET,1823,1,1,0.9625748163065079
ET,2532,1,0,0.04244635408580557
ET,4999,0,1,0.6181195608712967
ET,298,1,0,0.4317500714756186
ET,5140,1,1,0.879714685345767
ET,3856,0,0,0.16449523525304258
ET,7144,1,1,0.9536122753778714
ET,7790,1,1,0.9012882708371364
ET,2000,0,0,0.0891871359980942
ET,5337,0,0,0.2747533934446359
ET,3362,1,1,0.5184159495533488
ET,5123,1,1,0.7903094435287576
ET,7172,0,0,0.017236877633936457
ET,4470,1,1,0.8071431190454205
ET,9341,1,1,0.9457703942855521
ET,391,1,1,0.9904642178708433
ET,4948,0,0,0.03738044450990516
ET,5050,0,1,0.8403573478555911
ET,3857,0,0,0.3929937816967887
ET,6176,1,1,0.941861266489804
ET,4151,1,1,0.8920140962261022
ET,6078,1,0,0.02788760593422059
ET,8425,0,0,0.14764387974883297
ET,6729,1,1,0.8218286091133635
ET,8264,0,0,0.11029683872890392
ET,6769,0,0,0.013722114139791181
ET,7380,1,1,0.9029197273086144
ET,5311,1,1,0.6714449390890516
ET,2513,1,0,0.036851384704076014
ET,3660,1,1,0.8500166132645843
ET,6595,1,1,0.8864629685125851
ET,6131,1,1,0.991094717994081
ET,2227,0,0,0.0065299608187308275
ET,2634,1,1,0.8695458637474749
ET,1503,1,1,0.8312894845238916
ET,1339,1,1,0.9520933740495512
ET,3968,1,1,0.7545979083386206
ET,529,1,1,0.628611087719119
ET,5712,0,1,0.548064419121648
ET,341,1,0,0.206791621873335
ET,3632,1,1,0.7223249518389835
ET,3877,1,0,0.14948532331746944
ET,6941,1,1,0.9878186306702981
ET,759,1,1,0.9014977600360914
ET,5166,0,0,0.40007410273409255
ET,6617,1,1,0.896557942208355
ET,7284,1,1,0.9938514072244128
ET,5507,0,0,0.10893453860755313
ET,5098,1,1,0.7247734986763255
ET,2711,1,1,0.9468742035178975
ET,2316,1,1,0.6163400488400489
ET,6787,1,1,0.5241157757638542
ET,4047,1,1,0.9618243099294775
ET,5555,0,1,0.7804318032496689
ET,4243,0,0,0.27627691251939374
ET,7508,1,1,0.5273649309356846
ET,5141,1,1,0.9444014531711471
ET,2874,1,1,0.9397722517351519
ET,1219,1,1,0.6625077343100964
ET,8614,1,1,0.956245240049565
ET,7157,1,1,0.9628439932648619
ET,9349,1,1,0.7897494811158552
ET,1140,1,1,0.9497547827054186
ET,6460,1,1,0.9443713814035981
ET,5556,0,1,0.7934492358804083
ET,631,1,1,0.7674378660150736
ET,704,1,1,0.8909133966800864
ET,766,1,1,0.9389524056281666
ET,8994,1,1,0.8626668078714416
ET,6661,1,0,0.3413622803405809
ET,3014,1,1,0.861398502680833
ET,7592,1,1,0.9816772560315539
ET,2565,1,1,0.9512889449220961
ET,8945,1,1,0.5661416319787218
ET,8164,0,0,0.13464369794689682
ET,4688,1,1,0.9384330276545509
ET,7105,1,1,0.9778713148902385
ET,4959,0,0,0.4807525655716831
ET,5260,0,1,0.842374512979021
ET,5984,1,1,0.9927083333333334
ET,5467,0,0,0.48211783328702523
ET,3052,1,1,0.7195919237214876
ET,3064,1,0,0.021786250321373078
ET,2616,1,1,0.9792708158508158
ET,6854,1,1,0.9309731512494916
ET,4808,1,1,0.9899353519556616
ET,6247,1,1,0.945047371465431
ET,8061,1,1,0.8099334556698937
ET,4878,1,1,0.9576863790810907
ET,5647,1,1,0.6726326024365372
ET,2390,0,0,0.24148653312145513
ET,5263,1,1,0.5238265764813285
ET,5690,0,0,0.36450807468231494
ET,8839,1,1,0.910218125393948
ET,5292,0,0,0.31137384589573525
ET,5209,0,1,0.7339084169323349
ET,5888,1,1,0.9905018829897568
ET,2693,1,1,0.951544626301262
ET,2822,1,1,0.7476330215240149
ET,8947,1,1,0.8071186917134223
ET,3549,1,1,0.8736778244240436
ET,6407,1,1,0.9425161724604076
ET,5868,1,1,0.9697742180223762
ET,3387,0,0,0.4399011364232126
ET,4951,0,0,0.2588637404262405
ET,8992,1,1,0.6132503644756311
ET,3416,1,0,0.12430291230633038
ET,1281,0,0,0.31276832468198923
ET,6429,1,1,0.9825117056455366
ET,1,0,0,0.01452022027383944
ET,5086,0,1,0.741523301591196
ET,6714,1,1,0.9697742180223762
ET,3433,1,0,0.4137292206585687
ET,8616,1,1,0.8747633398978235
ET,5203,0,0,0.17879342052004318
ET,8280,1,1,0.9472135362425091
ET,3933,1,0,0.37221975368728016
ET,2594,1,1,0.8872127457796934
ET,8057,1,1,0.9255722414439783
ET,3329,1,1,0.933603318907636
ET,892,1,1,0.8846800389599341
ET,6585,1,1,0.8497357699404197
ET,1063,1,1,0.9123862295603757
ET,1601,0,0,0.279314016206939
ET,6643,1,1,0.8855103279241001
ET,5693,0,0,0.3617187334393219
ET,8075,1,0,0.030396989305673056
ET,5333,0,1,0.5016300136475957
ET,4830,1,1,0.9468169179373253
ET,139,1,1,0.5265153157054906
ET,6715,1,1,0.9714497961459005
ET,2775,1,1,0.9005991214349531
ET,7056,1,1,0.9518134218919535
ET,5132,1,0,0.20778553472671116
ET,5986,1,1,0.9878970752718876
ET,5408,0,0,0.2940141611391612
ET,3723,0,0,0.33747608053319367
ET,513,1,1,0.9366314842472703
ET,5604,0,0,0.17711953041015938
ET,4815,0,0,0.004955902330902331
ET,9507,1,1,0.7109243115692169
ET,8615,1,0,0.3203168852479595
ET,7075,1,0,0.2715623088855424
ET,4332,0,0,0.027346941438073015
ET,1628,1,1,0.7190564164101242
ET,2650,1,1,0.9769118391901414
ET,2473,1,1,0.6947006870092567
ET,9509,1,1,0.8804931133550109
ET,5124,0,1,0.9336783671957083
ET,4449,1,1,0.9434376610892308
ET,2071,1,0,0.42122462568341507
ET,6058,1,1,0.9904362407931242
ET,2827,1,1,0.7430915163120264
ET,5509,0,0,0.2502893605316862
ET,9153,1,1,0.9098691847047077
ET,4389,0,0,0.4109231985685937
ET,8982,1,1,0.6634751640889478
ET,2478,0,0,0.28519694398342826
ET,1390,1,1,0.9022481342076928
ET,3242,0,0,0.009618349432588666
ET,4586,1,1,0.9994685876239962
ET,3642,1,1,0.9029983579412573
ET,8456,0,0,0.014076264187493179
ET,3919,1,1,0.5250235624625245
ET,7486,0,0,0.006841906721801563
ET,6886,0,0,0.025140873015873012
ET,8281,1,1,0.9050370995407863
ET,2802,1,1,0.7198498936988511
ET,226,0,1,0.5461416687219892
ET,2673,1,0,0.00901144450634272
ET,1990,1,1,0.6470080268315441
ET,8406,0,0,0.023060331418286114
ET,3894,0,1,0.7248606791971948
ET,2170,1,1,0.6629547910407076
ET,4661,1,1,0.9865970506792057
ET,2726,1,1,0.9950693130575948
ET,2869,1,1,0.9904362407931242
ET,1110,1,1,0.9220079737301531
ET,2894,1,1,0.9122919519108962
ET,68,0,0,0.15494361111518573
ET,7904,1,1,0.5810421372904179
ET,1425,1,1,0.8822671388581133
ET,6130,1,0,0.04472152839725113
ET,3935,0,0,0.37839547123688033
ET,8533,1,1,0.7954549727673725
ET,9201,1,1,0.8597955045658545
ET,5905,1,1,0.9985253267973856
ET,6219,0,0,0.2873599236295
ET,9084,1,1,0.8216965991674969
ET,6821,0,0,0.016301180160129145
ET,8757,1,1,0.9111007065156831
ET,6868,1,1,0.9960974720972845
ET,4561,1,1,0.9498282351644111
ET,9506,1,1,0.8701425674855063
ET,5795,0,0,0.35290089155756355
ET,6338,0,0,0.011579291212119293
ET,5016,0,0,0.26126905501084796
ET,8763,1,1,0.7728789965289677
ET,6668,1,1,0.8083804227530018
ET,3716,0,1,0.631622121631361
ET,4539,1,1,0.951433483135337
ET,6210,1,1,0.8841403787495203
ET,8735,1,1,0.8929801042718521
ET,7441,1,0,0.46126373134730714
ET,4297,1,1,0.9578677737277458
ET,1886,1,1,0.9218934829376242
ET,3220,0,0,0.0037272684673950347
ET,7544,1,1,0.5364732768837097
ET,4752,0,0,0.11900844143647912
ET,4850,1,0,0.31684672619047627
ET,7310,1,1,0.809745349686544
ET,8016,0,0,0.21569508341571314
ET,4650,0,0,0.3153239522314789
ET,6346,1,1,0.9572692153418012
ET,5561,0,0,0.40836739555433565
ET,7701,1,1,0.6374744094886685
ET,2778,1,1,0.6767091158059465
ET,9472,1,1,0.6426328812623558
ET,1551,1,1,0.818729180445795
ET,5536,0,0,0.2786105697689887
ET,7190,0,0,0.32289207245967133
ET,9493,1,1,0.9029799377781589
ET,9099,1,0,0.17995948101894124
ET,6320,0,0,0.2083440844132607
ET,361,1,1,0.6264776125207419
ET,1381,1,1,0.861398502680833
ET,5287,0,0,0.11581462848297214
ET,4213,1,1,0.7430915163120264
ET,4953,0,0,0.38009805651090917
ET,4750,0,1,0.6726326024365372
ET,8965,1,1,0.8694712047687703
ET,2751,1,0,0.003523848335248031
ET,1638,1,1,0.7222613526724223
ET,2531,1,0,0.24643856582143842
ET,8895,1,1,0.9684646474506698
ET,3817,1,0,0.3451479250390358
ET,3789,0,0,0.361216924678252
ET,4777,0,0,0.2024653406116075
ET,3424,1,1,0.8561888217950397
ET,4646,1,1,0.907522279923575
ET,3336,1,1,0.9816772560315539
ET,2715,1,0,0.12234402744148505
ET,7248,0,0,0.07330421646396862
ET,7629,0,0,0.3344349145092288
ET,9411,1,1,0.9401143802889319
ET,7916,0,0,0.15551795944657487
ET,8881,1,1,0.8408045320473643
ET,5900,1,1,0.9701643907718299
ET,5924,1,1,0.8799979288572699
ET,4500,0,0,0.2422667913888266
ET,8433,0,0,0.2600354071933907
ET,2437,1,1,0.9829375203827326
ET,6789,1,1,0.9512889449220961
ET,6323,0,0,0.002625103446169454
ET,2070,0,0,0.22494547101033924
ET,9422,1,1,0.9666532459805635
ET,5254,0,1,0.6021768490224371
ET,3413,1,1,0.9502536578474858
ET,856,1,1,0.5644665368294208
ET,6226,1,1,0.8958241604624285
ET,8297,0,0,0.038285570348415864
ET,5732,0,0,0.2312136280308578
ET,2684,1,1,0.8325183556167315
ET,4041,1,1,0.9849318380346168
ET,3078,1,0,0.052978912385519016
ET,7955,0,0,0.4204569423989528
ET,5322,0,0,0.13881344451866068
ET,7958,1,1,0.549950417987437
ET,3393,1,1,0.9100928207933145
ET,2015,1,1,0.9960914324746293
ET,7477,1,0,0.06616143374619374
ET,7138,1,1,0.8158173172688419
ET,6387,1,1,0.9815652700097488
ET,9545,1,1,0.830891602155893
ET,6051,1,1,0.9248347078569473
ET,685,1,1,0.9456129101536132
ET,8501,1,0,0.409179885355177
ET,5663,0,0,0.005044833855580943
ET,7046,1,1,0.7460392082351446
ET,4442,1,1,0.9794062847852445
ET,7457,0,0,0.04342247949620473
ET,8765,1,1,0.9648988582842739
ET,8025,1,1,0.7405171738068432
ET,8026,0,0,0.49600750449119924
ET,1461,1,1,0.7873546578676074
ET,1727,1,1,0.9509508659543733
ET,1298,0,0,0.24366265866896042
ET,5831,0,0,0.41091565312279604
ET,1133,1,1,0.8909408340867218
ET,7272,1,1,0.9598472484038878
ET,4807,1,1,0.9914328433010356
ET,4944,0,1,0.7338547620664089
ET,5233,0,0,0.25003624503637584
ET,540,1,0,0.45837200655818555
ET,9069,1,1,0.9942036435786435
ET,954,1,1,0.8332273508785866
ET,2946,1,1,0.9967036435786436
ET,2298,0,0,0.05331973227803004
ET,573,1,0,0.37751076166848163
ET,3936,1,0,0.37839547123688033
ET,4503,0,0,0.39898909810522293
ET,1660,1,1,0.8841403787495203
ET,7474,0,0,0.39898909810522293
ET,9007,1,1,0.922320580753827
ET,8643,1,1,0.7994125091272073
ET,6007,1,0,0.31276832468198923
ET,147,0,0,0.3039157799012233
ET,3121,1,1,0.9729590501114427
ET,4,0,0,0.16173001685540966
ET,888,1,1,0.8888763741358683
ET,6927,1,1,0.9987220418470418
ET,9449,1,1,0.904802921922669
ET,6614,1,1,0.9029983579412573
ET,4062,1,1,1.0
ET,8811,1,1,0.8365697461131549
ET,7149,1,1,0.8854794441123761
ET,4003,1,1,0.9826633160822468
ET,2217,1,1,0.8254624416581413
ET,4110,1,1,0.9309731512494916
ET,5855,1,1,0.9463340453369501
ET,1853,0,0,0.011816529230843748
ET,3801,0,0,0.37030849889309875
ET,5734,0,0,0.15869474152412644
ET,2211,1,1,0.8839453857242426
ET,8204,1,1,0.8994080860254816
ET,1406,1,1,0.9482752593338035
ET,9362,1,1,0.8135621311813899
ET,7724,1,1,0.9788051297856596
ET,4296,1,1,0.7642771348666306
ET,4880,1,1,0.9746280749792259
ET,6642,1,1,0.9677599617417378
ET,9038,1,1,0.8483546768871822
ET,2150,1,1,0.6843668213632315
ET,5596,0,0,0.23148964008924577
ET,5587,0,0,0.04729771630485849
ET,9503,1,1,0.978572824472338
ET,5745,1,1,0.5821975908006336
ET,3567,1,0,0.030440474404815836
ET,3578,0,0,0.07375594328483472
ET,9340,1,1,0.9977281646085995
ET,1419,1,1,0.9912257824000668
ET,2580,0,0,0.039715245552968195
ET,1624,1,1,0.938399760513496
ET,6571,0,0,0.006841906721801563
ET,8284,1,0,0.49574164729703674
ET,1994,1,1,0.8777711286992497
ET,4823,1,1,0.9964801587301586
ET,3430,1,0,0.014429311091545983
ET,6150,0,0,0.339891579226423
ET,8348,0,0,0.21907723966779696
ET,9413,1,1,0.9384342906930102
ET,7005,1,0,0.3014357510448382
ET,7171,1,1,0.9123681426085741
ET,4771,0,0,0.16737107631977072
ET,5707,0,1,0.5602318074953593
ET,379,1,1,0.5496008163365229
ET,6508,0,0,0.08297016269849271
ET,8116,1,1,0.7720737434238688
ET,4164,1,1,0.6530124844598992
ET,6649,1,1,0.9831684108488055
ET,3711,1,0,0.46737645306596926
ET,3454,1,1,0.9915211233512632
ET,7764,1,1,0.6123456488359446
ET,4949,0,0,0.07307271234489558
ET,5414,0,0,0.03919478642176608
ET,5307,1,1,0.9772440464785099
ET,8438,0,0,0.44295657281994494
ET,7855,1,1,0.9220524071430032
ET,337,1,1,0.64148080034809
ET,5113,0,0,0.2759101649023918
ET,9190,1,1,0.6671062328685606
ET,6608,1,1,0.831406776556777
ET,8160,1,1,0.8116935252535413
ET,9282,1,1,0.8196560236626873
ET,1527,1,1,0.8031552166005222
ET,1327,1,1,0.8977429220844791
ET,6725,1,1,0.6468253073286365
ET,2744,1,0,0.010109694152811289
ET,4809,1,1,0.9959444444444443
ET,9499,1,1,0.8719015380822209
ET,6336,1,1,0.848991652137847
ET,5645,0,0,0.13766601392531602
ET,2540,1,1,0.9922578332179096
ET,4669,1,1,0.9987220418470418
ET,1423,1,1,0.9203160525311768
ET,3286,1,0,0.023060331418286114
ET,9477,1,1,0.9730128885771621
ET,9047,1,0,0.44230763680763696
ET,4759,1,1,0.8344503174100711
ET,1184,0,0,0.3170099191496543
ET,6221,1,0,0.15782519845170095
ET,741,1,1,0.9586874526162206
ET,3816,1,0,0.3833856600156118
ET,7858,1,1,0.9040110507812844
ET,37,0,0,0.38934321800938776
ET,3331,0,0,0.1765356244249906
ET,3189,0,0,0.005557210470424682
ET,2350,1,1,0.8645341275001311
ET,3293,1,1,0.631985966416297
ET,4350,1,1,0.985369180995247
ET,4268,0,0,0.19471442018091545
ET,2808,1,0,0.0075049394337900885
ET,1942,1,1,0.8299984497706252
ET,2782,1,1,0.8960634920634923
ET,780,1,1,0.754071451368588
ET,6097,1,0,0.19471442018091545
ET,1533,1,1,0.7493155503274115
ET,8051,1,1,0.9469503641219632
ET,1530,1,1,0.9402366275214376
ET,7337,1,1,0.8920140962261022
ET,4273,1,1,0.9604309171387375
ET,828,1,1,0.7674452803542328
ET,8913,1,1,0.9515562771293754
ET,647,1,1,0.5708493652281639
ET,7374,1,1,0.9544675188370465
ET,6865,1,1,0.9963194444444444
ET,7082,0,0,0.06650264867268851
ET,8681,1,1,0.9246139113697666
ET,2830,1,1,0.9910689250796635
ET,2527,1,1,0.9488170803802816
ET,4902,1,1,0.9464027944160653
ET,7434,1,1,0.7143228441791583
ET,8468,0,0,0.015173020141305494
ET,6870,0,0,0.31276832468198923
ET,4585,1,1,0.9932669677066228
ET,1422,1,1,0.9397722517351519
ET,4313,1,1,0.7190564164101242
ET,5285,1,1,0.9222028684027777
ET,2499,0,0,0.11064920099741524
ET,2503,1,0,0.26575818882666924
ET,8647,1,1,0.8873055034682544
ET,6456,1,1,0.9544168586789554
ET,7763,1,1,0.9637983152466723
ET,4134,0,0,0.3114331817641689
ET,8238,1,1,0.7673528031400604
ET,4798,1,1,0.9977281646085995
ET,5755,0,1,0.60098855569018
ET,8369,0,0,0.022558992238820387
ET,5867,1,1,0.820801903587207
ET,2764,1,0,0.43850549500103075
ET,3332,1,1,0.7804102464522596
ET,5437,0,0,0.3241142728720107
ET,2508,1,1,0.9227411425694017
ET,279,1,1,0.7880589838752496
ET,8600,1,1,0.8973254142511577
ET,5288,0,0,0.27466042392566786
ET,2939,1,0,0.1989472133000715
ET,4749,0,0,0.01910719706138684
ET,7350,1,1,0.983262588274088
ET,6736,1,0,0.3458223228466344
ET,2781,1,1,0.9755341530054646
ET,228,1,1,0.508572812793765
ET,2182,1,1,0.9412716374083563
ET,2290,1,1,0.8120762025970278
ET,7385,1,1,0.9384805007632031
ET,149,1,0,0.43309091459601
ET,5340,0,0,0.07612179148715921
ET,1411,1,1,0.96409307639079
ET,950,1,1,0.9645155419501492
ET,797,1,1,0.8047199540591238
ET,1610,0,0,0.21479837115875766
ET,7771,0,0,0.3645420178092592
ET,3231,1,1,0.9353292440720231
ET,9343,1,1,0.9227197504023341
ET,9288,1,1,0.9419538624119095
ET,9393,1,1,0.9693537857084764
ET,1798,1,1,0.9791007510348261
ET,838,1,1,0.7895649657478971
ET,3851,0,0,0.24240688532925136
ET,7712,1,1,0.6310221632512655
ET,1741,1,1,0.962567912150808
ET,4719,0,0,0.2873599236295
ET,4138,0,0,0.09913042566683027
ET,1620,1,1,0.9395119773695672
ET,7948,0,1,0.9328664020464522
ET,2012,1,1,0.9834555557307156
ET,6727,0,0,0.3111316374713753
ET,4011,1,1,0.8254332422644837
ET,8733,1,1,0.9360943179771317
ET,1997,1,1,0.9076551217475475
ET,9580,1,0,0.3225299771522396
ET,2225,1,0,0.4390523651166135
ET,5812,1,1,0.7689620650158284
ET,5675,0,0,0.26883894948380954
ET,9214,1,1,0.8736640886383276
ET,3495,1,1,0.6847388397667296
ET,3053,1,1,0.7247514937822779
ET,6936,1,1,0.9258256581057216
ET,3270,1,0,0.01117658323712539
ET,5281,0,1,0.6302476135668136
ET,6507,1,1,0.9517526956097714
ET,5701,0,0,0.15873195813383215
ET,7370,1,1,0.5016300136475957
ET,4498,1,1,0.9413772018430248
ET,5253,0,0,0.12404747653964268
ET,7687,0,0,0.23344942418717196
ET,744,1,1,0.7832823664762231
ET,2630,1,0,0.022119733946970577
ET,5987,1,1,0.9925182209874212
ET,8050,0,1,0.5008559832474306
ET,2025,1,1,0.9915211233512632
ET,5449,0,0,0.03268361565089508
ET,5395,0,0,0.24372613377311922
ET,7622,0,1,0.6692173686782354
ET,2208,1,1,0.9095544192617264
ET,9275,1,1,0.7155011613444732
ET,2663,1,1,0.7162838387591863
ET,4221,0,0,0.028069582177048247
ET,4505,1,1,0.8363933155316235
ET,3151,1,1,0.9534906718626505
ET,8174,0,0,0.03138744601703634
ET,4176,1,1,0.9406342437133994
ET,4050,1,1,0.9617435167489516
ET,450,1,1,0.7046527407977017
ET,9388,1,1,0.8728678457079054
ET,3862,1,0,0.22648197085626148
ET,4287,1,1,0.9546448719716655
ET,947,1,0,0.36585341309125574
ET,415,1,0,0.4695615425818806
ET,8659,1,1,0.9534906718626505
ET,6230,1,0,0.03577479369990272
ET,5515,0,0,0.3658625638415375
ET,5294,0,0,0.2867847447375327
ET,9291,1,1,0.7643343126391193
ET,1363,1,1,0.9765598167571886
ET,4618,1,1,0.9626872041355611
ET,4893,0,0,0.015795634920634922
ET,5144,0,1,0.7469501182488599
ET,1993,1,1,0.8725710873929596
ET,3683,1,1,0.8334072862969925
ET,9513,1,1,0.9308226951256782
ET,11,0,0,0.30512471548895886
ET,5019,0,0,0.47623015873015867
ET,2237,0,0,0.3363303583642145
ET,5186,0,1,0.5260754523395094
ET,7645,0,0,0.4172432844932845
ET,9467,1,1,0.8943815893003887
ET,4238,0,0,0.02647720890340172
ET,986,1,1,0.7466066342855151
ET,331,1,1,0.9045607218779069
ET,8712,1,1,0.8490337938272468
ET,3993,1,1,0.8814385249891263
ET,9203,1,1,0.9200530653873935
ET,5560,0,0,0.20127478529897944
ET,4892,1,1,0.8786448642476837
ET,6475,1,1,0.931353451258884
ET,4733,1,1,0.906426352232485
ET,8409,0,0,0.01999919972334128
ET,8612,1,1,0.7172299830438571
ET,6850,1,1,0.5067525707579283
ET,843,1,1,0.7719449841389932
ET,1899,1,1,0.848991652137847
ET,5351,0,0,0.06354440366396888
ET,1383,1,1,0.8294591807253997
ET,4331,0,0,0.014495288931659432
ET,7517,1,1,0.9648985811633481
ET,1036,0,0,0.04244635408580557
ET,4920,0,0,0.45850509769221726
ET,3536,1,1,0.9485847871718828
ET,7863,1,1,0.7383261496461694
ET,5439,0,1,0.7586634996381422
ET,2515,1,1,0.8188127492042483
ET,5348,0,0,0.21738748509944167
ET,7542,1,0,0.18560709427450464
ET,896,1,1,0.8498869543664488
ET,5386,1,0,0.273801146863973
ET,9278,1,1,0.8628141839979442
ET,7982,0,0,0.22984104001090602
ET,7309,1,1,0.6465488461215978
ET,1462,1,1,0.6234637974830153
ET,7220,1,1,0.848991652137847
ET,1204,1,1,0.6834064125058882
ET,4233,0,0,0.23501982531012552
ET,6734,1,1,0.9817582417582418
ET,9347,1,1,0.9902805566804429
ET,6829,1,1,0.9748593689149462
ET,405,1,1,0.6173461174073173
ET,7461,1,1,0.8287325215689394
ET,4492,0,0,0.0015813492063492063
ET,9497,1,1,0.8410627988164283
ET,1031,1,1,0.9463340453369501
ET,8634,1,1,0.7889326895329758
ET,3090,1,1,0.718121674714451
ET,9010,1,1,0.8738059102690121
ET,5552,0,0,0.34725146180440075
ET,8449,0,0,0.2504245856646703
ET,2563,1,0,0.23875598976679707
ET,2374,1,1,0.9470107001690306
ET,7765,0,0,0.3477958204526835
ET,1203,1,1,0.6298818347384245
ET,1894,0,0,0.005044833855580943
ET,7072,0,0,0.015795634920634922
ET,509,1,1,0.5186013687945796
ET,2250,1,1,0.752846572152065
ET,3689,1,1,0.6037419734670167
ET,8609,1,1,0.7250441512289276
ET,420,1,1,0.5764436610831352
ET,4348,1,1,0.8897752006316693
ET,8588,1,1,0.8624017525989891
ET,1763,1,1,0.9090154454774648
ET,7466,0,0,0.0015813492063492063
ET,6763,1,1,0.9792708158508158
ET,4598,0,0,0.022119733946970577
ET,4943,0,1,0.608247764129702
ET,7488,1,0,0.2840133188731425
ET,53,0,0,0.2636540388871408
ET,6589,0,0,0.007166840495063273
ET,7417,0,0,0.219160140767896
ET,3590,1,0,0.0022521854824486404
ET,2560,1,1,0.9502760649764791
ET,5799,0,0,0.4353791283001053
ET,2603,1,1,0.9617435167489516
ET,4053,1,1,0.9947260893389632
ET,2398,1,1,0.8816999650965536
ET,8503,1,1,0.8851587250181359
ET,5226,1,0,0.4109874276230407
ET,8201,0,0,0.18666503196322026
ET,2336,1,1,0.9733410172977968
ET,2945,1,1,0.988911360601006
ET,9154,1,1,0.9033507357839357
ET,8581,1,1,0.9604309171387375
ET,4091,0,0,0.3170099191496543
ET,3531,1,0,0.023484325883116948
ET,3373,1,1,0.9300964191595313
ET,2149,1,1,0.9358894492259695
ET,4575,1,1,0.9804422200900902
ET,7240,0,0,0.3783368916718293
ET,6482,1,1,0.9164510865615793
ET,7158,1,1,0.9007708866525678
ET,835,1,1,0.5717519910221366
ET,5684,0,1,0.7208788955427566
ET,7414,1,1,0.9920906604656605
ET,2255,1,1,0.8879187953984626
ET,426,1,1,0.8423614881755759
ET,5658,0,0,0.0951516919691093
ET,6698,1,0,0.09291926789301584
ET,6702,1,1,0.9463340453369501
ET,1416,1,1,0.9779127930757164
ET,1714,1,1,0.9258371859161391
ET,4671,1,1,0.9789238753194652
ET,3611,0,0,0.06569780883367841
ET,1272,1,1,0.9980630630630629
ET,8108,1,1,0.8195122508694979
ET,4680,1,1,0.572727031620538
ET,994,1,1,0.7895750100176758
ET,3016,1,0,0.03301361242158852
ET,5710,0,0,0.3970617150605718
ET,8338,0,0,0.06953209091374785
ET,3149,1,1,0.7405171738068432
ET,7493,0,0,0.012801736496123933
ET,3511,1,0,0.003728209151291142
ET,653,1,1,0.8254479859916338
ET,603,1,1,0.7391003154935383
ET,6470,1,1,0.9100928207933145
ET,5163,0,0,0.048896064814814795
ET,5207,0,0,0.27576279781702673
ET,7913,0,0,0.09165660460275707
ET,4223,0,0,0.3158702278180229
ET,1368,1,1,0.9910689250796635
ET,3356,1,1,0.8786636983056562
ET,495,1,1,0.6839560558079768
ET,6544,0,0,0.04342247949620473
ET,19,0,0,0.1570652974148909
ET,5584,0,0,0.06677386196769457
ET,1855,0,0,0.0037272684673950347
ET,3202,1,0,0.010238431669621139
ET,2022,0,0,0.002351232037730894
ET,4952,0,0,0.1191371530645866
ET,8331,0,0,0.19863949456820143
ET,8216,0,0,0.03937886382623225
ET,1957,1,1,0.8643440698807465
ET,5022,0,0,0.3855307873486188
ET,512,1,1,0.9005417031585029
ET,8214,1,0,0.4359679656690645
ET,6269,1,1,0.9811860022815124
ET,2408,1,1,0.8666752545974855
ET,4338,0,0,0.01098602877721333
ET,3237,1,1,0.9982424242424242
ET,3240,1,0,0.10867268449579758
ET,9578,1,1,0.9054885931019381
ET,9338,1,1,0.9799995785777764
ET,778,1,0,0.40353711252904817
ET,4836,1,1,0.828617560285131
ET,5501,0,0,0.1740284718278948
ET,8080,0,0,0.03724530419014684
ET,1194,1,1,0.9343940070895814
ET,4763,0,0,0.07330421646396862
ET,7419,1,1,0.5738375562786363
ET,1843,1,1,0.5969701491717575
ET,6753,1,1,0.9701643907718299
ET,1099,1,1,0.8734149113665225
ET,9273,1,1,0.7502741038683977
ET,4346,1,1,0.9007708866525678
ET,8299,0,0,0.19816311597471695
ET,8626,1,1,0.5516654153868372
ET,6825,1,1,0.5202259864508079
ET,9293,1,1,0.99724465828745
ET,2430,1,1,0.8334072862969925
ET,8810,1,0,0.31254691853365313
ET,4757,1,1,0.9982424242424242
ET,4392,0,0,0.2006141168814486
ET,9271,1,1,0.9105199558781846
ET,4864,0,0,0.09789405146168553
ET,140,1,0,0.40727697396446116
ET,1414,0,0,0.14397721308216632
ET,8690,1,1,0.9950693130575948
ET,4832,1,1,0.8960634920634923
ET,9487,1,1,0.9217402141043161
ET,1717,1,1,0.8643396825446125
ET,1482,1,1,0.9052262454973373
ET,3861,1,0,0.4546924287151854
ET,2037,0,1,0.504519409253104
ET,6493,1,0,0.03764180960019758
ET,8841,1,1,0.9032275615188571
ET,5127,1,1,0.7212586865316303
ET,4444,1,1,0.7804102464522596
ET,9171,1,1,0.9818253968253968
ET,3306,1,1,0.9327629230983523
ET,2929,1,1,0.9203160525311768
ET,5858,1,1,0.9810070434765504
ET,4810,1,1,0.995319805194805
ET,2852,1,1,0.946861266489804
ET,109,1,1,0.798203895546674
ET,9213,1,1,0.9240836631212979
ET,2876,1,1,0.8945683238068521
ET,9192,1,1,0.9218016801293328
ET,4502,0,0,0.06616143374619374
ET,336,1,1,0.9340333924376627
ET,4881,1,1,0.9885602996118794
ET,9437,1,1,0.8724589324061001
ET,7882,1,1,0.9351159862972986
ET,7555,1,1,0.9494055376545792
ET,413,1,1,0.5768277054002179
ET,7205,1,0,0.44196748522937956
ET,4244,1,1,0.9556795985525912
ET,5012,0,1,0.8036057692307692
ET,7615,0,0,0.485773543353444
ET,5496,0,1,0.6953145454513827
ET,9160,1,1,0.9333551548667803
ET,2810,0,0,0.013819169184284856
ET,8326,0,0,0.06686447550034508
ET,861,1,1,0.8235863828862595
ET,4101,0,0,0.1164465990616991
ET,493,1,1,0.6905060749444674
ET,1143,1,1,0.9579266625739444
ET,2272,0,0,0.012898742198310059
ET,4884,1,1,0.9848295407313816
ET,620,1,1,0.6845434051488267
ET,4319,1,1,0.8444490152130273
ET,1506,1,1,0.9384330276545509
ET,5245,0,0,0.14490901354603708
ET,8167,1,1,0.8790680008671188
ET,510,1,1,0.9465795188858667
ET,2856,1,1,0.9518134218919535
ET,2913,1,1,0.9943567946127178
ET,3715,1,0,0.35421377688459155
ET,6915,1,1,0.9979597728589868
ET,6663,1,1,0.985369180995247
ET,2511,1,1,0.9470796808627081
ET,6139,1,1,0.9031844023133495
ET,9397,1,1,0.9904362407931242
ET,373,1,1,0.8684318196684836
ET,3805,0,1,0.7785469525478377
ET,432,1,1,0.8583561000082648
ET,2713,1,1,0.9833364279980481
ET,1198,1,1,0.6187281208395051
ET,4538,1,1,0.9746675083242635
ET,5575,0,0,0.3543436373861006
ET,3382,1,0,0.17682351797882387
ET,6406,1,1,0.9387817218311416
ET,5917,1,0,0.022119733946970577
ET,2719,1,1,0.9309731512494916
ET,5928,1,1,0.9512889449220961
ET,6780,0,0,0.44295657281994494
ET,1229,1,1,0.9802063386061637
ET,8373,0,0,0.09971231219169888
ET,4103,0,0,0.2846902130408363
ET,829,1,1,0.6317842362500571
ET,4946,0,0,0.11941376969305867
ET,97,0,0,0.12831860039349097
ET,4450,1,1,0.8506177207380666
ET,1246,1,1,0.9110143102573995
ET,776,1,1,0.9042923955282346
ET,1649,1,1,0.80945828145457
ET,6423,1,1,0.9341142112135998
ET,9310,1,1,0.9036546393156355
ET,3952,1,0,0.0714514867491883
ET,6912,1,1,0.9965023420504256
ET,8306,0,0,0.21670781877269793
ET,2404,1,1,0.8615862322454632
ET,6171,1,1,0.9111221293951612
ET,7399,1,1,0.9914328433010356
ET,5672,0,0,0.2088320299977402
ET,2002,1,1,0.9899353519556616
ET,3259,1,1,0.5468876134075986
ET,9514,1,1,0.8990097390283082
ET,5832,0,0,0.27229389165810547
ET,7450,1,0,0.002268422318422319
ET,565,1,0,0.2294327192212255
ET,8225,1,1,0.9506491288669303
ET,5615,0,0,0.41849325665265263
ET,1805,1,1,0.8064798471604394
ET,5473,0,0,0.21947385565334965
ET,2353,1,1,0.619302240242236
ET,4288,1,1,0.93251138154589
ET,7406,1,1,0.8187896791710457
ET,9296,1,1,0.965286157559238
ET,8783,1,1,0.9982424242424242
ET,428,1,1,0.6603453661106639
ET,7289,1,1,0.7257321768584242
ET,1210,1,1,0.9230625961468916
ET,4081,0,0,0.2487023634424481
ET,5325,1,0,0.34870596196038117
ET,4420,0,0,0.32289207245967133
ET,5642,1,1,0.7879826915376966
ET,6473,1,0,0.035502964595814646
ET,2602,1,1,0.9701643907718299
ET,7529,1,0,0.22291986820807275
ET,1193,1,1,0.6552553292089073
ET,5455,0,0,0.11941376969305867
ET,2984,1,1,0.9382479913008264
ET,209,0,0,0.37689536026135856
ET,2998,1,1,0.9414931514672767
ET,2629,1,1,0.9446179352543419
ET,4307,1,1,0.8606488427420469
ET,2625,1,1,0.8909408340867218
ET,1982,1,1,0.9320128865581807
ET,8176,1,1,0.521799603174603
ET,6838,0,0,0.21172632484892648
ET,2433,1,1,0.9576863790810907
ET,4612,1,1,0.9166575632520966
ET,189,0,0,0.028135084543768292
ET,7825,0,0,0.23972697041887162
ET,8082,0,0,0.15312620411479438
ET,7560,1,0,0.33283222721928096
ET,3028,1,1,0.9556795985525912
ET,8651,1,1,0.7732704583104719
ET,2343,1,1,0.8964079373230169
ET,5983,1,1,0.9706175721662978
ET,1139,0,0,0.43870062043899255
ET,5077,0,0,0.19735996782738238
ET,2020,0,0,0.08920500923533928
ET,9530,1,1,0.8839453857242426
ET,8183,1,1,0.8196319582035647
ET,1796,1,1,0.9007708866525678
ET,4919,1,0,0.12650001567475144
ET,1582,1,1,0.5453676079081116
ET,9227,1,1,0.8100588352730235
ET,324,1,1,0.8621301055961652
ET,6036,1,1,0.9815598167571886
ET,8184,1,1,0.7200679707046816
ET,1922,1,1,0.7686335060364747
ET,8298,0,0,0.39898909810522293
ET,4963,0,1,0.8909903389782126
ET,5646,1,0,0.015724792543288773
ET,3427,1,1,0.7179796097230345
ET,7429,1,1,0.8765623928147065
ET,8884,1,1,0.7856904212695884
ET,3106,1,1,0.8854794441123761
ET,3055,1,1,0.8923501909488222
ET,3780,1,0,0.42440056731372244
ET,5392,0,0,0.0033702449627236604
ET,7984,1,1,0.9025129101753079
ET,2707,1,1,0.9666980866451298
ET,8630,1,1,0.7789111684611072
ET,8672,1,1,0.9346333924376627
ET,16,0,0,0.3544206157490922
ET,6737,1,0,0.35785925648116057
ET,7533,1,1,0.5631504223955632
ET,7586,0,0,0.11261384799327136
ET,23,0,0,0.3768686233561592
ET,1940,1,1,0.906667130688726
ET,3136,0,0,0.01915739189126286
ET,3428,1,0,0.26048994069320863
ET,421,1,1,0.5764436610831352
ET,9389,1,1,0.6553171292169162
ET,9383,1,1,0.9878970752718876
ET,2533,1,1,0.5547429998478358
ET,9524,1,1,0.9457795389570659
ET,3721,0,1,0.6766772056740102
ET,1790,1,1,0.8854794441123761
ET,4545,0,0,0.016301180160129145
ET,8766,1,1,0.8928208843371145
ET,1617,1,1,0.6043910512733862
ET,4038,1,0,0.35785925648116057
ET,5522,0,0,0.1215360661463603
ET,8233,1,1,0.8618542547298698
ET,2333,1,1,0.7906778802604341
ET,9520,1,1,0.8937705774955549
ET,2261,1,1,0.7460530647687126
ET,1622,1,1,0.8230886910779514
ET,8185,1,1,0.9062726081828165
ET,940,1,1,0.7678738160785049
ET,5800,1,0,0.4999809792066584
ET,5539,0,0,0.480868643778199
ET,8504,1,1,0.740482358093249
ET,4760,0,0,0.015173020141305494
ET,8993,1,1,0.8807250471562845
ET,4778,0,1,0.5873831288897186
ET,8721,1,0,0.4196266444246646
ET,4147,0,0,0.3882457177221887
ET,2391,1,1,0.5970311650486294
ET,4647,0,0,0.0447048611111111
ET,3636,1,1,0.8417734604450782
ET,174,1,1,0.8279328400373147
ET,1235,0,0,0.4399011364232126
ET,702,1,1,0.8267089593931795
ET,583,1,0,0.44563153285415835
ET,6908,1,1,0.9936422756403489
ET,2301,1,1,0.6363297603966361
ET,4906,0,1,0.6480369074303437
ET,2758,1,0,0.24366265866896042
ET,3914,0,1,0.5392184562894801
ET,8303,0,0,0.2665656538492747
ET,5686,0,0,0.45398501422265775
ET,7196,1,0,0.015724792543288773
ET,6662,1,1,0.9536122753778714
ET,3043,1,1,0.9541728738500315
ET,2757,1,0,0.025140873015873012
ET,5440,0,0,0.15094855420862505
ET,8019,1,0,0.48401415257098934
ET,3040,1,1,0.7647086414723002
ET,7421,0,0,0.10009621453201913
ET,9115,1,1,0.688873295711776
ET,7611,0,0,0.48855801107051333
ET,8342,0,0,0.035098815347277094
ET,5216,1,1,0.5934974649940546
ET,6773,0,0,0.36994749694749696
ET,8094,1,1,0.8530973419892013
ET,9070,1,1,0.8208558227817716
ET,1134,1,1,0.792260404929248
ET,3562,0,0,0.23205767175291164
ET,6910,1,1,1.0
ET,6405,1,0,0.4720330670437523
ET,8724,1,1,0.9087459536765983
ET,5305,1,1,0.7960336191522046
ET,9454,1,1,0.6529517612315742
ET,4309,0,0,0.004534023178002137
ET,3748,0,0,0.3421151247379443
ET,3402,1,0,0.03764180960019758
ET,9251,1,1,0.8135664298395241
ET,8589,1,1,0.831570307933836
ET,1818,1,1,0.878271189802298
ET,2914,1,1,0.8465008898130457
ET,655,1,1,0.8540442465554358
ET,1302,0,0,0.43850549500103075
ET,9012,1,1,0.6421315650775498
ET,3558,1,0,0.07016347392290681
ET,2072,1,1,0.6373818233433226
ET,39,0,0,0.024801243391477285
ET,6624,1,1,0.9492390482148924
ET,5963,1,1,0.8325183556167315
ET,8266,1,1,0.5116096023068382
ET,4723,1,1,0.770101246515716
ET,4355,1,1,0.896423646976121
ET,7553,1,0,0.4290159796831437
ET,3618,1,1,0.9132480048265781
ET,2968,1,1,0.798203895546674
ET,9179,1,1,0.7965421164402948
ET,511,1,1,0.8398827802279601
ET,4685,1,1,0.988911360601006
ET,5565,0,0,0.41372377075513833
ET,4572,0,0,0.1651109243673109
ET,6813,0,0,0.2388126738381922
ET,7983,1,1,0.861907045572888
ET,8372,0,0,0.01938944408779822
ET,872,1,1,0.7789270179941323
ET,3925,0,0,0.336522061072007
ET,2995,1,1,0.9031844023133495
ET,4877,1,1,0.8074875161260269
ET,9181,1,1,0.6741066605959591
ET,7154,1,1,0.6635187966273495
ET,6271,1,1,0.9007708866525678
ET,1808,1,1,0.7405171738068432
ET,5563,1,0,0.42218763374493645
ET,1519,1,1,0.5840230637488745
ET,3991,1,1,0.9531483932107725
ET,2879,1,1,0.9556795985525912
ET,8934,1,1,0.8432332853736817
ET,297,1,1,0.5211297823310187
ET,7530,1,1,0.9206753039176762
ET,5229,0,0,0.02290300604017418
ET,7255,0,0,0.3361291537860167
ET,836,1,1,0.8281209802715389
ET,400,1,1,0.6984166509730811
ET,9379,1,1,0.9765873015873016
ET,7480,0,0,0.23373845691526174
ET,4424,1,0,0.21479397653938723
ET,5106,0,1,0.5333264018437298
ET,6847,1,1,0.9697134857423125
ET,5289,0,0,0.29790730004932797
ET,5076,1,1,0.8736847047657382
ET,6080,1,1,0.911018665172758
ET,8871,1,1,0.7012162888518257
ET,1180,0,0,0.024659768411124036
ET,4886,0,0,0.018946213573148556
ET,8172,0,0,0.031108692191524113
ET,291,1,1,0.5902626450082624
ET,6947,1,1,0.9500416433525171
ET,4908,1,0,0.32714019870343314
ET,4739,0,0,0.3383759916786061
ET,4017,1,1,0.9887329895322695
ET,4018,0,0,0.24567047632663763
ET,7773,0,1,0.875239613815977
ET,8717,1,1,0.920876600198604
ET,3898,0,0,0.2679490204240204
ET,2690,1,0,0.018946213573148556
ET,7339,1,1,0.5216753968597225
ET,6761,1,1,0.976235119047619
ET,1370,1,1,0.9935660192638267
ET,8959,1,1,0.84478727145876
ET,3205,0,0,0.005557210470424682
ET,8426,0,0,0.0272626059342206
ET,3747,0,0,0.3360036007452456
ET,1735,1,1,0.6480369074303437
ET,3791,1,0,0.37446862104402734
ET,2151,1,1,0.71732185214274
ET,7215,1,1,0.8344503174100711
ET,9132,1,1,0.9686195335756402
ET,1970,1,1,0.8872239908935531
ET,4496,0,0,0.0065299608187308275
ET,2642,1,1,0.8920061621266865
ET,8571,1,1,0.7214976275102741
ET,2520,1,1,0.8069937445061579
ET,1728,1,1,0.8932804044699578
ET,5950,1,1,0.8311091994259228
ET,5459,0,0,0.4413170751664155
ET,6851,1,1,0.9666980866451298
ET,7146,1,1,0.9904642178708433
ET,1029,0,0,0.15852921191912134
ET,868,1,1,0.8021494750573045
ET,3996,1,1,0.9765873015873016
ET,5065,0,0,0.3100621349256547
ET,621,1,1,0.9437341981420999
ET,9435,1,1,0.8993346255429044
ET,4301,0,0,0.0810179097832323
ET,898,1,1,0.8996277075408713
ET,9083,1,1,0.8443024920517018
ET,2597,1,1,0.9220079737301531
ET,8268,0,0,0.055093915610099985
ET,939,1,1,0.6379116254992225
ET,381,1,1,0.8232707797082648
ET,4526,0,0,0.16529011915736963
ET,3583,1,0,0.49253613728148743
ET,5718,0,0,0.37854310338644154
ET,4215,1,1,0.9897736970018114
ET,2760,1,0,0.01685542345368551
ET,1120,1,1,0.976235119047619
ET,8419,0,0,0.29212463467025485
ET,7756,1,1,0.5556283524904214
ET,1672,1,1,0.929399019829863
ET,1377,1,1,0.772699995833932
ET,4873,1,1,0.9589306745250272
ET,259,1,1,0.8775421063294195
ET,7231,0,0,0.04535387985492199
ET,494,1,1,0.7883764717810898
ET,1680,1,1,0.9082253701536898
ET,315,1,1,0.7872574421528455
ET,3253,1,0,0.0027601156709497043
ET,3777,1,1,0.7419360043996694
ET,3248,1,1,0.900989530308553
ET,1413,1,1,0.9638445231705569
ET,349,1,1,0.8615061186923515
ET,689,1,1,0.7949842390354871
ET,7591,1,1,0.6657950006253492
ET,6243,1,1,0.9258371859161391
ET,6353,1,0,0.1894002001509823
ET,1098,0,0,0.022119733946970577
ET,133,1,0,0.48132013449500805
ET,4214,1,1,0.9965023420504256
ET,9128,1,1,0.9729669037020173
ET,5803,0,0,0.2688647795857196
ET,5786,0,0,0.41195224491132004
ET,7819,0,0,0.47821408015759204
ET,9091,1,1,0.9495119245486439
ET,795,1,1,0.701422807866399
ET,5574,0,0,0.33441865079365085
ET,8517,1,1,0.9489008125010174
ET,1846,0,0,0.03370223701508253
ET,5047,1,1,0.7597070190171867
ET,6602,1,1,0.9648985811633481
ET,1172,0,0,0.44804304945611284
ET,4269,0,0,0.3213826694617875
ET,4077,1,1,0.792260404929248
ET,4696,1,1,0.9831676858072133
ET,7219,1,0,0.08760779697219816
ET,2504,1,0,0.3241142728720107
ET,4678,1,1,0.9910996816411771
ET,6810,1,1,0.9883419575037223
ET,4006,1,1,0.9714497961459005
ET,6758,1,1,0.9902861438406582
ET,9219,1,1,0.9912257824000668
ET,2059,1,1,0.5123218045049689
ET,5018,0,0,0.24177193693779142
ET,8898,1,1,0.7473489519114955
ET,7626,0,1,0.8214066436864746
ET,3969,0,0,0.496717281190719
ET,410,0,0,0.3344163396047545
ET,3120,1,1,0.9175004897847459
ET,8749,1,1,0.5806012979904606
ET,6895,0,0,0.4440383981056169
ET,1125,1,1,0.9397974312996594
ET,5894,1,1,0.9792708158508158
ET,1916,0,0,0.05455251930101616
ET,4361,1,1,0.9653640688324243
ET,8318,0,0,0.017238032382195678
ET,2114,1,1,0.9358928437384723
ET,3752,0,1,0.5046315216856773
ET,4675,1,1,0.9851567815088539
ET,4120,1,1,0.9950693130575948
ET,4694,0,0,0.0810179097832323
ET,3383,1,1,0.855857099549807
ET,3883,1,0,0.4303737222523699
ET,4122,1,1,0.9706175721662978
ET,9113,1,1,0.7712732435985146
ET,5951,1,1,0.8246212260099476
ET,2215,1,1,0.5272253929715899
ET,5139,1,1,0.9612999134572456
ET,7228,0,0,0.39078189130878516
ET,3278,1,1,0.9787605773735646
ET,5714,0,1,0.5962804461006168
ET,5122,1,1,0.9806350238003138
ET,5339,0,1,0.7853526382301246
ET,6111,1,1,0.964369876325344
ET,4670,1,1,0.9792453227206545
ET,9036,1,1,0.618223559540689
ET,3905,0,0,0.40267590137421416
ET,7949,0,1,0.504724044139374
ET,579,1,1,0.8685799209106966
ET,1107,1,1,0.8872127457796934
ET,290,1,1,0.5902626450082624
ET,682,1,1,0.9583154883346227
ET,8968,1,1,0.8115274609426527
ET,3222,1,1,0.8080627802210995
ET,2840,1,1,0.9588576873409868
ET,2117,1,1,0.9138458924488075
ET,1780,1,1,0.9711692122539805
ET,4192,1,1,0.9029197273086144
ET,4869,1,1,0.7979276828361486
ET,4306,1,1,0.9563031370488134
ET,4002,1,1,0.9123862295603757
ET,8188,1,1,0.7472309202726577
ET,4593,1,1,0.9792708158508158
ET,4758,0,0,0.035098815347277094
ET,3887,1,1,0.549017733551031
ET,3166,1,1,0.9094646935604979
ET,6277,1,1,0.8064798471604394
ET,8223,0,0,0.44804304945611284
ET,5778,0,0,0.15958485768044595
ET,5671,0,1,0.5146508099938454
ET,5393,0,0,0.29277118962992554
ET,7914,0,0,0.24778613948302694
ET,1896,1,1,0.9659098213099715
ET,3971,1,0,0.4288553190027972
ET,7320,1,0,0.2892115483314567
ET,9015,1,1,0.9366555454996914
ET,1384,1,1,0.824574235091963
ET,1332,1,1,0.9933134920634922
ET,111,0,0,0.059822619112421496
ET,5852,1,1,0.9488170803802816
ET,1156,1,1,0.9371704899081267
ET,7936,1,1,0.6409946892369789
ET,7019,1,1,0.957486536671766
ET,6835,1,1,0.9415209919841581
ET,7348,1,0,0.24372613377311922
ET,4369,0,0,0.051330740336847216
ET,5972,1,1,0.5332794751222873
ET,6563,1,0,0.030440474404815836
ET,7674,0,0,0.3211016856320901
ET,824,1,1,0.622474274586383
ET,2972,1,1,0.9530822809250519
ET,8611,1,1,0.8311463563122242
ET,3187,1,1,0.9264969388633877
ET,6014,1,0,0.022576432063767707
ET,8415,0,0,0.314443024189508
ET,2838,1,1,0.9995038905060457
ET,435,1,1,0.7931413338964421
ET,6701,1,1,0.9466597621828283
ET,3809,0,0,0.46735998344978197
ET,4885,1,1,0.9826633160822468
ET,4799,1,1,0.7251180290297937
ET,864,1,1,0.9408232272733582
ET,8769,1,1,0.899339694463015
ET,4551,0,0,0.2887748661911417
ET,3897,1,0,0.3511686162731359
ET,352,0,1,0.7314205406966316
ET,7080,0,0,0.14397721308216632
ET,3772,1,1,0.5750282531632057
ET,8391,0,0,0.2834402130408363
ET,3468,1,1,0.9964801587301586
ET,8357,0,0,0.4378522057148221
ET,3164,1,1,0.9352942309173765
ET,6074,1,1,0.8838770235059296
ET,7727,1,1,0.7631573300228127
ET,552,1,1,0.9079922322524253
ET,5824,0,0,0.261093515689104
ET,3234,1,1,0.9834139278053855
ET,3238,1,0,0.4199302177127018
ET,6555,1,1,0.6423950101649034
ET,6862,1,1,0.9861246087525156
ET,8991,1,1,0.960440021821715
ET,7085,0,0,0.31770345183423365
ET,2056,1,1,0.5738375562786363
ET,1572,1,1,0.9006096503167231
ET,5648,0,0,0.0020855958432527185
ET,812,1,1,0.8778679184672923
ET,8235,1,1,0.7431073926345533
ET,4907,1,1,0.5468876134075986
ET,7613,0,1,0.5469368484559058
ET,8613,1,1,0.7616538540541323
ET,3001,1,1,0.5868846578210032
ET,2381,1,1,0.7438220724397088
ET,1706,0,0,0.2873599236295
ET,8031,0,0,0.3263201511236151
ET,6064,1,1,0.9851567815088539
ET,8336,0,0,0.011986028777213331
ET,4656,1,1,0.9989873155279391
ET,4904,1,1,0.9817331034773363
ET,3354,1,0,0.20161110555703382
ET,8027,1,1,0.9241233891378077
ET,908,1,1,0.9787864071419624
ET,4721,1,1,0.935369044806429
ET,3955,1,0,0.11908791523548184
ET,7109,1,1,0.9157201046611929
ET,2387,1,1,0.8307481446572841
ET,5577,0,0,0.24370309768515855
ET,4547,0,0,0.19757150600670847
ET,8455,0,0,0.3640801528746983
ET,3140,1,1,0.9051331997376599
ET,2728,1,1,0.9706175721662978
ET,6933,1,1,0.9912257824000668
ET,8162,1,1,0.7483476937366613
ET,3236,1,1,0.9457795389570659
ET,105,0,0,0.31554078448279477
ET,3155,1,1,0.9218107296348367
ET,5585,0,0,0.40384315864229664
ET,2783,1,1,0.8920140962261022
ET,9258,1,1,0.740822822806772
ET,9071,1,1,0.7346445048347257
ET,1589,0,0,0.23501982531012552
ET,1437,1,1,0.9851567815088539
ET,6411,1,1,0.8030542024229024
ET,9535,1,1,0.8226120788172594
ET,1290,0,0,0.010109694152811289
ET,2538,1,1,0.6468253073286365
ET,5748,0,0,0.35695629806156126
ET,8077,1,1,0.9188642372846616
ET,7271,1,1,0.9757985109975413
ET,329,1,1,0.8611791439532953
ET,4272,1,1,0.9967036435786436
ET,8691,1,1,0.9384805007632031
ET,1518,1,1,0.664405488767493
ET,4909,0,0,0.42581060076983357
ET,1803,1,1,0.8090530087555835
ET,2379,1,1,0.6521043245239802
ET,5903,1,1,0.9902861438406582
ET,3740,0,0,0.10093505428963079
ET,2309,1,1,0.7389718772426008
ET,5406,0,0,0.46566031344789993
ET,6767,1,1,0.933007160617334
ET,5538,0,0,0.27688096819608193
ET,9533,1,1,0.9200743986558229
ET,5533,1,0,0.12478195446025843
ET,9508,1,1,1.0
ET,4020,1,1,0.9826338650680755
ET,3595,1,1,0.8104772392386124
ET,1992,1,1,0.9902897285911016
ET,3079,1,0,0.026172880055775085
ET,6694,0,0,0.25178745096681193
ET,683,1,1,0.972603176179637
ET,6106,1,1,0.7278107765299976
ET,7938,1,1,0.9842983566695997
ET,4525,0,0,0.007166840495063273
ET,8410,0,0,0.05985924802662714
ET,4028,0,0,0.039715245552968195
ET,6759,1,1,0.9985253267973856
ET,5502,0,0,0.26268629443033087
ET,7662,1,0,0.23089429712752996
ET,8788,1,1,0.9839318380346168
ET,8465,0,0,0.01685542345368551
ET,8413,0,0,0.39589280212448613
ET,721,1,1,0.842441133345098
ET,8610,1,1,0.8728664194742066
ET,8820,1,1,0.9165977170234163
ET,6687,1,1,0.7993181906461146
ET,7317,1,0,0.380604114074917
ET,7554,1,1,0.9231711023185443
ET,4112,1,1,0.9925182209874212
ET,9280,1,1,0.9850596502771259
ET,7679,1,1,0.7952325633013428
ET,1344,1,1,0.9593893775750353
ET,8831,1,1,0.9764855727627119
ET,4324,0,0,0.20804549154374605
ET,211,1,1,0.7955642305363689
ET,1189,0,0,0.03638116117190474
ET,7048,0,0,0.013855832481016602
ET,8999,1,1,0.93694172098107
ET,2505,1,1,0.7993181906461146
ET,3173,1,0,0.31998463957169454
ET,8903,1,1,0.9805939107068978
ET,6152,1,0,0.11732115604050776
ET,7329,0,0,0.4104707831377889
ET,4390,0,0,0.2024653406116075
ET,7791,0,0,0.43809043463357816
ET,8156,1,1,0.983160900036725
ET,5989,0,0,0.3161096908561747
ET,5223,1,1,0.8429834183410325
ET,2871,1,1,0.999242597275471
ET,8379,0,0,0.2590483382724999
ET,3397,1,1,0.879473617884442
ET,2455,1,1,0.9831684108488055
ET,6731,1,1,0.5894607333829396
ET,1385,1,1,0.7856904212695884
ET,2334,1,1,0.7223249518389835
ET,7091,1,1,0.5171552640969769
ET,9277,1,1,0.9479350906798624
ET,1947,0,0,0.014029975342822177
ET,4027,1,1,0.9817582417582418
ET,1068,1,1,0.9502760649764791
ET,8786,1,1,0.9910996816411771
ET,2817,1,1,0.9042857142857144
ET,7836,0,1,0.5426162976791806
ET,4667,0,0,0.339891579226423
ET,213,1,1,0.9051331997376599
ET,9356,1,1,0.625399061715152
ET,810,1,1,0.8945683238068521
ET,3145,1,1,0.6480369074303437
ET,2004,1,1,0.987236643721047
ET,1559,1,1,0.9102702663764651
ET,2962,1,1,0.9654097431163464
ET,2516,1,1,0.9641448848628886
ET,7776,0,1,0.9861883116883117
ET,5194,0,0,0.43038766707234916
ET,3860,1,0,0.2696407217839869
ET,8327,0,0,0.023484325883116948
ET,5345,1,1,0.8736847047657382
ET,1151,1,1,0.9170996269300248
ET,3986,1,0,0.33557421186798764
ET,2524,1,1,0.8932740769758787
ET,6260,1,1,0.9468946901305927
ET,6109,1,1,0.9797834451031374
ET,1739,1,1,0.940037474850186
ET,9306,1,1,0.9344141791988366
ET,2696,1,1,0.784910692959904
ET,5044,0,1,0.9500210770685353
ET,7468,1,1,0.5799899079264825
ET,1625,1,0,0.23291390250105842
ET,6828,1,1,0.9626872041355611
ET,8704,1,1,0.9914328433010356
ET,4599,0,0,0.13664070489157687
ET,740,1,1,0.7805390755089492
ET,5031,0,0,0.007231273601973787
ET,2058,1,0,0.22830479932796377
ET,4595,0,0,0.44451887238148863
ET,2835,1,1,0.9992363905060456
ET,6285,1,1,0.9397919400651071
ET,3985,0,1,0.59191956603176
ET,4241,0,0,0.20166156852444905
ET,1529,1,1,0.9363401375237538
ET,2366,1,1,0.9357980537994399
ET,2453,1,1,0.9245901136656011
ET,8341,0,0,0.43856897701985426
ET,8439,0,0,0.17771167271141852
ET,8585,1,1,0.9383143789278836
ET,3823,1,0,0.4069507583809612
ET,3736,0,0,0.36392278238557657
ET,3239,1,0,0.04535387985492199
ET,1260,1,1,0.793076347839933
ET,2955,1,1,0.7278107765299976
ET,5008,0,1,0.68477865087814
ET,3029,1,1,0.9542957670069343
ET,6601,1,1,0.91172280938592
ET,5557,0,0,0.4039114589705966
ET,7498,1,0,0.12831860039349097
ET,102,0,1,0.518881276486832
ET,990,0,1,0.9047021798127872
ET,8436,0,0,0.23985097051295096
ET,4430,0,0,0.2356852893039195
ET,7203,0,0,0.2356852893039195
ET,4564,1,1,0.9463340453369501
ET,3047,1,1,0.7233800703020976
ET,9550,1,1,0.9714680084077759
ET,7285,1,1,0.9908139977758651
ET,2310,1,1,0.9091528128262156
ET,163,0,0,0.1987856556515827
ET,3370,1,1,0.9076551217475475
ET,5523,0,0,0.28485188105857817
ET,8261,1,1,0.9069142515305952
ET,5634,1,1,0.7397088422414785
ET,1802,1,1,0.9051331997376599
ET,4816,1,1,0.9517526956097714
ET,7354,1,1,0.9544168586789554
ET,41,0,0,0.49240262723571554
ET,3391,1,1,0.9344676777312358
ET,92,1,0,0.4969098567783372
ET,6268,1,1,0.9594454404094992
ET,7694,1,1,0.901071337364732
ET,4127,0,0,0.031208451305779636
ET,1948,1,1,0.8173182426193556
ET,4955,0,1,0.5225054107265945
ET,8224,1,1,0.943299584046049
ET,9384,1,1,0.9136393340308657
ET,8607,1,1,0.8664846930564875
ET,7570,1,1,0.9379950405270273
ET,2924,1,1,0.9802085358340967
ET,8404,0,0,0.3398700392976537
ET,2975,1,1,0.9578677737277458
ET,1075,1,1,0.9166575632520966
ET,5205,0,0,0.3729171511066198
ET,8112,1,1,0.8859679188059195
ET,9174,1,1,0.8311951432440294
ET,2811,1,0,0.3153239522314789
ET,3784,0,0,0.37424910993097676
ET,5112,0,1,0.8091587927507011
ET,5352,0,0,0.4551941538684332
ET,6348,1,0,0.023060331418286114
ET,2662,0,0,0.22984104001090602
ET,3081,1,0,0.3008533765068031
ET,2571,1,1,0.9826338650680755
ET,1138,0,0,0.13664070489157687
ET,4032,0,0,0.024001781173014044
ET,5506,0,1,0.6390732034324199
ET,3299,1,1,0.9485665798816637
ET,1783,1,1,0.9733411610077399
ET,2389,1,1,0.8004656539948029
ET,5261,0,0,0.2746031382948033
ET,4772,0,0,0.3783368916718293
ET,4715,1,1,0.9157201046611929
ET,5775,0,0,0.2653079099194112
ET,2762,1,0,0.09913042566683027
ET,4631,1,1,0.9960974720972845
ET,5379,0,0,0.009703122069610515
ET,2001,0,0,0.2846902130408363
ET,8747,1,1,0.6905060749444674
ET,4982,0,0,0.4122406035643613
ET,8802,1,0,0.47067936046611175
ET,3613,0,1,0.5783321741983504
ET,249,1,0,0.43627443905847507
ET,7648,0,0,0.2729814507198228
ET,3813,1,0,0.3483657319362935
ET,8886,1,1,0.6965552882668814
ET,7148,1,1,0.9904642178708433
ET,8718,1,1,0.8475138220154405
ET,4494,0,0,0.012801736496123933
ET,7610,0,0,0.4705954970621294
ET,4872,1,1,0.5529517867753161
ET,6610,1,1,0.8071955300441105
ET,5356,0,0,0.024727067974966207
ET,3394,1,1,0.7552305886504758
ET,6721,1,0,0.46086661271673
ET,1013,1,1,0.8218286091133635
ET,3626,1,1,0.7601575997565004
ET,440,1,0,0.3893061223357619
ET,4283,0,1,0.8838329581320761
ET,2083,1,0,0.17003700610102185
ET,4927,0,0,0.20521344128654076
ET,3667,0,1,0.536496118594615
ET,761,1,1,0.6533371467069926
ET,8745,1,1,0.9612498918355751
ET,4935,0,0,0.1843399899941517
ET,2734,1,1,0.9960974720972845
ET,8579,1,1,0.8340598365962697
ET,2332,1,0,0.4877496906927978
ET,1496,1,1,0.988911360601006
ET,5360,0,0,0.48566857452402834
ET,4628,1,1,0.9309731512494916
ET,4527,1,1,0.9630973411916939
ET,7233,1,0,0.4109231985685937
ET,7030,1,0,0.024727067974966207
ET,8869,1,1,0.9540402468636243
ET,895,1,1,0.8803615197247454
ET,2179,1,1,0.8359787114873738
ET,8483,0,0,0.0447048611111111
ET,4286,0,0,0.2375287162192584
ET,3545,1,1,0.6629547910407076
ET,4600,1,1,0.8710652399312212
ET,460,1,0,0.475764006060924
ET,3379,1,1,0.9612485820651971
ET,6629,1,1,0.8334072862969925
ET,7291,0,0,0.01999919972334128
ET,1347,1,1,0.8944416335329646
ET,6672,1,1,0.9005177830252226
ET,9372,1,1,0.8960634920634923
ET,2329,1,1,0.7601575997565004
ET,1969,1,1,0.9908139977758651
ET,2522,1,1,0.8814385249891263
ET,3280,1,0,0.1601955908302306
ET,2057,0,0,0.21617711994901068
ET,2588,1,0,0.13664070489157687
ET,6202,1,1,0.9005670775356656
ET,3704,1,0,0.4791521099358246
ET,1788,1,1,0.985369180995247
ET,9427,1,1,0.9374584311726211
ET,2854,1,1,0.9393250875303012
ET,2294,1,1,0.7979276828361486
ET,7167,1,1,0.8595051260215024
ET,4199,1,1,0.9519302636061334
ET,9159,1,1,0.8510208180710995
ET,9544,1,1,0.9437001881354966
ET,2886,1,1,0.9945374159658278
ET,5677,0,0,0.24409259784049803
ET,8664,1,1,0.8537165831244781
ET,8499,1,0,0.28603192127108634
ET,3841,0,0,0.47909692830916173
ET,7427,1,0,0.2989307083393566
KNN,3249,1,1,1.0
KNN,3478,0,0,0.0
KNN,7812,1,1,1.0
KNN,5616,0,0,0.18942763251987021
KNN,4266,1,1,1.0
KNN,8826,1,1,1.0
KNN,8169,1,1,1.0
KNN,965,1,1,1.0
KNN,1032,1,1,1.0
KNN,8750,1,1,1.0
KNN,5637,0,1,0.5962735291956586
KNN,1319,0,0,0.5
KNN,2407,1,1,1.0
KNN,3404,1,1,1.0
KNN,9260,1,1,1.0
KNN,5943,1,1,1.0
KNN,7619,0,0,0.0
KNN,6557,1,1,1.0
KNN,7382,1,1,1.0
KNN,483,1,1,0.6213552916386231
KNN,2328,1,1,1.0
KNN,2163,1,1,1.0
KNN,8324,0,0,0.46984511141701446
KNN,6623,1,1,1.0
KNN,344,1,1,0.9205279294748988
KNN,8062,1,1,0.6910404641579437
KNN,3970,1,0,0.2763196193817015
KNN,6801,0,0,0.24999996556949952
KNN,2341,1,1,1.0
KNN,38,0,0,0.4142456318153013
KNN,2232,1,1,0.6054945011638847
KNN,1772,1,1,1.0
KNN,4630,1,1,1.0
KNN,1106,1,1,1.0
KNN,6398,1,0,0.0
KNN,4170,0,0,0.5
KNN,4186,1,1,1.0
KNN,7078,1,1,1.0
KNN,6448,1,1,1.0
KNN,3889,1,0,0.18730158440426936
KNN,2066,1,1,1.0
KNN,8645,1,1,1.0
KNN,6726,1,1,1.0
KNN,7737,1,1,1.0
KNN,8141,1,1,0.5386859051133032
KNN,4436,1,1,1.0
KNN,8127,1,1,1.0
KNN,403,1,1,0.952578475357377
KNN,8877,1,1,1.0
KNN,2241,1,1,0.824471457506864
KNN,4898,0,0,0.0
KNN,7782,0,0,0.17439360933682668
KNN,2023,0,0,0.0
KNN,2466,1,0,0.3556845389661122
KNN,5572,0,0,0.14298377509963547
KNN,492,1,0,0.1394214350443363
KNN,5021,0,0,0.3312798826820817
KNN,8408,0,0,0.0
KNN,1086,1,1,0.5889279885911259
KNN,6804,0,0,1.572824318670682e-08
KNN,4231,0,0,0.0
KNN,7639,0,1,0.8160845844880092
KNN,4302,1,1,0.9890493190258914
KNN,4052,1,1,1.0
KNN,1349,1,1,1.0
KNN,8550,1,1,0.8093904411819333
KNN,393,1,1,1.0
KNN,5116,0,0,0.16063583532952955
KNN,7090,1,1,1.0
KNN,5235,0,0,0.0
KNN,4074,0,0,0.0
KNN,5143,1,1,1.0
KNN,3960,0,0,0.0
KNN,5923,1,1,1.0
KNN,3438,1,0,0.33213469584893457
KNN,2443,1,1,0.9999999788842102
KNN,300,1,1,0.8246893382083464
KNN,6635,1,1,0.980420574140594
KNN,293,1,1,1.0
KNN,2440,1,0,0.271151679591877
KNN,9399,1,1,1.0
KNN,8023,1,1,0.9904249991333649
KNN,7301,1,1,1.0
KNN,1150,1,1,1.0
KNN,7125,0,0,0.09223743205527069
KNN,8147,1,1,1.0
KNN,2393,1,0,0.4133925937297962
KNN,5994,0,0,0.0
KNN,4341,0,0,0.0
KNN,4201,1,1,1.0
KNN,5865,1,1,1.0
KNN,6025,1,1,1.0
KNN,2069,0,0,0.0
KNN,2031,0,0,0.0
KNN,2115,1,1,0.8979543844401425
KNN,8037,0,0,0.0
KNN,4804,1,1,1.0
KNN,4964,0,0,0.20050684604327473
KNN,6071,1,1,0.7980426415705014
KNN,1417,1,1,1.0
KNN,1906,1,1,1.0
KNN,6162,1,1,1.0
KNN,6088,1,1,1.0
KNN,6065,1,1,1.0
KNN,6378,1,1,1.0
KNN,2997,1,0,0.0
KNN,3144,0,0,2.307358695691034e-08
KNN,6750,1,1,1.0
KNN,1630,1,1,0.8331278182567766
KNN,9482,1,1,1.0
KNN,8906,1,1,1.0
KNN,4327,0,0,0.0
KNN,2582,0,0,0.0
KNN,2621,0,0,0.0
KNN,8362,0,0,0.3207640744058634
KNN,3995,1,1,0.8907135462712283
KNN,806,1,1,1.0
KNN,2279,1,1,0.999999921519275
KNN,9140,1,1,1.0
KNN,7792,0,0,0.0
KNN,6914,1,1,1.0
KNN,6650,1,1,1.0
KNN,2925,1,1,1.0
KNN,5188,0,0,0.0
KNN,8578,1,1,1.0
KNN,1212,1,1,0.8203128572919821
KNN,4140,0,0,0.49999999463281614
KNN,4117,1,1,1.0
KNN,1928,1,1,0.811060891837313
KNN,129,0,0,0.13995011205790325
KNN,4660,0,0,0.5
KNN,6055,1,1,0.8310957749789268
KNN,5332,0,0,0.0
KNN,8928,1,1,1.0
KNN,2557,1,0,0.0
KNN,7454,0,0,0.0
KNN,2528,1,1,0.8907135462712329
KNN,8136,1,1,0.75
KNN,49,0,0,0.19600818829935013
KNN,8079,1,1,0.6006357992568618
KNN,9039,1,1,0.6028187583449638
KNN,456,1,1,1.0
KNN,7039,1,1,1.0
KNN,4743,1,0,0.0
KNN,2940,1,0,0.26330497648441364
KNN,602,1,1,0.8296615843199134
KNN,5566,0,0,0.0
KNN,7438,1,1,0.5968876515578636
KNN,3615,1,1,1.0
KNN,678,1,1,1.0
KNN,3521,1,0,0.3949936457288124
KNN,6333,1,0,0.0
KNN,96,0,0,1.1557064304058046e-06
KNN,9249,1,1,1.0
KNN,5505,0,0,0.0
KNN,1420,1,1,1.0
KNN,3244,0,0,3.307424869570116e-07
KNN,1476,0,1,0.7984975417283501
KNN,1875,1,1,1.0
KNN,8682,1,1,1.0
KNN,7748,0,1,0.8101234316525301
KNN,5095,0,0,0.0
KNN,2145,1,1,0.8195499967565074
KNN,159,1,0,0.0
KNN,651,1,1,1.0
KNN,7238,0,0,0.0
KNN,8922,1,1,0.9387429742291227
KNN,2248,1,1,1.0
KNN,4699,1,1,1.0
KNN,3858,1,0,0.14783439167203036
KNN,7323,0,0,0.0
KNN,5023,0,0,0.0
KNN,3687,1,1,0.8157460410909934
KNN,8861,1,1,1.0
KNN,8838,1,1,1.0
KNN,2306,1,1,0.9962419142108844
KNN,6742,1,1,1.0
KNN,3109,1,1,1.0
KNN,5744,0,0,0.0
KNN,3308,1,1,1.0
KNN,4710,0,0,0.2
KNN,746,1,1,0.625396741157613
KNN,3105,1,1,1.0
KNN,2518,1,0,0.0
KNN,9245,1,1,1.0
KNN,7774,0,1,0.5933055543997643
KNN,8119,1,1,0.5504728237587487
KNN,1387,0,0,0.0
KNN,1837,1,1,1.0
KNN,5382,0,0,0.35140536601671385
KNN,6218,0,0,0.0
KNN,275,1,0,0.0
KNN,2747,1,0,0.0
KNN,5788,0,0,0.18872648689874738
KNN,5110,0,1,0.6213907891624104
KNN,7133,1,1,1.0
KNN,4639,0,1,1.0
KNN,6499,1,1,0.9030402920192087
KNN,2860,1,0,8.689228369177849e-07
KNN,1397,1,1,1.0
KNN,4096,1,1,1.0
KNN,4993,0,1,0.7908207684234343
KNN,8471,0,0,0.23942586738036284
KNN,8368,0,0,0.0
KNN,8352,0,0,0.23013217250458878
KNN,9392,1,1,1.0
KNN,3869,1,0,0.18125237761505872
KNN,7356,1,1,0.8002191126419727
KNN,8761,1,1,1.0
KNN,3313,1,1,1.0
KNN,2304,0,0,0.0
KNN,2798,1,1,0.9999999922248386
KNN,2887,1,1,1.0
KNN,3056,1,0,0.0
KNN,636,1,1,0.8087115153583595
KNN,1158,1,1,1.0
KNN,944,1,1,1.0
KNN,597,1,0,0.4103286148180822
KNN,345,1,0,0.3461985607625254
KNN,3017,1,1,1.0
KNN,2644,0,0,2.224309416109014e-08
KNN,7465,1,0,0.4034225509920343
KNN,3378,1,1,1.0
KNN,8537,1,1,1.0
KNN,9511,1,1,1.0
KNN,7029,1,1,1.0
KNN,1953,1,1,1.0
KNN,6149,1,1,0.9999999732224459
KNN,3904,0,1,1.0
KNN,1405,1,1,1.0
KNN,4829,0,0,0.4686263861797538
KNN,8656,1,1,1.0
KNN,4573,1,0,0.5
KNN,6556,1,0,0.5
KNN,3882,1,0,0.0
KNN,8430,0,0,0.025677885191052557
KNN,2897,1,1,1.0
KNN,4349,1,1,1.0
KNN,2490,0,1,0.6151556306373491
KNN,2030,0,0,1.8573804986866479e-06
KNN,9541,1,1,1.0
KNN,7854,1,1,1.0
KNN,9382,1,1,1.0
KNN,5465,0,0,0.0
KNN,1131,0,0,0.0
KNN,6308,1,0,0.0
KNN,9211,1,1,1.0
KNN,3435,1,1,1.0
KNN,7343,0,0,0.5
KNN,5936,1,1,1.0
KNN,6177,1,1,1.0
KNN,4543,1,1,1.0
KNN,8256,0,0,0.0005496710433015818
KNN,6869,1,1,1.0
KNN,736,0,0,0.0
KNN,6873,0,0,0.0
KNN,7135,1,0,0.0
KNN,3821,0,0,0.46890812237752155
KNN,1715,1,1,1.0
KNN,2308,1,1,0.799901022942752
KNN,6331,1,1,1.0
KNN,1470,1,1,1.0
KNN,3621,1,1,1.0
KNN,518,1,1,1.0
KNN,4889,1,1,1.0
KNN,987,1,1,1.0
KNN,4983,0,0,0.0
KNN,2403,1,1,1.0
KNN,6651,1,1,1.0
KNN,8083,1,1,0.9693999583442742
KNN,5697,0,0,0.0
KNN,539,1,1,1.0
KNN,753,1,1,1.0
KNN,2935,1,1,1.0
KNN,8010,0,0,0.001438269166792093
KNN,7643,0,0,0.191628843651119
KNN,2462,1,1,1.0
KNN,5391,0,0,0.0
KNN,4643,0,0,0.0
KNN,3112,1,1,1.0
KNN,3361,1,1,1.0
KNN,3565,1,0,0.3333333333333333
KNN,1054,1,1,1.0
KNN,8243,1,1,1.0
KNN,7604,0,0,0.0
KNN,7102,1,1,1.0
KNN,3774,0,1,0.7674775374913133
KNN,1199,0,0,0.0
KNN,430,1,1,1.0
KNN,5791,0,0,0.20394517073179477
KNN,7223,1,1,1.0
KNN,9353,1,1,1.0
KNN,556,1,1,1.0
KNN,9302,1,1,1.0
KNN,3964,1,1,0.5962841431691674
KNN,6562,1,0,0.3333332957559237
KNN,1050,1,1,1.0
KNN,9276,1,1,1.0
KNN,7113,1,1,0.7883014718556144
KNN,7114,1,0,2.1572366113961567e-08
KNN,7511,1,0,0.4002796665660315
KNN,1718,1,1,1.0
KNN,8121,0,0,0.3288023283632068
KNN,1078,0,0,1.861899758522529e-08
KNN,4495,0,0,0.0
KNN,8910,1,1,0.890096658350546
KNN,7230,0,1,0.633974566136723
KNN,7226,0,0,0.0
KNN,3007,1,0,0.2
KNN,4978,0,0,0.20183477625170476
KNN,8896,1,1,1.0
KNN,5882,1,0,0.0
KNN,4821,1,1,1.0
KNN,8154,1,1,1.0
KNN,2483,0,0,0.0
KNN,6110,0,0,0.0
KNN,5378,0,0,0.0
KNN,1949,0,1,0.9999827610374368
KNN,1883,1,1,1.0
KNN,2297,1,1,0.9009437040514473
KNN,4655,1,1,1.0
KNN,544,1,1,1.0
KNN,4689,1,1,1.0
KNN,80,0,0,6.916412726848104e-09
KNN,190,1,0,0.23997580191617854
KNN,3573,1,1,0.5922990687832577
KNN,2426,1,1,0.9999999119131286
KNN,4483,1,1,1.0
KNN,3463,1,1,1.0
KNN,5375,0,0,0.0
KNN,8855,1,1,1.0
KNN,7121,0,0,0.0
KNN,8467,0,0,0.1788650328071946
KNN,5512,1,1,0.6128149994279394
KNN,5978,1,1,1.0
KNN,6209,1,0,0.13263123974869154
KNN,2178,1,1,1.0
KNN,2266,1,1,0.8044043209011695
KNN,1323,1,1,1.0
KNN,5398,0,0,0.43261194904197225
KNN,8727,1,1,1.0
KNN,5373,0,0,0.0
KNN,7358,1,1,1.0
KNN,2926,1,1,1.0
KNN,9074,1,1,1.0
KNN,6234,0,1,0.9999997311910639
KNN,7152,1,1,1.0
KNN,427,1,1,0.6071565602303092
KNN,1090,1,1,0.5985600462443974
KNN,5564,0,1,0.7936977791982665
KNN,6287,1,1,0.6197903658388608
KNN,5992,0,0,0.4494896969603116
KNN,1367,1,1,1.0
KNN,3781,1,1,0.8021433677875706
KNN,7636,0,0,0.1964612680811248
KNN,7478,1,0,0.22503524924428223
KNN,8774,1,1,1.0
KNN,6037,1,0,0.4
KNN,6085,1,1,1.0
KNN,6295,1,1,1.0
KNN,2912,1,1,1.0
KNN,9457,1,1,1.0
KNN,7519,1,1,1.0
KNN,3501,1,1,0.9999999715288589
KNN,5644,0,0,0.0
KNN,8660,1,1,1.0
KNN,2494,0,0,3.46677768097739e-08
KNN,7953,0,0,0.0
KNN,4312,1,1,1.0
KNN,1432,1,1,1.0
KNN,6216,1,0,0.16841587478727704
KNN,3516,0,1,0.824897906857446
KNN,4107,0,0,0.0
KNN,2246,1,1,1.0
KNN,6598,1,1,0.8069638659542092
KNN,8293,0,0,0.0
KNN,6509,1,0,1.4960882262955009e-05
KNN,6201,1,1,0.6660052544189325
KNN,6807,1,1,1.0
KNN,4604,1,1,1.0
KNN,5820,0,0,0.0
KNN,2363,1,1,1.0
KNN,3599,1,1,1.0
KNN,1442,1,1,1.0
KNN,785,1,1,1.0
KNN,6238,1,1,1.0
KNN,1147,1,1,1.0
KNN,8498,1,1,1.0
KNN,1823,1,1,1.0
KNN,2532,1,0,0.0
KNN,4999,0,0,0.19094737970602
KNN,298,1,0,0.21078553278874004
KNN,5140,1,1,1.0
KNN,3856,0,0,0.0
KNN,7144,1,1,1.0
KNN,7790,1,1,1.0
KNN,2000,0,0,0.0
KNN,5337,0,0,0.20522752557077362
KNN,3362,1,1,0.793000742789219
KNN,5123,1,1,1.0
KNN,7172,0,0,0.0
KNN,4470,1,1,1.0
KNN,9341,1,1,1.0
KNN,391,1,1,1.0
KNN,4948,0,0,0.0
KNN,5050,0,1,1.0
KNN,3857,0,0,0.358337825011645
KNN,6176,1,1,1.0
KNN,4151,1,1,0.7307519918810814
KNN,6078,1,0,0.0
KNN,8425,0,0,0.0
KNN,6729,1,1,1.0
KNN,8264,0,0,0.0
KNN,6769,0,0,0.0
KNN,7380,1,1,1.0
KNN,5311,1,1,1.0
KNN,2513,1,0,0.0
KNN,3660,1,1,1.0
KNN,6595,1,1,1.0
KNN,6131,1,1,1.0
KNN,2227,0,0,0.0
KNN,2634,1,1,1.0
KNN,1503,1,1,1.0
KNN,1339,1,1,1.0
KNN,3968,1,1,0.7968248344772919
KNN,529,1,1,1.0
KNN,5712,0,1,0.7494399332931339
KNN,341,1,0,0.0
KNN,3632,1,1,1.0
KNN,3877,1,0,0.0
KNN,6941,1,1,1.0
KNN,759,1,1,1.0
KNN,5166,0,0,0.35140536601671385
KNN,6617,1,1,1.0
KNN,7284,1,1,1.0
KNN,5507,0,0,0.0
KNN,5098,1,1,1.0
KNN,2711,1,1,1.0
KNN,2316,1,1,1.0
KNN,6787,1,1,0.5970370402099133
KNN,4047,1,1,1.0
KNN,5555,0,1,1.0
KNN,4243,0,0,1.0642073017369382e-06
KNN,7508,1,1,0.6086091543867441
KNN,5141,1,1,1.0
KNN,2874,1,1,1.0
KNN,1219,1,1,1.0
KNN,8614,1,1,1.0
KNN,7157,1,1,1.0
KNN,9349,1,1,0.6849703675415827
KNN,1140,1,1,1.0
KNN,6460,1,1,1.0
KNN,5556,0,1,1.0
KNN,631,1,1,1.0
KNN,704,1,1,1.0
KNN,766,1,1,1.0
KNN,8994,1,1,1.0
KNN,6661,1,0,0.0
KNN,3014,1,1,1.0
KNN,7592,1,1,1.0
KNN,2565,1,1,1.0
KNN,8945,1,0,0.4004963772920368
KNN,8164,0,0,0.2673167975062093
KNN,4688,1,1,1.0
KNN,7105,1,1,1.0
KNN,4959,0,1,1.0
KNN,5260,0,1,1.0
KNN,5984,1,1,1.0
KNN,5467,0,0,0.0
KNN,3052,1,0,0.1733751060556218
KNN,3064,1,0,0.0
KNN,2616,1,1,1.0
KNN,6854,1,1,1.0
KNN,4808,1,1,1.0
KNN,6247,1,1,1.0
KNN,8061,1,1,0.6735938203806053
KNN,4878,1,1,1.0
KNN,5647,1,0,0.5
KNN,2390,0,0,0.3643562927437157
KNN,5263,1,1,1.0
KNN,5690,0,1,0.8001655513070459
KNN,8839,1,1,1.0
KNN,5292,0,0,0.40745667362359617
KNN,5209,0,1,0.6057875768239227
KNN,5888,1,1,1.0
KNN,2693,1,1,1.0
KNN,2822,1,1,1.0
KNN,8947,1,1,1.0
KNN,3549,1,1,1.0
KNN,6407,1,1,1.0
KNN,5868,1,1,1.0
KNN,3387,0,0,0.0
KNN,4951,0,0,0.0
KNN,8992,1,1,1.0
KNN,3416,1,0,0.0
KNN,1281,0,0,0.26794918685341657
KNN,6429,1,1,1.0
KNN,1,0,0,0.0
KNN,5086,0,1,0.8179309828199879
KNN,6714,1,1,1.0
KNN,3433,1,0,0.49821236788063894
KNN,8616,1,1,0.6881391584893841
KNN,5203,0,0,0.0
KNN,8280,1,1,1.0
KNN,3933,1,0,0.20179482511564603
KNN,2594,1,1,1.0
KNN,8057,1,1,1.0
KNN,3329,1,1,1.0
KNN,892,1,1,1.0
KNN,6585,1,1,1.0
KNN,1063,1,1,1.0
KNN,1601,0,0,0.24708399351422153
KNN,6643,1,1,1.0
KNN,5693,0,0,0.42278452868142224
KNN,8075,1,0,0.069110497803613
KNN,5333,0,1,0.6179611592090043
KNN,4830,1,1,1.0
KNN,139,1,1,0.5906865557937062
KNN,6715,1,1,1.0
KNN,2775,1,1,1.0
KNN,7056,1,1,1.0
KNN,5132,1,0,0.3772950749771634
KNN,5986,1,1,1.0
KNN,5408,0,1,0.8020052152595611
KNN,3723,0,0,0.19961714194674882
KNN,513,1,1,1.0
KNN,5604,0,0,0.0
KNN,4815,0,0,0.0
KNN,9507,1,1,1.0
KNN,8615,1,1,0.5916784373141424
KNN,7075,1,0,0.0
KNN,4332,0,0,0.0
KNN,1628,1,1,1.0
KNN,2650,1,1,1.0
KNN,2473,1,1,0.7891656079553883
KNN,9509,1,1,1.0
KNN,5124,0,1,1.0
KNN,4449,1,1,1.0
KNN,2071,1,1,0.6171395419093537
KNN,6058,1,1,1.0
KNN,2827,1,1,1.0
KNN,5509,0,0,0.0
KNN,9153,1,1,1.0
KNN,4389,0,0,3.307424869570237e-07
KNN,8982,1,1,0.6054378926506656
KNN,2478,0,0,0.40163316921502046
KNN,1390,1,1,0.7468962753194981
KNN,3242,0,0,0.0
KNN,4586,1,1,1.0
KNN,3642,1,1,0.999999963638356
KNN,8456,0,0,0.0
KNN,3919,1,0,0.17762261803845775
KNN,7486,0,0,9.791916748516609e-09
KNN,6886,0,0,0.0
KNN,8281,1,1,1.0
KNN,2802,1,1,0.9999999101946772
KNN,226,0,0,0.35014885448460603
KNN,2673,1,0,0.0
KNN,1990,1,1,1.0
KNN,8406,0,0,0.0
KNN,3894,0,1,0.8071524595067714
KNN,2170,1,1,1.0
KNN,4661,1,1,1.0
KNN,2726,1,1,1.0
KNN,2869,1,1,1.0
KNN,1110,1,1,1.0
KNN,2894,1,1,1.0
KNN,68,0,0,0.00745542928810305
KNN,7904,1,0,0.20732313820809758
KNN,1425,1,1,1.0
KNN,6130,1,0,0.0
KNN,3935,0,0,0.1772089121774231
KNN,8533,1,1,0.8858170710746833
KNN,9201,1,1,1.0
KNN,5905,1,1,1.0
KNN,6219,0,0,0.3333333333333333
KNN,9084,1,1,0.8077595236349426
KNN,6821,0,0,0.0
KNN,8757,1,1,0.9557651207696294
KNN,6868,1,1,1.0
KNN,4561,1,1,1.0
KNN,9506,1,1,1.0
KNN,5795,0,0,0.21697651313245953
KNN,6338,0,0,0.0
KNN,5016,0,0,0.0
KNN,8763,1,1,1.0
KNN,6668,1,1,0.6578320043808088
KNN,3716,0,1,0.8002695290972309
KNN,4539,1,1,1.0
KNN,6210,1,1,1.0
KNN,8735,1,1,1.0
KNN,7441,1,1,0.7992144416163172
KNN,4297,1,1,1.0
KNN,1886,1,1,1.0
KNN,3220,0,0,0.0
KNN,7544,1,1,0.7323847450239324
KNN,4752,0,0,0.0
KNN,4850,1,0,0.18969284166919592
KNN,7310,1,1,1.0
KNN,8016,0,0,0.0
KNN,4650,0,0,0.5
KNN,6346,1,1,1.0
KNN,5561,0,0,0.32440907257879836
KNN,7701,1,0,5.377455264080698e-07
KNN,2778,1,1,0.9999791801174014
KNN,9472,1,1,0.6049359660399578
KNN,1551,1,1,1.0
KNN,5536,0,0,0.4017777466027197
KNN,7190,0,0,0.5
KNN,9493,1,1,0.8613150110539188
KNN,9099,1,0,0.18481569749455673
KNN,6320,0,0,0.25
KNN,361,1,1,0.5914027985112099
KNN,1381,1,1,1.0
KNN,5287,0,0,0.0
KNN,4213,1,1,1.0
KNN,4953,0,0,0.43666659391496787
KNN,4750,0,1,1.0
KNN,8965,1,1,1.0
KNN,2751,1,0,0.0
KNN,1638,1,1,0.8075049691785811
KNN,2531,1,0,0.16856562102625763
KNN,8895,1,1,1.0
KNN,3817,1,0,0.0
KNN,3789,0,0,0.4065399645306346
KNN,4777,0,0,0.25
KNN,3424,1,1,1.0
KNN,4646,1,1,1.0
KNN,3336,1,1,1.0
KNN,2715,1,0,0.0
KNN,7248,0,0,0.0
KNN,7629,0,0,0.0
KNN,9411,1,1,1.0
KNN,7916,0,0,0.04646046860229083
KNN,8881,1,1,1.0
KNN,5900,1,1,1.0
KNN,5924,1,1,1.0
KNN,4500,0,0,0.3333333333333333
KNN,8433,0,0,0.24731182269430946
KNN,2437,1,1,1.0
KNN,6789,1,1,1.0
KNN,6323,0,0,0.0
KNN,2070,0,0,0.26758311738724827
KNN,9422,1,1,1.0
KNN,5254,0,1,1.0
KNN,3413,1,1,1.0
KNN,856,1,1,0.6103710823273232
KNN,6226,1,1,0.99999996597986
KNN,8297,0,0,0.0
KNN,5732,0,0,0.26180696681956245
KNN,2684,1,1,0.604068581931376
KNN,4041,1,1,1.0
KNN,3078,1,0,0.09223743205527069
KNN,7955,0,1,0.596688051317773
KNN,5322,0,0,0.0
KNN,7958,1,1,0.8001663194485849
KNN,3393,1,1,1.0
KNN,2015,1,1,1.0
KNN,7477,1,0,0.0
KNN,7138,1,1,0.8047773211164455
KNN,6387,1,1,1.0
KNN,9545,1,1,1.0
KNN,6051,1,1,1.0
KNN,685,1,1,1.0
KNN,8501,1,1,0.8089764889752555
KNN,5663,0,0,0.0
KNN,7046,1,1,1.0
KNN,4442,1,1,1.0
KNN,7457,0,0,0.0
KNN,8765,1,1,1.0
KNN,8025,1,1,0.8203963498073928
KNN,8026,0,0,0.3715822384221956
KNN,1461,1,1,0.833932169940397
KNN,1727,1,1,1.0
KNN,1298,0,0,0.32071483901346826
KNN,5831,0,1,0.8026140753820803
KNN,1133,1,1,1.0
KNN,7272,1,1,1.0
KNN,4807,1,1,1.0
KNN,4944,0,1,0.5886638472903458
KNN,5233,0,0,0.22507742716434903
KNN,540,1,0,0.3968298775753533
KNN,9069,1,1,1.0
KNN,954,1,1,1.0
KNN,2946,1,1,1.0
KNN,2298,0,0,1.809911349849824e-08
KNN,573,1,1,0.7934122314677021
KNN,3936,1,0,0.17720891217742316
KNN,4503,0,0,0.5
KNN,1660,1,1,1.0
KNN,7474,0,0,0.5
KNN,9007,1,1,0.8651032816749366
KNN,8643,1,1,1.0
KNN,6007,1,0,0.29289321111791905
KNN,147,0,0,0.3760757886680175
KNN,3121,1,1,1.0
KNN,4,0,0,0.40631311224620215
KNN,888,1,1,1.0
KNN,6927,1,1,1.0
KNN,9449,1,1,1.0
KNN,6614,1,1,0.999999963638356
KNN,4062,1,1,1.0
KNN,8811,1,1,1.0
KNN,7149,1,1,1.0
KNN,4003,1,1,1.0
KNN,2217,1,1,1.0
KNN,4110,1,1,1.0
KNN,5855,1,1,1.0
KNN,1853,0,0,0.0
KNN,3801,0,1,0.6111351966584204
KNN,5734,0,0,0.19725449632239528
KNN,2211,1,1,1.0
KNN,8204,1,1,1.0
KNN,1406,1,1,1.0
KNN,9362,1,1,0.5363714919816244
KNN,7724,1,1,1.0
KNN,4296,1,1,0.6948101600580591
KNN,4880,1,1,1.0
KNN,6642,1,1,1.0
KNN,9038,1,1,1.0
KNN,2150,1,1,0.7995277202288348
KNN,5596,0,0,0.0
KNN,5587,0,0,0.0
KNN,9503,1,1,1.0
KNN,5745,1,1,0.8161033767739827
KNN,3567,1,0,4.06808377621481e-08
KNN,3578,0,0,5.5254883542413575e-08
KNN,9340,1,1,1.0
KNN,1419,1,1,1.0
KNN,2580,0,0,0.0
KNN,1624,1,1,1.0
KNN,6571,0,0,9.791916748516609e-09
KNN,8284,1,0,0.3832431720035518
KNN,1994,1,1,1.0
KNN,4823,1,1,1.0
KNN,3430,1,0,0.0
KNN,6150,0,0,0.0
KNN,8348,0,0,0.2437932441877488
KNN,9413,1,1,1.0
KNN,7005,1,0,1.0571157078258127e-07
KNN,7171,1,1,1.0
KNN,4771,0,0,0.2
KNN,5707,0,1,1.0
KNN,379,1,1,1.0
KNN,6508,0,0,0.0
KNN,8116,1,1,0.9910426593819298
KNN,4164,1,1,0.7957669153943698
KNN,6649,1,1,1.0
KNN,3711,1,0,0.4761759109089446
KNN,3454,1,1,1.0
KNN,7764,1,1,0.7998048806550878
KNN,4949,0,0,0.0
KNN,5414,0,0,0.0
KNN,5307,1,1,1.0
KNN,8438,0,0,0.3333333333333333
KNN,7855,1,1,1.0
KNN,337,1,0,0.21114327773837002
KNN,5113,0,0,0.0
KNN,9190,1,1,1.0
KNN,6608,1,1,1.0
KNN,8160,1,1,0.759021538580622
KNN,9282,1,1,1.0
KNN,1527,1,1,0.8699952773750664
KNN,1327,1,1,1.0
KNN,6725,1,1,0.6666666666666666
KNN,2744,1,0,0.0
KNN,4809,1,1,1.0
KNN,9499,1,1,1.0
KNN,6336,1,1,1.0
KNN,5645,0,0,0.0
KNN,2540,1,1,1.0
KNN,4669,1,1,1.0
KNN,1423,1,1,0.9999999634087887
KNN,3286,1,0,0.0
KNN,9477,1,1,1.0
KNN,9047,1,1,0.5323039311913901
KNN,4759,1,1,1.0
KNN,1184,0,0,0.5
KNN,6221,1,0,0.0
KNN,741,1,1,1.0
KNN,3816,1,0,0.22125608561722446
KNN,7858,1,1,1.0
KNN,37,0,0,0.0
KNN,3331,0,0,4.361750231090107e-08
KNN,3189,0,0,0.0
KNN,2350,1,1,0.9499838156066017
KNN,3293,1,1,0.8191221975555928
KNN,4350,1,1,1.0
KNN,4268,0,0,0.25866356938281215
KNN,2808,1,0,0.0
KNN,1942,1,1,0.9979358339203098
KNN,2782,1,1,1.0
KNN,780,1,1,0.8324189110553982
KNN,6097,1,0,0.24069121609054006
KNN,1533,1,1,1.0
KNN,8051,1,1,1.0
KNN,1530,1,1,1.0
KNN,7337,1,1,0.7307519918810877
KNN,4273,1,1,1.0
KNN,828,1,1,0.676293608106654
KNN,8913,1,1,1.0
KNN,647,1,1,0.6118356150229931
KNN,7374,1,1,1.0
KNN,6865,1,1,1.0
KNN,7082,0,0,0.0
KNN,8681,1,1,1.0
KNN,2830,1,1,1.0
KNN,2527,1,1,1.0
KNN,4902,1,1,1.0
KNN,7434,1,1,0.6151556306373491
KNN,8468,0,0,0.0
KNN,6870,0,0,0.29289321111791905
KNN,4585,1,1,1.0
KNN,1422,1,1,1.0
KNN,4313,1,1,1.0
KNN,5285,1,1,0.8061275029859095
KNN,2499,0,0,2.1656274766216746e-08
KNN,2503,1,0,0.3333333333333333
KNN,8647,1,1,1.0
KNN,6456,1,1,1.0
KNN,7763,1,1,0.9970147510505271
KNN,4134,0,1,0.5857854980159761
KNN,8238,1,1,0.6225665561267536
KNN,4798,1,1,1.0
KNN,5755,0,1,1.0
KNN,8369,0,0,0.0
KNN,5867,1,1,1.0
KNN,2764,1,0,0.499999992409656
KNN,3332,1,1,0.8885009660096997
KNN,5437,0,0,0.49999990805207756
KNN,2508,1,1,1.0
KNN,279,1,1,0.7553623840669383
KNN,8600,1,1,0.9933191215385758
KNN,5288,0,0,0.15259455549351242
KNN,2939,1,0,0.2459824707525977
KNN,4749,0,0,0.0
KNN,7350,1,1,1.0
KNN,6736,1,0,0.5
KNN,2781,1,1,1.0
KNN,228,1,1,0.794520087856803
KNN,2182,1,1,1.0
KNN,2290,1,1,0.7726822585035082
KNN,7385,1,1,1.0
KNN,149,1,0,0.39805082412362175
KNN,5340,0,0,0.0
KNN,1411,1,1,1.0
KNN,950,1,1,1.0
KNN,797,1,1,0.6274337080122866
KNN,1610,0,0,0.0
KNN,7771,0,0,0.19101813199770154
KNN,3231,1,1,1.0
KNN,9343,1,1,1.0
KNN,9288,1,1,1.0
KNN,9393,1,1,1.0
KNN,1798,1,1,1.0
KNN,838,1,1,0.6006357992568618
KNN,3851,0,0,0.0
KNN,7712,1,0,0.44432025635263356
KNN,1741,1,1,1.0
KNN,4719,0,0,0.3333333333333333
KNN,4138,0,0,3.251802458814678e-08
KNN,1620,1,1,1.0
KNN,7948,0,1,0.9911691085927076
KNN,2012,1,1,1.0
KNN,6727,0,0,0.0
KNN,4011,1,1,1.0
KNN,8733,1,1,1.0
KNN,1997,1,1,1.0
KNN,9580,1,0,0.4115700145721206
KNN,2225,1,1,0.7942940411232011
KNN,5812,1,1,0.8015214298754118
KNN,5675,0,0,0.21546341476775865
KNN,9214,1,1,1.0
KNN,3495,1,0,0.46980132565101695
KNN,3053,1,0,0.16841587478727704
KNN,6936,1,1,1.0
KNN,3270,1,0,0.0
KNN,5281,0,1,0.8091127407591924
KNN,6507,1,1,0.9999999922248386
KNN,5701,0,0,0.0
KNN,7370,1,1,0.6179611592090043
KNN,4498,1,1,0.9999999768392599
KNN,5253,0,0,2.039497481917134e-08
KNN,7687,0,0,0.11563399700361283
KNN,744,1,1,1.0
KNN,2630,1,0,2.4457125460397164e-08
KNN,5987,1,1,1.0
KNN,8050,0,1,0.804994065351769
KNN,2025,1,1,1.0
KNN,5449,0,0,0.0
KNN,5395,0,0,0.0
KNN,7622,0,1,1.0
KNN,2208,1,1,1.0
KNN,9275,1,0,0.14385710276597483
KNN,2663,1,1,1.0
KNN,4221,0,0,0.0
KNN,4505,1,1,1.0
KNN,3151,1,1,1.0
KNN,8174,0,0,0.0
KNN,4176,1,1,1.0
KNN,4050,1,1,1.0
KNN,450,1,1,0.8290531536484249
KNN,9388,1,1,0.7923149291283188
KNN,3862,1,0,0.4051397214699943
KNN,4287,1,1,0.9999999273826058
KNN,947,1,0,0.21646282718944287
KNN,415,1,1,1.0
KNN,8659,1,1,1.0
KNN,6230,1,0,0.0
KNN,5515,0,1,0.5978672516317968
KNN,5294,0,0,0.1734035342968181
KNN,9291,1,0,0.18433529768638174
KNN,1363,1,1,1.0
KNN,4618,1,1,1.0
KNN,4893,0,0,0.0
KNN,5144,0,1,0.8048484148228554
KNN,1993,1,1,1.0
KNN,3683,1,1,1.0
KNN,9513,1,1,1.0
KNN,11,0,0,0.36550469406203157
KNN,5019,0,0,0.0
KNN,2237,0,0,0.4095977663807717
KNN,5186,0,1,0.8036360595247961
KNN,7645,0,0,0.38906626050342047
KNN,9467,1,1,0.7145844094554553
KNN,4238,0,0,0.0
KNN,986,1,1,1.0
KNN,331,1,1,1.0
KNN,8712,1,1,1.0
KNN,3993,1,1,1.0
KNN,9203,1,1,1.0
KNN,5560,0,0,0.19846943333596034
KNN,4892,1,1,1.0
KNN,6475,1,1,1.0
KNN,4733,1,1,1.0
KNN,8409,0,0,0.0
KNN,8612,1,1,1.0
KNN,6850,1,0,0.5
KNN,843,1,1,0.8241771931783046
KNN,1899,1,1,1.0
KNN,5351,0,0,2.758496165339288e-08
KNN,1383,1,1,0.9417732247430476
KNN,4331,0,0,0.0
KNN,7517,1,1,1.0
KNN,1036,0,0,0.0
KNN,4920,0,0,6.650974372819987e-06
KNN,3536,1,1,1.0
KNN,7863,1,0,0.38528314002679653
KNN,5439,0,1,1.0
KNN,2515,1,1,1.0
KNN,5348,0,0,0.0
KNN,7542,1,0,0.0
KNN,896,1,1,1.0
KNN,5386,1,0,0.20048937883187645
KNN,9278,1,1,1.0
KNN,7982,0,0,0.17095104810536088
KNN,7309,1,1,0.8171559432413773
KNN,1462,1,1,0.8202562334086331
KNN,7220,1,1,1.0
KNN,1204,1,1,0.5939839445501258
KNN,4233,0,0,0.32481859734279217
KNN,6734,1,1,1.0
KNN,9347,1,1,1.0
KNN,6829,1,1,1.0
KNN,405,1,1,0.616538291246844
KNN,7461,1,1,0.8158016254718049
KNN,4492,0,0,0.0
KNN,9497,1,1,1.0
KNN,1031,1,1,0.9999998911666332
KNN,8634,1,1,0.8796526130472195
KNN,3090,1,1,1.0
KNN,9010,1,1,1.0
KNN,5552,0,1,0.8062792899779057
KNN,8449,0,0,0.2435288194549854
KNN,2563,1,0,0.2799218526644749
KNN,2374,1,1,1.0
KNN,7765,0,0,0.4000284665133276
KNN,1203,1,0,0.1922996269277698
KNN,1894,0,0,0.0
KNN,7072,0,0,0.0
KNN,509,1,0,0.4279428492614339
KNN,2250,1,1,1.0
KNN,3689,1,0,0.21055038488440617
KNN,8609,1,1,1.0
KNN,420,1,0,0.41153818030842404
KNN,4348,1,1,1.0
KNN,8588,1,1,1.0
KNN,1763,1,1,0.7706643897555902
KNN,7466,0,0,0.0
KNN,6763,1,1,1.0
KNN,4598,0,0,2.4457125460397164e-08
KNN,4943,0,1,0.6014496530531034
KNN,7488,1,1,0.5270874971957741
KNN,53,0,0,0.0
KNN,6589,0,0,0.0
KNN,7417,0,0,0.0
KNN,3590,1,0,0.0
KNN,2560,1,1,1.0
KNN,5799,0,0,0.0
KNN,2603,1,1,1.0
KNN,4053,1,1,1.0
KNN,2398,1,1,0.9999999791674556
KNN,8503,1,1,1.0
KNN,5226,1,1,0.6429361150530174
KNN,8201,0,0,0.0
KNN,2336,1,1,1.0
KNN,2945,1,1,1.0
KNN,9154,1,1,1.0
KNN,8581,1,1,1.0
KNN,4091,0,0,0.49999950061623316
KNN,3531,1,0,0.0
KNN,3373,1,1,0.9999999820841081
KNN,2149,1,1,1.0
KNN,4575,1,1,1.0
KNN,7240,0,0,0.5
KNN,6482,1,1,1.0
KNN,7158,1,1,1.0
KNN,835,1,1,1.0
KNN,5684,0,1,0.5862869884385283
KNN,7414,1,1,1.0
KNN,2255,1,1,1.0
KNN,426,1,1,1.0
KNN,5658,0,0,2.2395988795312772e-08
KNN,6698,1,0,0.0
KNN,6702,1,1,1.0
KNN,1416,1,1,1.0
KNN,1714,1,1,1.0
KNN,4671,1,1,1.0
KNN,3611,0,0,0.0
KNN,1272,1,1,1.0
KNN,8108,1,1,1.0
KNN,4680,1,1,0.7980426415705013
KNN,994,1,1,0.5792336237351885
KNN,3016,1,0,3.995326196703173e-08
KNN,5710,0,1,0.552158144237576
KNN,8338,0,0,0.0
KNN,3149,1,1,0.8203396506080947
KNN,7493,0,0,0.0
KNN,3511,1,0,0.0
KNN,653,1,1,1.0
KNN,603,1,1,0.6061840880836445
KNN,6470,1,1,1.0
KNN,5163,0,0,0.0
KNN,5207,0,0,0.19911168406506888
KNN,7913,0,0,0.0
KNN,4223,0,0,0.4
KNN,1368,1,1,1.0
KNN,3356,1,1,1.0
KNN,495,1,1,0.8346597488388228
KNN,6544,0,0,0.0
KNN,19,0,0,0.025479625096049365
KNN,5584,0,0,0.0
KNN,1855,0,0,0.0
KNN,3202,1,0,0.0
KNN,2022,0,0,0.0
KNN,4952,0,0,0.10377187383251597
KNN,8331,0,0,0.2
KNN,8216,0,0,0.0
KNN,1957,1,1,0.6302128250969264
KNN,5022,0,1,0.5754759927044758
KNN,512,1,1,1.0
KNN,8214,1,0,0.382080549812171
KNN,6269,1,1,1.0
KNN,2408,1,1,1.0
KNN,4338,0,0,0.0
KNN,3237,1,1,1.0
KNN,3240,1,0,4.609769306193398e-08
KNN,9578,1,1,1.0
KNN,9338,1,1,1.0
KNN,778,1,0,0.0
KNN,4836,1,1,1.0
KNN,5501,0,0,0.0
KNN,8080,0,0,0.00011689320394382475
KNN,1194,1,1,1.0
KNN,4763,0,0,0.009518459191591945
KNN,7419,1,1,0.818945310887786
KNN,1843,1,1,1.0
KNN,6753,1,1,1.0
KNN,1099,1,1,1.0
KNN,9273,1,1,1.0
KNN,4346,1,1,1.0
KNN,8299,0,0,0.20000000000012233
KNN,8626,1,1,0.7043004757862138
KNN,6825,1,0,0.0
KNN,9293,1,1,1.0
KNN,2430,1,1,1.0
KNN,8810,1,1,0.6360530195642873
KNN,4757,1,1,1.0
KNN,4392,0,0,0.36939718452698406
KNN,9271,1,1,1.0
KNN,4864,0,0,0.0
KNN,140,1,1,0.7991618511635831
KNN,1414,0,0,0.0
KNN,8690,1,1,1.0
KNN,4832,1,1,1.0
KNN,9487,1,1,1.0
KNN,1717,1,1,1.0
KNN,1482,1,1,1.0
KNN,3861,1,0,0.1796880346159719
KNN,2037,0,0,0.0
KNN,6493,1,0,0.0
KNN,8841,1,1,1.0
KNN,5127,1,1,1.0
KNN,4444,1,1,0.8885009660097003
KNN,9171,1,1,1.0
KNN,3306,1,1,1.0
KNN,2929,1,1,0.9999999634087887
KNN,5858,1,1,1.0
KNN,4810,1,1,1.0
KNN,2852,1,1,1.0
KNN,109,1,1,1.0
KNN,9213,1,1,1.0
KNN,2876,1,1,1.0
KNN,9192,1,1,1.0
KNN,4502,0,0,0.0
KNN,336,1,1,1.0
KNN,4881,1,1,1.0
KNN,9437,1,1,1.0
KNN,7882,1,1,1.0
KNN,7555,1,1,1.0
KNN,413,1,1,0.6747974069798865
KNN,7205,1,0,0.1976879579825309
KNN,4244,1,1,1.0
KNN,5012,0,1,1.0
KNN,7615,0,0,0.0
KNN,5496,0,1,1.0
KNN,9160,1,1,1.0
KNN,2810,0,0,0.0
KNN,8326,0,0,0.026455408006094944
KNN,861,1,1,0.59027462360024
KNN,4101,0,0,0.0
KNN,493,1,1,1.0
KNN,1143,1,1,1.0
KNN,2272,0,0,0.0
KNN,4884,1,1,1.0
KNN,620,1,1,1.0
KNN,4319,1,1,0.78483883355342
KNN,1506,1,1,1.0
KNN,5245,0,0,0.0
KNN,8167,1,1,1.0
KNN,510,1,1,1.0
KNN,2856,1,1,1.0
KNN,2913,1,1,1.0
KNN,3715,1,0,0.18876283298499236
KNN,6915,1,1,1.0
KNN,6663,1,1,1.0
KNN,2511,1,1,1.0
KNN,6139,1,1,1.0
KNN,9397,1,1,1.0
KNN,373,1,1,0.9976620796802914
KNN,3805,0,1,0.9999999580520933
KNN,432,1,1,1.0
KNN,2713,1,1,1.0
KNN,1198,1,1,0.7932389591929458
KNN,4538,1,1,1.0
KNN,5575,0,1,0.6046038623621697
KNN,3382,1,0,0.0
KNN,6406,1,1,1.0
KNN,5917,1,0,2.8240655304442832e-08
KNN,2719,1,1,1.0
KNN,5928,1,1,1.0
KNN,6780,0,0,0.3333333333333333
KNN,1229,1,1,1.0
KNN,8373,0,0,0.13161729311093934
KNN,4103,0,0,0.3333333333333333
KNN,829,1,1,1.0
KNN,4946,0,0,8.224103874718373e-08
KNN,97,0,0,7.760347186970303e-08
KNN,4450,1,1,1.0
KNN,1246,1,1,0.9999999413549985
KNN,776,1,1,1.0
KNN,1649,1,1,1.0
KNN,6423,1,1,1.0
KNN,9310,1,1,1.0
KNN,3952,1,0,0.0
KNN,6912,1,1,1.0
KNN,8306,0,0,0.24888835495676262
KNN,2404,1,1,1.0
KNN,6171,1,1,1.0
KNN,7399,1,1,1.0
KNN,5672,0,0,0.3545700614938883
KNN,2002,1,1,1.0
KNN,3259,1,0,0.22752359858358007
KNN,9514,1,1,1.0
KNN,5832,0,0,0.0
KNN,7450,1,0,0.0
KNN,565,1,0,0.0
KNN,8225,1,1,1.0
KNN,5615,0,0,0.38067003822637513
KNN,1805,1,1,0.8706384092563892
KNN,5473,0,0,0.0
KNN,2353,1,0,0.39251955052743387
KNN,4288,1,1,1.0
KNN,7406,1,1,1.0
KNN,9296,1,1,1.0
KNN,8783,1,1,1.0
KNN,428,1,1,0.6021633883988876
KNN,7289,1,1,0.6107945584141407
KNN,1210,1,1,1.0
KNN,4081,0,0,0.25
KNN,5325,1,0,0.0
KNN,4420,0,0,0.5
KNN,5642,1,1,1.0
KNN,6473,1,0,1.4957718590804875e-08
KNN,2602,1,1,1.0
KNN,7529,1,1,0.5722385275182446
KNN,1193,1,1,1.0
KNN,5455,0,0,8.224103874718373e-08
KNN,2984,1,1,1.0
KNN,209,0,0,0.35505102822256435
KNN,2998,1,1,1.0
KNN,2629,1,1,1.0
KNN,4307,1,1,1.0
KNN,2625,1,1,1.0
KNN,1982,1,1,1.0
KNN,8176,1,1,1.0
KNN,6838,0,0,0.0
KNN,2433,1,1,1.0
KNN,4612,1,1,0.9999998822829236
KNN,189,0,0,0.0
KNN,7825,0,0,0.22291133282088768
KNN,8082,0,0,0.29368447493743605
KNN,7560,1,0,0.20052341416127772
KNN,3028,1,1,1.0
KNN,8651,1,1,0.8013608133930425
KNN,2343,1,1,1.0
KNN,5983,1,1,1.0
KNN,1139,0,0,0.4385920979686287
KNN,5077,0,0,0.15936308822629067
KNN,2020,0,0,0.0
KNN,9530,1,1,1.0
KNN,8183,1,1,1.0
KNN,1796,1,1,1.0
KNN,4919,1,0,0.0
KNN,1582,1,0,0.196081645600636
KNN,9227,1,1,1.0
KNN,324,1,1,1.0
KNN,6036,1,1,1.0
KNN,8184,1,1,0.5995238645081423
KNN,1922,1,1,1.0
KNN,8298,0,0,0.5
KNN,4963,0,1,1.0
KNN,5646,1,0,0.0
KNN,3427,1,1,0.5906168388724266
KNN,7429,1,1,1.0
KNN,8884,1,1,1.0
KNN,3106,1,1,1.0
KNN,3055,1,1,1.0
KNN,3780,1,1,0.7886486140080982
KNN,5392,0,0,0.0
KNN,7984,1,1,0.9641910118620859
KNN,2707,1,1,0.999999983586102
KNN,8630,1,1,1.0
KNN,8672,1,1,1.0
KNN,16,0,0,0.12406226464125765
KNN,6737,1,0,0.20671343585177443
KNN,7533,1,1,0.8069062491735055
KNN,7586,0,0,0.0
KNN,23,0,1,0.8009675977025454
KNN,1940,1,1,1.0
KNN,3136,0,0,0.0
KNN,3428,1,0,0.22654091832004433
KNN,421,1,0,0.4115381803084241
KNN,9389,1,0,0.40760349218443553
KNN,9383,1,1,1.0
KNN,2533,1,1,1.0
KNN,9524,1,1,1.0
KNN,3721,0,1,0.7992995151850425
KNN,1790,1,1,1.0
KNN,4545,0,0,0.0
KNN,8766,1,1,1.0
KNN,1617,1,1,1.0
KNN,4038,1,0,0.20671343585177449
KNN,5522,0,0,0.0
KNN,8233,1,1,0.9983166844051561
KNN,2333,1,1,1.0
KNN,9520,1,1,1.0
KNN,2261,1,1,1.0
KNN,1622,1,1,1.0
KNN,8185,1,1,1.0
KNN,940,1,1,1.0
KNN,5800,1,0,0.253776622761421
KNN,5539,0,0,0.17895013883424954
KNN,8504,1,1,0.5075749500615278
KNN,4760,0,0,0.0
KNN,8993,1,1,1.0
KNN,4778,0,0,0.5
KNN,8721,1,0,0.41029106129190435
KNN,4147,0,1,0.5857863926943938
KNN,2391,1,1,0.8161397576410242
KNN,4647,0,0,0.0
KNN,3636,1,1,1.0
KNN,174,1,1,1.0
KNN,1235,0,0,0.0
KNN,702,1,1,1.0
KNN,583,1,1,0.6099925750300146
KNN,6908,1,1,1.0
KNN,2301,1,1,0.7281192693188305
KNN,4906,0,1,1.0
KNN,2758,1,0,0.32305523363021676
KNN,3914,0,0,0.22451383431305819
KNN,8303,0,0,0.0
KNN,5686,0,0,0.20822877765641223
KNN,7196,1,0,0.0
KNN,6662,1,1,1.0
KNN,3043,1,1,1.0
KNN,2757,1,0,0.0
KNN,5440,0,0,0.0
KNN,8019,1,0,0.34612503434168995
KNN,3040,1,1,0.8032431578464274
KNN,7421,0,0,0.0
KNN,9115,1,1,0.8036829426030117
KNN,7611,0,0,0.23922959654541992
KNN,8342,0,0,0.0
KNN,5216,1,1,0.5923338751669442
KNN,6773,0,0,0.5
KNN,8094,1,1,1.0
KNN,9070,1,1,0.8077349068667248
KNN,1134,1,1,1.0
KNN,3562,0,0,0.0
KNN,6910,1,1,1.0
KNN,6405,1,0,0.34275285235478786
KNN,8724,1,1,1.0
KNN,5305,1,1,1.0
KNN,9454,1,1,0.8052470318964499
KNN,4309,0,0,0.0
KNN,3748,0,0,0.19546078286986782
KNN,3402,1,0,0.0
KNN,9251,1,1,1.0
KNN,8589,1,1,1.0
KNN,1818,1,1,1.0
KNN,2914,1,1,0.9999999183362565
KNN,655,1,1,1.0
KNN,1302,0,0,0.499999992409656
KNN,9012,1,1,0.7716605452008444
KNN,3558,1,0,0.0
KNN,2072,1,1,1.0
KNN,39,0,0,0.0
KNN,6624,1,1,1.0
KNN,5963,1,1,0.6040685819313759
KNN,8266,1,1,1.0
KNN,4723,1,1,1.0
KNN,4355,1,1,1.0
KNN,7553,1,1,0.5948211357742772
KNN,3618,1,1,1.0
KNN,2968,1,1,1.0
KNN,9179,1,1,0.9262886535782353
KNN,511,1,1,1.0
KNN,4685,1,1,1.0
KNN,5565,0,0,0.19701926059561284
KNN,4572,0,0,0.19902348248429866
KNN,6813,0,0,0.25
KNN,7983,1,1,1.0
KNN,8372,0,0,0.0
KNN,872,1,1,1.0
KNN,3925,0,0,0.14049064348414783
KNN,2995,1,1,1.0
KNN,4877,1,1,1.0
KNN,9181,1,1,1.0
KNN,7154,1,1,1.0
KNN,6271,1,1,1.0
KNN,1808,1,1,0.8203396506080946
KNN,5563,1,0,0.392558684478513
KNN,1519,1,0,0.37325962483293074
KNN,3991,1,1,1.0
KNN,2879,1,1,1.0
KNN,8934,1,1,1.0
KNN,297,1,1,0.5733761881743339
KNN,7530,1,1,0.9999999272545353
KNN,5229,0,0,0.0
KNN,7255,0,0,0.24867476768654107
KNN,836,1,1,0.999999949503601
KNN,400,1,1,1.0
KNN,9379,1,1,0.8874420869349545
KNN,7480,0,0,0.0
KNN,4424,1,0,0.25
KNN,5106,0,1,1.0
KNN,6847,1,1,1.0
KNN,5289,0,0,0.2040844509084292
KNN,5076,1,1,1.0
KNN,6080,1,1,1.0
KNN,8871,1,1,1.0
KNN,1180,0,0,0.0
KNN,4886,0,0,0.0
KNN,8172,0,0,0.011934925925543355
KNN,291,1,1,1.0
KNN,6947,1,1,1.0
KNN,4908,1,0,1.2687775408315713e-07
KNN,4739,0,0,3.8749977452632984e-05
KNN,4017,1,1,1.0
KNN,4018,0,0,0.0
KNN,7773,0,1,1.0
KNN,8717,1,1,1.0
KNN,3898,0,0,0.1719541471699431
KNN,2690,1,0,0.0
KNN,7339,1,1,0.9999991512582624
KNN,6761,1,1,1.0
KNN,1370,1,1,1.0
KNN,8959,1,1,1.0
KNN,3205,0,0,0.0
KNN,8426,0,0,0.0
KNN,3747,0,0,0.18086787242275504
KNN,1735,1,0,0.44948980976669256
KNN,3791,1,1,0.6161024860550919
KNN,2151,1,1,0.8611019301983847
KNN,7215,1,1,1.0
KNN,9132,1,1,1.0
KNN,1970,1,1,1.0
KNN,4496,0,0,0.0
KNN,2642,1,1,0.9999999780532557
KNN,8571,1,1,1.0
KNN,2520,1,1,1.0
KNN,1728,1,1,0.8239168764138838
KNN,5950,1,1,0.9999999367872336
KNN,5459,0,0,0.0
KNN,6851,1,1,0.999999983586102
KNN,7146,1,1,1.0
KNN,1029,0,0,0.0
KNN,868,1,1,1.0
KNN,3996,1,1,0.9999999283146874
KNN,5065,0,0,0.37937262034615093
KNN,621,1,1,1.0
KNN,9435,1,1,1.0
KNN,4301,0,0,8.759927972212053e-08
KNN,898,1,1,1.0
KNN,9083,1,1,1.0
KNN,2597,1,1,1.0
KNN,8268,0,0,0.0
KNN,939,1,1,1.0
KNN,381,1,1,1.0
KNN,4526,0,0,0.1347545937329293
KNN,3583,1,0,0.4068483896942614
KNN,5718,0,0,0.0
KNN,4215,1,1,1.0
KNN,2760,1,0,0.0
KNN,1120,1,1,1.0
KNN,8419,0,0,0.29101718049703296
KNN,7756,1,1,0.8497938068398962
KNN,1672,1,1,1.0
KNN,1377,1,1,1.0
KNN,4873,1,1,1.0
KNN,259,1,1,1.0
KNN,7231,0,0,0.0
KNN,494,1,1,0.8977477919249869
KNN,1680,1,1,1.0
KNN,315,1,1,1.0
KNN,3253,1,0,0.0
KNN,3777,1,0,0.3905718497884259
KNN,3248,1,1,1.0
KNN,1413,1,1,1.0
KNN,349,1,1,1.0
KNN,689,1,1,1.0
KNN,7591,1,1,0.8013561375025271
KNN,6243,1,1,1.0
KNN,6353,1,0,0.2
KNN,1098,0,0,2.3395325545185702e-08
KNN,133,1,1,0.6007621281563584
KNN,4214,1,1,1.0
KNN,9128,1,1,1.0
KNN,5803,0,0,0.224379081567956
KNN,5786,0,0,0.37921586086268466
KNN,7819,0,0,0.4556471163522206
KNN,9091,1,1,1.0
KNN,795,1,1,0.5968032705528605
KNN,5574,0,0,0.19099524321164002
KNN,8517,1,1,1.0
KNN,1846,0,0,0.0
KNN,5047,1,1,1.0
KNN,6602,1,1,1.0
KNN,1172,0,0,0.0
KNN,4269,0,0,0.3333333333333333
KNN,4077,1,1,1.0
KNN,4696,1,1,1.0
KNN,7219,1,0,0.19758942742304
KNN,2504,1,0,0.5
KNN,4678,1,1,1.0
KNN,6810,1,1,1.0
KNN,4006,1,1,1.0
KNN,6758,1,1,1.0
KNN,9219,1,1,1.0
KNN,2059,1,1,0.5971907593093535
KNN,5018,0,0,0.0
KNN,8898,1,1,0.5829947990743406
KNN,7626,0,1,0.7000370213856152
KNN,3969,0,1,0.5708613839831821
KNN,410,0,0,5.528961672266447e-06
KNN,3120,1,1,1.0
KNN,8749,1,1,1.0
KNN,6895,0,1,1.0
KNN,1125,1,1,1.0
KNN,5894,1,1,1.0
KNN,1916,0,0,0.0
KNN,4361,1,1,1.0
KNN,8318,0,0,0.0
KNN,2114,1,1,1.0
KNN,3752,0,0,0.35314521557976974
KNN,4675,1,1,1.0
KNN,4120,1,1,1.0
KNN,4694,0,0,8.759927972212086e-08
KNN,3383,1,1,0.7850110456156615
KNN,3883,1,0,0.2347588487533082
KNN,4122,1,1,1.0
KNN,9113,1,1,1.0
KNN,5951,1,1,0.8312621060265026
KNN,2215,1,1,0.5386091711150518
KNN,5139,1,1,1.0
KNN,7228,0,1,0.6666666666666666
KNN,3278,1,1,1.0
KNN,5714,0,0,0.19734077362839963
KNN,5122,1,1,1.0
KNN,5339,0,1,1.0
KNN,6111,1,1,1.0
KNN,4670,1,1,1.0
KNN,9036,1,1,0.5970613620519565
KNN,3905,0,0,0.20775158823530185
KNN,7949,0,1,1.0
KNN,579,1,1,1.0
KNN,1107,1,1,1.0
KNN,290,1,1,1.0
KNN,682,1,1,1.0
KNN,8968,1,1,1.0
KNN,3222,1,1,1.0
KNN,2840,1,1,1.0
KNN,2117,1,1,1.0
KNN,1780,1,1,1.0
KNN,4192,1,1,1.0
KNN,4869,1,1,0.9994460644067209
KNN,4306,1,1,1.0
KNN,4002,1,1,1.0
KNN,8188,1,1,1.0
KNN,4593,1,1,1.0
KNN,4758,0,0,0.0
KNN,3887,1,0,0.38419853827002676
KNN,3166,1,1,1.0
KNN,6277,1,1,0.870638409256389
KNN,8223,0,0,0.0
KNN,5778,0,0,0.0
KNN,5671,0,1,0.623297306736379
KNN,5393,0,0,0.17286605768791927
KNN,7914,0,0,0.3406383755869189
KNN,1896,1,1,1.0
KNN,3971,1,0,0.17137907652026488
KNN,7320,1,0,0.0
KNN,9015,1,1,1.0
KNN,1384,1,1,1.0
KNN,1332,1,1,1.0
KNN,111,0,0,0.0
KNN,5852,1,1,1.0
KNN,1156,1,1,1.0
KNN,7936,1,0,0.21061058954425171
KNN,7019,1,1,1.0
KNN,6835,1,1,1.0
KNN,7348,1,0,0.0
KNN,4369,0,0,0.0
KNN,5972,1,1,0.8203128572919822
KNN,6563,1,0,0.0
KNN,7674,0,0,0.0
KNN,824,1,1,0.804015901695443
KNN,2972,1,1,1.0
KNN,8611,1,1,0.9479079705158286
KNN,3187,1,1,1.0
KNN,6014,1,0,0.0
KNN,8415,0,0,0.33165153296032335
KNN,2838,1,1,1.0
KNN,435,1,1,0.76782430742823
KNN,6701,1,1,0.8907135462712281
KNN,3809,0,0,0.0
KNN,4885,1,1,1.0
KNN,4799,1,1,1.0
KNN,864,1,1,1.0
KNN,8769,1,1,1.0
KNN,4551,0,0,0.17909436185884323
KNN,3897,1,0,0.17168439259111035
KNN,352,0,1,0.7788355192891354
KNN,7080,0,0,0.0
KNN,3772,1,0,0.3023503718506822
KNN,8391,0,0,0.3312140209245738
KNN,3468,1,1,1.0
KNN,8357,0,0,0.4408161849530541
KNN,3164,1,1,1.0
KNN,6074,1,1,1.0
KNN,7727,1,1,0.6202510547929997
KNN,552,1,1,1.0
KNN,5824,0,0,0.0
KNN,3234,1,1,1.0
KNN,3238,1,1,0.633974566136723
KNN,6555,1,1,0.8110828227265205
KNN,6862,1,1,1.0
KNN,8991,1,1,1.0
KNN,7085,0,0,0.2
KNN,2056,1,1,0.8189453108877859
KNN,1572,1,1,1.0
KNN,5648,0,0,0.0
KNN,812,1,1,1.0
KNN,8235,1,1,0.6250958640805387
KNN,4907,1,0,0.22752359858358007
KNN,7613,0,1,1.0
KNN,8613,1,1,1.0
KNN,3001,1,1,0.6201642793751103
KNN,2381,1,1,0.8101917454166222
KNN,1706,0,0,0.3333333333333333
KNN,8031,0,1,0.501236812142521
KNN,6064,1,1,1.0
KNN,8336,0,0,0.0
KNN,4656,1,1,1.0
KNN,4904,1,1,1.0
KNN,3354,1,0,0.24069109187754648
KNN,8027,1,1,1.0
KNN,908,1,1,1.0
KNN,4721,1,1,1.0
KNN,3955,1,0,1.9413837337428398e-08
KNN,7109,1,1,1.0
KNN,2387,1,1,0.8477719509634427
KNN,5577,0,0,0.14371482756432558
KNN,4547,0,0,0.33213469585533595
KNN,8455,0,0,0.37811631239031385
KNN,3140,1,1,0.9589507082917984
KNN,2728,1,1,1.0
KNN,6933,1,1,1.0
KNN,8162,1,1,0.6970766897109021
KNN,3236,1,1,1.0
KNN,105,0,0,0.0
KNN,3155,1,1,1.0
KNN,5585,0,0,0.0
KNN,2783,1,1,0.7307519918810856
KNN,9258,1,0,0.20030846924311577
KNN,9071,1,1,1.0
KNN,1589,0,0,0.3248185973427933
KNN,1437,1,1,1.0
KNN,6411,1,1,1.0
KNN,9535,1,1,0.794005402365632
KNN,1290,0,0,0.0
KNN,2538,1,1,0.6666666666666666
KNN,5748,0,0,0.19853807773202387
KNN,8077,1,1,1.0
KNN,7271,1,1,1.0
KNN,329,1,1,1.0
KNN,4272,1,1,1.0
KNN,8691,1,1,1.0
KNN,1518,1,1,0.6110577723072311
KNN,4909,0,0,0.4461078131117462
KNN,1803,1,1,1.0
KNN,2379,1,1,0.8047231683229037
KNN,5903,1,1,1.0
KNN,3740,0,0,0.0
KNN,2309,1,1,1.0
KNN,5406,0,1,0.8039665902148554
KNN,6767,1,1,1.0
KNN,5538,0,0,0.20028988139454174
KNN,9533,1,1,1.0
KNN,5533,1,0,0.0
KNN,9508,1,1,1.0
KNN,4020,1,1,1.0
KNN,3595,1,1,1.0
KNN,1992,1,1,1.0
KNN,3079,1,0,0.0
KNN,6694,0,0,0.25
KNN,683,1,1,1.0
KNN,6106,1,1,0.8119849253123713
KNN,7938,1,1,1.0
KNN,4525,0,0,0.0
KNN,8410,0,0,0.0
KNN,4028,0,0,0.0
KNN,6759,1,1,1.0
KNN,5502,0,0,0.4031860403939313
KNN,7662,1,0,0.18486622258527818
KNN,8788,1,1,1.0
KNN,8465,0,0,0.0
KNN,8413,0,0,0.33642123533586415
KNN,721,1,1,0.8194339254932443
KNN,8610,1,1,1.0
KNN,8820,1,1,1.0
KNN,6687,1,1,1.0
KNN,7317,1,0,0.38926948962659685
KNN,7554,1,1,1.0
KNN,4112,1,1,1.0
KNN,9280,1,1,1.0
KNN,7679,1,1,0.6385476130494497
KNN,1344,1,1,1.0
KNN,8831,1,1,1.0
KNN,4324,0,0,0.0
KNN,211,1,1,1.0
KNN,1189,0,0,0.0
KNN,7048,0,0,0.0
KNN,8999,1,1,1.0
KNN,2505,1,1,1.0
KNN,3173,1,0,0.5
KNN,8903,1,1,1.0
KNN,6152,1,0,0.0
KNN,7329,0,1,0.9999865991262787
KNN,4390,0,0,0.25
KNN,7791,0,0,0.2341025392645804
KNN,8156,1,1,1.0
KNN,5989,0,0,0.3169872922554999
KNN,5223,1,1,0.8371635693945906
KNN,2871,1,1,1.0
KNN,8379,0,0,0.3011079609895565
KNN,3397,1,1,1.0
KNN,2455,1,1,1.0
KNN,6731,1,0,0.3090675854377646
KNN,1385,1,1,1.0
KNN,2334,1,1,1.0
KNN,7091,1,1,0.8085887953724005
KNN,9277,1,1,1.0
KNN,1947,0,0,0.0
KNN,4027,1,1,1.0
KNN,1068,1,1,1.0
KNN,8786,1,1,1.0
KNN,2817,1,1,1.0
KNN,7836,0,1,0.590725991912638
KNN,4667,0,0,0.0
KNN,213,1,1,0.9589507082918
KNN,9356,1,1,1.0
KNN,810,1,1,1.0
KNN,3145,1,1,1.0
KNN,2004,1,1,1.0
KNN,1559,1,1,0.9890493190258914
KNN,2962,1,1,1.0
KNN,2516,1,1,1.0
KNN,7776,0,1,0.811699046542743
KNN,5194,0,0,0.0
KNN,3860,1,0,0.19094645312870243
KNN,8327,0,0,0.0
KNN,5345,1,1,1.0
KNN,1151,1,1,1.0
KNN,3986,1,0,0.17524474079891383
KNN,2524,1,1,0.8241325402927451
KNN,6260,1,1,1.0
KNN,6109,1,1,1.0
KNN,1739,1,1,0.8115193726971762
KNN,9306,1,1,1.0
KNN,2696,1,1,0.9999999681504268
KNN,5044,0,1,1.0
KNN,7468,1,0,0.4264074438001876
KNN,1625,1,0,0.0
KNN,6828,1,1,1.0
KNN,8704,1,1,1.0
KNN,4599,0,0,1.5810557186368332e-07
KNN,740,1,1,1.0
KNN,5031,0,0,0.0
KNN,2058,1,1,0.5954465286132731
KNN,4595,0,0,0.5
KNN,2835,1,1,1.0
KNN,6285,1,1,1.0
KNN,3985,0,0,0.3896850305869669
KNN,4241,0,0,0.22654030975508466
KNN,1529,1,1,1.0
KNN,2366,1,1,1.0
KNN,2453,1,1,1.0
KNN,8341,0,0,0.4292172966786081
KNN,8439,0,0,0.248614793011983
KNN,8585,1,1,1.0
KNN,3823,1,0,0.484373267803104
KNN,3736,0,0,0.19382131453892232
KNN,3239,1,0,0.0
KNN,1260,1,1,1.0
KNN,2955,1,1,0.8119849253123713
KNN,5008,0,1,1.0
KNN,3029,1,1,1.0
KNN,6601,1,1,1.0
KNN,5557,0,0,0.199999773057285
KNN,7498,1,0,8.960876967226514e-08
KNN,102,0,1,0.6047096184046877
KNN,990,0,1,1.0
KNN,8436,0,0,0.24044492617258803
KNN,4430,0,0,0.25
KNN,7203,0,0,0.25
KNN,4564,1,1,0.9999999371650167
KNN,3047,1,0,0.19918558860979213
KNN,9550,1,1,1.0
KNN,7285,1,1,1.0
KNN,2310,1,1,1.0
KNN,163,0,0,0.24999983541036785
KNN,3370,1,1,1.0
KNN,5523,0,0,0.0
KNN,8261,1,1,1.0
KNN,5634,1,1,1.0
KNN,1802,1,1,0.9589507082917984
KNN,4816,1,1,0.9999999913836113
KNN,7354,1,1,0.9531397316230074
KNN,41,0,1,0.5972924431345393
KNN,3391,1,1,1.0
KNN,92,1,0,0.23017091132771303
KNN,6268,1,1,1.0
KNN,7694,1,1,0.9660207147365494
KNN,4127,0,0,2.64964040739551e-08
KNN,1948,1,1,0.8042207389899209
KNN,4955,0,1,0.6153285230554284
KNN,8224,1,1,1.0
KNN,9384,1,1,1.0
KNN,8607,1,1,1.0
KNN,7570,1,1,1.0
KNN,2924,1,1,1.0
KNN,8404,0,0,0.34320711741646365
KNN,2975,1,1,1.0
KNN,1075,1,1,0.9999999167614454
KNN,5205,0,0,0.18571416095690488
KNN,8112,1,1,1.0
KNN,9174,1,1,1.0
KNN,2811,1,0,0.5
KNN,3784,0,0,0.0
KNN,5112,0,1,0.9999999287049518
KNN,5352,0,0,0.5
KNN,6348,1,0,0.0
KNN,2662,0,0,0.17095104810536088
KNN,3081,1,0,0.2589909601362781
KNN,2571,1,1,1.0
KNN,1138,0,0,1.581055718636807e-07
KNN,4032,0,0,0.0
KNN,5506,0,1,0.8080163214796972
KNN,3299,1,1,1.0
KNN,1783,1,1,1.0
KNN,2389,1,1,1.0
KNN,5261,0,0,0.19903065742815487
KNN,4772,0,0,0.5
KNN,4715,1,1,1.0
KNN,5775,0,0,0.0
KNN,2762,1,0,3.2518024588146646e-08
KNN,4631,1,1,1.0
KNN,5379,0,0,0.0
KNN,2001,0,0,0.3333333333333333
KNN,8747,1,1,1.0
KNN,4982,0,1,0.51315565792003
KNN,8802,1,1,0.7796436355101648
KNN,3613,0,1,1.0
KNN,249,1,1,1.0
KNN,7648,0,0,0.0
KNN,3813,1,1,0.5918354750400838
KNN,8886,1,1,1.0
KNN,7148,1,1,1.0
KNN,8718,1,1,1.0
KNN,4494,0,0,0.0
KNN,7610,0,0,0.3705073879815926
KNN,4872,1,0,0.47055081631526385
KNN,6610,1,1,0.80367173934646
KNN,5356,0,0,0.0
KNN,3394,1,1,0.8723391212705514
KNN,6721,1,0,0.17384961691827427
KNN,1013,1,1,1.0
KNN,3626,1,1,1.0
KNN,440,1,0,0.19737359753568784
KNN,4283,0,1,1.0
KNN,2083,1,0,0.0
KNN,4927,0,0,0.2925661825211366
KNN,3667,0,0,5.066839148986778e-08
KNN,761,1,1,0.7940865504671
KNN,8745,1,1,1.0
KNN,4935,0,0,2.3767756604057926e-08
KNN,2734,1,1,1.0
KNN,8579,1,1,0.8740240538332521
KNN,2332,1,0,0.0
KNN,1496,1,1,1.0
KNN,5360,0,1,0.6213907891624104
KNN,4628,1,1,1.0
KNN,4527,1,1,1.0
KNN,7233,1,0,0.0
KNN,7030,1,0,0.0
KNN,8869,1,1,1.0
KNN,895,1,1,0.8732945213732788
KNN,2179,1,1,1.0
KNN,8483,0,0,5.5285014042740305e-06
KNN,4286,0,0,0.3333333333333333
KNN,3545,1,1,1.0
KNN,4600,1,1,1.0
KNN,460,1,0,0.3329342019846224
KNN,3379,1,1,1.0
KNN,6629,1,1,1.0
KNN,7291,0,0,0.0
KNN,1347,1,1,0.7222368243763945
KNN,6672,1,1,1.0
KNN,9372,1,1,1.0
KNN,2329,1,1,1.0
KNN,1969,1,1,1.0
KNN,2522,1,1,1.0
KNN,3280,1,0,0.0
KNN,2057,0,0,0.0
KNN,2588,1,0,1.581055718636807e-07
KNN,6202,1,1,1.0
KNN,3704,1,1,0.6016980122541321
KNN,1788,1,1,1.0
KNN,9427,1,1,1.0
KNN,2854,1,1,1.0
KNN,2294,1,1,1.0
KNN,7167,1,1,1.0
KNN,4199,1,1,1.0
KNN,9159,1,1,1.0
KNN,9544,1,1,1.0
KNN,2886,1,1,1.0
KNN,5677,0,0,0.396876943787897
KNN,8664,1,1,1.0
KNN,8499,1,1,0.5889058521584802
KNN,3841,0,0,0.39410341361446977
KNN,7427,1,0,0.3137303419361671
LGBM,3249,1,1,0.9451609823235135
LGBM,3478,0,0,0.04558734023405204
LGBM,7812,1,1,0.9799016715190375
LGBM,5616,0,0,0.15538430785885649
LGBM,4266,1,1,0.9384054905446222
LGBM,8826,1,1,0.9892581739672965
LGBM,8169,1,1,0.9235190434469408
LGBM,965,1,1,0.8667735989639053
LGBM,1032,1,1,0.9807605647815807
LGBM,8750,1,1,0.9279027687088034
LGBM,5637,0,0,0.45837395933619646
LGBM,1319,0,0,0.2583182132138023
LGBM,2407,1,1,0.8885250141908666
LGBM,3404,1,1,0.938083474023355
LGBM,9260,1,1,0.9707140642533162
LGBM,5943,1,1,0.9594465382308559
LGBM,7619,0,0,0.1579277044817538
LGBM,6557,1,1,0.8902386019233399
LGBM,7382,1,1,0.9934139962935167
LGBM,483,1,1,0.7879155698341282
LGBM,2328,1,1,0.9866833667727696
LGBM,2163,1,1,0.9672830289888513
LGBM,8324,0,0,0.2768355595338912
LGBM,6623,1,1,0.9898062700248069
LGBM,344,1,1,0.912037978159578
LGBM,8062,1,1,0.9009545053078081
LGBM,3970,1,0,0.23816220826741713
LGBM,6801,0,0,0.21962747184566572
LGBM,2341,1,1,0.90565297730473
LGBM,38,0,0,0.23413605001724802
LGBM,2232,1,1,0.7969425422246303
LGBM,1772,1,1,0.8994212730414828
LGBM,4630,1,1,0.9768441087762592
LGBM,1106,1,1,0.9934287206193111
LGBM,6398,1,0,0.09957443640880516
LGBM,4170,0,0,0.2959986960826155
LGBM,4186,1,1,0.9895844656931496
LGBM,7078,1,1,0.9863531792828842
LGBM,6448,1,1,0.9594205788680628
LGBM,3889,1,0,0.13571188056524214
LGBM,2066,1,1,0.91815449090163
LGBM,8645,1,1,0.9920627065430702
LGBM,6726,1,1,0.9864582020060884
LGBM,7737,1,1,0.9261568172464869
LGBM,8141,1,1,0.7258833687432519
LGBM,4436,1,1,0.8997646529355323
LGBM,8127,1,1,0.985806245983735
LGBM,403,1,1,0.738378400839757
LGBM,8877,1,1,0.9453648407670473
LGBM,2241,1,1,0.8139383052106578
LGBM,4898,0,0,0.05744445367041856
LGBM,7782,0,0,0.12573105895039016
LGBM,2023,0,0,0.04353838746453528
LGBM,2466,1,1,0.5057117004313629
LGBM,5572,0,0,0.05734212736787788
LGBM,492,1,0,0.3736568464154403
LGBM,5021,0,0,0.4571245792040657
LGBM,8408,0,0,0.07643618454029635
LGBM,1086,1,0,0.13534291205653842
LGBM,6804,0,0,0.14774013483277046
LGBM,4231,0,0,0.09718532675736892
LGBM,7639,0,1,0.9846797736395602
LGBM,4302,1,1,0.878128893409963
LGBM,4052,1,1,0.9638808994689595
LGBM,1349,1,1,0.9310866758534259
LGBM,8550,1,1,0.7741055336086748
LGBM,393,1,1,0.9173319312000822
LGBM,5116,0,0,0.3297845933867954
LGBM,7090,1,1,0.9426013454044577
LGBM,5235,0,0,0.10591223951165915
LGBM,4074,0,0,0.03779738516400363
LGBM,5143,1,1,0.8587761604400771
LGBM,3960,0,0,0.15818155119211494
LGBM,5923,1,1,0.9067929066975202
LGBM,3438,1,0,0.19656264790932104
LGBM,2443,1,1,0.7442235196121466
LGBM,300,1,0,0.43009910913015675
LGBM,6635,1,1,0.8099964428690312
LGBM,293,1,1,0.8026908914403179
LGBM,2440,1,0,0.4683016021693388
LGBM,9399,1,1,0.988284037623971
LGBM,8023,1,1,0.787472069780939
LGBM,7301,1,1,0.8878998446457483
LGBM,1150,1,1,0.9455620276340595
LGBM,7125,0,0,0.0747791623959203
LGBM,8147,1,1,0.9865440853064563
LGBM,2393,1,0,0.3180531185761323
LGBM,5994,0,0,0.07663981376793721
LGBM,4341,0,0,0.07514287483018169
LGBM,4201,1,1,0.9590183442434075
LGBM,5865,1,1,0.8064475529428141
LGBM,6025,1,1,0.9057651132198182
LGBM,2069,0,0,0.06553292500192934
LGBM,2031,0,0,0.024644550781678966
LGBM,2115,1,1,0.9119579129261665
LGBM,8037,0,0,0.010908383232122728
LGBM,4804,1,1,0.9835165404415263
LGBM,4964,0,0,0.24526272551729478
LGBM,6071,1,1,0.7932378469203919
LGBM,1417,1,1,0.9546684557201035
LGBM,1906,1,1,0.9575252989362822
LGBM,6162,1,1,0.971367785168602
LGBM,6088,1,1,0.9761918424299971
LGBM,6065,1,1,0.9857407891649593
LGBM,6378,1,1,0.7118957002076203
LGBM,2997,1,0,0.05129559545389814
LGBM,3144,0,0,0.17006579704080843
LGBM,6750,1,1,0.9477763064054298
LGBM,1630,1,1,0.6462366508169126
LGBM,9482,1,1,0.9410093140377714
LGBM,8906,1,1,0.8772463117450414
LGBM,4327,0,0,0.06150795666129795
LGBM,2582,0,0,0.06208356627780201
LGBM,2621,0,0,0.03779738516400363
LGBM,8362,0,0,0.2720371029534315
LGBM,3995,1,1,0.9040400382955531
LGBM,806,1,1,0.8417004195532651
LGBM,2279,1,1,0.906507960591223
LGBM,9140,1,1,0.9519643999428048
LGBM,7792,0,0,0.0347007915370102
LGBM,6914,1,1,0.9949580352570355
LGBM,6650,1,1,0.9957882632173701
LGBM,2925,1,1,0.8949971383364509
LGBM,5188,0,0,0.07342352728005035
LGBM,8578,1,1,0.9701822757127577
LGBM,1212,1,1,0.5897692488639733
LGBM,4140,0,0,0.30052255658150717
LGBM,4117,1,1,0.9760114305211598
LGBM,1928,1,0,0.40822897195414515
LGBM,129,0,0,0.265996517288888
LGBM,4660,0,0,0.3027006190544156
LGBM,6055,1,1,0.787975796859743
LGBM,5332,0,0,0.042640396976410526
LGBM,8928,1,1,0.9649203659638967
LGBM,2557,1,0,0.07914522163693533
LGBM,7454,0,0,0.02045632614960759
LGBM,2528,1,1,0.9040400382955531
LGBM,8136,1,1,0.829691030174387
LGBM,49,0,0,0.38678144615968063
LGBM,8079,1,1,0.8581171849821493
LGBM,9039,1,1,0.8654703408657595
LGBM,456,1,1,0.8309996680103222
LGBM,7039,1,1,0.9360973968199577
LGBM,4743,1,0,0.07527214964325941
LGBM,2940,1,0,0.1986724376869267
LGBM,602,1,1,0.9033545344458197
LGBM,5566,0,0,0.24837991738710163
LGBM,7438,1,0,0.1267503906937881
LGBM,3615,1,1,0.8790068977277734
LGBM,678,1,1,0.7935196694025479
LGBM,3521,1,0,0.37574526178991774
LGBM,6333,1,0,0.04814348990305632
LGBM,96,0,0,0.24023092414329997
LGBM,9249,1,1,0.9732869038018515
LGBM,5505,0,0,0.18693164788620206
LGBM,1420,1,1,0.9971042038798547
LGBM,3244,0,0,0.33104518597009963
LGBM,1476,0,1,0.8921490434879711
LGBM,1875,1,1,0.8949310200934616
LGBM,8682,1,1,0.9829911029638004
LGBM,7748,0,1,0.6005659754072381
LGBM,5095,0,0,0.059344867055694264
LGBM,2145,1,1,0.6608696386711479
LGBM,159,1,0,0.07437874821744339
LGBM,651,1,1,0.9915143869388466
LGBM,7238,0,0,0.053337867091040665
LGBM,8922,1,1,0.9471005259284497
LGBM,2248,1,1,0.9094975132640468
LGBM,4699,1,1,0.8890359577036315
LGBM,3858,1,0,0.09591330149950575
LGBM,7323,0,0,0.024644550781678966
LGBM,5023,0,0,0.09197653187879797
LGBM,3687,1,0,0.4989287627454216
LGBM,8861,1,1,0.9849613468931876
LGBM,8838,1,1,0.971367785168602
LGBM,2306,1,1,0.9261796956457519
LGBM,6742,1,1,0.9134210801506476
LGBM,3109,1,1,0.8898426923415256
LGBM,5744,0,0,0.11047218941280282
LGBM,3308,1,1,0.7217993303453559
LGBM,4710,0,0,0.2161252639075644
LGBM,746,1,1,0.9478305554223789
LGBM,3105,1,1,0.9681870370428044
LGBM,2518,1,0,0.05246250309729368
LGBM,9245,1,1,0.9926811560348237
LGBM,7774,0,1,0.5510663707553618
LGBM,8119,1,1,0.9067477717515406
LGBM,1387,0,0,0.03152071190643468
LGBM,1837,1,1,0.9288699353676513
LGBM,5382,0,1,0.5963808497795023
LGBM,6218,0,0,0.05861776297223402
LGBM,275,1,0,0.2201184104006631
LGBM,2747,1,0,0.07663981376793721
LGBM,5788,0,0,0.071131868209238
LGBM,5110,0,1,0.5142508210140174
LGBM,7133,1,1,0.9754918916819624
LGBM,4639,0,0,0.27083376609368426
LGBM,6499,1,1,0.9296423588059388
LGBM,2860,1,0,0.30198470250881804
LGBM,1397,1,1,0.9631811171187106
LGBM,4096,1,1,0.959380776975615
LGBM,4993,0,0,0.3033610112740671
LGBM,8471,0,0,0.25160665372861646
LGBM,8368,0,0,0.06890693189461537
LGBM,8352,0,0,0.1984742550744854
LGBM,9392,1,1,0.9845316803160019
LGBM,3869,1,0,0.4456294765206554
LGBM,7356,1,0,0.4565393497008429
LGBM,8761,1,1,0.9329981729710239
LGBM,3313,1,1,0.9302153591004058
LGBM,2304,0,0,0.04263138417370152
LGBM,2798,1,1,0.8992269770613783
LGBM,2887,1,1,0.9639570014914758
LGBM,3056,1,0,0.12366773356163474
LGBM,636,1,1,0.7557483107881982
LGBM,1158,1,1,0.9708010355194358
LGBM,944,1,1,0.9753101369124785
LGBM,597,1,1,0.8696588331341356
LGBM,345,1,1,0.7887519781398066
LGBM,3017,1,1,0.8864181532145541
LGBM,2644,0,0,0.14774013483277046
LGBM,7465,1,1,0.639203991213393
LGBM,3378,1,1,0.9470904543694706
LGBM,8537,1,1,0.8081861316705048
LGBM,9511,1,1,0.9762046808475959
LGBM,7029,1,1,0.9780598692593945
LGBM,1953,1,1,0.9678484449790001
LGBM,6149,1,1,0.9573389741173153
LGBM,3904,0,1,0.8014459395405056
LGBM,1405,1,1,0.9398759690578473
LGBM,4829,0,0,0.449183211689635
LGBM,8656,1,1,0.994280231021158
LGBM,4573,1,0,0.34524916388281124
LGBM,6556,1,0,0.29282591009672765
LGBM,3882,1,0,0.0900221570945503
LGBM,8430,0,0,0.11785913598621056
LGBM,2897,1,1,0.9065191531392702
LGBM,4349,1,1,0.978811265878013
LGBM,2490,0,1,0.7693437261172285
LGBM,2030,0,0,0.24023092414329997
LGBM,9541,1,1,0.9886056152343816
LGBM,7854,1,1,0.8015345608092604
LGBM,9382,1,1,0.9895242172627697
LGBM,5465,0,0,0.01683395541983623
LGBM,1131,0,0,0.040268707095573925
LGBM,6308,1,0,0.08148726022984376
LGBM,9211,1,1,0.9394846225287639
LGBM,3435,1,1,0.9181098619688666
LGBM,7343,0,1,0.6018687914329575
LGBM,5936,1,1,0.7940191841026597
LGBM,6177,1,1,0.9158094889867113
LGBM,4543,1,1,0.9822112709088446
LGBM,8256,0,0,0.1460909587806106
LGBM,6869,1,1,0.9760114305211598
LGBM,736,0,0,0.05905481248531286
LGBM,6873,0,0,0.041274525984154244
LGBM,7135,1,0,0.0736775935585654
LGBM,3821,0,0,0.39180663821712913
LGBM,1715,1,1,0.7998864162096194
LGBM,2308,1,1,0.9158961198914358
LGBM,6331,1,1,0.9549187965556675
LGBM,1470,1,1,0.8443811736548503
LGBM,3621,1,1,0.8792793783744052
LGBM,518,1,1,0.9835002659927046
LGBM,4889,1,1,0.9105366075509916
LGBM,987,1,1,0.9851263948624794
LGBM,4983,0,0,0.2826575601677773
LGBM,2403,1,1,0.8743242817232061
LGBM,6651,1,1,0.9887706863757241
LGBM,8083,1,1,0.8440847254165718
LGBM,5697,0,0,0.06701317364604788
LGBM,539,1,1,0.9301794834154791
LGBM,753,1,1,0.9717674537869169
LGBM,2935,1,1,0.932422219848401
LGBM,8010,0,0,0.09778598524908655
LGBM,7643,0,0,0.157436402054871
LGBM,2462,1,1,0.8617543810799719
LGBM,5391,0,0,0.20756196519651174
LGBM,4643,0,0,0.0503999136387412
LGBM,3112,1,1,0.9801240728922294
LGBM,3361,1,1,0.8886813224738925
LGBM,3565,1,0,0.2437587702417145
LGBM,1054,1,1,0.9627138008528754
LGBM,8243,1,1,0.9094975132640468
LGBM,7604,0,0,0.4590267720929115
LGBM,7102,1,1,0.6305918346565104
LGBM,3774,0,1,0.5893492879696502
LGBM,1199,0,0,0.174935795501201
LGBM,430,1,1,0.9655409100999164
LGBM,5791,0,0,0.11214071636411528
LGBM,7223,1,1,0.7659285248853602
LGBM,9353,1,1,0.9719672976662033
LGBM,556,1,1,0.9229458951327045
LGBM,9302,1,1,0.9874451321650577
LGBM,3964,1,1,0.5851418890323281
LGBM,6562,1,0,0.23987856195043014
LGBM,1050,1,1,0.9772081404627649
LGBM,9276,1,1,0.9409265599379012
LGBM,7113,1,1,0.7539906846516474
LGBM,7114,1,0,0.09057451155055782
LGBM,7511,1,0,0.33113858491042947
LGBM,1718,1,1,0.8755408057356652
LGBM,8121,0,0,0.1391249407987831
LGBM,1078,0,0,0.09100033028507074
LGBM,4495,0,0,0.03549432747915413
LGBM,8910,1,1,0.9949950596396386
LGBM,7230,0,0,0.3529022020187048
LGBM,7226,0,0,0.02543286952746958
LGBM,3007,1,0,0.2161252639075644
LGBM,4978,0,0,0.17756739398673743
LGBM,8896,1,1,0.9788763894127039
LGBM,5882,1,0,0.06606701856716739
LGBM,4821,1,1,0.9888108101706181
LGBM,8154,1,1,0.9526089422560339
LGBM,2483,0,0,0.04570779903891168
LGBM,6110,0,0,0.0775339445588149
LGBM,5378,0,0,0.03311619314419293
LGBM,1949,0,0,0.31422047661142105
LGBM,1883,1,1,0.9603633882496508
LGBM,2297,1,1,0.7358441360584786
LGBM,4655,1,1,0.8295975033712903
LGBM,544,1,1,0.8566952479207055
LGBM,4689,1,1,0.9789942561709576
LGBM,80,0,0,0.0918955944010643
LGBM,190,1,0,0.3147572130570441
LGBM,3573,1,0,0.38487690698151494
LGBM,2426,1,1,0.9048430978251139
LGBM,4483,1,1,0.9563702682587093
LGBM,3463,1,1,0.9835165404415263
LGBM,5375,0,0,0.09962321883768292
LGBM,8855,1,1,0.9917490751772111
LGBM,7121,0,0,0.15271257494605942
LGBM,8467,0,0,0.3132152976068285
LGBM,5512,1,0,0.18236237385037304
LGBM,5978,1,1,0.9108079823734673
LGBM,6209,1,1,0.828522401210648
LGBM,2178,1,1,0.9721280487655913
LGBM,2266,1,1,0.8277154313252372
LGBM,1323,1,1,0.9888970742527805
LGBM,5398,0,0,0.4989170292232171
LGBM,8727,1,1,0.9798204748258601
LGBM,5373,0,0,0.11121222220313928
LGBM,7358,1,0,0.21780520650396928
LGBM,2926,1,1,0.9487601564169234
LGBM,9074,1,1,0.9681617377878005
LGBM,6234,0,1,0.5475953975051422
LGBM,7152,1,1,0.9952264370333287
LGBM,427,1,0,0.010722089815701094
LGBM,1090,1,1,0.8267434068696009
LGBM,5564,0,0,0.26020507179997093
LGBM,6287,1,1,0.9690023148099837
LGBM,5992,0,0,0.19660772843012855
LGBM,1367,1,1,0.9941471633776697
LGBM,3781,1,0,0.45021623278137807
LGBM,7636,0,0,0.4757870604279301
LGBM,7478,1,0,0.10756057715668955
LGBM,8774,1,1,0.9750570255732611
LGBM,6037,1,0,0.2559277968284586
LGBM,6085,1,1,0.9271450075972943
LGBM,6295,1,1,0.9627392864253248
LGBM,2912,1,1,0.9635086162480694
LGBM,9457,1,1,0.9805519338564419
LGBM,7519,1,1,0.9866833667727696
LGBM,3501,1,1,0.9031633309882003
LGBM,5644,0,0,0.1387788770596372
LGBM,8660,1,1,0.964263792233111
LGBM,2494,0,0,0.179193963788459
LGBM,7953,0,0,0.15589298939565882
LGBM,4312,1,1,0.973871358294528
LGBM,1432,1,1,0.9793487483636215
LGBM,6216,1,1,0.7817286061138258
LGBM,3516,0,1,0.8684038107650098
LGBM,4107,0,0,0.04353838746453528
LGBM,2246,1,1,0.9172811760204674
LGBM,6598,1,1,0.8762020051552145
LGBM,8293,0,0,0.10336870705331147
LGBM,6509,1,1,0.5324518450040857
LGBM,6201,1,1,0.5328094936574785
LGBM,6807,1,1,0.8475189099882408
LGBM,4604,1,1,0.9912173558386683
LGBM,5820,0,0,0.15389511482074866
LGBM,2363,1,1,0.9126771254619618
LGBM,3599,1,1,0.9864136091426516
LGBM,1442,1,1,0.9355957892656783
LGBM,785,1,1,0.9854387525840964
LGBM,6238,1,1,0.8781646145981581
LGBM,1147,1,1,0.7940191841026597
LGBM,8498,1,1,0.8636295635585992
LGBM,1823,1,1,0.9765610896650417
LGBM,2532,1,0,0.05491922216638573
LGBM,4999,0,0,0.2806552302558356
LGBM,298,1,0,0.42495221485278506
LGBM,5140,1,1,0.9744849825957579
LGBM,3856,0,0,0.09437448244288509
LGBM,7144,1,1,0.9527954789013087
LGBM,7790,1,1,0.9568313000618286
LGBM,2000,0,0,0.04062146198895829
LGBM,5337,0,0,0.2140359520228653
LGBM,3362,1,0,0.4745275457002965
LGBM,5123,1,1,0.7454247327502752
LGBM,7172,0,0,0.07767602727136666
LGBM,4470,1,1,0.9077471340308239
LGBM,9341,1,1,0.9900469123209941
LGBM,391,1,1,0.9681870370428044
LGBM,4948,0,0,0.07452298045860899
LGBM,5050,0,1,0.7995045919994243
LGBM,3857,0,0,0.2076579793489427
LGBM,6176,1,1,0.9499287906295646
LGBM,4151,1,1,0.8323594638964215
LGBM,6078,1,0,0.12865707441994598
LGBM,8425,0,0,0.11854766452681895
LGBM,6729,1,1,0.8216923966779951
LGBM,8264,0,0,0.05763802105135072
LGBM,6769,0,0,0.05145618335047834
LGBM,7380,1,1,0.9490477085737855
LGBM,5311,1,0,0.3798125027056287
LGBM,2513,1,0,0.04312489102659588
LGBM,3660,1,1,0.8809713483912325
LGBM,6595,1,1,0.8792793783744052
LGBM,6131,1,1,0.9784213641706359
LGBM,2227,0,0,0.02584593954252553
LGBM,2634,1,1,0.8526221646384375
LGBM,1503,1,1,0.7643858152545031
LGBM,1339,1,1,0.9857902352739372
LGBM,3968,1,1,0.6865564293309673
LGBM,529,1,1,0.8231990655705088
LGBM,5712,0,1,0.8308590034369885
LGBM,341,1,0,0.17343389623644118
LGBM,3632,1,1,0.9189052307671549
LGBM,3877,1,0,0.2806147475920421
LGBM,6941,1,1,0.9857407891649593
LGBM,759,1,1,0.9426707432753124
LGBM,5166,0,1,0.5963808497795023
LGBM,6617,1,1,0.8779039494656367
LGBM,7284,1,1,0.9854387525840964
LGBM,5507,0,0,0.08557689207644578
LGBM,5098,1,1,0.6826369744896974
LGBM,2711,1,1,0.9499360527324748
LGBM,2316,1,1,0.6610471506933872
LGBM,6787,1,1,0.5607806623129662
LGBM,4047,1,1,0.9477763064054298
LGBM,5555,0,1,0.9499901295367507
LGBM,4243,0,0,0.2913841296177797
LGBM,7508,1,0,0.11268576416934009
LGBM,5141,1,1,0.994942235350633
LGBM,2874,1,1,0.9639570014914758
LGBM,1219,1,1,0.8008620618178579
LGBM,8614,1,1,0.9900207999991799
LGBM,7157,1,1,0.9866141655197362
LGBM,9349,1,1,0.8947971832680507
LGBM,1140,1,1,0.9256288683230774
LGBM,6460,1,1,0.9509551107860784
LGBM,5556,0,1,0.9463556874753569
LGBM,631,1,1,0.84031473439083
LGBM,704,1,1,0.9414208924051665
LGBM,766,1,1,0.9579347179733124
LGBM,8994,1,1,0.9633880200401914
LGBM,6661,1,0,0.2731547081989706
LGBM,3014,1,1,0.8148021778706226
LGBM,7592,1,1,0.9913264763832694
LGBM,2565,1,1,0.912692823250397
LGBM,8945,1,1,0.839340266923705
LGBM,8164,0,0,0.10865698884716271
LGBM,4688,1,1,0.9437663950601922
LGBM,7105,1,1,0.9724790846468788
LGBM,4959,0,1,0.6207003981351275
LGBM,5260,0,1,0.8111441561782096
LGBM,5984,1,1,0.996338518121579
LGBM,5467,0,1,0.5330457267723842
LGBM,3052,1,1,0.8014678805934914
LGBM,3064,1,0,0.06945092996941363
LGBM,2616,1,1,0.9921314272600836
LGBM,6854,1,1,0.9371653443824853
LGBM,4808,1,1,0.9756492529349765
LGBM,6247,1,1,0.9699255396298685
LGBM,8061,1,1,0.8417131005303258
LGBM,4878,1,1,0.9910310571377234
LGBM,5647,1,1,0.6337055891088784
LGBM,2390,0,0,0.12926575858196673
LGBM,5263,1,0,0.40187217216256166
LGBM,5690,0,1,0.647198970447906
LGBM,8839,1,1,0.9857455113820021
LGBM,5292,0,0,0.0997225510335607
LGBM,5209,0,1,0.7301431468017575
LGBM,5888,1,1,0.9934287206193111
LGBM,2693,1,1,0.9606288196106765
LGBM,2822,1,1,0.9697251630640455
LGBM,8947,1,1,0.9651027854722276
LGBM,3549,1,1,0.8692618671421943
LGBM,6407,1,1,0.9441422736994282
LGBM,5868,1,1,0.9694369226472387
LGBM,3387,0,0,0.21457301243483956
LGBM,4951,0,0,0.20243770374418582
LGBM,8992,1,1,0.6651621822246596
LGBM,3416,1,0,0.12897597329662164
LGBM,1281,0,0,0.21762992519491672
LGBM,6429,1,1,0.9784267196471402
LGBM,1,0,0,0.04874093687340351
LGBM,5086,0,1,0.8791150070393766
LGBM,6714,1,1,0.9694369226472387
LGBM,3433,1,0,0.34082632408709446
LGBM,8616,1,1,0.972425631656353
LGBM,5203,0,0,0.1458490446006299
LGBM,8280,1,1,0.9916733498694565
LGBM,3933,1,0,0.29983649830151166
LGBM,2594,1,1,0.9551978595286256
LGBM,8057,1,1,0.9033284845836964
LGBM,3329,1,1,0.9481431115138447
LGBM,892,1,1,0.9781064971969294
LGBM,6585,1,1,0.927656744618063
LGBM,1063,1,1,0.8554649482537906
LGBM,1601,0,0,0.255315155671664
LGBM,6643,1,1,0.9426466726329199
LGBM,5693,0,0,0.40752160978878493
LGBM,8075,1,0,0.08922717491303116
LGBM,5333,0,1,0.6682973688984006
LGBM,4830,1,1,0.8933104191789699
LGBM,139,1,0,0.4404726540171815
LGBM,6715,1,1,0.9411199773892992
LGBM,2775,1,1,0.9594205788680628
LGBM,7056,1,1,0.9687361341661638
LGBM,5132,1,0,0.08585775606468525
LGBM,5986,1,1,0.9760114305211598
LGBM,5408,0,0,0.0567196095009367
LGBM,3723,0,0,0.23821827602120355
LGBM,513,1,1,0.9721209899223511
LGBM,5604,0,0,0.0781159270749399
LGBM,4815,0,0,0.01818727818193124
LGBM,9507,1,1,0.944513002618181
LGBM,8615,1,0,0.20955984583045795
LGBM,7075,1,0,0.11713443599281041
LGBM,4332,0,0,0.09269916821937464
LGBM,1628,1,1,0.8014318647786515
LGBM,2650,1,1,0.9594465382308559
LGBM,2473,1,1,0.884196706565785
LGBM,9509,1,1,0.9731722426268853
LGBM,5124,0,1,0.9664608176675906
LGBM,4449,1,1,0.9583463100591009
LGBM,2071,1,0,0.1834476614624864
LGBM,6058,1,1,0.9756725775224508
LGBM,2827,1,1,0.8295975033712903
LGBM,5509,0,0,0.06629834345584619
LGBM,9153,1,1,0.9619895075224542
LGBM,4389,0,0,0.33104518597009963
LGBM,8982,1,1,0.808354520838964
LGBM,2478,0,0,0.07630793936130915
LGBM,1390,1,1,0.9164842017711382
LGBM,3242,0,0,0.03872383348759449
LGBM,4586,1,1,0.9941783255329643
LGBM,3642,1,1,0.9083438283903051
LGBM,8456,0,0,0.06615196369590319
LGBM,3919,1,1,0.764135941000653
LGBM,7486,0,0,0.0343715087950775
LGBM,6886,0,0,0.0503999136387412
LGBM,8281,1,1,0.9460119961230785
LGBM,2802,1,1,0.783795639959436
LGBM,226,0,1,0.6370835956979357
LGBM,2673,1,0,0.040493507789203645
LGBM,1990,1,1,0.6031853645860112
LGBM,8406,0,0,0.10251456862499336
LGBM,3894,0,1,0.7839765509438341
LGBM,2170,1,1,0.7388274137421401
LGBM,4661,1,1,0.9935910093986975
LGBM,2726,1,1,0.9588820817514258
LGBM,2869,1,1,0.9756725775224508
LGBM,1110,1,1,0.9638808994689595
LGBM,2894,1,1,0.9355957892656783
LGBM,68,0,0,0.10816250891868648
LGBM,7904,1,1,0.7161301648129473
LGBM,1425,1,1,0.9053778128054626
LGBM,6130,1,0,0.14902378534799107
LGBM,3935,0,0,0.4626160415167878
LGBM,8533,1,1,0.9513449456067011
LGBM,9201,1,1,0.9532760012311077
LGBM,5905,1,1,0.9931194398757663
LGBM,6219,0,0,0.21455077676071338
LGBM,9084,1,1,0.9881266964151112
LGBM,6821,0,0,0.039662777215424744
LGBM,8757,1,1,0.9285750331445953
LGBM,6868,1,1,0.9921495528370438
LGBM,4561,1,1,0.980847296879308
LGBM,9506,1,1,0.9780728194683765
LGBM,5795,0,0,0.047514434006533456
LGBM,6338,0,0,0.05356853042401466
LGBM,5016,0,0,0.11617432328082684
LGBM,8763,1,1,0.9610559906183995
LGBM,6668,1,0,0.42965957855444736
LGBM,3716,0,1,0.6889896416977527
LGBM,4539,1,1,0.9628583483383902
LGBM,6210,1,1,0.9156563452319105
LGBM,8735,1,1,0.9679110241989534
LGBM,7441,1,0,0.15408541006005738
LGBM,4297,1,1,0.9799994723130492
LGBM,1886,1,1,0.9786260379113804
LGBM,3220,0,0,0.030565790194276594
LGBM,7544,1,1,0.5811208202781659
LGBM,4752,0,0,0.02523404115171325
LGBM,4850,1,0,0.4825167369569039
LGBM,7310,1,1,0.908242450121466
LGBM,8016,0,0,0.08730459918834188
LGBM,4650,0,0,0.2583182132138023
LGBM,6346,1,1,0.9575252989362822
LGBM,5561,0,0,0.32416592872752337
LGBM,7701,1,1,0.5860561030931042
LGBM,2778,1,1,0.6464916986352839
LGBM,9472,1,1,0.777891647767448
LGBM,1551,1,1,0.933783684819767
LGBM,5536,0,0,0.18067419616424868
LGBM,7190,0,0,0.19476475618543995
LGBM,9493,1,1,0.9670629695609811
LGBM,9099,1,0,0.43987240748589723
LGBM,6320,0,0,0.2303614279768968
LGBM,361,1,1,0.8356622140237177
LGBM,1381,1,1,0.8148021778706226
LGBM,5287,0,0,0.11329173847139129
LGBM,4213,1,1,0.8295975033712903
LGBM,4953,0,0,0.48135455714548664
LGBM,4750,0,1,0.6337055891088784
LGBM,8965,1,1,0.9849549511172424
LGBM,2751,1,0,0.03716599000586151
LGBM,1638,1,1,0.8105192628155546
LGBM,2531,1,0,0.1344789815891978
LGBM,8895,1,1,0.9947407281943103
LGBM,3817,1,1,0.5303250413780832
LGBM,3789,0,0,0.21740252753578962
LGBM,4777,0,0,0.22689714131359243
LGBM,3424,1,1,0.8993597036199963
LGBM,4646,1,1,0.9266739706055266
LGBM,3336,1,1,0.9913264763832694
LGBM,2715,1,0,0.12863551106335003
LGBM,7248,0,0,0.19958990420361572
LGBM,7629,0,0,0.4937363814783915
LGBM,9411,1,1,0.98237854346677
LGBM,7916,0,0,0.1325242999787787
LGBM,8881,1,1,0.9653308242458805
LGBM,5900,1,1,0.9920541932856367
LGBM,5924,1,1,0.8150691797691704
LGBM,4500,0,0,0.23764421939797262
LGBM,8433,0,0,0.1597837940777982
LGBM,2437,1,1,0.9826270946834662
LGBM,6789,1,1,0.912692823250397
LGBM,6323,0,0,0.029910756124534987
LGBM,2070,0,0,0.15379172883418676
LGBM,9422,1,1,0.9979946863656566
LGBM,5254,0,1,0.6176273690352251
LGBM,3413,1,1,0.8725079206976398
LGBM,856,1,1,0.5979168462051678
LGBM,6226,1,1,0.9692165277870823
LGBM,8297,0,0,0.15800459005159914
LGBM,5732,0,0,0.11624946525225528
LGBM,2684,1,1,0.9060819895642571
LGBM,4041,1,1,0.9904747006797004
LGBM,3078,1,0,0.0747791623959203
LGBM,7955,0,0,0.3462772718977285
LGBM,5322,0,0,0.09130320370841438
LGBM,7958,1,1,0.8260707719744179
LGBM,3393,1,1,0.9770900853322245
LGBM,2015,1,1,0.9860997831694261
LGBM,7477,1,0,0.13763625486785105
LGBM,7138,1,1,0.9341889037428174
LGBM,6387,1,1,0.9765434822053768
LGBM,9545,1,1,0.9736842033936967
LGBM,6051,1,1,0.9523158869348736
LGBM,685,1,1,0.9166281885144031
LGBM,8501,1,1,0.8837020384574582
LGBM,5663,0,0,0.03311619314419293
LGBM,7046,1,1,0.8890359577036315
LGBM,4442,1,1,0.9828739209524261
LGBM,7457,0,0,0.0324379743805194
LGBM,8765,1,1,0.9874016769416668
LGBM,8025,1,1,0.9075594117481534
LGBM,8026,0,0,0.449183211689635
LGBM,1461,1,1,0.9366890862116657
LGBM,1727,1,1,0.9660733792281373
LGBM,1298,0,0,0.20783411379646172
LGBM,5831,0,1,0.5077477130611957
LGBM,1133,1,1,0.7784629936575937
LGBM,7272,1,1,0.9541751061179641
LGBM,4807,1,1,0.9901103176317098
LGBM,4944,0,1,0.8467996577077456
LGBM,5233,0,0,0.22273929606395143
LGBM,540,1,1,0.6200951228556655
LGBM,9069,1,1,0.9908071641266921
LGBM,954,1,1,0.9191700418824644
LGBM,2946,1,1,0.9908145403092052
LGBM,2298,0,0,0.09927186476191913
LGBM,573,1,0,0.31603946475992784
LGBM,3936,1,0,0.4626160415167878
LGBM,4503,0,0,0.29282591009672765
LGBM,1660,1,1,0.9156563452319105
LGBM,7474,0,0,0.29282591009672765
LGBM,9007,1,1,0.982878057556603
LGBM,8643,1,1,0.9811659416482252
LGBM,6007,1,0,0.2027073235856149
LGBM,147,0,0,0.21020137376900022
LGBM,3121,1,1,0.9875672063322196
LGBM,4,0,0,0.17173665773212854
LGBM,888,1,1,0.9642184178561231
LGBM,6927,1,1,0.9913119149639231
LGBM,9449,1,1,0.9817515935297305
LGBM,6614,1,1,0.9083438283903051
LGBM,4062,1,1,0.9947695083491194
LGBM,8811,1,1,0.9537462506682578
LGBM,7149,1,1,0.9203124351807309
LGBM,4003,1,1,0.985806245983735
LGBM,2217,1,1,0.8082070488452585
LGBM,4110,1,1,0.9371653443824853
LGBM,5855,1,1,0.9002887873170188
LGBM,1853,0,0,0.043169987374565094
LGBM,3801,0,0,0.2291901734581403
LGBM,5734,0,0,0.07913403981898094
LGBM,2211,1,1,0.8902386019233399
LGBM,8204,1,1,0.9553658880943067
LGBM,1406,1,1,0.9684386451602689
LGBM,9362,1,1,0.9401248116027522
LGBM,7724,1,1,0.9845217388172419
LGBM,4296,1,1,0.929696604046863
LGBM,4880,1,1,0.9884585187091565
LGBM,6642,1,1,0.9867074294834977
LGBM,9038,1,1,0.9251363994566985
LGBM,2150,1,1,0.7492453755861742
LGBM,5596,0,0,0.20497877669496012
LGBM,5587,0,0,0.059217836380800026
LGBM,9503,1,1,0.9643072143287157
LGBM,5745,1,1,0.6899403911207319
LGBM,3567,1,0,0.0937739009844154
LGBM,3578,0,0,0.03433429836194652
LGBM,9340,1,1,0.9934139962935167
LGBM,1419,1,1,0.9773904364068047
LGBM,2580,0,0,0.12968529363425205
LGBM,1624,1,1,0.9829052657254495
LGBM,6571,0,0,0.0343715087950775
LGBM,8284,1,0,0.04173001212153823
LGBM,1994,1,1,0.9666226970620443
LGBM,4823,1,1,0.9925917234601065
LGBM,3430,1,0,0.04353838746453528
LGBM,6150,0,0,0.046798054699771385
LGBM,8348,0,0,0.05243696148866989
LGBM,9413,1,1,0.9785877116926129
LGBM,7005,1,0,0.24642847957323782
LGBM,7171,1,1,0.9350134330679438
LGBM,4771,0,0,0.15856912970260678
LGBM,5707,0,1,0.7445551494917699
LGBM,379,1,1,0.5315497778206147
LGBM,6508,0,0,0.09505089292255582
LGBM,8116,1,1,0.8132630685579357
LGBM,4164,1,1,0.7852926443140729
LGBM,6649,1,1,0.9961992569819036
LGBM,3711,1,1,0.5453873390416831
LGBM,3454,1,1,0.9888108101706181
LGBM,7764,1,1,0.7940970683496152
LGBM,4949,0,0,0.13547927731577283
LGBM,5414,0,0,0.038085676971407634
LGBM,5307,1,1,0.9930675200874348
LGBM,8438,0,0,0.42276931459147843
LGBM,7855,1,1,0.9782440429586269
LGBM,337,1,1,0.7585952489242153
LGBM,5113,0,0,0.04629811037181196
LGBM,9190,1,1,0.8900304069478588
LGBM,6608,1,1,0.7733854252134975
LGBM,8160,1,1,0.9009735091942469
LGBM,9282,1,1,0.9666707839701437
LGBM,1527,1,1,0.8090066186385418
LGBM,1327,1,1,0.9321979625063037
LGBM,6725,1,1,0.6393493139130569
LGBM,2744,1,0,0.041274525984154244
LGBM,4809,1,1,0.9898967676429407
LGBM,9499,1,1,0.9895847239054081
LGBM,6336,1,1,0.9541599602265668
LGBM,5645,0,0,0.11916352574117953
LGBM,2540,1,1,0.9864582020060884
LGBM,4669,1,1,0.9913119149639231
LGBM,1423,1,1,0.928886653036193
LGBM,3286,1,0,0.10743908345310531
LGBM,9477,1,1,0.9954167700432313
LGBM,9047,1,1,0.7873934909701148
LGBM,4759,1,1,0.8881174571380863
LGBM,1184,0,0,0.25156546339674307
LGBM,6221,1,0,0.1281336704866133
LGBM,741,1,1,0.967556382037244
LGBM,3816,1,0,0.18861192654992884
LGBM,7858,1,1,0.9329753020033515
LGBM,37,0,0,0.2354655156322751
LGBM,3331,0,0,0.15390311276533755
LGBM,3189,0,0,0.031177542543262923
LGBM,2350,1,1,0.8430735556813073
LGBM,3293,1,1,0.8060365613236165
LGBM,4350,1,1,0.9843788295337597
LGBM,4268,0,0,0.18196771554989133
LGBM,2808,1,0,0.051741946126379196
LGBM,1942,1,1,0.8177129687667565
LGBM,2782,1,1,0.9571883183562984
LGBM,780,1,1,0.8190680360238498
LGBM,6097,1,0,0.18196771554989133
LGBM,1533,1,1,0.8025847209399604
LGBM,8051,1,1,0.9484934991978596
LGBM,1530,1,1,0.9814166318957984
LGBM,7337,1,1,0.8323594638964215
LGBM,4273,1,1,0.9832909421900847
LGBM,828,1,1,0.9332922549906769
LGBM,8913,1,1,0.9608546647307459
LGBM,647,1,0,0.4723205194277334
LGBM,7374,1,1,0.9092411364450422
LGBM,6865,1,1,0.9848632997507847
LGBM,7082,0,0,0.07715383836223269
LGBM,8681,1,1,0.9755674861240934
LGBM,2830,1,1,0.9728799577207123
LGBM,2527,1,1,0.9585677780504384
LGBM,4902,1,1,0.9875390604861647
LGBM,7434,1,1,0.7693437261172285
LGBM,8468,0,0,0.06098999419564179
LGBM,6870,0,0,0.2027073235856149
LGBM,4585,1,1,0.9957269257215366
LGBM,1422,1,1,0.9639570014914758
LGBM,4313,1,1,0.8014318647786515
LGBM,5285,1,1,0.9905170800488764
LGBM,2499,0,0,0.1583648473084753
LGBM,2503,1,0,0.23488836474760277
LGBM,8647,1,1,0.9854284193425494
LGBM,6456,1,1,0.9292797313258877
LGBM,7763,1,1,0.9487323406999639
LGBM,4134,0,0,0.27083376609368426
LGBM,8238,1,1,0.9291807484941476
LGBM,4798,1,1,0.9934139962935167
LGBM,5755,0,1,0.7259227613864078
LGBM,8369,0,0,0.09129131447781497
LGBM,5867,1,1,0.9200457767389026
LGBM,2764,1,0,0.30052255658150717
LGBM,3332,1,1,0.7379946178628817
LGBM,5437,0,0,0.28178201169763234
LGBM,2508,1,1,0.9531833064053914
LGBM,279,1,1,0.7946098686262748
LGBM,8600,1,1,0.926919155472277
LGBM,5288,0,0,0.017467520570620846
LGBM,2939,1,0,0.1986724376869267
LGBM,4749,0,0,0.04230156761713411
LGBM,7350,1,1,0.9608794190929396
LGBM,6736,1,0,0.34524916388281124
LGBM,2781,1,1,0.970771444604799
LGBM,228,1,1,0.5034417143696798
LGBM,2182,1,1,0.916241697378628
LGBM,2290,1,1,0.7603568247869003
LGBM,7385,1,1,0.9750473481700738
LGBM,149,1,0,0.2640250955147981
LGBM,5340,0,0,0.18249554690167605
LGBM,1411,1,1,0.9732447751275645
LGBM,950,1,1,0.9808046167489988
LGBM,797,1,1,0.9331279705178231
LGBM,1610,0,0,0.06729129931180605
LGBM,7771,0,0,0.1740056294013986
LGBM,3231,1,1,0.8530161833145149
LGBM,9343,1,1,0.98015506493799
LGBM,9288,1,1,0.9905970622028322
LGBM,9393,1,1,0.9967166320153108
LGBM,1798,1,1,0.9861773968125779
LGBM,838,1,1,0.8581171849821493
LGBM,3851,0,0,0.08254647974635505
LGBM,7712,1,0,0.47189389058223097
LGBM,1741,1,1,0.9958080574376437
LGBM,4719,0,0,0.21455077676071338
LGBM,4138,0,0,0.10029627440476675
LGBM,1620,1,1,0.9797851616175207
LGBM,7948,0,1,0.8836138376446306
LGBM,2012,1,1,0.9835165404415263
LGBM,6727,0,0,0.1908803223020006
LGBM,4011,1,1,0.8798916946293556
LGBM,8733,1,1,0.9418413779011697
LGBM,1997,1,1,0.9530618487130716
LGBM,9580,1,0,0.18732453288233972
LGBM,2225,1,0,0.28941983833888724
LGBM,5812,1,1,0.9078654443537392
LGBM,5675,0,0,0.10492466588261393
LGBM,9214,1,1,0.7940191841026597
LGBM,3495,1,1,0.7389596104435152
LGBM,3053,1,1,0.7817286061138258
LGBM,6936,1,1,0.9738226349844706
LGBM,3270,1,0,0.053337867091040665
LGBM,5281,0,1,0.9012357103253088
LGBM,6507,1,1,0.8992269770613783
LGBM,5701,0,0,0.028539670615466053
LGBM,7370,1,1,0.6682973688984006
LGBM,4498,1,1,0.9710831225917775
LGBM,5253,0,0,0.09393294655815618
LGBM,7687,0,0,0.19721200364269106
LGBM,744,1,1,0.810407158345455
LGBM,2630,1,0,0.10183693216941236
LGBM,5987,1,1,0.9901874571790528
LGBM,8050,0,1,0.7040314925598052
LGBM,2025,1,1,0.9888108101706181
LGBM,5449,0,0,0.05092324142186437
LGBM,5395,0,0,0.27537916973183235
LGBM,7622,0,1,0.8759154367209552
LGBM,2208,1,1,0.9034763046575174
LGBM,9275,1,1,0.9495474719311061
LGBM,2663,1,1,0.7585162200767217
LGBM,4221,0,0,0.16356020714505282
LGBM,4505,1,1,0.7973434487751174
LGBM,3151,1,1,0.9823537134148712
LGBM,8174,0,0,0.08602733005340156
LGBM,4176,1,1,0.9651626767237023
LGBM,4050,1,1,0.9948346631839861
LGBM,450,1,1,0.7916909611276008
LGBM,9388,1,1,0.9180666093643887
LGBM,3862,1,0,0.03511551461142145
LGBM,4287,1,1,0.9353933824897708
LGBM,947,1,1,0.5287426110669882
LGBM,415,1,1,0.64839570829463
LGBM,8659,1,1,0.9823537134148712
LGBM,6230,1,0,0.06525849720714427
LGBM,5515,0,0,0.10156916328687675
LGBM,5294,0,0,0.11090417173628878
LGBM,9291,1,1,0.9586744618821041
LGBM,1363,1,1,0.9820562077379115
LGBM,4618,1,1,0.9487323406999639
LGBM,4893,0,0,0.028307199652722884
LGBM,5144,0,1,0.8590304089007473
LGBM,1993,1,1,0.8053952715161732
LGBM,3683,1,1,0.7962374265931553
LGBM,9513,1,1,0.9833480897777633
LGBM,11,0,0,0.20075623072328413
LGBM,5019,0,1,0.5209086787257361
LGBM,2237,0,0,0.09912347732237735
LGBM,5186,0,1,0.6765516752558477
LGBM,7645,0,0,0.3723816919057129
LGBM,9467,1,1,0.9817222467290095
LGBM,4238,0,0,0.036845456213890876
LGBM,986,1,1,0.9240644798123299
LGBM,331,1,1,0.9493377192353075
LGBM,8712,1,1,0.9746911895566186
LGBM,3993,1,1,0.9897528287882571
LGBM,9203,1,1,0.9875177423746819
LGBM,5560,0,0,0.10655023329459563
LGBM,4892,1,1,0.932422219848401
LGBM,6475,1,1,0.9590183442434075
LGBM,4733,1,1,0.9574162439713249
LGBM,8409,0,0,0.0936777929664523
LGBM,8612,1,1,0.9477044314808382
LGBM,6850,1,1,0.5356201633400282
LGBM,843,1,1,0.9288212777320393
LGBM,1899,1,1,0.9541599602265668
LGBM,5351,0,0,0.06272370950268669
LGBM,1383,1,1,0.9258780817937
LGBM,4331,0,0,0.06851045687946207
LGBM,7517,1,1,0.9540605959761624
LGBM,1036,0,0,0.05491922216638573
LGBM,4920,0,0,0.2174656721959646
LGBM,3536,1,1,0.9730129604980894
LGBM,7863,1,1,0.7431978425158698
LGBM,5439,0,1,0.7633175977804249
LGBM,2515,1,1,0.948118824681507
LGBM,5348,0,0,0.03982906124858254
LGBM,7542,1,0,0.05048408659991844
LGBM,896,1,1,0.9642210249081272
LGBM,5386,1,0,0.20544141179210373
LGBM,9278,1,1,0.9853723287911421
LGBM,7982,0,0,0.1544413706195158
LGBM,7309,1,1,0.7526588500627622
LGBM,1462,1,1,0.5513873369960955
LGBM,7220,1,1,0.9541599602265668
LGBM,1204,1,0,0.47182964357249757
LGBM,4233,0,0,0.17778969019290644
LGBM,6734,1,1,0.9889617926323613
LGBM,9347,1,1,0.9912173558386683
LGBM,6829,1,1,0.9644135313060149
LGBM,405,1,1,0.6867966495852704
LGBM,7461,1,1,0.9184241699284231
LGBM,4492,0,0,0.020984341110531136
LGBM,9497,1,1,0.9562090371358318
LGBM,1031,1,1,0.9002887873170188
LGBM,8634,1,1,0.8732067356108713
LGBM,3090,1,1,0.899060328262091
LGBM,9010,1,1,0.9922865624487506
LGBM,5552,0,0,0.36819577114984414
LGBM,8449,0,0,0.17876748222607958
LGBM,2563,1,0,0.20402858811586302
LGBM,2374,1,1,0.9721839042435271
LGBM,7765,0,0,0.3917441736519748
LGBM,1203,1,1,0.7606647092252916
LGBM,1894,0,0,0.03311619314419293
LGBM,7072,0,0,0.028307199652722884
LGBM,509,1,1,0.7231815251105383
LGBM,2250,1,1,0.9029253601682325
LGBM,3689,1,1,0.5749419897175845
LGBM,8609,1,1,0.975942433048893
LGBM,420,1,1,0.6062415836677739
LGBM,4348,1,1,0.898814788320419
LGBM,8588,1,1,0.991085380746906
LGBM,1763,1,1,0.9919641770357003
LGBM,7466,0,0,0.02011867472118547
LGBM,6763,1,1,0.9921314272600836
LGBM,4598,0,0,0.10183693216941236
LGBM,4943,0,1,0.682143379313199
LGBM,7488,1,0,0.07818594943485503
LGBM,53,0,0,0.1785652776224485
LGBM,6589,0,0,0.009792498891624306
LGBM,7417,0,0,0.024443444129336578
LGBM,3590,1,0,0.03518309158836084
LGBM,2560,1,1,0.9694715474479747
LGBM,5799,0,0,0.41962960021044543
LGBM,2603,1,1,0.9948346631839861
LGBM,4053,1,1,0.9918041130579928
LGBM,2398,1,1,0.9366266620820898
LGBM,8503,1,1,0.8709678472278998
LGBM,5226,1,0,0.1604966537529232
LGBM,8201,0,0,0.08940136372292205
LGBM,2336,1,1,0.9764235915622618
LGBM,2945,1,1,0.9936272865715206
LGBM,9154,1,1,0.9908421152314482
LGBM,8581,1,1,0.9832909421900847
LGBM,4091,0,0,0.25156546339674307
LGBM,3531,1,0,0.02045632614960759
LGBM,3373,1,1,0.8957230982591844
LGBM,2149,1,1,0.9720942894193383
LGBM,4575,1,1,0.9614023601382271
LGBM,7240,0,0,0.27986504920489313
LGBM,6482,1,1,0.9202957592152256
LGBM,7158,1,1,0.9347710364431328
LGBM,835,1,1,0.5674756181804873
LGBM,5684,0,1,0.7550953107711333
LGBM,7414,1,1,0.9888935461421432
LGBM,2255,1,1,0.9858686475747961
LGBM,426,1,1,0.8126332312095482
LGBM,5658,0,0,0.10265357857047738
LGBM,6698,1,0,0.09252837262588076
LGBM,6702,1,1,0.9002887873170188
LGBM,1416,1,1,0.9929815196799983
LGBM,1714,1,1,0.9553894040454873
LGBM,4671,1,1,0.9794022710045053
LGBM,3611,0,0,0.07113168220463799
LGBM,1272,1,1,0.9906008543685867
LGBM,8108,1,1,0.9467209835954944
LGBM,4680,1,1,0.7932378469203919
LGBM,994,1,1,0.7229771192274309
LGBM,3016,1,0,0.12708416994647792
LGBM,5710,0,0,0.04968895686318247
LGBM,8338,0,0,0.06921646234592985
LGBM,3149,1,1,0.9075594117481534
LGBM,7493,0,0,0.05268166575233166
LGBM,3511,1,0,0.04317581046218833
LGBM,653,1,1,0.8742838561556706
LGBM,603,1,1,0.8772200964411131
LGBM,6470,1,1,0.9770900853322245
LGBM,5163,0,0,0.06384530182077688
LGBM,5207,0,0,0.1569156234252721
LGBM,7913,0,0,0.07482939645087047
LGBM,4223,0,0,0.24808269452933512
LGBM,1368,1,1,0.9728799577207123
LGBM,3356,1,1,0.9177960570650904
LGBM,495,1,1,0.6227162320888885
LGBM,6544,0,0,0.0324379743805194
LGBM,19,0,0,0.1297522417819346
LGBM,5584,0,0,0.06549341051894764
LGBM,1855,0,0,0.030565790194276594
LGBM,3202,1,0,0.05011146051843345
LGBM,2022,0,0,0.044956578206606874
LGBM,4952,0,0,0.06687334735207238
LGBM,8331,0,0,0.17032655669862604
LGBM,8216,0,0,0.05953973068422583
LGBM,1957,1,1,0.9573914057518906
LGBM,5022,0,0,0.4421777184720452
LGBM,512,1,1,0.9513043250930378
LGBM,8214,1,0,0.4631699683596678
LGBM,6269,1,1,0.9906968194445663
LGBM,2408,1,1,0.9613412855417713
LGBM,4338,0,0,0.04407894760688543
LGBM,3237,1,1,0.9951427316990467
LGBM,3240,1,0,0.13460476751340555
LGBM,9578,1,1,0.9905809161104453
LGBM,9338,1,1,0.9869590617564528
LGBM,778,1,0,0.3017288696197212
LGBM,4836,1,1,0.9046310390494771
LGBM,5501,0,0,0.174935795501201
LGBM,8080,0,0,0.07345311425919145
LGBM,1194,1,1,0.9309914927656623
LGBM,4763,0,0,0.19958990420361572
LGBM,7419,1,0,0.4504977082479996
LGBM,1843,1,1,0.7818374942361118
LGBM,6753,1,1,0.9920541932856367
LGBM,1099,1,1,0.8637539182329916
LGBM,9273,1,1,0.9138371849463849
LGBM,4346,1,1,0.9347710364431328
LGBM,8299,0,0,0.14775073009773387
LGBM,8626,1,1,0.7012555315818018
LGBM,6825,1,0,0.4228314904047036
LGBM,9293,1,1,0.9926575158146457
LGBM,2430,1,1,0.7962374265931553
LGBM,8810,1,0,0.18957797508549928
LGBM,4757,1,1,0.9951427316990467
LGBM,4392,0,0,0.21852171381172406
LGBM,9271,1,1,0.9793487483636215
LGBM,4864,0,0,0.08515931469684943
LGBM,140,1,1,0.5659595939668634
LGBM,1414,0,0,0.11854766452681895
LGBM,8690,1,1,0.9588820817514258
LGBM,4832,1,1,0.9571883183562984
LGBM,9487,1,1,0.991871959308449
LGBM,1717,1,1,0.9385068114157521
LGBM,1482,1,1,0.818042899758591
LGBM,3861,1,1,0.585778803732811
LGBM,2037,0,0,0.45880255352183885
LGBM,6493,1,0,0.09657770880691376
LGBM,8841,1,1,0.9720329699522761
LGBM,5127,1,1,0.7932005563059423
LGBM,4444,1,1,0.7379946178628817
LGBM,9171,1,1,0.9857466865849943
LGBM,3306,1,1,0.9238867102315045
LGBM,2929,1,1,0.928886653036193
LGBM,5858,1,1,0.9784319544149243
LGBM,4810,1,1,0.9896508978631535
LGBM,2852,1,1,0.9533861626040829
LGBM,109,1,1,0.8915791996389438
LGBM,9213,1,1,0.9767540804648889
LGBM,2876,1,1,0.9551511210304624
LGBM,9192,1,1,0.9492782477281376
LGBM,4502,0,0,0.13763625486785105
LGBM,336,1,1,0.9845356879962621
LGBM,4881,1,1,0.9866693711547567
LGBM,9437,1,1,0.9766186620863733
LGBM,7882,1,1,0.9697200847729136
LGBM,7555,1,1,0.9738708101163374
LGBM,413,1,1,0.6274475357162986
LGBM,7205,1,0,0.3991523541116834
LGBM,4244,1,1,0.9863531792828842
LGBM,5012,0,1,0.7286662455035966
LGBM,7615,0,0,0.4474071353536787
LGBM,5496,0,1,0.8615357838253962
LGBM,9160,1,1,0.9642409076291231
LGBM,2810,0,0,0.06240685619418119
LGBM,8326,0,0,0.065065289443858
LGBM,861,1,1,0.880484753687484
LGBM,4101,0,0,0.14494188578508743
LGBM,493,1,1,0.9158094889867113
LGBM,1143,1,1,0.9067929066975202
LGBM,2272,0,0,0.03478825106991185
LGBM,4884,1,1,0.9748260664316514
LGBM,620,1,1,0.8918458125481826
LGBM,4319,1,1,0.8934944036721455
LGBM,1506,1,1,0.9437663950601922
LGBM,5245,0,0,0.13484242378471023
LGBM,8167,1,1,0.8973389991231624
LGBM,510,1,1,0.8502916439276094
LGBM,2856,1,1,0.9687361341661638
LGBM,2913,1,1,0.9790122822884485
LGBM,3715,1,0,0.3313101878497977
LGBM,6915,1,1,0.9923809067734499
LGBM,6663,1,1,0.9843788295337597
LGBM,2511,1,1,0.9530019314024869
LGBM,6139,1,1,0.9728031436572626
LGBM,9397,1,1,0.975447729577164
LGBM,373,1,1,0.9132531944580831
LGBM,3805,0,1,0.7181790796555416
LGBM,432,1,1,0.8820658808618493
LGBM,2713,1,1,0.9859929178847778
LGBM,1198,1,1,0.7032985596369421
LGBM,4538,1,1,0.9898062700248069
LGBM,5575,0,0,0.3210971495614108
LGBM,3382,1,0,0.14183788168033554
LGBM,6406,1,1,0.9257194320908451
LGBM,5917,1,0,0.10183693216941236
LGBM,2719,1,1,0.9371653443824853
LGBM,5928,1,1,0.912692823250397
LGBM,6780,0,0,0.42276931459147843
LGBM,1229,1,1,0.9820466036544552
LGBM,8373,0,0,0.19962521412741127
LGBM,4103,0,0,0.24959254810985043
LGBM,829,1,0,0.3872252236213061
LGBM,4946,0,0,0.2255304757441577
LGBM,97,0,0,0.16038663398265163
LGBM,4450,1,1,0.9568708770334472
LGBM,1246,1,1,0.9580125873874599
LGBM,776,1,1,0.9672830289888513
LGBM,1649,1,1,0.8776255767685449
LGBM,6423,1,1,0.9574970564648837
LGBM,9310,1,1,0.9887269032688153
LGBM,3952,1,0,0.19655230883216504
LGBM,6912,1,1,0.9941471633776697
LGBM,8306,0,0,0.12708385748995318
LGBM,2404,1,1,0.9615180859377684
LGBM,6171,1,1,0.8948181738067472
LGBM,7399,1,1,0.9901103176317098
LGBM,5672,0,0,0.0668826221456445
LGBM,2002,1,1,0.9756492529349765
LGBM,3259,1,1,0.6355660662163576
LGBM,9514,1,1,0.961859351440936
LGBM,5832,0,0,0.04828395145668428
LGBM,7450,1,0,0.025392189150926114
LGBM,565,1,0,0.07018276010475015
LGBM,8225,1,1,0.9006749495288735
LGBM,5615,0,0,0.4427633074805299
LGBM,1805,1,1,0.9130236533960595
LGBM,5473,0,0,0.18240172262792348
LGBM,2353,1,1,0.5675957167341361
LGBM,4288,1,1,0.9512083291199825
LGBM,7406,1,1,0.7787240613624341
LGBM,9296,1,1,0.9876008882130214
LGBM,8783,1,1,0.9952521546345925
LGBM,428,1,1,0.6923608895462012
LGBM,7289,1,1,0.8632109542624421
LGBM,1210,1,1,0.9105366075509916
LGBM,4081,0,0,0.1876071291902205
LGBM,5325,1,0,0.233674715178672
LGBM,4420,0,0,0.19476475618543995
LGBM,5642,1,1,0.900211772904609
LGBM,6473,1,0,0.06403159400356227
LGBM,2602,1,1,0.9920541932856367
LGBM,7529,1,0,0.08372461011842311
LGBM,1193,1,1,0.5350567900017591
LGBM,5455,0,0,0.2255304757441577
LGBM,2984,1,1,0.9531898233307181
LGBM,209,0,0,0.3776118434802457
LGBM,2998,1,1,0.960596056145495
LGBM,2629,1,1,0.9623947661009652
LGBM,4307,1,1,0.9027622979937976
LGBM,2625,1,1,0.7784629936575937
LGBM,1982,1,1,0.9583265810087381
LGBM,8176,1,1,0.6410960336881787
LGBM,6838,0,0,0.1548626506913772
LGBM,2433,1,1,0.9910310571377234
LGBM,4612,1,1,0.8778293855508901
LGBM,189,0,0,0.09540957056107753
LGBM,7825,0,0,0.2293674833480766
LGBM,8082,0,0,0.08634730695862225
LGBM,7560,1,0,0.20429711712620682
LGBM,3028,1,1,0.9863531792828842
LGBM,8651,1,1,0.9559630277673455
LGBM,2343,1,1,0.9411939231078457
LGBM,5983,1,1,0.9768441087762592
LGBM,1139,0,0,0.42991710002981526
LGBM,5077,0,0,0.0845487454634573
LGBM,2020,0,0,0.13395382984011633
LGBM,9530,1,1,0.8902386019233399
LGBM,8183,1,1,0.9546497376567866
LGBM,1796,1,1,0.9347710364431328
LGBM,4919,1,0,0.03496456653088691
LGBM,1582,1,0,0.3961048843767128
LGBM,9227,1,1,0.9846530721373584
LGBM,324,1,1,0.9591988076256887
LGBM,6036,1,1,0.9822100106742584
LGBM,8184,1,1,0.6090711895700279
LGBM,1922,1,1,0.7075379752575953
LGBM,8298,0,0,0.29282591009672765
LGBM,4963,0,1,0.9855592003350632
LGBM,5646,1,0,0.07527214964325941
LGBM,3427,1,1,0.5456082281143441
LGBM,7429,1,1,0.9192204922277887
LGBM,8884,1,1,0.7337593516632275
LGBM,3106,1,1,0.9203124351807309
LGBM,3055,1,1,0.8723757843421175
LGBM,3780,1,0,0.3430399076733193
LGBM,5392,0,0,0.024644550781678966
LGBM,7984,1,1,0.9249000285481694
LGBM,2707,1,1,0.9771581805171267
LGBM,8630,1,1,0.9072411712932374
LGBM,8672,1,1,0.986223913750676
LGBM,16,0,0,0.08258194583404524
LGBM,6737,1,0,0.3614205553002906
LGBM,7533,1,1,0.6092300496350948
LGBM,7586,0,0,0.0380196553302431
LGBM,23,0,0,0.4644482598779284
LGBM,1940,1,1,0.8997646529355323
LGBM,3136,0,0,0.019048064965908846
LGBM,3428,1,0,0.21367626684269597
LGBM,421,1,1,0.6062415836677739
LGBM,9389,1,1,0.7043342715588435
LGBM,9383,1,1,0.9747529719785399
LGBM,2533,1,0,0.24827442665501917
LGBM,9524,1,1,0.9861374061486895
LGBM,3721,0,1,0.7145685986962462
LGBM,1790,1,1,0.9203124351807309
LGBM,4545,0,0,0.039662777215424744
LGBM,8766,1,1,0.9617514750365632
LGBM,1617,1,1,0.7866149025132131
LGBM,4038,1,0,0.3614205553002906
LGBM,5522,0,0,0.14840711350330027
LGBM,8233,1,1,0.9217369105291454
LGBM,2333,1,1,0.8890901916524108
LGBM,9520,1,1,0.9660196401053497
LGBM,2261,1,1,0.8137384962254696
LGBM,1622,1,1,0.8873260185262046
LGBM,8185,1,1,0.9471931456328154
LGBM,940,1,1,0.790031522613515
LGBM,5800,1,1,0.6442283831690766
LGBM,5539,0,0,0.3099548891915291
LGBM,8504,1,1,0.9130302288188495
LGBM,4760,0,0,0.05897712868666015
LGBM,8993,1,1,0.9847635014126989
LGBM,4778,0,1,0.5393890432932554
LGBM,8721,1,0,0.3314990094550077
LGBM,4147,0,0,0.21280652811496267
LGBM,2391,1,1,0.7071906742221584
LGBM,4647,0,0,0.055078159287281055
LGBM,3636,1,1,0.8139682064755671
LGBM,174,1,1,0.8743152466807882
LGBM,1235,0,0,0.21457301243483956
LGBM,702,1,1,0.9579139811978924
LGBM,583,1,0,0.14686306546808933
LGBM,6908,1,1,0.9830901081221959
LGBM,2301,1,0,0.32713750284898113
LGBM,4906,0,1,0.5510663707553618
LGBM,2758,1,0,0.21778349453195728
LGBM,3914,0,0,0.40106559820329046
LGBM,8303,0,0,0.1696791238554795
LGBM,5686,0,0,0.42004203692388964
LGBM,7196,1,0,0.07527214964325941
LGBM,6662,1,1,0.9527954789013087
LGBM,3043,1,1,0.9802365733041445
LGBM,2757,1,0,0.0503999136387412
LGBM,5440,0,0,0.059699484011173136
LGBM,8019,1,1,0.7599820643454719
LGBM,3040,1,1,0.8917777101000955
LGBM,7421,0,0,0.09906273583474695
LGBM,9115,1,1,0.7916555770680245
LGBM,7611,0,0,0.3221327388341868
LGBM,8342,0,0,0.04814348990305632
LGBM,5216,1,1,0.780676555401217
LGBM,6773,0,0,0.4016540979699737
LGBM,8094,1,1,0.8722194282506954
LGBM,9070,1,1,0.9321639567848493
LGBM,1134,1,1,0.862353361339635
LGBM,3562,0,0,0.07403995957004475
LGBM,6910,1,1,0.9964881408844016
LGBM,6405,1,0,0.2167074393675321
LGBM,8724,1,1,0.9740848554014654
LGBM,5305,1,1,0.79230042219981
LGBM,9454,1,1,0.9652757734267092
LGBM,4309,0,0,0.05129559545389814
LGBM,3748,0,0,0.2785206604997473
LGBM,3402,1,0,0.09657770880691376
LGBM,9251,1,1,0.9788274425933031
LGBM,8589,1,1,0.9466212838244947
LGBM,1818,1,1,0.9615058981993565
LGBM,2914,1,1,0.7662171832372114
LGBM,655,1,1,0.9765928965357052
LGBM,1302,0,0,0.30052255658150717
LGBM,9012,1,1,0.8682369558887253
LGBM,3558,1,0,0.08902231478521254
LGBM,2072,1,1,0.7276479780102895
LGBM,39,0,0,0.06193791085984346
LGBM,6624,1,1,0.9434168198177386
LGBM,5963,1,1,0.9060819895642571
LGBM,8266,1,1,0.6112863744116094
LGBM,4723,1,1,0.9037849145279452
LGBM,4355,1,1,0.9774441110880258
LGBM,7553,1,0,0.18407653395244508
LGBM,3618,1,1,0.9414025106237103
LGBM,2968,1,1,0.8915791996389438
LGBM,9179,1,1,0.915127209401876
LGBM,511,1,1,0.9813194157232508
LGBM,4685,1,1,0.9936272865715206
LGBM,5565,0,1,0.7076433289766786
LGBM,4572,0,0,0.0975479586752262
LGBM,6813,0,0,0.19165848482295442
LGBM,7983,1,1,0.9836324281197069
LGBM,8372,0,0,0.09753061597947157
LGBM,872,1,1,0.953476705166654
LGBM,3925,0,0,0.19384951792178653
LGBM,2995,1,1,0.9728031436572626
LGBM,4877,1,1,0.8994922239091947
LGBM,9181,1,1,0.876246866947211
LGBM,7154,1,0,0.4904432595846964
LGBM,6271,1,1,0.9347710364431328
LGBM,1808,1,1,0.9075594117481534
LGBM,5563,1,0,0.31959898392743435
LGBM,1519,1,1,0.8179050426308148
LGBM,3991,1,1,0.9753037217872321
LGBM,2879,1,1,0.9863531792828842
LGBM,8934,1,1,0.9620235861843208
LGBM,297,1,1,0.5391078534375568
LGBM,7530,1,1,0.9246114327969351
LGBM,5229,0,0,0.015643196898101234
LGBM,7255,0,0,0.3538411701462419
LGBM,836,1,1,0.799397396769987
LGBM,400,1,1,0.7318924316352093
LGBM,9379,1,1,0.9772919327509767
LGBM,7480,0,0,0.2437587702417145
LGBM,4424,1,0,0.19777046273175125
LGBM,5106,0,0,0.4161532647610832
LGBM,6847,1,1,0.9788100066545596
LGBM,5289,0,0,0.19640473094403138
LGBM,5076,1,1,0.9196188729281007
LGBM,6080,1,1,0.9402953605654757
LGBM,8871,1,1,0.8424545046565183
LGBM,1180,0,0,0.06677698673490902
LGBM,4886,0,0,0.08077356175105191
LGBM,8172,0,0,0.0614192587320819
LGBM,291,1,1,0.6811908166668679
LGBM,6947,1,1,0.9562482759579823
LGBM,4908,1,0,0.25214311632669945
LGBM,4739,0,0,0.24054508675017267
LGBM,4017,1,1,0.9893829835475407
LGBM,4018,0,0,0.21962747184566572
LGBM,7773,0,1,0.9304516272221901
LGBM,8717,1,1,0.9935469833788056
LGBM,3898,0,0,0.20382789459755393
LGBM,2690,1,0,0.08077356175105191
LGBM,7339,1,0,0.4918886173791867
LGBM,6761,1,1,0.9884362654563198
LGBM,1370,1,1,0.9907597474935472
LGBM,8959,1,1,0.8817128848079991
LGBM,3205,0,0,0.031177542543262923
LGBM,8426,0,0,0.12954565192071085
LGBM,3747,0,0,0.27431337183257765
LGBM,1735,1,1,0.5510663707553618
LGBM,3791,1,0,0.2896080588435218
LGBM,2151,1,1,0.513608927299043
LGBM,7215,1,1,0.8881174571380863
LGBM,9132,1,1,0.9847244373785558
LGBM,1970,1,1,0.9012621977917917
LGBM,4496,0,0,0.02584593954252553
LGBM,2642,1,1,0.8282642445995034
LGBM,8571,1,1,0.8455453763513365
LGBM,2520,1,1,0.950939444370405
LGBM,1728,1,1,0.9735747405071864
LGBM,5950,1,1,0.919378122366882
LGBM,5459,0,0,0.11814678802933404
LGBM,6851,1,1,0.9771581805171267
LGBM,7146,1,1,0.9681870370428044
LGBM,1029,0,0,0.11867651156492702
LGBM,868,1,1,0.9553303725724881
LGBM,3996,1,1,0.9771566637226191
LGBM,5065,0,1,0.6161881373107267
LGBM,621,1,1,0.9448183708074277
LGBM,9435,1,1,0.9499228723549829
LGBM,4301,0,0,0.19185923006723662
LGBM,898,1,1,0.9692408253384125
LGBM,9083,1,1,0.979108201080823
LGBM,2597,1,1,0.9638808994689595
LGBM,8268,0,0,0.06343974073136634
LGBM,939,1,1,0.8223384171616855
LGBM,381,1,1,0.8054279735613432
LGBM,4526,0,0,0.15285026221550302
LGBM,3583,1,1,0.5144028094726765
LGBM,5718,0,0,0.2670790952047631
LGBM,4215,1,1,0.9783704831445955
LGBM,2760,1,0,0.0521908946308233
LGBM,1120,1,1,0.9884362654563198
LGBM,8419,0,0,0.1908803223020006
LGBM,7756,1,1,0.6377735305632224
LGBM,1672,1,1,0.9485021063444855
LGBM,1377,1,1,0.971367785168602
LGBM,4873,1,1,0.9800076440391656
LGBM,259,1,1,0.9209237192081816
LGBM,7231,0,0,0.07297822583038817
LGBM,494,1,1,0.8755751005451344
LGBM,1680,1,1,0.9589985089014326
LGBM,315,1,1,0.9081894940444594
LGBM,3253,1,0,0.020103125019997878
LGBM,3777,1,1,0.8631419317661692
LGBM,3248,1,1,0.9451609823235135
LGBM,1413,1,1,0.9768541643719085
LGBM,349,1,1,0.9400229184337218
LGBM,689,1,1,0.8378948157735097
LGBM,7591,1,1,0.9003395069541378
LGBM,6243,1,1,0.9553894040454873
LGBM,6353,1,0,0.06140162919144046
LGBM,1098,0,0,0.10183693216941236
LGBM,133,1,1,0.7022189590790717
LGBM,4214,1,1,0.9941471633776697
LGBM,9128,1,1,0.9762884381518641
LGBM,5803,0,0,0.09847550019521135
LGBM,5786,0,0,0.215459883928084
LGBM,7819,0,1,0.6980459271681517
LGBM,9091,1,1,0.9864247033039335
LGBM,795,1,1,0.9424371358159624
LGBM,5574,0,0,0.0994352287949191
LGBM,8517,1,1,0.957754493337354
LGBM,1846,0,0,0.15800459005159914
LGBM,5047,1,1,0.8224396512668803
LGBM,6602,1,1,0.9540605959761624
LGBM,1172,0,0,0.4590267720929115
LGBM,4269,0,0,0.2913395182181926
LGBM,4077,1,1,0.862353361339635
LGBM,4696,1,1,0.9780598692593945
LGBM,7219,1,0,0.09065572535699873
LGBM,2504,1,0,0.28178201169763234
LGBM,4678,1,1,0.982043383270405
LGBM,6810,1,1,0.9892676481201033
LGBM,4006,1,1,0.9411199773892992
LGBM,6758,1,1,0.9723023495403138
LGBM,9219,1,1,0.9773904364068047
LGBM,2059,1,0,0.47124233941203336
LGBM,5018,0,0,0.1840701990834516
LGBM,8898,1,1,0.829431825311618
LGBM,7626,0,1,0.8119848707331231
LGBM,3969,0,1,0.5754573080237931
LGBM,410,0,0,0.34490147238999774
LGBM,3120,1,1,0.9741691258189662
LGBM,8749,1,1,0.5197076717661068
LGBM,6895,0,0,0.3412616209543102
LGBM,1125,1,1,0.9404620793913429
LGBM,5894,1,1,0.9921314272600836
LGBM,1916,0,0,0.06274328978833549
LGBM,4361,1,1,0.968341338104984
LGBM,8318,0,0,0.03922876219488074
LGBM,2114,1,1,0.9358993028597253
LGBM,3752,0,1,0.71060728253563
LGBM,4675,1,1,0.952390151695789
LGBM,4120,1,1,0.9588820817514258
LGBM,4694,0,0,0.19185923006723662
LGBM,3383,1,1,0.8705295166276917
LGBM,3883,1,0,0.30728223379383846
LGBM,4122,1,1,0.9768441087762592
LGBM,9113,1,1,0.9662148176980755
LGBM,5951,1,1,0.9018079455749558
LGBM,2215,1,1,0.7076786694991755
LGBM,5139,1,1,0.9939565881462238
LGBM,7228,0,0,0.43784586528388253
LGBM,3278,1,1,0.9833829529571257
LGBM,5714,0,0,0.32434281246604907
LGBM,5122,1,1,0.9894154897208433
LGBM,5339,0,1,0.8036650781411775
LGBM,6111,1,1,0.9561197999724763
LGBM,4670,1,1,0.9739958756358696
LGBM,9036,1,1,0.9620379628961511
LGBM,3905,0,0,0.36005616044056893
LGBM,7949,0,1,0.6443877909292867
LGBM,579,1,1,0.8931628504022019
LGBM,1107,1,1,0.9551978595286256
LGBM,290,1,1,0.6811908166668679
LGBM,682,1,1,0.9751280395042967
LGBM,8968,1,1,0.9808683574872007
LGBM,3222,1,1,0.9209670287527094
LGBM,2840,1,1,0.958077990302645
LGBM,2117,1,1,0.9361829856235855
LGBM,1780,1,1,0.9970483695422702
LGBM,4192,1,1,0.9490477085737855
LGBM,4869,1,1,0.8790068977277734
LGBM,4306,1,1,0.9620133778920041
LGBM,4002,1,1,0.8554649482537906
LGBM,8188,1,1,0.8001557314520109
LGBM,4593,1,1,0.9921314272600836
LGBM,4758,0,0,0.04814348990305632
LGBM,3887,1,1,0.607833398519743
LGBM,3166,1,1,0.980228293184388
LGBM,6277,1,1,0.9130236533960595
LGBM,8223,0,0,0.4590267720929115
LGBM,5778,0,0,0.10506416967961515
LGBM,5671,0,1,0.5104918513096829
LGBM,5393,0,0,0.12406619464892953
LGBM,7914,0,0,0.19095605841679167
LGBM,1896,1,1,0.9845635057177836
LGBM,3971,1,0,0.18912472320758017
LGBM,7320,1,0,0.28471540085674624
LGBM,9015,1,1,0.975725697850592
LGBM,1384,1,1,0.8864181532145541
LGBM,1332,1,1,0.9916566748303094
LGBM,111,0,0,0.052998257382154294
LGBM,5852,1,1,0.9585677780504384
LGBM,1156,1,1,0.9504062251384332
LGBM,7936,1,1,0.7562418090649486
LGBM,7019,1,1,0.9826168132414982
LGBM,6835,1,1,0.9748346828858688
LGBM,7348,1,0,0.27537916973183235
LGBM,4369,0,0,0.14479151243190505
LGBM,5972,1,1,0.5897692488639733
LGBM,6563,1,0,0.0937739009844154
LGBM,7674,0,0,0.35073640767124914
LGBM,824,1,1,0.5465295787048546
LGBM,2972,1,1,0.961258352939855
LGBM,8611,1,1,0.9148913467264638
LGBM,3187,1,1,0.9141407943533029
LGBM,6014,1,0,0.0756748509556817
LGBM,8415,0,0,0.32756991309689404
LGBM,2838,1,1,0.9948508684868759
LGBM,435,1,1,0.9432268175260656
LGBM,6701,1,1,0.9040400382955531
LGBM,3809,0,0,0.27252490849803407
LGBM,4885,1,1,0.985806245983735
LGBM,4799,1,1,0.8831803968942115
LGBM,864,1,1,0.9841827623800982
LGBM,8769,1,1,0.96603509738854
LGBM,4551,0,0,0.2005290725666275
LGBM,3897,1,0,0.25559179373010016
LGBM,352,0,1,0.9041816847614235
LGBM,7080,0,0,0.11854766452681895
LGBM,3772,1,1,0.565095902066927
LGBM,8391,0,0,0.24959254810985043
LGBM,3468,1,1,0.9925917234601065
LGBM,8357,0,0,0.29628098947219844
LGBM,3164,1,1,0.9591112680120489
LGBM,6074,1,1,0.9065191531392702
LGBM,7727,1,1,0.9369835532918828
LGBM,552,1,1,0.9322270416560735
LGBM,5824,0,0,0.085501957283258
LGBM,3234,1,1,0.9207369244062067
LGBM,3238,1,0,0.3529022020187048
LGBM,6555,1,1,0.6088912354066778
LGBM,6862,1,1,0.9914262138781663
LGBM,8991,1,1,0.9750030092405731
LGBM,7085,0,0,0.262882121053389
LGBM,2056,1,0,0.4504977082479996
LGBM,1572,1,1,0.9698996105670835
LGBM,5648,0,0,0.04216742237041569
LGBM,812,1,1,0.7674757810194817
LGBM,8235,1,1,0.9169220946166549
LGBM,4907,1,1,0.6355660662163576
LGBM,7613,0,1,0.6238911972185627
LGBM,8613,1,1,0.9247068051255006
LGBM,3001,1,1,0.514166483994926
LGBM,2381,1,0,0.42056377863701067
LGBM,1706,0,0,0.21455077676071338
LGBM,8031,0,0,0.46649163597520604
LGBM,6064,1,1,0.952390151695789
LGBM,8336,0,0,0.04407894760688543
LGBM,4656,1,1,0.9945932981494706
LGBM,4904,1,1,0.9948508446449323
LGBM,3354,1,0,0.20756366677857457
LGBM,8027,1,1,0.9486806276060828
LGBM,908,1,1,0.9882301253600538
LGBM,4721,1,1,0.9413336843246481
LGBM,3955,1,0,0.1281448261747969
LGBM,7109,1,1,0.9001042902325511
LGBM,2387,1,1,0.8614094271826389
LGBM,5577,0,0,0.23604748945323062
LGBM,4547,0,0,0.20809067254900313
LGBM,8455,0,0,0.31126285767149264
LGBM,3140,1,1,0.9432832446224997
LGBM,2728,1,1,0.9768441087762592
LGBM,6933,1,1,0.9773904364068047
LGBM,8162,1,1,0.8102832179644891
LGBM,3236,1,1,0.9861374061486895
LGBM,105,0,0,0.13944599893013496
LGBM,3155,1,1,0.9254460351870085
LGBM,5585,0,0,0.13932715337678972
LGBM,2783,1,1,0.8323594638964215
LGBM,9258,1,1,0.9368075379805888
LGBM,9071,1,1,0.9335287815990516
LGBM,1589,0,0,0.17778969019290644
LGBM,1437,1,1,0.952390151695789
LGBM,6411,1,1,0.7651179408835982
LGBM,9535,1,1,0.9795991950837895
LGBM,1290,0,0,0.041274525984154244
LGBM,2538,1,1,0.6393493139130569
LGBM,5748,0,0,0.30441770644690314
LGBM,8077,1,1,0.9851263948624794
LGBM,7271,1,1,0.9844323841362168
LGBM,329,1,1,0.9713760479057393
LGBM,4272,1,1,0.9908145403092052
LGBM,8691,1,1,0.9750473481700738
LGBM,1518,1,1,0.8364583766244792
LGBM,4909,0,0,0.4348453502591576
LGBM,1803,1,1,0.7937279739910067
LGBM,2379,1,1,0.792625443077363
LGBM,5903,1,1,0.9723023495403138
LGBM,3740,0,0,0.14398766937893104
LGBM,2309,1,1,0.8909617900370537
LGBM,5406,0,0,0.3237503779086383
LGBM,6767,1,1,0.8639295154152725
LGBM,5538,0,0,0.2948328266987404
LGBM,9533,1,1,0.9856863591595093
LGBM,5533,1,0,0.037653960510834965
LGBM,9508,1,1,0.9964881408844016
LGBM,4020,1,1,0.9923107176774706
LGBM,3595,1,1,0.7852782969006168
LGBM,1992,1,1,0.994042568037375
LGBM,3079,1,0,0.07413173755015541
LGBM,6694,0,0,0.2561628117213238
LGBM,683,1,1,0.9825968135698725
LGBM,6106,1,1,0.7440768724852282
LGBM,7938,1,1,0.997078286879915
LGBM,4525,0,0,0.009792498891624306
LGBM,8410,0,0,0.17949867744674367
LGBM,4028,0,0,0.12968529363425205
LGBM,6759,1,1,0.9931194398757663
LGBM,5502,0,0,0.4884816185775734
LGBM,7662,1,0,0.28102291385693673
LGBM,8788,1,1,0.9911970960959731
LGBM,8465,0,0,0.048098476978604324
LGBM,8413,0,0,0.31275007476059613
LGBM,721,1,1,0.9526577536041436
LGBM,8610,1,1,0.9599416199569787
LGBM,8820,1,1,0.9957555486151441
LGBM,6687,1,1,0.7194697879581801
LGBM,7317,1,0,0.20520654516940032
LGBM,7554,1,1,0.9127394587377031
LGBM,4112,1,1,0.9901874571790528
LGBM,9280,1,1,0.9754964242469965
LGBM,7679,1,1,0.9524084907413721
LGBM,1344,1,1,0.9407867288765316
LGBM,8831,1,1,0.9808100673660557
LGBM,4324,0,0,0.18153665282923193
LGBM,211,1,1,0.879502405518856
LGBM,1189,0,0,0.05628947472003109
LGBM,7048,0,0,0.10829012857485988
LGBM,8999,1,1,0.9617601930813068
LGBM,2505,1,1,0.7194697879581801
LGBM,3173,1,0,0.29960841177025105
LGBM,8903,1,1,0.9831534123867803
LGBM,6152,1,0,0.1460484831985149
LGBM,7329,0,1,0.5842004632364954
LGBM,4390,0,0,0.24845436275532226
LGBM,7791,0,0,0.312990593406583
LGBM,8156,1,1,0.9767263386738746
LGBM,5989,0,0,0.3369144381379911
LGBM,5223,1,1,0.9566832906626944
LGBM,2871,1,1,0.9971042038798547
LGBM,8379,0,0,0.26459620379628995
LGBM,3397,1,1,0.8952437847793034
LGBM,2455,1,1,0.9961992569819036
LGBM,6731,1,0,0.34786470737575126
LGBM,1385,1,1,0.7337593516632275
LGBM,2334,1,1,0.9189052307671549
LGBM,7091,1,1,0.6313128637941954
LGBM,9277,1,1,0.9825976445447755
LGBM,1947,0,0,0.05154262307459179
LGBM,4027,1,1,0.9889617926323613
LGBM,1068,1,1,0.9694715474479747
LGBM,8786,1,1,0.982043383270405
LGBM,2817,1,1,0.9320416672819055
LGBM,7836,0,0,0.28834679313702677
LGBM,4667,0,0,0.046798054699771385
LGBM,213,1,1,0.9432832446224997
LGBM,9356,1,1,0.9638355498314642
LGBM,810,1,1,0.9551511210304624
LGBM,3145,1,1,0.5510663707553618
LGBM,2004,1,1,0.9895844656931496
LGBM,1559,1,1,0.878128893409963
LGBM,2962,1,1,0.9772330797565764
LGBM,2516,1,1,0.9645836136904885
LGBM,7776,0,1,0.9839641815721701
LGBM,5194,0,0,0.22675712924188188
LGBM,3860,1,0,0.2702933991240315
LGBM,8327,0,0,0.02261236534247441
LGBM,5345,1,1,0.9196188729281007
LGBM,1151,1,1,0.9009179239255609
LGBM,3986,1,0,0.42028129894691363
LGBM,2524,1,1,0.9639198539216539
LGBM,6260,1,1,0.978811265878013
LGBM,6109,1,1,0.9808100673660557
LGBM,1739,1,1,0.980571617543534
LGBM,9306,1,1,0.9623911314332411
LGBM,2696,1,1,0.6494764540874557
LGBM,5044,0,1,0.8940394656882081
LGBM,7468,1,1,0.6787234572464144
LGBM,1625,1,0,0.14553834326501242
LGBM,6828,1,1,0.9487323406999639
LGBM,8704,1,1,0.9902017713406441
LGBM,4599,0,0,0.2277259409257099
LGBM,740,1,1,0.7889346989442809
LGBM,5031,0,0,0.035261196575987
LGBM,2058,1,0,0.10742034521468291
LGBM,4595,0,0,0.33191864649422226
LGBM,2835,1,1,0.9949580352570355
LGBM,6285,1,1,0.9787366019142983
LGBM,3985,0,1,0.5629204033773432
LGBM,4241,0,0,0.21488945509985286
LGBM,1529,1,1,0.9637452929823859
LGBM,2366,1,1,0.9726312915470059
LGBM,2453,1,1,0.9724750820283525
LGBM,8341,0,0,0.2976525568642644
LGBM,8439,0,0,0.1326639229198168
LGBM,8585,1,1,0.9942811234976032
LGBM,3823,1,1,0.5494861146936493
LGBM,3736,0,0,0.22688054795593365
LGBM,3239,1,0,0.07297822583038817
LGBM,1260,1,1,0.8787355906736057
LGBM,2955,1,1,0.7440768724852282
LGBM,5008,0,1,0.9226449767625058
LGBM,3029,1,1,0.974897451111339
LGBM,6601,1,1,0.9866833667727696
LGBM,5557,0,0,0.20449509322563314
LGBM,7498,1,0,0.16038663398265163
LGBM,102,0,0,0.17536699205999565
LGBM,990,0,1,0.9628496409355191
LGBM,8436,0,0,0.13569609069119712
LGBM,4430,0,0,0.2223960596162406
LGBM,7203,0,0,0.2223960596162406
LGBM,4564,1,1,0.9002887873170188
LGBM,3047,1,1,0.7674490067957083
LGBM,9550,1,1,0.986045016399749
LGBM,7285,1,1,0.9932674571010007
LGBM,2310,1,1,0.874780080713085
LGBM,163,0,0,0.14639297152236375
LGBM,3370,1,1,0.9530618487130716
LGBM,5523,0,0,0.053496159532693245
LGBM,8261,1,1,0.9270744111371348
LGBM,5634,1,1,0.8249352243070747
LGBM,1802,1,1,0.9432832446224997
LGBM,4816,1,1,0.8992269770613783
LGBM,7354,1,1,0.9153381466014556
LGBM,41,0,0,0.2419524084016809
LGBM,3391,1,1,0.9582222160699768
LGBM,92,1,0,0.4238083979108377
LGBM,6268,1,1,0.9785845568205179
LGBM,7694,1,1,0.934667031474331
LGBM,4127,0,0,0.06176631447650134
LGBM,1948,1,1,0.9071049538968009
LGBM,4955,0,0,0.47043724634936523
LGBM,8224,1,1,0.9528829401220117
LGBM,9384,1,1,0.9781557442326502
LGBM,8607,1,1,0.9540451167935465
LGBM,7570,1,1,0.9558902705539751
LGBM,2924,1,1,0.9124897097676733
LGBM,8404,0,0,0.24642861789547005
LGBM,2975,1,1,0.9799994723130492
LGBM,1075,1,1,0.8778293855508901
LGBM,5205,0,0,0.15030477282602417
LGBM,8112,1,1,0.9462750096438356
LGBM,9174,1,1,0.9555554452577628
LGBM,2811,1,0,0.2583182132138023
LGBM,3784,0,0,0.0744701112909842
LGBM,5112,0,1,0.6128830920912484
LGBM,5352,0,0,0.46508078479948006
LGBM,6348,1,0,0.10743908345310531
LGBM,2662,0,0,0.1544413706195158
LGBM,3081,1,0,0.18199071566455266
LGBM,2571,1,1,0.9923107176774706
LGBM,1138,0,0,0.2277259409257099
LGBM,4032,0,0,0.13110764852881845
LGBM,5506,0,1,0.9125255494990967
LGBM,3299,1,1,0.9515116324096672
LGBM,1783,1,1,0.9870832286882468
LGBM,2389,1,1,0.9572062005120509
LGBM,5261,0,0,0.10140398093781282
LGBM,4772,0,0,0.27986504920489313
LGBM,4715,1,1,0.9001042902325511
LGBM,5775,0,0,0.044094455730525235
LGBM,2762,1,0,0.09313122278657078
LGBM,4631,1,1,0.9921495528370438
LGBM,5379,0,0,0.06506581434133178
LGBM,2001,0,0,0.24959254810985043
LGBM,8747,1,1,0.9076600040236796
LGBM,4982,0,1,0.5147006257105105
LGBM,8802,1,1,0.8228065666319577
LGBM,3613,0,1,0.5167417939904163
LGBM,249,1,1,0.5848573908236849
LGBM,7648,0,0,0.03104756157489385
LGBM,3813,1,0,0.2206587923355341
LGBM,8886,1,1,0.8113467866545787
LGBM,7148,1,1,0.9681870370428044
LGBM,8718,1,1,0.8332718050351844
LGBM,4494,0,0,0.05268166575233166
LGBM,7610,0,1,0.5922977509915055
LGBM,4872,1,1,0.675759668121269
LGBM,6610,1,1,0.9559984840298306
LGBM,5356,0,0,0.05335735675879722
LGBM,3394,1,1,0.6902339653850794
LGBM,6721,1,1,0.7654334545125241
LGBM,1013,1,1,0.8216923966779951
LGBM,3626,1,1,0.8998002778593852
LGBM,440,1,0,0.16193088143518813
LGBM,4283,0,1,0.9089095389457386
LGBM,2083,1,0,0.15742198189609083
LGBM,4927,0,0,0.23322137828605083
LGBM,3667,0,1,0.5355572560457563
LGBM,761,1,1,0.9039750481339658
LGBM,8745,1,1,0.9796043349938508
LGBM,4935,0,0,0.2463622643714253
LGBM,2734,1,1,0.9921495528370438
LGBM,8579,1,1,0.9557622177186698
LGBM,2332,1,0,0.4208098046056099
LGBM,1496,1,1,0.9936272865715206
LGBM,5360,0,1,0.5142508210140174
LGBM,4628,1,1,0.9371653443824853
LGBM,4527,1,1,0.9814311054866737
LGBM,7233,1,0,0.33104518597009963
LGBM,7030,1,0,0.05335735675879722
LGBM,8869,1,1,0.9762658878686652
LGBM,895,1,1,0.9488336551229165
LGBM,2179,1,1,0.961824994055419
LGBM,8483,0,0,0.060974844503471
LGBM,4286,0,0,0.21896568845464376
LGBM,3545,1,1,0.7388274137421401
LGBM,4600,1,1,0.9243578075020666
LGBM,460,1,1,0.6473670157595219
LGBM,3379,1,1,0.9170724005503195
LGBM,6629,1,1,0.7962374265931553
LGBM,7291,0,0,0.0936777929664523
LGBM,1347,1,1,0.9491679192115577
LGBM,6672,1,1,0.9846885010582106
LGBM,9372,1,1,0.9571883183562984
LGBM,2329,1,1,0.8998002778593852
LGBM,1969,1,1,0.9932674571010007
LGBM,2522,1,1,0.9897528287882571
LGBM,3280,1,0,0.17467241347402357
LGBM,2057,0,0,0.044718222158206006
LGBM,2588,1,0,0.2277259409257099
LGBM,6202,1,1,0.8912696955054268
LGBM,3704,1,0,0.3564669956752141
LGBM,1788,1,1,0.9843788295337597
LGBM,9427,1,1,0.9830292948051189
LGBM,2854,1,1,0.9632408403153271
LGBM,2294,1,1,0.8790068977277734
LGBM,7167,1,1,0.8533802056922647
LGBM,4199,1,1,0.9866645697676603
LGBM,9159,1,1,0.7697262113152058
LGBM,9544,1,1,0.9542661628387378
LGBM,2886,1,1,0.9874117764557782
LGBM,5677,0,0,0.1167419610786601
LGBM,8664,1,1,0.9293489296950568
LGBM,8499,1,0,0.14876482122904966
LGBM,3841,0,1,0.5757176738436806
LGBM,7427,1,0,0.13523362417650986
LogReg,3249,1,1,0.9905164429653631
LogReg,3478,0,0,0.2581056346650466
LogReg,7812,1,1,0.9848289252439509
LogReg,5616,0,0,0.08896599789771227
LogReg,4266,1,1,0.9735729507390547
LogReg,8826,1,1,0.904952486896133
LogReg,8169,1,1,0.8656237276715737
LogReg,965,1,1,0.9037253709121772
LogReg,1032,1,1,0.9836986087492887
LogReg,8750,1,1,0.9866672766849253
LogReg,5637,0,1,0.7390668035378107
LogReg,1319,0,0,0.11444141546272167
LogReg,2407,1,1,0.9054334259607499
LogReg,3404,1,1,0.9216835996877351
LogReg,9260,1,1,0.9463236616363814
LogReg,5943,1,1,0.9504409165341795
LogReg,7619,0,0,0.012129391853625889
LogReg,6557,1,1,0.9666476944900176
LogReg,7382,1,1,0.9771043891959836
LogReg,483,1,1,0.9292859849817431
LogReg,2328,1,1,0.9634700096385652
LogReg,2163,1,1,0.9944914443494322
LogReg,8324,0,0,0.15831268335163443
LogReg,6623,1,1,0.9377102712939984
LogReg,344,1,1,0.6895817500413846
LogReg,8062,1,1,0.858181077880877
LogReg,3970,1,0,0.40449401801603463
LogReg,6801,0,0,0.22025819774792926
LogReg,2341,1,1,0.9956664548211634
LogReg,38,0,0,0.15786505705335543
LogReg,2232,1,1,0.7763722674383637
LogReg,1772,1,1,0.9843920266254226
LogReg,4630,1,1,0.9943292586425542
LogReg,1106,1,1,0.9780896743057713
LogReg,6398,1,0,0.32804490247289264
LogReg,4170,0,0,0.13056175979098858
LogReg,4186,1,1,0.9994238808219429
LogReg,7078,1,1,0.9971259547831062
LogReg,6448,1,1,0.7544209275141164
LogReg,3889,1,0,0.04980697108833256
LogReg,2066,1,1,0.9932456323260451
LogReg,8645,1,1,0.9997142457782386
LogReg,6726,1,1,0.9925312981655278
LogReg,7737,1,1,0.9293379312962193
LogReg,8141,1,0,0.023026250050693916
LogReg,4436,1,1,0.915229842133601
LogReg,8127,1,1,0.9659483163569007
LogReg,403,1,1,0.9424417683616098
LogReg,8877,1,1,0.9986074243142908
LogReg,2241,1,1,0.8401519604272646
LogReg,4898,0,0,0.01795172695492615
LogReg,7782,0,0,0.07907641036046466
LogReg,2023,0,0,0.20868871173879944
LogReg,2466,1,0,0.4371840744234119
LogReg,5572,0,0,0.04295181995086283
LogReg,492,1,0,0.003156375377084342
LogReg,5021,0,0,0.35729111144176057
LogReg,8408,0,0,0.07501626811080148
LogReg,1086,1,1,0.5604141923973914
LogReg,6804,0,0,0.1677860955833366
LogReg,4231,0,0,0.04724937875269635
LogReg,7639,0,0,0.3309783537153319
LogReg,4302,1,0,0.45977090066478454
LogReg,4052,1,1,0.9300846801299261
LogReg,1349,1,1,0.974508081557955
LogReg,8550,1,1,0.9535790095569535
LogReg,393,1,1,0.9986930714937314
LogReg,5116,0,0,0.30488691516503474
LogReg,7090,1,1,0.86360317309263
LogReg,5235,0,0,1.3038533682667793e-06
LogReg,4074,0,0,0.04595724991483759
LogReg,5143,1,1,0.5160056220557592
LogReg,3960,0,0,0.14907475054784414
LogReg,5923,1,1,0.9388495226989098
LogReg,3438,1,0,0.27926031180221855
LogReg,2443,1,0,0.2997657934818852
LogReg,300,1,0,0.1473420464474146
LogReg,6635,1,1,0.9602071768074393
LogReg,293,1,1,0.805526628403269
LogReg,2440,1,1,0.8641633196138068
LogReg,9399,1,1,0.9985206429160588
LogReg,8023,1,0,0.2789017577844289
LogReg,7301,1,1,0.6642631180512039
LogReg,1150,1,1,0.8633555691374605
LogReg,7125,0,0,0.07170000512878487
LogReg,8147,1,1,0.9528837380504157
LogReg,2393,1,0,1.4786551018510479e-06
LogReg,5994,0,0,0.04158818236684001
LogReg,4341,0,0,0.07432875183878858
LogReg,4201,1,1,0.9867106640414426
LogReg,5865,1,1,0.5025644809545878
LogReg,6025,1,1,0.9736310041339253
LogReg,2069,0,0,0.07441406374382996
LogReg,2031,0,0,0.02244034329659442
LogReg,2115,1,1,0.5593901398970903
LogReg,8037,0,0,0.002740198611152184
LogReg,4804,1,1,0.9976010454933095
LogReg,4964,0,1,0.8737711577896791
LogReg,6071,1,1,0.9732473820102193
LogReg,1417,1,1,0.7676415688610134
LogReg,1906,1,1,0.9433137092337406
LogReg,6162,1,1,0.9999999999856748
LogReg,6088,1,1,0.9950011229706679
LogReg,6065,1,1,0.9641178054760872
LogReg,6378,1,0,0.4207787063988564
LogReg,2997,1,0,0.10751982508123414
LogReg,3144,0,0,0.44990679702835534
LogReg,6750,1,1,0.9167151635336899
LogReg,1630,1,1,0.8509594210528022
LogReg,9482,1,1,0.996463084253294
LogReg,8906,1,1,0.9519176345381001
LogReg,4327,0,0,0.10087361782232974
LogReg,2582,0,0,0.27250587608913596
LogReg,2621,0,0,0.045957249914839196
LogReg,8362,0,0,0.29590949920750714
LogReg,3995,1,1,0.5158391463705129
LogReg,806,1,1,0.8696336558117236
LogReg,2279,1,1,0.6412121580339794
LogReg,9140,1,1,0.9997991031808346
LogReg,7792,0,0,0.02695543906661784
LogReg,6914,1,1,0.999390743105716
LogReg,6650,1,1,0.9942867974094803
LogReg,2925,1,1,0.8989041176486947
LogReg,5188,0,0,0.0562427742009604
LogReg,8578,1,1,0.9999761578901376
LogReg,1212,1,0,0.28219433879691425
LogReg,4140,0,0,0.1616436544487145
LogReg,4117,1,1,0.9910548037288421
LogReg,1928,1,1,0.733625999787802
LogReg,129,0,0,0.025272004472547238
LogReg,4660,0,0,0.14192910982799564
LogReg,6055,1,0,0.22071424687441582
LogReg,5332,0,0,0.008167528918281285
LogReg,8928,1,1,0.9999723345421999
LogReg,2557,1,0,0.10762970087729365
LogReg,7454,0,0,0.11002750261711906
LogReg,2528,1,1,0.5158391463704995
LogReg,8136,1,1,0.9213813715093607
LogReg,49,0,1,0.7368406425883155
LogReg,8079,1,0,0.44341854946848447
LogReg,9039,1,1,0.9824577178999034
LogReg,456,1,1,0.5371915166398602
LogReg,7039,1,1,0.9006193103712788
LogReg,4743,1,0,0.060562536179716575
LogReg,2940,1,0,0.22794660489820281
LogReg,602,1,1,0.6777881656312856
LogReg,5566,0,0,0.19590407497157716
LogReg,7438,1,0,0.00018308179488034552
LogReg,3615,1,0,0.4226618338144693
LogReg,678,1,1,0.5909908601539253
LogReg,3521,1,0,0.11982552245513652
LogReg,6333,1,0,0.2114632969981561
LogReg,96,0,0,0.2338412489377676
LogReg,9249,1,1,0.9997735260710723
LogReg,5505,0,0,0.09938208189691737
LogReg,1420,1,1,0.9978896252339492
LogReg,3244,0,0,0.1263133205341576
LogReg,1476,0,1,0.9164492524671
LogReg,1875,1,1,0.6163763399035406
LogReg,8682,1,1,0.9999166007615694
LogReg,7748,0,0,0.38500282803299923
LogReg,5095,0,0,0.031094911382367703
LogReg,2145,1,0,0.47927113667967475
LogReg,159,1,0,0.07144476842831042
LogReg,651,1,1,0.9989874415847043
LogReg,7238,0,0,0.05176526791771766
LogReg,8922,1,1,0.9887579605158535
LogReg,2248,1,1,0.8751899292399297
LogReg,4699,1,0,0.1478876989186077
LogReg,3858,1,0,0.18748628741669726
LogReg,7323,0,0,0.02244034329659442
LogReg,5023,0,0,0.141534565903443
LogReg,3687,1,0,0.014589085481941063
LogReg,8861,1,1,0.9918025124758002
LogReg,8838,1,1,0.9999999999856566
LogReg,2306,1,1,0.9820191535314649
LogReg,6742,1,1,0.8055292473140604
LogReg,3109,1,1,0.9515263752975247
LogReg,5744,0,0,0.007742023866625835
LogReg,3308,1,1,0.628937311538569
LogReg,4710,0,0,0.16470848926541728
LogReg,746,1,1,0.9839764353339226
LogReg,3105,1,1,0.9565319500152577
LogReg,2518,1,0,0.17369272653587375
LogReg,9245,1,1,0.9974780462942311
LogReg,7774,0,1,0.6466446980491174
LogReg,8119,1,1,0.8931656542123824
LogReg,1387,0,0,0.00030320188548833854
LogReg,1837,1,1,0.9684429809334408
LogReg,5382,0,0,0.21776390924205902
LogReg,6218,0,0,0.10087361782232414
LogReg,275,1,1,0.5706480666780007
LogReg,2747,1,0,0.04158818236683806
LogReg,5788,0,0,3.142758859861896e-07
LogReg,5110,0,0,0.13879126748851903
LogReg,7133,1,1,0.9227348845351855
LogReg,4639,0,0,0.06493917108924772
LogReg,6499,1,1,0.7595296397676553
LogReg,2860,1,1,0.5020773267071877
LogReg,1397,1,1,0.9144374023066257
LogReg,4096,1,1,0.993534930150313
LogReg,4993,0,1,0.9260968759496903
LogReg,8471,0,0,0.20157822616779936
LogReg,8368,0,0,0.12490287988331629
LogReg,8352,0,0,0.2221119796990367
LogReg,9392,1,1,0.7108158011940344
LogReg,3869,1,1,0.7187753780792722
LogReg,7356,1,1,0.5054623238372402
LogReg,8761,1,1,0.9994596228289201
LogReg,3313,1,1,0.5933578925697527
LogReg,2304,0,0,0.12447381205231191
LogReg,2798,1,0,0.46691553724542656
LogReg,2887,1,1,0.9485692951965089
LogReg,3056,1,0,0.2359485325511267
LogReg,636,1,0,0.0846300391853217
LogReg,1158,1,1,0.7323650626971786
LogReg,944,1,1,0.9986208105844361
LogReg,597,1,1,0.9791359004539116
LogReg,345,1,1,0.9414587553609859
LogReg,3017,1,1,0.955745982539236
LogReg,2644,0,0,0.16778609558333635
LogReg,7465,1,1,0.6993072302073633
LogReg,3378,1,1,0.9741485736792849
LogReg,8537,1,1,0.9912301105494778
LogReg,9511,1,1,0.9997739872390607
LogReg,7029,1,1,0.9518105028088262
LogReg,1953,1,1,0.9384979716006633
LogReg,6149,1,1,0.801369587776495
LogReg,3904,0,0,0.4887340854461677
LogReg,1405,1,1,0.9744203987663784
LogReg,4829,0,1,0.7925144705566063
LogReg,8656,1,1,0.9999915179741026
LogReg,4573,1,0,0.3655577948135096
LogReg,6556,1,0,0.3398203885338824
LogReg,3882,1,0,0.12618920847724546
LogReg,8430,0,0,0.2718296110204683
LogReg,2897,1,1,0.7618293816432976
LogReg,4349,1,1,0.9349712051963369
LogReg,2490,0,1,0.707485607345656
LogReg,2030,0,0,0.24093762278886183
LogReg,9541,1,1,0.9937466193991185
LogReg,7854,1,1,0.9798451710428007
LogReg,9382,1,1,0.9999754481908781
LogReg,5465,0,0,0.0037848923900940454
LogReg,1131,0,0,0.06582097427723305
LogReg,6308,1,0,0.026970796598457646
LogReg,9211,1,1,0.8021606381786266
LogReg,3435,1,1,0.6034599271799935
LogReg,7343,0,0,0.3809019541726526
LogReg,5936,1,0,0.3358457923530996
LogReg,6177,1,1,0.9958688591250182
LogReg,4543,1,1,0.8027151923257124
LogReg,8256,0,0,0.17910460006483936
LogReg,6869,1,1,0.9910548037288427
LogReg,736,0,0,0.028422103312727733
LogReg,6873,0,0,0.117914687318141
LogReg,7135,1,0,0.33094890317678727
LogReg,3821,0,0,0.2967212710904258
LogReg,1715,1,1,0.9465350138138023
LogReg,2308,1,1,0.9721444212122548
LogReg,6331,1,1,0.5547608524738993
LogReg,1470,1,1,0.8101164078438746
LogReg,3621,1,1,0.8872355976991422
LogReg,518,1,1,0.8402092987206317
LogReg,4889,1,1,0.8578731253677481
LogReg,987,1,1,0.9567529780735653
LogReg,4983,0,0,0.37156053857616994
LogReg,2403,1,1,0.6682585345171558
LogReg,6651,1,1,0.9985152444021902
LogReg,8083,1,1,0.7093529881174195
LogReg,5697,0,0,0.06513854126280282
LogReg,539,1,1,0.9930558552879567
LogReg,753,1,1,0.9620389157662774
LogReg,2935,1,1,0.9772471780902083
LogReg,8010,0,0,0.10401661751876518
LogReg,7643,0,1,0.9996844956731742
LogReg,2462,1,1,0.9110000266325725
LogReg,5391,0,0,3.0476524790768633e-06
LogReg,4643,0,0,0.0760088167264828
LogReg,3112,1,1,0.8699014343377904
LogReg,3361,1,1,0.8559341456227988
LogReg,3565,1,0,0.13394198503071092
LogReg,1054,1,1,0.8643179001494544
LogReg,8243,1,1,0.8718147132651183
LogReg,7604,0,1,0.8524120441151284
LogReg,7102,1,1,0.87036547371247
LogReg,3774,0,1,0.5965600458548057
LogReg,1199,0,0,0.28591791075912254
LogReg,430,1,1,0.9919209070627815
LogReg,5791,0,0,0.0007244207330199638
LogReg,7223,1,1,0.9054085499418331
LogReg,9353,1,1,0.9907054603899792
LogReg,556,1,1,0.9989604055719187
LogReg,9302,1,1,0.9988523619477121
LogReg,3964,1,1,0.9878958920400338
LogReg,6562,1,0,0.24974281042086097
LogReg,1050,1,1,0.9841017555512891
LogReg,9276,1,1,0.9978237819562925
LogReg,7113,1,1,0.9626748337324725
LogReg,7114,1,0,0.11647760704629928
LogReg,7511,1,0,0.03789448112690115
LogReg,1718,1,1,0.9133049922345072
LogReg,8121,0,0,0.16680085711883838
LogReg,1078,0,0,0.13801899727859518
LogReg,4495,0,0,0.02884983440496375
LogReg,8910,1,1,0.999984901687523
LogReg,7230,0,0,0.15843141060318872
LogReg,7226,0,0,0.053313177308476956
LogReg,3007,1,0,0.16470848926542975
LogReg,4978,0,0,0.125099383539821
LogReg,8896,1,1,0.9998131144930875
LogReg,5882,1,0,0.10238143672880323
LogReg,4821,1,1,0.9965495612364292
LogReg,8154,1,1,0.9938181337664741
LogReg,2483,0,0,0.025212495248383832
LogReg,6110,0,0,0.22737186890622935
LogReg,5378,0,0,0.0436899156681095
LogReg,1949,0,0,0.3271316975001493
LogReg,1883,1,1,0.9828152383324413
LogReg,2297,1,0,0.49310795300038585
LogReg,4655,1,1,0.7372226587797795
LogReg,544,1,1,0.9486867766496364
LogReg,4689,1,1,0.871879940331243
LogReg,80,0,0,0.2282744004156491
LogReg,190,1,0,0.2740222078052789
LogReg,3573,1,1,0.6528743614120787
LogReg,2426,1,1,0.7339964400795237
LogReg,4483,1,1,0.908683637521623
LogReg,3463,1,1,0.9976010454933095
LogReg,5375,0,0,0.0443108149790564
LogReg,8855,1,1,0.9906892929939642
LogReg,7121,0,0,0.16534142072686428
LogReg,8467,0,0,0.4965416595719177
LogReg,5512,1,0,0.094680065291376
LogReg,5978,1,1,0.9974023747476237
LogReg,6209,1,1,0.8006847041573785
LogReg,2178,1,1,0.89255374473364
LogReg,2266,1,1,0.8659912805509016
LogReg,1323,1,1,0.9957676442088077
LogReg,5398,0,0,0.008632174993995871
LogReg,8727,1,1,0.9999990545911931
LogReg,5373,0,0,0.11047255300101848
LogReg,7358,1,0,0.09380048083557203
LogReg,2926,1,1,0.944125437100653
LogReg,9074,1,1,0.9990826021798634
LogReg,6234,0,0,0.27102349508810614
LogReg,7152,1,1,0.9965282326839
LogReg,427,1,0,0.020369964395373922
LogReg,1090,1,1,0.9824796098582694
LogReg,5564,0,1,0.8474608249863127
LogReg,6287,1,1,0.930580165685886
LogReg,5992,0,0,0.049723006249558575
LogReg,1367,1,1,0.9978001505033983
LogReg,3781,1,1,0.5947907826442179
LogReg,7636,0,0,0.2438916325176008
LogReg,7478,1,0,0.23146478554312755
LogReg,8774,1,1,0.9998021653559928
LogReg,6037,1,0,0.32882712705146483
LogReg,6085,1,1,0.6037895861775455
LogReg,6295,1,1,0.723472167498133
LogReg,2912,1,1,0.9498363872713725
LogReg,9457,1,1,0.9841364498521339
LogReg,7519,1,1,0.9634700096385652
LogReg,3501,1,1,0.6776719117636024
LogReg,5644,0,0,0.13170979563882101
LogReg,8660,1,1,0.9995497277367078
LogReg,2494,0,1,0.6861900876686083
LogReg,7953,0,0,0.4151896667286194
LogReg,4312,1,1,0.9198221412352009
LogReg,1432,1,1,0.9989576018076279
LogReg,6216,1,1,0.9715784438339696
LogReg,3516,0,0,0.237624777973294
LogReg,4107,0,0,0.20868871173882342
LogReg,2246,1,1,0.9895614374563834
LogReg,6598,1,1,0.6602944278626073
LogReg,8293,0,0,0.08542416609876184
LogReg,6509,1,1,0.8680643125648
LogReg,6201,1,1,0.8287459916004197
LogReg,6807,1,1,0.9364413882614844
LogReg,4604,1,1,0.9795029181873063
LogReg,5820,0,0,0.00012680573347627783
LogReg,2363,1,1,0.8137553392785661
LogReg,3599,1,1,0.989364290108369
LogReg,1442,1,1,0.9755453154592977
LogReg,785,1,1,0.9920619856979228
LogReg,6238,1,1,0.7658359278304633
LogReg,1147,1,0,0.3358457923530996
LogReg,8498,1,1,0.9743036455459801
LogReg,1823,1,1,0.9911562933034068
LogReg,2532,1,0,0.10805809178539098
LogReg,4999,0,1,0.8547418655995697
LogReg,298,1,0,0.35585729456191917
LogReg,5140,1,1,0.913943275261184
LogReg,3856,0,0,0.06879667299807551
LogReg,7144,1,1,0.8846835580390731
LogReg,7790,1,1,0.9503716756086019
LogReg,2000,0,0,0.022875615440112188
LogReg,5337,0,0,0.3916457050535585
LogReg,3362,1,1,0.9162033626459581
LogReg,5123,1,1,0.9311093754835398
LogReg,7172,0,0,0.07593635478500634
LogReg,4470,1,1,0.7523025092322133
LogReg,9341,1,1,0.9999050399939243
LogReg,391,1,1,0.9565319500152569
LogReg,4948,0,0,0.29763528169382103
LogReg,5050,0,1,0.534613513670815
LogReg,3857,0,0,0.20091145666602778
LogReg,6176,1,1,0.9927295623710682
LogReg,4151,1,1,0.5883791331109134
LogReg,6078,1,0,0.17082487560890355
LogReg,8425,0,0,0.23820410506740114
LogReg,6729,1,1,0.7860279247363217
LogReg,8264,0,0,0.017066958056155886
LogReg,6769,0,0,0.07354833296258681
LogReg,7380,1,1,0.9922220208907021
LogReg,5311,1,0,0.0853855478403544
LogReg,2513,1,0,0.042882096994156745
LogReg,3660,1,1,0.8770137002272028
LogReg,6595,1,1,0.8872355976991423
LogReg,6131,1,1,0.9338191397268838
LogReg,2227,0,0,0.15077308707703754
LogReg,2634,1,1,0.7555233774383903
LogReg,1503,1,0,0.2888855605310137
LogReg,1339,1,1,0.9725976255040213
LogReg,3968,1,0,0.27504094429701964
LogReg,529,1,0,0.49047238440911073
LogReg,5712,0,0,0.05645689218862162
LogReg,341,1,1,0.8550129216045824
LogReg,3632,1,1,0.9999247241812421
LogReg,3877,1,1,0.5650083205022498
LogReg,6941,1,1,0.9641178054760872
LogReg,759,1,1,0.8190887021196916
LogReg,5166,0,0,0.21776390924205843
LogReg,6617,1,1,0.8239902406359566
LogReg,7284,1,1,0.9920619856979228
LogReg,5507,0,0,0.011636469956363254
LogReg,5098,1,0,0.44694237646265084
LogReg,2711,1,1,0.9991055604489374
LogReg,2316,1,1,0.8924420683589637
LogReg,6787,1,1,0.55122469996862
LogReg,4047,1,1,0.916715163533702
LogReg,5555,0,1,0.6377190098566372
LogReg,4243,0,1,0.5020773267072285
LogReg,7508,1,1,0.869261636592602
LogReg,5141,1,1,0.9698403474188318
LogReg,2874,1,1,0.9485692951965089
LogReg,1219,1,0,0.4837597995684475
LogReg,8614,1,1,0.9997212313704241
LogReg,7157,1,0,0.39331559616611445
LogReg,9349,1,1,0.9976850815409776
LogReg,1140,1,1,0.884639615117567
LogReg,6460,1,1,0.9982641904334103
LogReg,5556,0,1,0.9777149766188508
LogReg,631,1,0,0.037634305444181254
LogReg,704,1,1,0.5218562000829022
LogReg,766,1,1,0.9953959915258754
LogReg,8994,1,1,0.9999831952500136
LogReg,6661,1,0,0.06208443355787376
LogReg,3014,1,1,0.6303130551221492
LogReg,7592,1,1,0.9948100259110111
LogReg,2565,1,1,0.6351571901756999
LogReg,8945,1,1,0.9997764003460141
LogReg,8164,0,0,0.21662980166101012
LogReg,4688,1,1,0.9988387354237632
LogReg,7105,1,1,0.9972640438292365
LogReg,4959,0,1,0.9970647608989629
LogReg,5260,0,0,0.3453771095240172
LogReg,5984,1,1,0.9987917592714604
LogReg,5467,0,1,0.7837077702834343
LogReg,3052,1,1,0.9619062335582829
LogReg,3064,1,0,0.02804054709645293
LogReg,2616,1,1,0.9996438557403491
LogReg,6854,1,1,0.9340064068928009
LogReg,4808,1,1,0.9848799040789707
LogReg,6247,1,1,0.7860460659048566
LogReg,8061,1,1,0.5548103655973143
LogReg,4878,1,1,0.9873375303058493
LogReg,5647,1,0,0.18473447097441809
LogReg,2390,0,0,3.678842277955164e-07
LogReg,5263,1,0,0.32165808509523786
LogReg,5690,0,1,0.8833707723173255
LogReg,8839,1,1,0.9999730645074609
LogReg,5292,0,0,0.044352373937841125
LogReg,5209,0,1,0.7465481843905937
LogReg,5888,1,1,0.9780896743057713
LogReg,2693,1,1,0.9956981451363988
LogReg,2822,1,1,0.9989374823369387
LogReg,8947,1,1,0.9942483730741785
LogReg,3549,1,1,0.9740581395047141
LogReg,6407,1,1,0.7311678479638436
LogReg,5868,1,1,0.9770752771465867
LogReg,3387,0,0,0.3257465251972318
LogReg,4951,0,0,0.4599029962564153
LogReg,8992,1,1,0.9999005276174063
LogReg,3416,1,0,0.2560241771668972
LogReg,1281,0,0,0.15143606447850153
LogReg,6429,1,1,0.9839151164268487
LogReg,1,0,0,0.024708654718035458
LogReg,5086,0,1,0.7229812658454897
LogReg,6714,1,1,0.9770752771465867
LogReg,3433,1,0,0.16097044444958802
LogReg,8616,1,1,0.996987113608136
LogReg,5203,0,0,0.039243368318349174
LogReg,8280,1,1,0.8869919035041468
LogReg,3933,1,0,0.1614587526179674
LogReg,2594,1,1,0.8347491911129253
LogReg,8057,1,1,0.9236849622449608
LogReg,3329,1,1,0.9954108507975039
LogReg,892,1,1,0.9982019891689513
LogReg,6585,1,1,0.959573584436592
LogReg,1063,1,1,0.8167209611236549
LogReg,1601,0,0,0.3307792069990669
LogReg,6643,1,1,0.7090705191911357
LogReg,5693,0,1,0.6456179631495637
LogReg,8075,1,0,0.05086832784901823
LogReg,5333,0,0,0.47617071355980733
LogReg,4830,1,0,0.4611182391149842
LogReg,139,1,0,0.03676634735241963
LogReg,6715,1,1,0.9929803658556331
LogReg,2775,1,1,0.7544209275141165
LogReg,7056,1,1,0.7822263202145524
LogReg,5132,1,0,0.028308396615152942
LogReg,5986,1,1,0.9910548037288427
LogReg,5408,0,1,0.5373163158027352
LogReg,3723,0,0,0.17400265886451713
LogReg,513,1,1,0.9757936686456741
LogReg,5604,0,0,0.28344305812802084
LogReg,4815,0,0,0.032353953837027445
LogReg,9507,1,1,0.9997703553457689
LogReg,8615,1,1,0.9227154063746194
LogReg,7075,1,0,0.3878826214759579
LogReg,4332,0,0,0.10436239808019676
LogReg,1628,1,1,0.5946018392442436
LogReg,2650,1,1,0.9504409165341788
LogReg,2473,1,1,0.6294729608389269
LogReg,9509,1,1,0.9957161713479059
LogReg,5124,0,1,0.9832293280388726
LogReg,4449,1,1,0.8771860283261249
LogReg,2071,1,1,0.942851579881422
LogReg,6058,1,1,0.9171263940132444
LogReg,2827,1,1,0.7372226587797798
LogReg,5509,0,0,0.16281363366416424
LogReg,9153,1,1,0.9229141199597422
LogReg,4389,0,0,0.12631332053414387
LogReg,8982,1,1,0.8263259397510967
LogReg,2478,0,0,0.06356369085937665
LogReg,1390,1,1,0.7225303988390246
LogReg,3242,0,0,0.006148232541684058
LogReg,4586,1,1,0.9991937361591599
LogReg,3642,1,0,0.49387544039757564
LogReg,8456,0,0,0.037062771832216415
LogReg,3919,1,0,0.4803347033181522
LogReg,7486,0,0,0.10706336505193781
LogReg,6886,0,0,0.07600881672648274
LogReg,8281,1,1,0.9389656877184662
LogReg,2802,1,1,0.8712928054671503
LogReg,226,0,1,0.5685518436254943
LogReg,2673,1,0,0.06568502956770005
LogReg,1990,1,1,0.9418156752549759
LogReg,8406,0,0,0.15607397501049047
LogReg,3894,0,1,0.5722608209581659
LogReg,2170,1,1,0.9732744917342993
LogReg,4661,1,1,0.9998726651962905
LogReg,2726,1,1,0.9662456764749932
LogReg,2869,1,1,0.9171263940132444
LogReg,1110,1,1,0.9300846801299307
LogReg,2894,1,1,0.9755453154592977
LogReg,68,0,0,0.21876923141478113
LogReg,7904,1,0,0.16675720791151757
LogReg,1425,1,1,0.9875565631465385
LogReg,6130,1,0,0.08850706329528908
LogReg,3935,0,0,0.10232619292308846
LogReg,8533,1,1,0.9996054991842658
LogReg,9201,1,1,0.9878184042358372
LogReg,5905,1,1,0.9987167726015502
LogReg,6219,0,0,0.13797657025958945
LogReg,9084,1,1,0.9999743299388711
LogReg,6821,0,0,0.039544761669080296
LogReg,8757,1,1,0.9967103362708455
LogReg,6868,1,1,0.995123776307204
LogReg,4561,1,1,0.9627540538859959
LogReg,9506,1,1,0.9999825449685331
LogReg,5795,0,0,0.3030560694785926
LogReg,6338,0,0,0.16807431513189652
LogReg,5016,0,0,1.5649417359000102e-08
LogReg,8763,1,1,0.997747811486122
LogReg,6668,1,0,0.3248033881200453
LogReg,3716,0,1,0.6993687046030401
LogReg,4539,1,1,0.9544082534332863
LogReg,6210,1,1,0.7946642023033403
LogReg,8735,1,1,0.9977630558239963
LogReg,7441,1,1,0.5272654023736595
LogReg,4297,1,1,0.8284844228589399
LogReg,1886,1,1,0.9899033106316025
LogReg,3220,0,0,0.033346558902108324
LogReg,7544,1,1,0.917988125844931
LogReg,4752,0,0,0.0013086733467583946
LogReg,4850,1,1,0.5507172535193748
LogReg,7310,1,1,0.972211650556526
LogReg,8016,0,1,0.5767881396651714
LogReg,4650,0,0,0.11444141546271921
LogReg,6346,1,1,0.9443573058226311
LogReg,5561,0,1,0.6704687637740816
LogReg,7701,1,1,0.7456303091024395
LogReg,2778,1,1,0.8697548607487025
LogReg,9472,1,1,0.8812694857779242
LogReg,1551,1,1,0.6908037026340288
LogReg,5536,0,0,0.0018555307355225352
LogReg,7190,0,0,0.029742398210186104
LogReg,9493,1,1,0.9933631728152772
LogReg,9099,1,1,0.934324161604739
LogReg,6320,0,0,0.08411652248175906
LogReg,361,1,0,0.04623731725734706
LogReg,1381,1,1,0.6303130551221499
LogReg,5287,0,0,0.14362549244589817
LogReg,4213,1,1,0.7372226587797807
LogReg,4953,0,0,0.16065130536276945
LogReg,4750,0,0,0.18473447097441578
LogReg,8965,1,1,0.998219080273835
LogReg,2751,1,0,0.024688070924523315
LogReg,1638,1,1,0.9765459663944599
LogReg,2531,1,0,0.13942472103418063
LogReg,8895,1,1,0.9999966985519885
LogReg,3817,1,1,0.7420220460040973
LogReg,3789,0,0,0.3759580630133021
LogReg,4777,0,0,0.3607035350354575
LogReg,3424,1,1,0.9454304848389805
LogReg,4646,1,1,0.9909617422012083
LogReg,3336,1,1,0.994796602402378
LogReg,2715,1,1,0.7403277155934295
LogReg,7248,0,0,0.23742385301778085
LogReg,7629,0,1,0.549288850483629
LogReg,9411,1,1,0.9990084791863697
LogReg,7916,0,0,0.16856689287889087
LogReg,8881,1,1,0.999878310722906
LogReg,5900,1,1,0.9976027995642983
LogReg,5924,1,1,0.618168020583462
LogReg,4500,0,0,0.23602041109258387
LogReg,8433,0,0,0.022770804203128058
LogReg,2437,1,1,0.9721719153202868
LogReg,6789,1,1,0.6351571901756999
LogReg,6323,0,0,0.026271980077131517
LogReg,2070,0,0,0.02792073650392384
LogReg,9422,1,1,0.9999844457088903
LogReg,5254,0,0,0.22871315000725653
LogReg,3413,1,1,0.9234915161009821
LogReg,856,1,0,0.4053447109902821
LogReg,6226,1,1,0.9651859421439537
LogReg,8297,0,0,0.22855769823355407
LogReg,5732,0,0,0.136740213317001
LogReg,2684,1,1,0.9460543650562915
LogReg,4041,1,1,0.9800355002621151
LogReg,3078,1,0,0.07170000512878487
LogReg,7955,0,0,0.14568706308334867
LogReg,5322,0,0,0.011885200107712098
LogReg,7958,1,1,0.5277856377167818
LogReg,3393,1,1,0.8256043423931503
LogReg,2015,1,1,0.9719288782991351
LogReg,7477,1,0,0.20574268602747345
LogReg,7138,1,1,0.8717945999054589
LogReg,6387,1,1,0.9950489809289775
LogReg,9545,1,1,0.9937585911821968
LogReg,6051,1,1,0.9699581207144505
LogReg,685,1,1,0.9795128029053778
LogReg,8501,1,1,0.9987494540159357
LogReg,5663,0,0,0.0436899156681092
LogReg,7046,1,0,0.1478876989186077
LogReg,4442,1,1,0.9899711557473652
LogReg,7457,0,0,0.0727509901250155
LogReg,8765,1,1,0.999432357477716
LogReg,8025,1,1,0.9579473224511738
LogReg,8026,0,1,0.8141451344179703
LogReg,1461,1,1,0.9842747343272835
LogReg,1727,1,1,0.9981689266444392
LogReg,1298,0,0,0.155268649346795
LogReg,5831,0,1,0.8110176610054913
LogReg,1133,1,1,0.7525950140422314
LogReg,7272,1,1,0.9955943173783895
LogReg,4807,1,1,0.9981833499134719
LogReg,4944,0,1,0.9581048109595349
LogReg,5233,0,0,0.3817571264816818
LogReg,540,1,1,0.7613288394200963
LogReg,9069,1,1,0.9970150695594026
LogReg,954,1,0,0.36302297210952494
LogReg,2946,1,1,0.9980927604268934
LogReg,2298,0,0,0.1975337156135485
LogReg,573,1,1,0.52383714083854
LogReg,3936,1,0,0.1023261929230884
LogReg,4503,0,0,0.33982038853387786
LogReg,1660,1,1,0.7946642023033389
LogReg,7474,0,0,0.3398203885338828
LogReg,9007,1,1,0.9999573889635811
LogReg,8643,1,1,0.9649563691712737
LogReg,6007,1,0,0.15143606447850985
LogReg,147,0,0,0.19780613063125893
LogReg,3121,1,1,0.9907209829666029
LogReg,4,0,0,0.4863861963507537
LogReg,888,1,1,0.9806014525554444
LogReg,6927,1,1,0.9978254669717923
LogReg,9449,1,1,0.9999194033725214
LogReg,6614,1,0,0.49387544039757525
LogReg,4062,1,1,0.9941526112233328
LogReg,8811,1,1,0.9999556374640473
LogReg,7149,1,1,0.9495763977141546
LogReg,4003,1,1,0.9685070807554281
LogReg,2217,1,1,0.9796242473479747
LogReg,4110,1,1,0.9340064068928018
LogReg,5855,1,1,0.6669965670540106
LogReg,1853,0,0,0.21771767263661
LogReg,3801,0,0,0.3392156921372364
LogReg,5734,0,0,0.019467339569305273
LogReg,2211,1,1,0.966647694490015
LogReg,8204,1,1,0.972666364005001
LogReg,1406,1,1,0.9834511722306579
LogReg,9362,1,1,0.9999073797362474
LogReg,7724,1,1,0.9991462182024942
LogReg,4296,1,1,0.7741180744541132
LogReg,4880,1,1,0.9913469599384451
LogReg,6642,1,1,0.994093744143384
LogReg,9038,1,1,0.9880863505845421
LogReg,2150,1,0,0.213413479899974
LogReg,5596,0,1,0.7632632417445046
LogReg,5587,0,0,0.058504780420188654
LogReg,9503,1,1,0.9509614311923088
LogReg,5745,1,0,0.3230974593304246
LogReg,3567,1,0,0.008455002543283057
LogReg,3578,0,0,0.0982588206890172
LogReg,9340,1,1,0.9779900137302571
LogReg,1419,1,1,0.958300395645794
LogReg,2580,0,0,0.2545019685948585
LogReg,1624,1,1,0.8575477013278995
LogReg,6571,0,0,0.10706336505193781
LogReg,8284,1,1,1.0
LogReg,1994,1,0,0.3688747121545205
LogReg,4823,1,1,0.9791087766374862
LogReg,3430,1,0,0.20868871173880327
LogReg,6150,0,0,0.044711288863701446
LogReg,8348,0,1,0.5087404536690051
LogReg,9413,1,1,0.9999941430960478
LogReg,7005,1,0,0.3387677849098497
LogReg,7171,1,1,0.7990300374022613
LogReg,4771,0,0,0.11124417902132011
LogReg,5707,0,0,0.016223000209514497
LogReg,379,1,1,0.5381551653752052
LogReg,6508,0,0,0.42849282377036296
LogReg,8116,1,0,0.4830933436281972
LogReg,4164,1,0,8.057129884139401e-06
LogReg,6649,1,1,0.9881056703969294
LogReg,3711,1,1,0.8502643330197736
LogReg,3454,1,1,0.9965495612364292
LogReg,7764,1,1,0.7333718222882518
LogReg,4949,0,0,0.18671415477493844
LogReg,5414,0,0,0.03454764246157189
LogReg,5307,1,1,0.9337678624451897
LogReg,8438,0,0,0.47005148392552915
LogReg,7855,1,1,0.9865270818974979
LogReg,337,1,1,0.5421799801317252
LogReg,5113,0,0,0.009576807262002777
LogReg,9190,1,1,0.9728854134897097
LogReg,6608,1,1,0.9083939361030225
LogReg,8160,1,1,0.9729861458743407
LogReg,9282,1,1,0.9924118804810061
LogReg,1527,1,1,0.6574821266532223
LogReg,1327,1,1,0.9337368929517793
LogReg,6725,1,1,0.748741576621756
LogReg,2744,1,0,0.11791468731814608
LogReg,4809,1,1,0.9866212429887745
LogReg,9499,1,1,0.999980943762995
LogReg,6336,1,1,0.9294788465376572
LogReg,5645,0,0,0.11047255300101969
LogReg,2540,1,1,0.992531298165528
LogReg,4669,1,1,0.9978254669717923
LogReg,1423,1,1,0.9795435807760924
LogReg,3286,1,0,0.1588848642953941
LogReg,9477,1,1,0.9999816880313784
LogReg,9047,1,1,0.9555637687965501
LogReg,4759,1,1,0.9487414709849714
LogReg,1184,0,0,0.18358829808388305
LogReg,6221,1,0,0.13345837761774898
LogReg,741,1,1,0.8952251199013881
LogReg,3816,1,0,0.14853610314215746
LogReg,7858,1,1,0.9432472990736375
LogReg,37,0,0,0.2886647075337857
LogReg,3331,0,1,0.5375020111705574
LogReg,3189,0,0,0.04647572309409993
LogReg,2350,1,1,0.6542286600648491
LogReg,3293,1,1,0.8212617553013292
LogReg,4350,1,1,0.9564251551204329
LogReg,4268,0,0,0.21790761176030757
LogReg,2808,1,0,0.06428692196665133
LogReg,1942,1,0,0.470932036125454
LogReg,2782,1,1,0.9271382491980054
LogReg,780,1,1,0.7038348916731246
LogReg,6097,1,0,0.2179076117603138
LogReg,1533,1,1,0.7783252411917684
LogReg,8051,1,1,0.9830532351210809
LogReg,1530,1,1,0.9127710390059305
LogReg,7337,1,1,0.5883791331109214
LogReg,4273,1,1,0.9744196054929813
LogReg,828,1,1,0.9058494574406862
LogReg,8913,1,1,0.9999960033826751
LogReg,647,1,1,0.7917277252029369
LogReg,7374,1,1,0.9963265227458538
LogReg,6865,1,1,0.9997760757035263
LogReg,7082,0,0,0.04747384692563523
LogReg,8681,1,1,0.9998237502816003
LogReg,2830,1,1,0.9181459605796226
LogReg,2527,1,1,0.9476583145846751
LogReg,4902,1,1,0.9697162446661007
LogReg,7434,1,1,0.7074856073456496
LogReg,8468,0,0,0.11959432294600887
LogReg,6870,0,0,0.1514360644785103
LogReg,4585,1,1,0.9990858726880044
LogReg,1422,1,1,0.9485692951965099
LogReg,4313,1,1,0.5946018392442357
LogReg,5285,1,1,0.9976176022810112
LogReg,2499,0,0,0.020908978263311225
LogReg,2503,1,0,0.41940260776153737
LogReg,8647,1,1,0.9999796289481152
LogReg,6456,1,1,0.7402065532163219
LogReg,7763,1,1,0.8579084241929691
LogReg,4134,0,0,0.06493917108925173
LogReg,8238,1,1,0.8429930609410025
LogReg,4798,1,1,0.9771043891959865
LogReg,5755,0,1,0.8923886365947784
LogReg,8369,0,0,0.1113068171687536
LogReg,5867,1,1,0.8878888154634952
LogReg,2764,1,0,0.16164365444870255
LogReg,3332,1,1,0.8503690292185918
LogReg,5437,0,1,0.6024129921267655
LogReg,2508,1,1,0.9967467257172967
LogReg,279,1,0,0.17512526790222824
LogReg,8600,1,1,0.5997821040933738
LogReg,5288,0,0,2.1230600622917645e-06
LogReg,2939,1,0,0.2279466048982125
LogReg,4749,0,0,0.1737149354830442
LogReg,7350,1,1,0.9611861631019991
LogReg,6736,1,0,0.3655577948135077
LogReg,2781,1,1,0.8822650526435334
LogReg,228,1,1,0.9992581677856062
LogReg,2182,1,1,0.871590004255356
LogReg,2290,1,1,0.7310098718115928
LogReg,7385,1,1,0.9219233963852219
LogReg,149,1,0,0.10920182820420123
LogReg,5340,0,0,0.052254105303782133
LogReg,1411,1,1,0.9897478503583543
LogReg,950,1,1,0.9862138899885982
LogReg,797,1,1,0.9428638900382124
LogReg,1610,0,0,0.08141150964736524
LogReg,7771,0,1,0.5168265094162985
LogReg,3231,1,1,0.720467701631702
LogReg,9343,1,1,0.9998709605899607
LogReg,9288,1,1,0.9999961878844742
LogReg,9393,1,1,0.9999022283129757
LogReg,1798,1,1,0.9994260337511077
LogReg,838,1,0,0.44341854946848447
LogReg,3851,0,1,0.5038402080730603
LogReg,7712,1,0,0.20798229123300407
LogReg,1741,1,1,0.847562954446237
LogReg,4719,0,0,0.1379765702595828
LogReg,4138,0,0,0.15738883187213756
LogReg,1620,1,1,0.9925449397786269
LogReg,7948,0,1,0.7742247970234069
LogReg,2012,1,1,0.9976010454933095
LogReg,6727,0,0,0.13157024598811337
LogReg,4011,1,1,0.9006381762882922
LogReg,8733,1,1,0.9989239179791686
LogReg,1997,1,1,0.9997089156519404
LogReg,9580,1,0,0.42093264509989775
LogReg,2225,1,0,0.040364289683348174
LogReg,5812,1,1,0.9842427592818367
LogReg,5675,0,0,0.03304900896158524
LogReg,9214,1,0,0.31503025881691776
LogReg,3495,1,0,0.26838178469162516
LogReg,3053,1,1,0.9715784438339696
LogReg,6936,1,1,0.9900046871969155
LogReg,3270,1,0,0.051765267917717836
LogReg,5281,0,0,0.43057148235648524
LogReg,6507,1,0,0.4669155372454267
LogReg,5701,0,0,1.7336142886030695e-30
LogReg,7370,1,0,0.47617071355982343
LogReg,4498,1,1,0.8788105877163443
LogReg,5253,0,0,0.3626602472233199
LogReg,7687,0,1,0.6192206236742631
LogReg,744,1,1,0.967499274208375
LogReg,2630,1,0,0.18887424601601432
LogReg,5987,1,1,0.9999866040092927
LogReg,8050,0,1,0.7087091850099159
LogReg,2025,1,1,0.9965495612364292
LogReg,5449,0,0,0.17369272653586382
LogReg,5395,0,0,0.27522011237367505
LogReg,7622,0,1,0.9548622756043011
LogReg,2208,1,1,0.8919770381209783
LogReg,9275,1,1,0.9997278919596772
LogReg,2663,1,1,0.9739113624188419
LogReg,4221,0,0,0.16554355280694377
LogReg,4505,1,0,0.3397065359001731
LogReg,3151,1,1,0.9639533991526408
LogReg,8174,0,0,0.16200298249880987
LogReg,4176,1,1,0.9733747268559321
LogReg,4050,1,1,0.9934661769738818
LogReg,450,1,1,0.8641152505492922
LogReg,9388,1,1,0.9858152123954715
LogReg,3862,1,0,0.07135289619522765
LogReg,4287,1,1,0.903087244328398
LogReg,947,1,1,0.5426271499605512
LogReg,415,1,0,0.22175588343225866
LogReg,8659,1,1,0.9639533991526436
LogReg,6230,1,0,0.2219250281246852
LogReg,5515,0,0,0.31132754565894516
LogReg,5294,0,0,4.754762920215134e-06
LogReg,9291,1,1,0.9999790183164072
LogReg,1363,1,1,0.9945426721478751
LogReg,4618,1,1,0.856484543425332
LogReg,4893,0,0,0.06212112744315221
LogReg,5144,0,1,0.7395450539330386
LogReg,1993,1,0,0.1744278542117625
LogReg,3683,1,0,0.08750512016306532
LogReg,9513,1,1,0.9999743619267493
LogReg,11,0,0,0.1983007184531344
LogReg,5019,0,1,0.8486642094662831
LogReg,2237,0,0,0.011024087599291438
LogReg,5186,0,1,0.647505552333838
LogReg,7645,0,0,0.06455139524036108
LogReg,9467,1,1,0.9998663325846975
LogReg,4238,0,0,0.006453460072890822
LogReg,986,1,1,0.9860291109231352
LogReg,331,1,1,0.8759816162088107
LogReg,8712,1,1,0.9997650430727312
LogReg,3993,1,1,0.9780640044949254
LogReg,9203,1,1,0.9999843766130101
LogReg,5560,0,0,0.04345629598379395
LogReg,4892,1,1,0.9772471780902083
LogReg,6475,1,1,0.9867106640414415
LogReg,4733,1,1,0.9625045658608126
LogReg,8409,0,0,0.21696453759094964
LogReg,8612,1,1,0.9967879676199054
LogReg,6850,1,1,0.548353149319653
LogReg,843,1,1,0.9725680219809147
LogReg,1899,1,1,0.9294788465376572
LogReg,5351,0,0,0.017792933072776313
LogReg,1383,1,1,0.9946547656553006
LogReg,4331,0,0,0.187965106849483
LogReg,7517,1,1,0.9971670570395561
LogReg,1036,0,0,0.10805809178539702
LogReg,4920,0,0,0.251667277798089
LogReg,3536,1,1,0.9361349742233616
LogReg,7863,1,0,0.4249456463532155
LogReg,5439,0,1,0.5244033099542829
LogReg,2515,1,1,0.9278225524643615
LogReg,5348,0,0,0.02303714840289411
LogReg,7542,1,0,0.1386511584588261
LogReg,896,1,1,0.998012613194106
LogReg,5386,1,1,0.5896499185392937
LogReg,9278,1,1,0.9999871179904459
LogReg,7982,0,0,0.08185426176611488
LogReg,7309,1,1,0.8302512374090085
LogReg,1462,1,1,0.7182218597630414
LogReg,7220,1,1,0.929478846537657
LogReg,1204,1,1,0.9472377247291294
LogReg,4233,0,1,0.5769779415092615
LogReg,6734,1,1,0.9961689009095084
LogReg,9347,1,1,0.9773419598945127
LogReg,6829,1,1,0.9917081519960251
LogReg,405,1,1,0.9813734614336233
LogReg,7461,1,1,0.9484188133539141
LogReg,4492,0,0,0.05240659557888418
LogReg,9497,1,1,0.9999930089044606
LogReg,1031,1,1,0.6669965670540062
LogReg,8634,1,1,0.7049775472781157
LogReg,3090,1,1,0.8924598648214865
LogReg,9010,1,1,0.9999373812521316
LogReg,5552,0,1,0.5681058508812977
LogReg,8449,0,0,0.17795338581611528
LogReg,2563,1,0,0.18801912571642213
LogReg,2374,1,1,0.939222968269453
LogReg,7765,0,0,0.23198466083681332
LogReg,1203,1,1,0.8471111964781043
LogReg,1894,0,0,0.04368991566810958
LogReg,7072,0,0,0.06212112744315211
LogReg,509,1,0,0.49091958249521844
LogReg,2250,1,1,0.9562964264169126
LogReg,3689,1,0,0.4981684308272073
LogReg,8609,1,1,0.9998418164558728
LogReg,420,1,0,0.040986981591375114
LogReg,4348,1,1,0.8388252668974345
LogReg,8588,1,1,0.9999858906437915
LogReg,1763,1,1,0.984391504018994
LogReg,7466,0,0,0.05240659557888462
LogReg,6763,1,1,0.9996438557403491
LogReg,4598,0,0,0.18887424601601432
LogReg,4943,0,0,0.0013085167527620023
LogReg,7488,1,0,0.1962409721380436
LogReg,53,0,1,0.7912966505825456
LogReg,6589,0,0,3.283007939857663e-05
LogReg,7417,0,0,0.022861513567078214
LogReg,3590,1,0,0.07726186688893283
LogReg,2560,1,1,0.7033068389759916
LogReg,5799,0,1,0.5343478675115462
LogReg,2603,1,1,0.9934661769738818
LogReg,4053,1,1,0.9879158237988233
LogReg,2398,1,1,0.9729553067541213
LogReg,8503,1,1,0.8981806354838867
LogReg,5226,1,0,0.3021786090442506
LogReg,8201,0,0,0.051768389244639
LogReg,2336,1,1,0.9965459674186329
LogReg,2945,1,1,0.9990738533144173
LogReg,9154,1,1,0.9999948388452521
LogReg,8581,1,1,0.9739491671023442
LogReg,4091,0,0,0.18358829808388186
LogReg,3531,1,0,0.11002750261712246
LogReg,3373,1,1,0.9427604841800334
LogReg,2149,1,1,0.5981843967953828
LogReg,4575,1,1,0.9926807579303123
LogReg,7240,0,0,0.3876937838838561
LogReg,6482,1,1,0.7798935553349464
LogReg,7158,1,1,0.9777089640611663
LogReg,835,1,1,0.5069561989495196
LogReg,5684,0,1,0.5937069576194334
LogReg,7414,1,1,0.9943869641899202
LogReg,2255,1,1,0.9507774071470837
LogReg,426,1,1,0.7515047904877623
LogReg,5658,0,0,0.08655868991073816
LogReg,6698,1,0,0.1443923829949754
LogReg,6702,1,1,0.6669965670540106
LogReg,1416,1,1,0.9964506013333929
LogReg,1714,1,1,0.9824298888070546
LogReg,4671,1,1,0.9762929104495507
LogReg,3611,0,0,0.0014330065683755577
LogReg,1272,1,1,0.9962673414209574
LogReg,8108,1,1,0.9503342311538404
LogReg,4680,1,1,0.9732473820102187
LogReg,994,1,1,0.9021118221725836
LogReg,3016,1,0,0.1705905971749387
LogReg,5710,0,0,0.3255849459869525
LogReg,8338,0,0,0.19849306371381076
LogReg,3149,1,1,0.9585166419993667
LogReg,7493,0,0,0.04296028869726433
LogReg,3511,1,0,0.14518348409785709
LogReg,653,1,0,0.423235630879808
LogReg,603,1,1,0.7483276774306132
LogReg,6470,1,1,0.82560434239315
LogReg,5163,0,0,0.009757174658690018
LogReg,5207,0,0,0.13637731787264568
LogReg,7913,0,0,0.0932154327570496
LogReg,4223,0,0,0.3288271270514762
LogReg,1368,1,1,0.9181459605796228
LogReg,3356,1,1,0.7413516093451009
LogReg,495,1,0,0.0424471895242724
LogReg,6544,0,0,0.0727509901250155
LogReg,19,0,0,0.44316613149755674
LogReg,5584,0,0,0.0005116300485372042
LogReg,1855,0,0,0.033346558902108324
LogReg,3202,1,0,0.03673348768466067
LogReg,2022,0,0,0.06495001032838614
LogReg,4952,0,0,0.001939320151743255
LogReg,8331,0,0,0.03865265589798272
LogReg,8216,0,0,0.15850367507666233
LogReg,1957,1,1,0.9275975232082814
LogReg,5022,0,1,0.7321484210735936
LogReg,512,1,1,0.9935703633813346
LogReg,8214,1,0,0.08855543533437396
LogReg,6269,1,1,0.9901263198305921
LogReg,2408,1,1,0.9811070711847345
LogReg,4338,0,0,0.005745386668777386
LogReg,3237,1,1,0.9997597788709448
LogReg,3240,1,0,0.0633707411516548
LogReg,9578,1,1,0.9991004210859693
LogReg,9338,1,1,0.9991572988233873
LogReg,778,1,0,0.2641567312286706
LogReg,4836,1,1,0.8564855056192396
LogReg,5501,0,0,0.28591791075913253
LogReg,8080,0,0,0.18842562599579493
LogReg,1194,1,1,0.9400792849306254
LogReg,4763,0,0,0.23716037658376002
LogReg,7419,1,0,0.15975943193686282
LogReg,1843,1,1,0.9855747616490501
LogReg,6753,1,1,0.9976027995642983
LogReg,1099,1,1,0.7215921651572644
LogReg,9273,1,1,0.8946814448687053
LogReg,4346,1,1,0.9777089640611633
LogReg,8299,0,0,0.1345626248225901
LogReg,8626,1,1,0.7873484986253481
LogReg,6825,1,1,0.6038173159343013
LogReg,9293,1,1,0.997031483873678
LogReg,2430,1,0,0.08750512016306532
LogReg,8810,1,1,0.5089572459642502
LogReg,4757,1,1,0.9997597788709448
LogReg,4392,0,0,0.20083631079751546
LogReg,9271,1,1,0.9989538111284216
LogReg,4864,0,0,0.06478708982811464
LogReg,140,1,1,0.8979662183948403
LogReg,1414,0,0,0.29300343059958694
LogReg,8690,1,1,0.9667582494842462
LogReg,4832,1,1,0.9265598696131712
LogReg,9487,1,1,0.9999490892512902
LogReg,1717,1,1,0.9643277049070095
LogReg,1482,1,1,0.8858114077200294
LogReg,3861,1,0,0.17644994779499348
LogReg,2037,0,1,0.7807319687020807
LogReg,6493,1,0,0.20137783082922134
LogReg,8841,1,1,0.9945272304331904
LogReg,5127,1,1,0.6256080856006714
LogReg,4444,1,1,0.8503690292186068
LogReg,9171,1,1,0.9990143873153087
LogReg,3306,1,1,0.7928507947243982
LogReg,2929,1,1,0.9795435807760919
LogReg,5858,1,1,0.9850297482394643
LogReg,4810,1,1,0.9983288875228418
LogReg,2852,1,1,0.9940612237636643
LogReg,109,1,1,0.6097319530486152
LogReg,9213,1,1,0.9988629987552458
LogReg,2876,1,1,0.8138203860412953
LogReg,9192,1,1,0.9874556612195463
LogReg,4502,0,0,0.20574268602747203
LogReg,336,1,1,0.9127906834516397
LogReg,4881,1,1,0.9553043835678195
LogReg,9437,1,1,0.9995970401264662
LogReg,7882,1,1,0.9946511346949759
LogReg,7555,1,1,0.9287499819664375
LogReg,413,1,1,0.997250314918139
LogReg,7205,1,0,0.21826994877081038
LogReg,4244,1,1,0.997125954783106
LogReg,5012,0,1,0.9715571916291381
LogReg,7615,0,0,0.1723001411338063
LogReg,5496,0,1,0.9900092481852676
LogReg,9160,1,1,0.9994737910784172
LogReg,2810,0,0,0.13519558088759434
LogReg,8326,0,0,0.0013644878109660944
LogReg,861,1,1,0.924594052962772
LogReg,4101,0,1,0.7182247404068631
LogReg,493,1,1,0.9958688591250182
LogReg,1143,1,1,0.9391467386176657
LogReg,2272,0,0,0.07269900408780411
LogReg,4884,1,1,0.9945076848618665
LogReg,620,1,1,0.9496286030969874
LogReg,4319,1,1,0.9164490550851602
LogReg,1506,1,1,0.9988387354237632
LogReg,5245,0,0,0.2570863969101754
LogReg,8167,1,1,0.913035472303986
LogReg,510,1,0,0.37130145879409154
LogReg,2856,1,1,0.7822263202145526
LogReg,2913,1,1,0.9985690499412365
LogReg,3715,1,0,0.2763882586872381
LogReg,6915,1,1,0.9993628738707417
LogReg,6663,1,1,0.956425155120433
LogReg,2511,1,1,0.9294743867376006
LogReg,6139,1,1,0.9989526253404303
LogReg,9397,1,1,0.933479003158319
LogReg,373,1,1,0.9091428840515866
LogReg,3805,0,1,0.6534539875594131
LogReg,432,1,1,0.9995808734712052
LogReg,2713,1,1,0.9649274635693589
LogReg,1198,1,1,0.7744650478156071
LogReg,4538,1,1,0.9377102712939984
LogReg,5575,0,0,0.09288089087085999
LogReg,3382,1,1,0.7018259883196809
LogReg,6406,1,1,0.9892793934674577
LogReg,5917,1,0,0.18887424601601377
LogReg,2719,1,1,0.9340064068928009
LogReg,5928,1,1,0.6351571901756999
LogReg,6780,0,0,0.4700514834963051
LogReg,1229,1,1,0.9948277116937633
LogReg,8373,0,0,0.06427163034659171
LogReg,4103,0,0,0.08948809653716916
LogReg,829,1,1,0.9214649216090455
LogReg,4946,0,0,0.2169292528505221
LogReg,97,0,0,0.4098901523874375
LogReg,4450,1,1,0.9367860998651141
LogReg,1246,1,1,0.8271637866011876
LogReg,776,1,1,0.9944914443494322
LogReg,1649,1,1,0.5290772589736707
LogReg,6423,1,1,0.9751990663276313
LogReg,9310,1,1,0.9999586420205222
LogReg,3952,1,0,0.04911230745606949
LogReg,6912,1,1,0.9978001505033983
LogReg,8306,0,0,0.0795968761528886
LogReg,2404,1,1,0.9864312930969829
LogReg,6171,1,1,0.9754598659849432
LogReg,7399,1,1,0.9981833499134717
LogReg,5672,0,1,0.5567344468771654
LogReg,2002,1,1,0.984879904078971
LogReg,3259,1,0,0.40644656529755857
LogReg,9514,1,1,0.8802902458819631
LogReg,5832,0,0,0.03661240898709885
LogReg,7450,1,0,0.037673941303652946
LogReg,565,1,0,0.06898654123562774
LogReg,8225,1,1,0.9309886812897687
LogReg,5615,0,0,0.10069306270358962
LogReg,1805,1,1,0.9829122865094375
LogReg,5473,0,0,0.19416170921547823
LogReg,2353,1,1,0.7283087272351734
LogReg,4288,1,1,0.8906026849892478
LogReg,7406,1,1,0.9490402538213193
LogReg,9296,1,1,0.9998663762682308
LogReg,8783,1,1,0.9998048529075201
LogReg,428,1,0,0.4985043287835491
LogReg,7289,1,1,0.7806107984033552
LogReg,1210,1,1,0.8578731253677481
LogReg,4081,0,0,0.14468796708346404
LogReg,5325,1,0,0.41262058108414235
LogReg,4420,0,0,0.029742398210186746
LogReg,5642,1,1,0.7517710830012955
LogReg,6473,1,0,0.0026105403390124502
LogReg,2602,1,1,0.9976027995642983
LogReg,7529,1,0,0.4227299660620254
LogReg,1193,1,1,0.7639821656169664
LogReg,5455,0,0,0.2169292528505221
LogReg,2984,1,1,0.9997713792455378
LogReg,209,0,0,0.43078280207083025
LogReg,2998,1,1,0.8144508115196071
LogReg,2629,1,1,0.965585936357073
LogReg,4307,1,1,0.9036462255237793
LogReg,2625,1,1,0.7525950140422314
LogReg,1982,1,1,0.9372532202985878
LogReg,8176,1,0,0.4037172199584417
LogReg,6838,0,0,0.10699429533950507
LogReg,2433,1,1,0.9873375303058475
LogReg,4612,1,1,0.9111240966541668
LogReg,189,0,0,0.06735306696634387
LogReg,7825,0,0,0.215306846742412
LogReg,8082,0,1,0.6996105742334637
LogReg,7560,1,0,0.17516901711529076
LogReg,3028,1,1,0.9971259547831062
LogReg,8651,1,1,0.9999246472061956
LogReg,2343,1,1,0.9845873520134945
LogReg,5983,1,1,0.9943292586425535
LogReg,1139,0,1,0.5309313815800903
LogReg,5077,0,0,0.0073106899631158835
LogReg,2020,0,0,0.14745263499925837
LogReg,9530,1,1,0.9666476944900193
LogReg,8183,1,1,0.9941012479749577
LogReg,1796,1,1,0.9777089640611663
LogReg,4919,1,0,0.0006264206840593176
LogReg,1582,1,1,0.9165547353088247
LogReg,9227,1,1,0.9999482332408136
LogReg,324,1,1,0.9980508856716481
LogReg,6036,1,1,0.9931936286015308
LogReg,8184,1,0,0.18263871414296223
LogReg,1922,1,0,0.40943582666947215
LogReg,8298,0,0,0.3398203885338826
LogReg,4963,0,1,0.9896041542592291
LogReg,5646,1,0,0.06056253617972235
LogReg,3427,1,1,0.9542477107762107
LogReg,7429,1,1,0.7943384128126754
LogReg,8884,1,1,0.9970984530178959
LogReg,3106,1,1,0.9495763977141599
LogReg,3055,1,1,0.919322453554879
LogReg,3780,1,1,0.641777111878131
LogReg,5392,0,0,0.02244034329659442
LogReg,7984,1,1,0.8676712347922135
LogReg,2707,1,1,0.9816105711831865
LogReg,8630,1,1,0.9969529797410301
LogReg,8672,1,1,0.8804166310613388
LogReg,16,0,1,0.6155209355729402
LogReg,6737,1,0,0.4614393853435842
LogReg,7533,1,1,0.9999384944252427
LogReg,7586,0,0,0.012629472281170846
LogReg,23,0,0,0.1617751013086661
LogReg,1940,1,1,0.9152298421335999
LogReg,3136,0,0,0.04071830648725752
LogReg,3428,1,0,0.4442791592707193
LogReg,421,1,0,0.04098698159137689
LogReg,9389,1,0,0.16466303883453356
LogReg,9383,1,1,0.99121090320856
LogReg,2533,1,0,0.2638989366813669
LogReg,9524,1,1,0.9449637935664827
LogReg,3721,0,1,0.9162170282870904
LogReg,1790,1,1,0.9495763977141546
LogReg,4545,0,0,0.039544761669077985
LogReg,8766,1,1,0.9951092166953418
LogReg,1617,1,0,0.19150301058042438
LogReg,4038,1,0,0.46143938534358664
LogReg,5522,0,1,0.6243848529488685
LogReg,8233,1,1,0.9207958408958119
LogReg,2333,1,1,0.9497738698818973
LogReg,9520,1,1,0.9969916662865442
LogReg,2261,1,1,0.7775113945580739
LogReg,1622,1,0,0.4689541084650389
LogReg,8185,1,1,0.839934126598194
LogReg,940,1,1,0.9220031964375517
LogReg,5800,1,1,0.9744513824719502
LogReg,5539,0,1,0.5491002762497779
LogReg,8504,1,1,0.9989297343187588
LogReg,4760,0,0,0.09839886012422963
LogReg,8993,1,1,0.7337065759781526
LogReg,4778,0,0,0.41067945359640684
LogReg,8721,1,0,0.21306991560475388
LogReg,4147,0,0,0.04972300624955341
LogReg,2391,1,1,0.9983545940575683
LogReg,4647,0,0,0.001885513878237071
LogReg,3636,1,1,0.9844469381460583
LogReg,174,1,1,0.8978219819159299
LogReg,1235,0,0,0.3257465251972337
LogReg,702,1,1,0.9933766335654182
LogReg,583,1,0,0.06818083259754523
LogReg,6908,1,1,0.9952966040581714
LogReg,2301,1,0,0.042563548563435985
LogReg,4906,0,1,0.6696300186617046
LogReg,2758,1,0,0.15526864934679813
LogReg,3914,0,0,0.3712318321351508
LogReg,8303,0,1,0.7108305390714561
LogReg,5686,0,0,0.1991411704365707
LogReg,7196,1,0,0.06056253617971654
LogReg,6662,1,1,0.8846835580390732
LogReg,3043,1,1,0.9951719570386888
LogReg,2757,1,0,0.07600881672648285
LogReg,5440,0,0,0.13522866699061156
LogReg,8019,1,1,0.9403540313677934
LogReg,3040,1,1,0.9574770252905513
LogReg,7421,0,0,0.0144343118299829
LogReg,9115,1,1,0.9977891709405379
LogReg,7611,0,0,0.44313780850533974
LogReg,8342,0,0,0.24655417193172824
LogReg,5216,1,1,0.5830018061550476
LogReg,6773,0,0,0.2803654238345996
LogReg,8094,1,1,0.9354302345419157
LogReg,9070,1,1,0.9745161621760233
LogReg,1134,1,1,0.8344019320174418
LogReg,3562,0,0,0.06224318174865193
LogReg,6910,1,1,0.999886182669064
LogReg,6405,1,0,0.12809963562047247
LogReg,8724,1,1,0.999720010966246
LogReg,5305,1,0,0.4628965712821856
LogReg,9454,1,1,0.9962463407589355
LogReg,4309,0,0,0.10751982508124219
LogReg,3748,0,0,0.09929676912616783
LogReg,3402,1,0,0.20137783082922076
LogReg,9251,1,1,0.9608915492457634
LogReg,8589,1,1,0.8046492852491646
LogReg,1818,1,1,0.7927824649863885
LogReg,2914,1,0,0.3223989630220594
LogReg,655,1,1,0.8594008754963091
LogReg,1302,0,0,0.16164365444871692
LogReg,9012,1,1,0.8906931807957633
LogReg,3558,1,0,0.2818793825708728
LogReg,2072,1,1,0.9614592616656336
LogReg,39,0,0,0.061517728245431925
LogReg,6624,1,1,0.9596871499152784
LogReg,5963,1,1,0.9460543650562915
LogReg,8266,1,1,0.6908759041287724
LogReg,4723,1,1,0.9911546764245291
LogReg,4355,1,1,0.9159761280737845
LogReg,7553,1,0,0.21449185613218882
LogReg,3618,1,1,0.9833973803840865
LogReg,2968,1,1,0.6097319530486407
LogReg,9179,1,1,0.9982460453621423
LogReg,511,1,1,0.9996890752872022
LogReg,4685,1,1,0.9990738533144173
LogReg,5565,0,0,0.08651586088761615
LogReg,4572,0,0,0.21777466047510774
LogReg,6813,0,0,0.2257760482127063
LogReg,7983,1,1,0.9577062309206384
LogReg,8372,0,0,0.060762244105978164
LogReg,872,1,1,0.6134886723304473
LogReg,3925,0,0,0.13242435534338637
LogReg,2995,1,1,0.9989526253404303
LogReg,4877,1,1,0.7395474078317305
LogReg,9181,1,1,0.9648663680908413
LogReg,7154,1,0,0.3084969890167182
LogReg,6271,1,1,0.9777089640611663
LogReg,1808,1,1,0.9585166419993667
LogReg,5563,1,0,0.23861784300523514
LogReg,1519,1,1,0.7169186648404337
LogReg,3991,1,1,0.9739152559404453
LogReg,2879,1,1,0.9971259547831062
LogReg,8934,1,1,0.9997530018131322
LogReg,297,1,1,0.9655190503482304
LogReg,7530,1,1,0.8425854264770366
LogReg,5229,0,0,4.218942976847744e-15
LogReg,7255,0,0,0.2654431826854252
LogReg,836,1,0,0.2782496171123964
LogReg,400,1,1,0.5156967525254108
LogReg,9379,1,1,0.806220593357045
LogReg,7480,0,0,0.13394198503071073
LogReg,4424,1,0,0.09294489550597236
LogReg,5106,0,0,0.2155439629888824
LogReg,6847,1,1,0.95120438448342
LogReg,5289,0,0,0.4982223748917116
LogReg,5076,1,1,0.8289771351853648
LogReg,6080,1,1,0.9512853629991148
LogReg,8871,1,1,0.9850357226189864
LogReg,1180,0,0,0.06969335287152939
LogReg,4886,0,0,0.17883089418471892
LogReg,8172,0,0,0.15997603730601295
LogReg,291,1,1,0.9130639538188796
LogReg,6947,1,1,0.8055894280523173
LogReg,4908,1,0,0.20260987615499684
LogReg,4739,0,0,0.2795578441956133
LogReg,4017,1,1,0.9331005077081267
LogReg,4018,0,0,0.22025819774794145
LogReg,7773,0,1,0.8104123950146686
LogReg,8717,1,1,0.992765269813337
LogReg,3898,0,0,0.263339357534658
LogReg,2690,1,0,0.17883089418473144
LogReg,7339,1,0,0.3482163660913551
LogReg,6761,1,1,0.9990487250118062
LogReg,1370,1,1,0.9949102051334171
LogReg,8959,1,1,0.99855114727801
LogReg,3205,0,0,0.04647572309409993
LogReg,8426,0,0,0.2004846459248564
LogReg,3747,0,0,0.1334614542054105
LogReg,1735,1,1,0.6696300186617076
LogReg,3791,1,0,0.13984381426664264
LogReg,2151,1,1,0.8967790707076847
LogReg,7215,1,1,0.9487414709849714
LogReg,9132,1,1,0.999897082823985
LogReg,1970,1,1,0.9935548877081511
LogReg,4496,0,0,0.15077308707704026
LogReg,2642,1,1,0.6146047386684166
LogReg,8571,1,1,0.9750856805843949
LogReg,2520,1,1,0.963022195392864
LogReg,1728,1,1,0.9999938137327015
LogReg,5950,1,1,0.857508919378928
LogReg,5459,0,0,0.22765351356943433
LogReg,6851,1,1,0.9816105711831865
LogReg,7146,1,1,0.9565319500152587
LogReg,1029,0,0,0.1501477996571274
LogReg,868,1,1,0.9414647044590196
LogReg,3996,1,1,0.8308902500822947
LogReg,5065,0,0,0.10124509700072581
LogReg,621,1,1,0.9688364386833254
LogReg,9435,1,1,0.9976421803131084
LogReg,4301,0,0,0.08033241923555162
LogReg,898,1,1,0.9792809650643318
LogReg,9083,1,1,0.9978848125412347
LogReg,2597,1,1,0.9300846801299307
LogReg,8268,0,0,0.06566526119414068
LogReg,939,1,0,0.24770530487657916
LogReg,381,1,1,0.8836241435798353
LogReg,4526,0,0,0.25860510389681696
LogReg,3583,1,0,0.007901957836698052
LogReg,5718,0,0,0.03302371909860636
LogReg,4215,1,1,0.9855840194759597
LogReg,2760,1,0,0.02193411094410959
LogReg,1120,1,1,0.9990487250118062
LogReg,8419,0,0,0.17294010973789392
LogReg,7756,1,1,0.888146937703952
LogReg,1672,1,1,0.9809234549224014
LogReg,1377,1,1,0.9999999999856748
LogReg,4873,1,1,0.995999807672255
LogReg,259,1,1,0.9466348133634833
LogReg,7231,0,0,0.1898826240115234
LogReg,494,1,1,0.8856308761091679
LogReg,1680,1,1,0.9970834116199161
LogReg,315,1,1,0.9305069961410686
LogReg,3253,1,0,0.00475452574809356
LogReg,3777,1,0,0.27052069379242394
LogReg,3248,1,1,0.9905164429653612
LogReg,1413,1,1,0.9793986956148035
LogReg,349,1,0,0.2720132723826618
LogReg,689,1,1,0.8776248213293414
LogReg,7591,1,1,0.9716176610702847
LogReg,6243,1,1,0.9824298888070546
LogReg,6353,1,0,0.005366979216328157
LogReg,1098,0,0,0.18887424601602398
LogReg,133,1,0,0.4279161701671892
LogReg,4214,1,1,0.9978001505033985
LogReg,9128,1,1,0.993895209440245
LogReg,5803,0,0,0.1129214142309545
LogReg,5786,0,0,0.032800770174748486
LogReg,7819,0,0,0.4748645090461691
LogReg,9091,1,1,0.9999769144646519
LogReg,795,1,0,0.37190874296451953
LogReg,5574,0,0,0.0066560128997240195
LogReg,8517,1,1,0.9999689953074582
LogReg,1846,0,0,0.2396529881895703
LogReg,5047,1,1,0.8875090325918705
LogReg,6602,1,1,0.9971670570395561
LogReg,1172,0,1,0.8524120441151082
LogReg,4269,0,0,0.2566620849226297
LogReg,4077,1,1,0.8344019320174441
LogReg,4696,1,1,0.9518105028088262
LogReg,7219,1,0,0.20445938100279057
LogReg,2504,1,1,0.6024129921267712
LogReg,4678,1,1,0.9974449194258505
LogReg,6810,1,1,0.9941182491711056
LogReg,4006,1,1,0.9929803658556324
LogReg,6758,1,1,0.9712343512659974
LogReg,9219,1,1,0.9666520748945461
LogReg,2059,1,0,0.004496893850818405
LogReg,5018,0,0,0.11710418032670634
LogReg,8898,1,1,0.9930806589977041
LogReg,7626,0,1,0.8858972446133033
LogReg,3969,0,0,0.393122301276954
LogReg,410,0,1,0.6515490446599757
LogReg,3120,1,1,0.8920689839941423
LogReg,8749,1,1,0.9978372226678441
LogReg,6895,0,0,0.4159536110411975
LogReg,1125,1,1,0.9149924208076384
LogReg,5894,1,1,0.9996438557403491
LogReg,1916,0,0,0.12422243720126806
LogReg,4361,1,1,0.9527259294558732
LogReg,8318,0,0,0.18868654112832084
LogReg,2114,1,1,0.7496264957765517
LogReg,3752,0,0,0.4616573936996821
LogReg,4675,1,1,0.7339673846569602
LogReg,4120,1,1,0.966245676474995
LogReg,4694,0,0,0.08033241923554835
LogReg,3383,1,1,0.9924434261589608
LogReg,3883,1,0,0.4017198405212775
LogReg,4122,1,1,0.9943292586425544
LogReg,9113,1,1,0.9889387640106183
LogReg,5951,1,1,0.9376645601479302
LogReg,2215,1,0,0.022296239769360893
LogReg,5139,1,1,0.9953269228665428
LogReg,7228,0,0,0.10085963147077279
LogReg,3278,1,1,0.9879271441942118
LogReg,5714,0,0,0.27958832839793557
LogReg,5122,1,1,0.9661233713084018
LogReg,5339,0,0,0.4514547677564632
LogReg,6111,1,1,0.9414591641820848
LogReg,4670,1,1,0.934703795629846
LogReg,9036,1,1,0.9967758960086492
LogReg,3905,0,1,0.6091612266725883
LogReg,7949,0,0,0.25256980716442873
LogReg,579,1,1,0.8144831484506208
LogReg,1107,1,1,0.8347491911129258
LogReg,290,1,1,0.91306395381888
LogReg,682,1,1,0.9753206117012997
LogReg,8968,1,1,0.9999983409268661
LogReg,3222,1,1,0.8258154167854811
LogReg,2840,1,1,0.9887617421771896
LogReg,2117,1,1,0.9307572632778491
LogReg,1780,1,1,0.9981156585837406
LogReg,4192,1,1,0.9922220208907019
LogReg,4869,1,0,0.4227650142821107
LogReg,4306,1,1,0.7525322993360241
LogReg,4002,1,1,0.8167209611236564
LogReg,8188,1,0,0.08299207861501974
LogReg,4593,1,1,0.9996438557403491
LogReg,4758,0,0,0.2114632969981561
LogReg,3887,1,1,0.6534100147055004
LogReg,3166,1,1,0.9843558125916702
LogReg,6277,1,1,0.9829122865094371
LogReg,8223,0,1,0.8524120441131203
LogReg,5778,0,0,0.4415334831929747
LogReg,5671,0,1,0.5616711625132952
LogReg,5393,0,1,0.5089800483900265
LogReg,7914,0,1,0.8121851455178081
LogReg,1896,1,1,0.9976341037034928
LogReg,3971,1,0,0.4813182552022982
LogReg,7320,1,1,0.5731590554347442
LogReg,9015,1,1,0.9947789752512134
LogReg,1384,1,1,0.9557459825392353
LogReg,1332,1,1,0.9999150526876551
LogReg,111,0,0,0.08922483058730618
LogReg,5852,1,1,0.9476583145846745
LogReg,1156,1,1,0.983950345612013
LogReg,7936,1,0,0.4671497507056467
LogReg,7019,1,1,0.9992117674489862
LogReg,6835,1,1,0.9774032919077206
LogReg,7348,1,0,0.2752201123736752
LogReg,4369,0,0,0.11351545860477576
LogReg,5972,1,0,0.2821943387969281
LogReg,6563,1,0,0.008547436843724486
LogReg,7674,0,0,0.12815346484650866
LogReg,824,1,1,0.7686574979322061
LogReg,2972,1,1,0.9682622403676736
LogReg,8611,1,1,0.7613869089289126
LogReg,3187,1,1,0.7249154744451369
LogReg,6014,1,0,0.05275567420717571
LogReg,8415,0,0,0.10885287708330976
LogReg,2838,1,1,0.999899916600295
LogReg,435,1,1,0.9980745535460095
LogReg,6701,1,1,0.5158391463705112
LogReg,3809,0,0,0.0579546919291592
LogReg,4885,1,1,0.9685070807554296
LogReg,4799,1,1,0.9556151038455681
LogReg,864,1,1,0.9978125456335962
LogReg,8769,1,1,0.998666428770466
LogReg,4551,0,1,0.7031720957768444
LogReg,3897,1,1,0.5779273597467991
LogReg,352,0,1,0.9509855965583373
LogReg,7080,0,0,0.2930034305995813
LogReg,3772,1,1,0.8060185944241326
LogReg,8391,0,0,0.0903049034834005
LogReg,3468,1,1,0.979108776637486
LogReg,8357,0,0,0.39504567307064603
LogReg,3164,1,1,0.6131123751965165
LogReg,6074,1,1,0.7618293816432986
LogReg,7727,1,1,0.8728880709682406
LogReg,552,1,1,0.9874154101812379
LogReg,5824,0,0,0.002530564438434946
LogReg,3234,1,1,0.8079668585157153
LogReg,3238,1,0,0.15843141060318885
LogReg,6555,1,1,0.6106889447752396
LogReg,6862,1,1,0.9984546612191522
LogReg,8991,1,1,0.9997720109123406
LogReg,7085,0,0,0.24663159822791478
LogReg,2056,1,0,0.15975943193686182
LogReg,1572,1,1,0.9622159168037231
LogReg,5648,0,0,0.07015737530201746
LogReg,812,1,1,0.7682539274283124
LogReg,8235,1,1,0.967421163099743
LogReg,4907,1,0,0.40644656529755857
LogReg,7613,0,1,0.8350179171587953
LogReg,8613,1,1,0.9983334215724019
LogReg,3001,1,0,0.3204923298497601
LogReg,2381,1,0,0.05603908602318478
LogReg,1706,0,0,0.13797657025958934
LogReg,8031,0,0,0.357300193039463
LogReg,6064,1,1,0.7339673846569602
LogReg,8336,0,0,0.00702866753709922
LogReg,4656,1,1,0.9966126640059421
LogReg,4904,1,1,0.9970256844521478
LogReg,3354,1,0,0.23811265186999778
LogReg,8027,1,1,0.9175862515863027
LogReg,908,1,1,0.9723787054153086
LogReg,4721,1,1,0.9792486614853517
LogReg,3955,1,0,0.12182524585681102
LogReg,7109,1,1,0.9943505328592107
LogReg,2387,1,1,0.9410325847031117
LogReg,5577,0,0,0.00018915946633659892
LogReg,4547,0,0,0.27926031180224087
LogReg,8455,0,0,0.27647285012826495
LogReg,3140,1,1,0.9377106440531948
LogReg,2728,1,1,0.994329258642554
LogReg,6933,1,1,0.958300395645794
LogReg,8162,1,1,0.6875490212308761
LogReg,3236,1,1,0.9450421465982773
LogReg,105,0,0,0.18076561747161704
LogReg,3155,1,1,0.9981545259978319
LogReg,5585,0,0,0.0001182216317379617
LogReg,2783,1,1,0.5883791331109208
LogReg,9258,1,1,0.9987500075887075
LogReg,9071,1,1,0.9923111771784134
LogReg,1589,0,1,0.5769779415092513
LogReg,1437,1,1,0.7339673846569467
LogReg,6411,1,0,0.39754440655336654
LogReg,9535,1,1,0.9999957063229059
LogReg,1290,0,0,0.1179146873181408
LogReg,2538,1,1,0.7487415766217635
LogReg,5748,0,1,0.5904301526473649
LogReg,8077,1,1,0.9573829114993387
LogReg,7271,1,1,0.9839537748730471
LogReg,329,1,1,0.9054212961412715
LogReg,4272,1,1,0.9980927604268932
LogReg,8691,1,1,0.924536503411268
LogReg,1518,1,1,0.7795102983949427
LogReg,4909,0,0,0.42978082815855684
LogReg,1803,1,1,0.9057316045791236
LogReg,2379,1,0,0.46812650114856275
LogReg,5903,1,1,0.9712343512659974
LogReg,3740,0,0,0.24806739423029855
LogReg,2309,1,1,0.9766748516431072
LogReg,5406,0,0,0.235757797462317
LogReg,6767,1,1,0.7089438575689668
LogReg,5538,0,0,0.39204025278533006
LogReg,9533,1,1,0.9997554885994105
LogReg,5533,1,0,0.010102579417080053
LogReg,9508,1,1,0.9998858663142656
LogReg,4020,1,1,0.9962753303482391
LogReg,3595,1,0,0.2847510100819173
LogReg,1992,1,1,0.9901831635449382
LogReg,3079,1,0,0.03840669750715387
LogReg,6694,0,0,0.3356299154914333
LogReg,683,1,1,0.9901717370716804
LogReg,6106,1,1,0.5811922121136187
LogReg,7938,1,1,0.9982955179935973
LogReg,4525,0,0,3.283007939857663e-05
LogReg,8410,0,0,0.19555149078779466
LogReg,4028,0,0,0.2545019685948464
LogReg,6759,1,1,0.9987167726015502
LogReg,5502,0,0,0.495743048401165
LogReg,7662,1,1,0.7036689208787568
LogReg,8788,1,1,0.9828292103280545
LogReg,8465,0,0,0.021637971929307255
LogReg,8413,0,0,0.08693818246050206
LogReg,721,1,1,0.9689472730014709
LogReg,8610,1,1,0.9999680018972591
LogReg,8820,1,1,0.9999993888447967
LogReg,6687,1,0,0.346808196557308
LogReg,7317,1,1,0.6104371229023843
LogReg,7554,1,1,0.7842860482553088
LogReg,4112,1,1,0.9999866040092927
LogReg,9280,1,1,0.9960674243784874
LogReg,7679,1,1,0.994872805725692
LogReg,1344,1,1,0.6983733616838672
LogReg,8831,1,1,0.835741398400498
LogReg,4324,0,0,0.32552409690162587
LogReg,211,1,1,0.9107373166633478
LogReg,1189,0,0,0.0021339898865862083
LogReg,7048,0,0,0.11477520096767482
LogReg,8999,1,1,0.9999338574600765
LogReg,2505,1,0,0.346808196557308
LogReg,3173,1,0,0.4746089342685059
LogReg,8903,1,1,0.99961002192655
LogReg,6152,1,0,0.19911602125556216
LogReg,7329,0,0,0.4733454709755398
LogReg,4390,0,0,0.3607035350354616
LogReg,7791,0,0,0.003368527383598694
LogReg,8156,1,1,0.9602963911234458
LogReg,5989,0,0,0.11019450265713658
LogReg,5223,1,1,0.9314839407947064
LogReg,2871,1,1,0.9978896252339494
LogReg,8379,0,0,0.289916301905114
LogReg,3397,1,1,0.953196768798436
LogReg,2455,1,1,0.9881056703969296
LogReg,6731,1,0,0.29210786879094136
LogReg,1385,1,1,0.9970783813802947
LogReg,2334,1,1,0.9999247241812421
LogReg,7091,1,1,0.9486825249243185
LogReg,9277,1,1,0.999996109552336
LogReg,1947,0,0,0.10636654967198476
LogReg,4027,1,1,0.9961689009095084
LogReg,1068,1,1,0.7033068389759913
LogReg,8786,1,1,0.9974449194258507
LogReg,2817,1,1,0.9441424282634483
LogReg,7836,0,1,0.5467448588150594
LogReg,4667,0,0,0.04471128886369941
LogReg,213,1,1,0.9377106440531945
LogReg,9356,1,1,0.9999029922229602
LogReg,810,1,1,0.8138203860412905
LogReg,3145,1,1,0.6696300186617046
LogReg,2004,1,1,0.9994238808219429
LogReg,1559,1,0,0.4597709006647725
LogReg,2962,1,1,0.9529216536671007
LogReg,2516,1,1,0.8572736110934
LogReg,7776,0,1,0.9467488822070714
LogReg,5194,0,0,0.24761847024359965
LogReg,3860,1,0,0.09546379816492093
LogReg,8327,0,0,0.13658637599679022
LogReg,5345,1,1,0.8289771351853653
LogReg,1151,1,1,0.8463459600682252
LogReg,3986,1,0,0.09309771376731422
LogReg,2524,1,1,0.874773968492937
LogReg,6260,1,1,0.93497120519634
LogReg,6109,1,1,0.8251042369156865
LogReg,1739,1,1,0.939607186568383
LogReg,9306,1,1,0.9998870479571831
LogReg,2696,1,1,0.5723456662899163
LogReg,5044,0,1,0.6961493770995948
LogReg,7468,1,1,0.6429052970287709
LogReg,1625,1,1,0.5709066706979375
LogReg,6828,1,1,0.856484543425332
LogReg,8704,1,1,0.9985803504851435
LogReg,4599,0,1,0.531326619074477
LogReg,740,1,1,0.6792294824967776
LogReg,5031,0,0,0.14858695668462002
LogReg,2058,1,0,0.017524399203113727
LogReg,4595,0,0,0.34840595849622646
LogReg,2835,1,1,0.999390743105716
LogReg,6285,1,1,0.938223359931269
LogReg,3985,0,1,0.5562782741967505
LogReg,4241,0,0,0.34057873696698127
LogReg,1529,1,1,0.9513582624605541
LogReg,2366,1,1,0.9123038903255732
LogReg,2453,1,1,0.8585422462499652
LogReg,8341,0,0,0.15609490621892505
LogReg,8439,0,0,0.12652133664269938
LogReg,8585,1,1,0.999997761510526
LogReg,3823,1,0,0.2163483991905517
LogReg,3736,0,0,0.25127464007066336
LogReg,3239,1,0,0.1898826240115234
LogReg,1260,1,1,0.8475953063797094
LogReg,2955,1,1,0.5811922121136187
LogReg,5008,0,1,0.8595403558273069
LogReg,3029,1,1,0.8143237688215332
LogReg,6601,1,1,0.9634700096385652
LogReg,5557,0,0,0.3347962766859776
LogReg,7498,1,0,0.40989015238742005
LogReg,102,0,0,0.07332101631443964
LogReg,990,0,1,0.9845760102073772
LogReg,8436,0,0,0.1080418366338221
LogReg,4430,0,0,0.21279182069617997
LogReg,7203,0,0,0.21279182069616084
LogReg,4564,1,1,0.666996567054003
LogReg,3047,1,1,0.640154028458423
LogReg,9550,1,1,0.9980035334977859
LogReg,7285,1,1,0.9925221875858529
LogReg,2310,1,1,0.9714463419038065
LogReg,163,0,0,0.25439706806385043
LogReg,3370,1,1,0.9997089156519404
LogReg,5523,0,0,0.062482183488726015
LogReg,8261,1,1,0.9999918400876338
LogReg,5634,1,1,0.9163162736203336
LogReg,1802,1,1,0.9377106440531948
LogReg,4816,1,0,0.46691553724542484
LogReg,7354,1,1,0.7310353381709435
LogReg,41,0,1,0.5112034145044777
LogReg,3391,1,1,0.9166099108946392
LogReg,92,1,1,0.6382486373143538
LogReg,6268,1,1,0.9941515048587977
LogReg,7694,1,1,0.7146590804068942
LogReg,4127,0,0,0.019393856913226717
LogReg,1948,1,1,0.6816392946524671
LogReg,4955,0,1,0.6052679773662208
LogReg,8224,1,1,0.8487188942897145
LogReg,9384,1,1,0.9999718133346307
LogReg,8607,1,1,0.9997651111504338
LogReg,7570,1,1,0.8569763211419352
LogReg,2924,1,1,0.740475675905864
LogReg,8404,0,0,0.2922494198930415
LogReg,2975,1,1,0.8284844228589358
LogReg,1075,1,1,0.9111240966541645
LogReg,5205,0,0,0.3646279687784566
LogReg,8112,1,1,0.9555862475070264
LogReg,9174,1,1,0.9999837967351114
LogReg,2811,1,0,0.11444141546272922
LogReg,3784,0,0,0.009185685621156682
LogReg,5112,0,0,0.45713154638694076
LogReg,5352,0,1,0.5819647472904895
LogReg,6348,1,0,0.15888486429539256
LogReg,2662,0,0,0.08185426176611355
LogReg,3081,1,0,0.20376862024523118
LogReg,2571,1,1,0.9962753303482393
LogReg,1138,0,1,0.5313266190744892
LogReg,4032,0,0,0.3551739475183742
LogReg,5506,0,1,0.9998038898661626
LogReg,3299,1,1,0.8081311670800918
LogReg,1783,1,1,0.9991122765779599
LogReg,2389,1,1,0.9443032370552592
LogReg,5261,0,0,0.2515759798487277
LogReg,4772,0,0,0.3876937838838565
LogReg,4715,1,1,0.9943505328592107
LogReg,5775,0,0,0.045479890794168025
LogReg,2762,1,0,0.15738883187214708
LogReg,4631,1,1,0.9951237763072038
LogReg,5379,0,0,0.06784636563956174
LogReg,2001,0,0,0.08948809653716862
LogReg,8747,1,1,0.9949530015340571
LogReg,4982,0,1,0.5135417969557079
LogReg,8802,1,1,0.9604126739014662
LogReg,3613,0,1,0.5081831173974147
LogReg,249,1,0,0.41361519854167944
LogReg,7648,0,0,0.37618542692807666
LogReg,3813,1,0,0.2756474680823813
LogReg,8886,1,1,0.9999846781319722
LogReg,7148,1,1,0.9565319500152589
LogReg,8718,1,1,0.9975191569133204
LogReg,4494,0,0,0.04296028869726087
LogReg,7610,0,1,0.6967535240718229
LogReg,4872,1,1,0.6411729038616245
LogReg,6610,1,1,0.8775980580050144
LogReg,5356,0,0,0.03622913606915321
LogReg,3394,1,1,0.5662242542749468
LogReg,6721,1,0,6.568551072022799e-08
LogReg,1013,1,1,0.7860279247363323
LogReg,3626,1,1,0.9614035830742952
LogReg,440,1,1,0.6984656107865027
LogReg,4283,0,1,0.9367769946985479
LogReg,2083,1,0,0.1760768509936616
LogReg,4927,0,1,0.7896410329933033
LogReg,3667,0,1,0.9560290926950403
LogReg,761,1,1,0.9015512985049746
LogReg,8745,1,1,0.9992472882302368
LogReg,4935,0,1,0.6190489382345038
LogReg,2734,1,1,0.9951237763072038
LogReg,8579,1,1,0.8376144483185035
LogReg,2332,1,1,0.5744302627998393
LogReg,1496,1,1,0.9990738533144173
LogReg,5360,0,0,0.13879126748852974
LogReg,4628,1,1,0.9340064068928018
LogReg,4527,1,1,0.9966197070190914
LogReg,7233,1,0,0.1263133205341578
LogReg,7030,1,0,0.03622913606915321
LogReg,8869,1,1,0.9976585699425158
LogReg,895,1,1,0.9959060921790273
LogReg,2179,1,1,0.9412390417552848
LogReg,8483,0,0,0.0018853863635412125
LogReg,4286,0,0,0.14872819401179765
LogReg,3545,1,1,0.9732744917342999
LogReg,4600,1,1,0.9996337433680094
LogReg,460,1,1,0.8507099034903065
LogReg,3379,1,1,0.9943100701118449
LogReg,6629,1,0,0.08750512016306532
LogReg,7291,0,0,0.21726399244645542
LogReg,1347,1,1,0.8712251849414904
LogReg,6672,1,1,0.9974042277702122
LogReg,9372,1,1,0.926641029331843
LogReg,2329,1,1,0.9614035830742953
LogReg,1969,1,1,0.9925221875858526
LogReg,2522,1,1,0.9780640044949241
LogReg,3280,1,0,0.07844997858969095
LogReg,2057,0,0,0.02199445867806973
LogReg,2588,1,1,0.5313266190744893
LogReg,6202,1,1,0.9472230839343675
LogReg,3704,1,1,0.9600194999963125
LogReg,1788,1,1,0.956425155120433
LogReg,9427,1,1,0.9994767917336473
LogReg,2854,1,1,0.9945911607735887
LogReg,2294,1,0,0.42266183381445266
LogReg,7167,1,1,0.8084964266001929
LogReg,4199,1,1,0.9941317829363715
LogReg,9159,1,1,0.9991528767512388
LogReg,9544,1,1,0.985371223512633
LogReg,2886,1,1,0.9918988523622986
LogReg,5677,0,0,0.0003634588919923579
LogReg,8664,1,1,0.9976114590932399
LogReg,8499,1,1,0.5571172745449119
LogReg,3841,0,1,0.6088594303723364
LogReg,7427,1,0,0.16452809005345956
RF,3249,1,1,0.9525130191395378
RF,3478,0,0,0.028437384525005212
RF,7812,1,1,0.9848115959984901
RF,5616,0,0,0.32874159174159173
RF,4266,1,1,0.9226237730722404
RF,8826,1,1,0.9652024772613008
RF,8169,1,1,0.8627917599698876
RF,965,1,1,0.856445001818531
RF,1032,1,1,0.9670519132126216
RF,8750,1,1,0.8552185055464152
RF,5637,0,0,0.48927872310894716
RF,1319,0,0,0.29189978623404267
RF,2407,1,1,0.8492542569636096
RF,3404,1,1,0.9451811561637972
RF,9260,1,1,0.9388646259939645
RF,5943,1,1,0.9327222555702659
RF,7619,0,0,0.32154449186892997
RF,6557,1,1,0.8703479554919809
RF,7382,1,1,0.9956794371913102
RF,483,1,1,0.6749830106810202
RF,2328,1,1,0.9376177266794565
RF,2163,1,1,0.8630399473506771
RF,8324,0,0,0.43780922115389115
RF,6623,1,1,0.9917538531543971
RF,344,1,1,0.855966374438642
RF,8062,1,1,0.9016263774403247
RF,3970,1,0,0.48152679989913943
RF,6801,0,0,0.26375728788102815
RF,2341,1,1,0.9499143352711377
RF,38,0,0,0.23368684319157582
RF,2232,1,1,0.7610030860610787
RF,1772,1,1,0.7840123043877705
RF,4630,1,1,0.9733024749275851
RF,1106,1,1,0.9955410352224887
RF,6398,1,0,0.03251216911446688
RF,4170,0,0,0.4240062616381088
RF,4186,1,1,0.983326735785134
RF,7078,1,1,0.9438514012804577
RF,6448,1,1,0.8518533444874907
RF,3889,1,0,0.40981815609452527
RF,2066,1,1,0.8288311308524086
RF,8645,1,1,0.9762202806873064
RF,6726,1,1,0.9811554650301453
RF,7737,1,1,0.808974391120206
RF,8141,1,0,0.47044143214546297
RF,4436,1,1,0.938417110166703
RF,8127,1,1,0.982328939922653
RF,403,1,1,0.7065833401672955
RF,8877,1,1,0.7576954055409267
RF,2241,1,1,0.7302954822954822
RF,4898,0,0,0.14428464478916447
RF,7782,0,0,0.24846572825813976
RF,2023,0,0,0.046764896432434686
RF,2466,1,1,0.5765973592531505
RF,5572,0,0,0.2353932317682318
RF,492,1,0,0.3085417914531934
RF,5021,0,0,0.4270861440147155
RF,8408,0,0,0.049960546504210904
RF,1086,1,0,0.39029458497299063
RF,6804,0,0,0.1389007673217345
RF,4231,0,0,0.20781888944388938
RF,7639,0,1,0.939492198070098
RF,4302,1,1,0.9082729470249923
RF,4052,1,1,0.8811066325955647
RF,1349,1,1,0.891788338749942
RF,8550,1,0,0.45704759129759137
RF,393,1,1,0.6611587237417363
RF,5116,0,0,0.4680173220526511
RF,7090,1,1,0.9182620673686166
RF,5235,0,0,0.33663596338362345
RF,4074,0,0,0.03399986319411704
RF,5143,1,1,0.8780378606759253
RF,3960,0,0,0.23083543608810153
RF,5923,1,1,0.9410543086971365
RF,3438,1,0,0.19411530409006528
RF,2443,1,1,0.6918589659716475
RF,300,1,0,0.46023420147104366
RF,6635,1,1,0.6714648304125345
RF,293,1,1,0.7867928361905874
RF,2440,1,0,0.48568317793317806
RF,9399,1,1,0.992265422862699
RF,8023,1,1,0.7188509790862732
RF,7301,1,1,0.6314703107991331
RF,1150,1,1,0.8395735411823685
RF,7125,0,0,0.05236122149589445
RF,8147,1,1,0.9376177266794565
RF,2393,1,1,0.5482536420289974
RF,5994,0,0,0.04540912151086898
RF,4341,0,0,0.02612307566067602
RF,4201,1,1,0.9593227930360573
RF,5865,1,1,0.5841683177933178
RF,6025,1,1,0.9454102392834386
RF,2069,0,0,0.014019292123388961
RF,2031,0,0,0.007099061591649252
RF,2115,1,1,0.9169014070716861
RF,8037,0,0,0.027065785108184512
RF,4804,1,1,0.9642682840613869
RF,4964,0,0,0.36367265010776817
RF,6071,1,1,0.5506000678244841
RF,1417,1,1,0.9931592553530405
RF,1906,1,1,0.9773178704033474
RF,6162,1,1,0.7519553722967998
RF,6088,1,1,0.9493828548668184
RF,6065,1,1,0.9477907993571238
RF,6378,1,1,0.6908909225694938
RF,2997,1,0,0.020095428684361448
RF,3144,0,0,0.08377994227994229
RF,6750,1,1,0.9631976528138572
RF,1630,1,1,0.5493400283679629
RF,9482,1,1,0.83487340308231
RF,8906,1,1,0.5723901875782462
RF,4327,0,0,0.03574290456382901
RF,2582,0,0,0.040884562932057396
RF,2621,0,0,0.03399986319411704
RF,8362,0,0,0.3035493973581235
RF,3995,1,1,0.9277083316169442
RF,806,1,1,0.7475703273578066
RF,2279,1,1,0.9286189806097732
RF,9140,1,1,0.7593210018301481
RF,7792,0,0,0.005541474303728152
RF,6914,1,1,0.9920754904626908
RF,6650,1,1,0.9579935011082958
RF,2925,1,1,0.8826554371519774
RF,5188,0,0,0.20918759266454892
RF,8578,1,1,0.9112443485801294
RF,1212,1,1,0.5592738238328698
RF,4140,0,0,0.3936001781862716
RF,4117,1,1,0.9936716370649771
RF,1928,1,0,0.4791500379767683
RF,129,0,0,0.23672698773246226
RF,4660,0,0,0.48585385979774043
RF,6055,1,1,0.5937205951543073
RF,5332,0,0,0.17944351916091666
RF,8928,1,1,0.7527243632974545
RF,2557,1,0,0.009232666494533219
RF,7454,0,0,0.04357828900037829
RF,2528,1,1,0.9277083316169442
RF,8136,1,1,0.8447677301750395
RF,49,0,1,0.5452884231051693
RF,8079,1,1,0.8326968456808892
RF,9039,1,1,0.6379459064861941
RF,456,1,1,0.6089619669134078
RF,7039,1,1,0.9337539145813843
RF,4743,1,0,0.022461166510699876
RF,2940,1,0,0.20019713217764007
RF,602,1,1,0.7050093452266851
RF,5566,0,0,0.2063341923645129
RF,7438,1,0,0.2955020812520813
RF,3615,1,1,0.8076119150457385
RF,678,1,1,0.668990801079956
RF,3521,1,1,0.5305096904667873
RF,6333,1,0,0.022302774939236047
RF,96,0,0,0.19670081186858174
RF,9249,1,1,0.8749367137822466
RF,5505,0,0,0.23518015318015315
RF,1420,1,1,0.9963880508559889
RF,3244,0,0,0.35417843807063265
RF,1476,0,1,0.8109135746438931
RF,1875,1,1,0.9022539998553606
RF,8682,1,1,0.9150783856034101
RF,7748,0,0,0.440714257964258
RF,5095,0,0,0.02690796349903914
RF,2145,1,1,0.6293018541844722
RF,159,1,0,0.2206594541364103
RF,651,1,1,0.9937452451633436
RF,7238,0,0,0.017131834291889386
RF,8922,1,1,0.9354744062824288
RF,2248,1,1,0.8140024321511349
RF,4699,1,1,0.7896536591440468
RF,3858,1,0,0.24540417915417923
RF,7323,0,0,0.007099061591649252
RF,5023,0,0,0.09041258047508047
RF,3687,1,1,0.6129378399378399
RF,8861,1,1,0.8512409058784075
RF,8838,1,1,0.7519553722967998
RF,2306,1,1,0.6812603230103228
RF,6742,1,1,0.7647934364193323
RF,3109,1,1,0.7965602624057145
RF,5744,0,0,0.26137408038621635
RF,3308,1,1,0.5829385415594462
RF,4710,0,0,0.17573828707860206
RF,746,1,1,0.9080582248752646
RF,3105,1,1,0.9952907027370462
RF,2518,1,0,0.020166836861683125
RF,9245,1,1,0.9962676447270867
RF,7774,0,1,0.6263871371014847
RF,8119,1,1,0.7102768656827725
RF,1387,0,0,0.06888945940809028
RF,1837,1,1,0.7922518183305831
RF,5382,0,0,0.3304789614174256
RF,6218,0,0,0.03574290456382901
RF,275,1,0,0.12654035915065326
RF,2747,1,0,0.04540912151086898
RF,5788,0,0,0.3037869339920089
RF,5110,0,0,0.47406277056277063
RF,7133,1,1,0.9087617401632047
RF,4639,0,0,0.32115003742958387
RF,6499,1,1,0.8617158577184321
RF,2860,1,0,0.25232727521906084
RF,1397,1,1,0.8782073580967912
RF,4096,1,1,0.9495633335048724
RF,4993,0,0,0.27287043444937664
RF,8471,0,0,0.2688791394015936
RF,8368,0,0,0.04290755738472453
RF,8352,0,0,0.2336567866700362
RF,9392,1,1,0.8823054263910525
RF,3869,1,0,0.36880620120985724
RF,7356,1,0,0.4988989258040519
RF,8761,1,1,0.8408750748341057
RF,3313,1,1,0.9070767249387416
RF,2304,0,0,0.07641393944148253
RF,2798,1,1,0.9729973610551561
RF,2887,1,1,0.9702031868643805
RF,3056,1,0,0.13595290627899093
RF,636,1,1,0.5926387417422009
RF,1158,1,1,0.9628143642336293
RF,944,1,1,0.9493248137920338
RF,597,1,1,0.6948895377311852
RF,345,1,1,0.5501224225179329
RF,3017,1,1,0.7784669755834913
RF,2644,0,0,0.1389007673217345
RF,7465,1,0,0.43282388258431226
RF,3378,1,1,0.8758809718284855
RF,8537,1,1,0.7339269413056948
RF,9511,1,1,0.9709982761280586
RF,7029,1,1,0.9406854978146599
RF,1953,1,1,0.9758733026304991
RF,6149,1,1,0.8623227066662844
RF,3904,0,1,0.7543106960166668
RF,1405,1,1,0.9349226358212435
RF,4829,0,0,0.43940616878737393
RF,8656,1,1,0.9555648160217397
RF,4573,1,0,0.32583516207607977
RF,6556,1,0,0.3790551350604142
RF,3882,1,0,0.2576886140690885
RF,8430,0,0,0.087974179576179
RF,2897,1,1,0.9062373438834491
RF,4349,1,1,0.9526994532365446
RF,2490,0,1,0.5963369403940544
RF,2030,0,0,0.19890860407637395
RF,9541,1,1,0.9417051640761324
RF,7854,1,1,0.7471605930319292
RF,9382,1,1,0.8199799026971039
RF,5465,0,0,0.005625174266507201
RF,1131,0,0,0.019838757963551935
RF,6308,1,0,0.047422628694507536
RF,9211,1,1,0.9627627744039422
RF,3435,1,1,0.9135416731781425
RF,7343,0,1,0.6930198182444736
RF,5936,1,1,0.8993336950175008
RF,6177,1,1,0.7202133530687292
RF,4543,1,1,0.9798579666001243
RF,8256,0,0,0.239008547008547
RF,6869,1,1,0.9936716370649771
RF,736,0,0,0.264591497259895
RF,6873,0,0,0.020262813132478272
RF,7135,1,0,0.20542766216611277
RF,3821,0,1,0.5819326517982296
RF,1715,1,1,0.779058594307319
RF,2308,1,1,0.9219467594207948
RF,6331,1,1,0.9576241273049239
RF,1470,1,1,0.7699253546654152
RF,3621,1,1,0.8373779789189058
RF,518,1,1,0.9612405432837751
RF,4889,1,1,0.9188741697821922
RF,987,1,1,0.9694233605833418
RF,4983,0,0,0.30235966810966813
RF,2403,1,1,0.8323541132191593
RF,6651,1,1,0.9730187247313415
RF,8083,1,1,0.8770054480109932
RF,5697,0,0,0.33090543045546617
RF,539,1,1,0.8206055923562839
RF,753,1,1,0.9398487745300799
RF,2935,1,1,0.8550484978074736
RF,8010,0,0,0.22024671570259802
RF,7643,0,0,0.31728821178821176
RF,2462,1,1,0.9001985565679689
RF,5391,0,0,0.1655582195582196
RF,4643,0,0,0.07399314925642714
RF,3112,1,1,0.9390358299406565
RF,3361,1,1,0.9289464955332184
RF,3565,1,0,0.21092513697006793
RF,1054,1,1,0.7566005661005661
RF,8243,1,1,0.8140024321511349
RF,7604,0,0,0.3797150025442104
RF,7102,1,1,0.6814095935115572
RF,3774,0,1,0.5858462581451056
RF,1199,0,0,0.15441605616605616
RF,430,1,1,0.7913702840167951
RF,5791,0,0,0.41665703577468277
RF,7223,1,1,0.9152163091418314
RF,9353,1,1,0.9420529592872591
RF,556,1,1,0.843048680529848
RF,9302,1,1,0.9849925112118153
RF,3964,1,1,0.6514080079190098
RF,6562,1,0,0.3070779688366398
RF,1050,1,1,0.9803520674681182
RF,9276,1,1,0.8121056595564196
RF,7113,1,1,0.6097134682818232
RF,7114,1,0,0.03141509628671378
RF,7511,1,0,0.43706130717400027
RF,1718,1,1,0.9350323601400521
RF,8121,0,0,0.2910763421686779
RF,1078,0,0,0.03483418879019141
RF,4495,0,0,0.0063885561491760865
RF,8910,1,1,0.970884596273402
RF,7230,0,0,0.3846753987469932
RF,7226,0,0,0.008981528729553566
RF,3007,1,0,0.17573828707860206
RF,4978,0,0,0.2742790008240272
RF,8896,1,1,0.8583712607488585
RF,5882,1,0,0.03974507660339014
RF,4821,1,1,0.9897742728390975
RF,8154,1,1,0.8846247215097857
RF,2483,0,0,0.041104064969104764
RF,6110,0,0,0.0767848512655769
RF,5378,0,0,0.014558716545092925
RF,1949,0,0,0.4708111978053255
RF,1883,1,1,0.9829078369086254
RF,2297,1,1,0.7105397774739878
RF,4655,1,1,0.688392491544413
RF,544,1,1,0.7387664970942773
RF,4689,1,1,0.9906263709360779
RF,80,0,0,0.0683919968919969
RF,190,1,0,0.4249061367714574
RF,3573,1,1,0.5205854411961363
RF,2426,1,1,0.737425541166633
RF,4483,1,1,0.8496374579982426
RF,3463,1,1,0.9642682840613869
RF,5375,0,0,0.08954337264106033
RF,8855,1,1,0.9943639545916327
RF,7121,0,0,0.16192363536868967
RF,8467,0,0,0.3384623355967247
RF,5512,1,0,0.22826703304183982
RF,5978,1,1,0.8147801471862934
RF,6209,1,1,0.6517289665515527
RF,2178,1,1,0.7241774538354688
RF,2266,1,1,0.748479802434265
RF,1323,1,1,0.9938965954814628
RF,5398,0,0,0.43703543025601843
RF,8727,1,1,0.7879470964175728
RF,5373,0,0,0.12722137759130325
RF,7358,1,0,0.4355415654946156
RF,2926,1,1,0.865333707951926
RF,9074,1,1,0.9804548385501402
RF,6234,0,1,0.6582682448730247
RF,7152,1,1,0.9859749140851846
RF,427,1,0,0.2690494921744922
RF,1090,1,1,0.6721832052906643
RF,5564,0,1,0.5488875353116875
RF,6287,1,1,0.9452276997104552
RF,5992,0,0,0.4288877739835632
RF,1367,1,1,0.9957324439704165
RF,3781,1,1,0.6013686961579752
RF,7636,0,0,0.42978396612905456
RF,7478,1,0,0.1807578732624501
RF,8774,1,1,0.9415149901268322
RF,6037,1,0,0.31840967089048194
RF,6085,1,1,0.9046181349983403
RF,6295,1,1,0.9498272158415482
RF,2912,1,1,0.9085697334945882
RF,9457,1,1,0.9820459930323608
RF,7519,1,1,0.9376177266794565
RF,3501,1,1,0.809495933493713
RF,5644,0,0,0.17427615185308118
RF,8660,1,1,0.9677042007389945
RF,2494,0,0,0.22978918303918303
RF,7953,0,0,0.10180519480519483
RF,4312,1,1,0.9605771148476634
RF,1432,1,1,0.840519792765951
RF,6216,1,1,0.7381489662168486
RF,3516,0,1,0.5942534635566679
RF,4107,0,0,0.046764896432434686
RF,2246,1,1,0.9237029743208764
RF,6598,1,1,0.7994428316789564
RF,8293,0,0,0.07481251772674578
RF,6509,1,1,0.5917347309123624
RF,6201,1,0,0.40371160035165504
RF,6807,1,1,0.7932561266800753
RF,4604,1,1,0.9955274118425289
RF,5820,0,0,0.3033267288267288
RF,2363,1,1,0.9236301214158797
RF,3599,1,1,0.9704435452347916
RF,1442,1,1,0.8494033859875023
RF,785,1,1,0.9924606845110598
RF,6238,1,1,0.8699001727282751
RF,1147,1,1,0.8993336950175008
RF,8498,1,1,0.7786202613311987
RF,1823,1,1,0.9621328074559787
RF,2532,1,0,0.06795311895110288
RF,4999,0,1,0.5547789709706321
RF,298,1,0,0.44209755710996523
RF,5140,1,1,0.8357384135630705
RF,3856,0,0,0.20162008742845405
RF,7144,1,1,0.9404301127848373
RF,7790,1,1,0.8991082927050655
RF,2000,0,0,0.11590879648171232
RF,5337,0,0,0.25915676053200043
RF,3362,1,0,0.4906000583941761
RF,5123,1,1,0.8106799495925937
RF,7172,0,0,0.049960546504210904
RF,4470,1,1,0.831836435611375
RF,9341,1,1,0.9682508974906407
RF,391,1,1,0.9952907027370462
RF,4948,0,0,0.07661362901804078
RF,5050,0,1,0.7922897678336563
RF,3857,0,0,0.3340569979646307
RF,6176,1,1,0.873086844599726
RF,4151,1,1,0.8761490674358322
RF,6078,1,0,0.03241957991100417
RF,8425,0,0,0.08452536021417055
RF,6729,1,1,0.7593951742701743
RF,8264,0,0,0.18325110020698257
RF,6769,0,0,0.024551757414290054
RF,7380,1,1,0.8848876870659533
RF,5311,1,1,0.6516969145667934
RF,2513,1,0,0.07820792010415131
RF,3660,1,1,0.7284020771872883
RF,6595,1,1,0.8373779789189058
RF,6131,1,1,0.9516435828839276
RF,2227,0,0,0.02627896527678156
RF,2634,1,1,0.8217840261251709
RF,1503,1,1,0.8157153762652517
RF,1339,1,1,0.987608734923369
RF,3968,1,1,0.8103886092276553
RF,529,1,1,0.7528732126406568
RF,5712,0,1,0.5740353694416577
RF,341,1,0,0.15367184605297235
RF,3632,1,1,0.6614108476091147
RF,3877,1,0,0.14709513286883458
RF,6941,1,1,0.9477907993571238
RF,759,1,1,0.8565339857915142
RF,5166,0,0,0.3304789614174256
RF,6617,1,1,0.8741113878155982
RF,7284,1,1,0.9924606845110598
RF,5507,0,0,0.21748440753481962
RF,5098,1,1,0.720719992122022
RF,2711,1,1,0.8544308170736187
RF,2316,1,1,0.5138359821901116
RF,6787,1,1,0.6246392176656733
RF,4047,1,1,0.9631976528138572
RF,5555,0,1,0.7502885597839386
RF,4243,0,0,0.25232727521906084
RF,7508,1,0,0.40354822954822955
RF,5141,1,1,0.9478711897444587
RF,2874,1,1,0.9702031868643805
RF,1219,1,1,0.7546599295259122
RF,8614,1,1,0.9848878361447106
RF,7157,1,1,0.9581694611270702
RF,9349,1,1,0.6818798276906466
RF,1140,1,1,0.921108917712377
RF,6460,1,1,0.919102504270845
RF,5556,0,1,0.8710454722916695
RF,631,1,1,0.770255065079317
RF,704,1,1,0.943626765832634
RF,766,1,1,0.9020672502454178
RF,8994,1,1,0.8833296514218307
RF,6661,1,0,0.3032068689461841
RF,3014,1,1,0.8246470874127222
RF,7592,1,1,0.9843069922095292
RF,2565,1,1,0.9501514968047649
RF,8945,1,1,0.5760384694217631
RF,8164,0,0,0.17559417125619486
RF,4688,1,1,0.9341405872218042
RF,7105,1,1,0.9700837037765065
RF,4959,0,0,0.49523055655637627
RF,5260,0,1,0.7100614722712036
RF,5984,1,1,0.9724225882655757
RF,5467,0,0,0.49528940850108816
RF,3052,1,1,0.7786731851579247
RF,3064,1,0,0.02837612972922887
RF,2616,1,1,0.9762202806873064
RF,6854,1,1,0.9487483025987354
RF,4808,1,1,0.9829701689544902
RF,6247,1,1,0.9661957982539786
RF,8061,1,1,0.7810299796296901
RF,4878,1,1,0.9622219291779345
RF,5647,1,1,0.7148082536784112
RF,2390,0,0,0.28457343679712105
RF,5263,1,0,0.4148892069001496
RF,5690,0,0,0.4036020923520925
RF,8839,1,1,0.9319148019607734
RF,5292,0,0,0.29218941215615424
RF,5209,0,1,0.7320743683682758
RF,5888,1,1,0.9955410352224887
RF,2693,1,1,0.936027529844052
RF,2822,1,1,0.7414679111560686
RF,8947,1,1,0.8535386094103794
RF,3549,1,1,0.8256528826404919
RF,6407,1,1,0.9300096153846152
RF,5868,1,1,0.9739059305436285
RF,3387,0,0,0.30034928548211043
RF,4951,0,0,0.31699024979866586
RF,8992,1,1,0.5163961177711179
RF,3416,1,0,0.13187238230749754
RF,1281,0,0,0.29791407287572513
RF,6429,1,1,0.9847959626049473
RF,1,0,0,0.029709697602663745
RF,5086,0,1,0.7057556659209466
RF,6714,1,1,0.9739059305436285
RF,3433,1,0,0.43196734148204724
RF,8616,1,1,0.8397596646117941
RF,5203,0,0,0.1233236731646085
RF,8280,1,1,0.9349589775257797
RF,3933,1,0,0.37641893469731125
RF,2594,1,1,0.8849660107414964
RF,8057,1,1,0.8949844321741618
RF,3329,1,1,0.924387750620496
RF,892,1,1,0.8479231397913248
RF,6585,1,1,0.8666958167889404
RF,1063,1,1,0.8852132083724676
RF,1601,0,0,0.2855125700802802
RF,6643,1,1,0.8855857693492811
RF,5693,0,0,0.33458187645687654
RF,8075,1,0,0.056716308788951314
RF,5333,0,1,0.560981965458514
RF,4830,1,1,0.9589008595703515
RF,139,1,1,0.633123280248564
RF,6715,1,1,0.9699505825613332
RF,2775,1,1,0.8518533444874907
RF,7056,1,1,0.9820657582483517
RF,5132,1,0,0.18373985095844442
RF,5986,1,1,0.9936716370649771
RF,5408,0,0,0.2857249278499278
RF,3723,0,0,0.4066608218360943
RF,513,1,1,0.9489362119580141
RF,5604,0,0,0.17703255078255078
RF,4815,0,0,0.039376038403649456
RF,9507,1,1,0.7148940827831717
RF,8615,1,0,0.4090921202980027
RF,7075,1,0,0.29241537086103064
RF,4332,0,0,0.024601909163196024
RF,1628,1,1,0.6787364009233408
RF,2650,1,1,0.9327222555702659
RF,2473,1,1,0.6983139680835732
RF,9509,1,1,0.8919025413990815
RF,5124,0,1,0.8845259105652801
RF,4449,1,1,0.959602533496285
RF,2071,1,0,0.458262876012876
RF,6058,1,1,0.995953376149495
RF,2827,1,1,0.688392491544413
RF,5509,0,0,0.25157334491969147
RF,9153,1,1,0.8637881362406137
RF,4389,0,0,0.35417843807063265
RF,8982,1,1,0.7145735953156036
RF,2478,0,0,0.28342186316099355
RF,1390,1,1,0.8851329898648755
RF,3242,0,0,0.040315621639909434
RF,4586,1,1,0.9864756164470804
RF,3642,1,1,0.8716445554392585
RF,8456,0,0,0.020456553541193884
RF,3919,1,0,0.40684532293080516
RF,7486,0,0,0.02703683480376573
RF,6886,0,0,0.07399314925642714
RF,8281,1,1,0.9014311062689625
RF,2802,1,1,0.6396920571258806
RF,226,0,1,0.5488813314417245
RF,2673,1,0,0.014097309495563884
RF,1990,1,1,0.6670210902352761
RF,8406,0,0,0.016333496148096868
RF,3894,0,1,0.7052356088698777
RF,2170,1,1,0.569043840222996
RF,4661,1,1,0.9950666116603338
RF,2726,1,1,0.9934748983502105
RF,2869,1,1,0.995953376149495
RF,1110,1,1,0.8811066325955647
RF,2894,1,1,0.8494033859875023
RF,68,0,0,0.2157981185481186
RF,7904,1,1,0.5481301865056792
RF,1425,1,1,0.9047797554538098
RF,6130,1,0,0.028101007767614577
RF,3935,0,0,0.3714978825916921
RF,8533,1,1,0.819000453226305
RF,9201,1,1,0.8896071776203778
RF,5905,1,1,0.9977599769929825
RF,6219,0,0,0.27855127394339574
RF,9084,1,1,0.778565829898199
RF,6821,0,0,0.022383036144504445
RF,8757,1,1,0.8882155067155065
RF,6868,1,1,0.9883268234327925
RF,4561,1,1,0.9547627056431999
RF,9506,1,1,0.8387146259980395
RF,5795,0,0,0.3471266413325236
RF,6338,0,0,0.027068846751732493
RF,5016,0,0,0.3554729436443318
RF,8763,1,1,0.8592376062908045
RF,6668,1,1,0.6265411277911277
RF,3716,0,1,0.6009041725224373
RF,4539,1,1,0.9116030244107474
RF,6210,1,1,0.8987195908686626
RF,8735,1,1,0.9448251691087809
RF,7441,1,0,0.40925588029856313
RF,4297,1,1,0.9786215328970489
RF,1886,1,1,0.9336167957541565
RF,3220,0,0,0.007706576286080116
RF,7544,1,1,0.5158688202394124
RF,4752,0,0,0.11952841666115663
RF,4850,1,0,0.29453071814086745
RF,7310,1,1,0.7398481231705273
RF,8016,0,0,0.14845552588949043
RF,4650,0,0,0.29189978623404267
RF,6346,1,1,0.9753908631040773
RF,5561,0,0,0.49902564169125896
RF,7701,1,1,0.6164389291069646
RF,2778,1,1,0.6017347309123624
RF,9472,1,1,0.6707571063806099
RF,1551,1,1,0.828531613491179
RF,5536,0,0,0.19188458964873895
RF,7190,0,0,0.332742773936889
RF,9493,1,1,0.858077770659921
RF,9099,1,0,0.2565360843134269
RF,6320,0,0,0.18778296134309916
RF,361,1,1,0.5472527472527474
RF,1381,1,1,0.8246470874127222
RF,5287,0,0,0.21928821572934812
RF,4213,1,1,0.688392491544413
RF,4953,0,0,0.458509464364733
RF,4750,0,1,0.7148082536784112
RF,8965,1,1,0.8920826105563364
RF,2751,1,0,0.022347466151119794
RF,1638,1,1,0.7158840544103389
RF,2531,1,0,0.19357576395371356
RF,8895,1,1,0.9457268551294195
RF,3817,1,0,0.3681545622835574
RF,3789,0,0,0.32777987558250715
RF,4777,0,0,0.19751790504435734
RF,3424,1,1,0.8033673843051603
RF,4646,1,1,0.8890002012920871
RF,3336,1,1,0.9843069922095292
RF,2715,1,0,0.31002264240693017
RF,7248,0,0,0.07672505261893478
RF,7629,0,0,0.37618297073438994
RF,9411,1,1,0.9708843367607902
RF,7916,0,0,0.2887356105433028
RF,8881,1,1,0.8292542569636094
RF,5900,1,1,0.9579840692740496
RF,5924,1,1,0.8552400136801555
RF,4500,0,0,0.25939567102301003
RF,8433,0,0,0.30822397611679564
RF,2437,1,1,0.989918583825218
RF,6789,1,1,0.9501514968047649
RF,6323,0,0,0.011420093493227503
RF,2070,0,0,0.23241932087520323
RF,9422,1,1,0.9723322755245783
RF,5254,0,1,0.5561710998843687
RF,3413,1,1,0.9300122718437833
RF,856,1,0,0.49525121982683773
RF,6226,1,1,0.8896160334588317
RF,8297,0,0,0.034572786020849414
RF,5732,0,0,0.23993995617908653
RF,2684,1,1,0.8014687799634133
RF,4041,1,1,0.9703618065153331
RF,3078,1,0,0.05236122149589445
RF,7955,0,0,0.43093722943722956
RF,5322,0,0,0.12032782495282497
RF,7958,1,1,0.5856993847383307
RF,3393,1,1,0.9045144232419595
RF,2015,1,1,0.986088419194754
RF,7477,1,0,0.05236181796278899
RF,7138,1,1,0.8870437327652154
RF,6387,1,1,0.9865512286274695
RF,9545,1,1,0.8189209701904855
RF,6051,1,1,0.9493168798600493
RF,685,1,1,0.931481670221146
RF,8501,1,0,0.43404217156704916
RF,5663,0,0,0.014558716545092925
RF,7046,1,1,0.7896536591440468
RF,4442,1,1,0.9860769700389773
RF,7457,0,0,0.05223207348207349
RF,8765,1,1,0.9787190405304677
RF,8025,1,1,0.7614513227218447
RF,8026,0,0,0.4418767570226681
RF,1461,1,1,0.8084691371488654
RF,1727,1,1,0.914917920806268
RF,1298,0,0,0.19018579657743578
RF,5831,0,0,0.37535958805133424
RF,1133,1,1,0.8244747245297117
RF,7272,1,1,0.9586006778207543
RF,4807,1,1,0.9634496534920243
RF,4944,0,1,0.7103410644032021
RF,5233,0,0,0.27035721927867606
RF,540,1,1,0.5125783872785642
RF,9069,1,1,0.9988241449994463
RF,954,1,1,0.8184627377735635
RF,2946,1,1,0.9988241449994463
RF,2298,0,0,0.07620831329164662
RF,573,1,0,0.36516655961599775
RF,3936,1,0,0.3714978825916921
RF,4503,0,0,0.3790551350604142
RF,1660,1,1,0.8987195908686626
RF,7474,0,0,0.3790551350604142
RF,9007,1,1,0.9439904510722643
RF,8643,1,1,0.7273628785936502
RF,6007,1,0,0.29791407287572513
RF,147,0,0,0.2777345776157323
RF,3121,1,1,0.9721552938551019
RF,4,0,0,0.195203720746886
RF,888,1,1,0.8989914699686261
RF,6927,1,1,0.9853142643932774
RF,9449,1,1,0.8949959589960435
RF,6614,1,1,0.8716445554392585
RF,4062,1,1,0.9963543449101525
RF,8811,1,1,0.7577299746726024
RF,7149,1,1,0.8297966646198297
RF,4003,1,1,0.9819523839479603
RF,2217,1,1,0.7690820993150099
RF,4110,1,1,0.9487483025987354
RF,5855,1,1,0.9687743104541279
RF,1853,0,0,0.021981460473765157
RF,3801,0,0,0.3183345031109105
RF,5734,0,0,0.11461943979212372
RF,2211,1,1,0.8703479554919809
RF,8204,1,1,0.9263976403635601
RF,1406,1,1,0.9663143888658894
RF,9362,1,1,0.7802839620667815
RF,7724,1,1,0.9550684349186257
RF,4296,1,1,0.7763156873584426
RF,4880,1,1,0.9756904198371269
RF,6642,1,1,0.9320961592608265
RF,9038,1,1,0.8175727006111952
RF,2150,1,1,0.5933333965947704
RF,5596,0,0,0.226081915467007
RF,5587,0,0,0.05368962451406272
RF,9503,1,1,0.9821303796748238
RF,5745,1,1,0.6332235295772759
RF,3567,1,0,0.05440691111324158
RF,3578,0,0,0.0929826319156216
RF,9340,1,1,0.9956794371913102
RF,1419,1,1,0.9965588229772474
RF,2580,0,0,0.07317517107125247
RF,1624,1,1,0.9687280761085901
RF,6571,0,0,0.02703683480376573
RF,8284,1,0,0.44319685660251695
RF,1994,1,1,0.8627046280448727
RF,4823,1,1,0.9919967079174511
RF,3430,1,0,0.046764896432434686
RF,6150,0,0,0.35370584016136064
RF,8348,0,0,0.09681951814685343
RF,9413,1,1,0.9211118885515305
RF,7005,1,0,0.3512103190690383
RF,7171,1,1,0.9635526423018999
RF,4771,0,0,0.17279203366203266
RF,5707,0,0,0.46326752296814083
RF,379,1,0,0.4642316248918362
RF,6508,0,0,0.04519348380377791
RF,8116,1,1,0.6288066100566102
RF,4164,1,1,0.7683266038874953
RF,6649,1,1,0.9914694633609694
RF,3711,1,0,0.4367062937062937
RF,3454,1,1,0.9897742728390975
RF,7764,1,1,0.6336453296520885
RF,4949,0,0,0.06807278097719274
RF,5414,0,0,0.020682289525910225
RF,5307,1,1,0.9835293391798241
RF,8438,0,0,0.3881515097481539
RF,7855,1,1,0.9237992169813539
RF,337,1,1,0.6239683240555024
RF,5113,0,0,0.2883941894677163
RF,9190,1,1,0.5941683177933178
RF,6608,1,1,0.7576536371485797
RF,8160,1,1,0.6989423849331657
RF,9282,1,1,0.8341762684545329
RF,1527,1,1,0.871596636600425
RF,1327,1,1,0.879252805381057
RF,6725,1,1,0.6353433484286501
RF,2744,1,0,0.020262813132478272
RF,4809,1,1,0.9788269151723356
RF,9499,1,1,0.9200451402478211
RF,6336,1,1,0.7645707467391538
RF,5645,0,0,0.12722137759130325
RF,2540,1,1,0.9811554650301453
RF,4669,1,1,0.9853142643932774
RF,1423,1,1,0.9184142799259999
RF,3286,1,0,0.016333496148096868
RF,9477,1,1,0.9935689067289192
RF,9047,1,1,0.517515578428995
RF,4759,1,1,0.7632894638849851
RF,1184,0,0,0.31330430591151304
RF,6221,1,0,0.1511415008052423
RF,741,1,1,0.8951307823011062
RF,3816,1,0,0.34165134783716694
RF,7858,1,1,0.8629125417009083
RF,37,0,0,0.4261921653756422
RF,3331,0,0,0.1436994775123865
RF,3189,0,0,0.011114306775466029
RF,2350,1,1,0.7830526019288978
RF,3293,1,1,0.5368613393248117
RF,4350,1,1,0.992265422862699
RF,4268,0,0,0.18236806092158325
RF,2808,1,0,0.013473681936008097
RF,1942,1,1,0.8263634407769418
RF,2782,1,1,0.8808100233100232
RF,780,1,1,0.739857896812946
RF,6097,1,0,0.18236806092158325
RF,1533,1,1,0.7199269413056948
RF,8051,1,1,0.9599047332204464
RF,1530,1,1,0.9295506362540621
RF,7337,1,1,0.8761490674358322
RF,4273,1,1,0.944453808791968
RF,828,1,1,0.7382882110278615
RF,8913,1,1,0.9477214283730342
RF,647,1,1,0.5997767376090983
RF,7374,1,1,0.9540706347222405
RF,6865,1,1,0.9932856234942539
RF,7082,0,0,0.03739935938394906
RF,8681,1,1,0.9045197499337964
RF,2830,1,1,0.9878928661005952
RF,2527,1,1,0.9632396383567813
RF,4902,1,1,0.9328563692669717
RF,7434,1,1,0.5963369403940544
RF,8468,0,0,0.022877759426926807
RF,6870,0,0,0.29791407287572513
RF,4585,1,1,0.9874835815538201
RF,1422,1,1,0.9702031868643805
RF,4313,1,1,0.6787364009233408
RF,5285,1,1,0.9507243686298544
RF,2499,0,0,0.135089399861351
RF,2503,1,0,0.24693209160120916
RF,8647,1,1,0.8456773891877549
RF,6456,1,1,0.9146685525087228
RF,7763,1,1,0.944444413295736
RF,4134,0,0,0.32115003742958387
RF,8238,1,1,0.7979964718495828
RF,4798,1,1,0.9956794371913102
RF,5755,0,1,0.6335580320592235
RF,8369,0,0,0.03074972989579554
RF,5867,1,1,0.813070854327523
RF,2764,1,0,0.3936001781862716
RF,3332,1,1,0.7462517842317071
RF,5437,0,0,0.37515927620766343
RF,2508,1,1,0.8971864616588492
RF,279,1,1,0.7231207179345476
RF,8600,1,1,0.9046181349983403
RF,5288,0,0,0.26640365190365184
RF,2939,1,0,0.20019713217764007
RF,4749,0,0,0.04480262587133414
RF,7350,1,1,0.9983796635997109
RF,6736,1,0,0.32583516207607977
RF,2781,1,1,0.9215364774114774
RF,228,1,1,0.5098714400811717
RF,2182,1,1,0.9589510167253867
RF,2290,1,1,0.7523144078144075
RF,7385,1,1,0.9468675674404626
RF,149,1,0,0.35258974358974354
RF,5340,0,0,0.1127988755571373
RF,1411,1,1,0.957461174187883
RF,950,1,1,0.9601300119105791
RF,797,1,1,0.8427431119007415
RF,1610,0,0,0.2770042810537394
RF,7771,0,0,0.37504138401053744
RF,3231,1,1,0.8767319397505189
RF,9343,1,1,0.9573260190121254
RF,9288,1,1,0.9531545222211784
RF,9393,1,1,0.9732073512652325
RF,1798,1,1,0.9696715109147153
RF,838,1,1,0.8326968456808892
RF,3851,0,0,0.20822123562545614
RF,7712,1,0,0.48504811854811847
RF,1741,1,1,0.9687334342277123
RF,4719,0,0,0.27855127394339574
RF,4138,0,0,0.11468023755346607
RF,1620,1,1,0.8996204407378492
RF,7948,0,1,0.908331498480136
RF,2012,1,1,0.9642682840613869
RF,6727,0,0,0.2633720143840836
RF,4011,1,1,0.6068725871814106
RF,8733,1,1,0.9341405872218042
RF,1997,1,1,0.8811719657462344
RF,9580,1,0,0.28885893695450376
RF,2225,1,0,0.43368995308701197
RF,5812,1,1,0.7723457538111742
RF,5675,0,0,0.3443208519030436
RF,9214,1,1,0.8993336950175008
RF,3495,1,1,0.740977455522092
RF,3053,1,1,0.7381489662168486
RF,6936,1,1,0.9476660931343703
RF,3270,1,0,0.017131834291889386
RF,5281,0,1,0.6744793553691606
RF,6507,1,1,0.9729973610551561
RF,5701,0,0,0.21130785170778058
RF,7370,1,1,0.560981965458514
RF,4498,1,1,0.8835772439306037
RF,5253,0,0,0.17703423738708549
RF,7687,0,0,0.37455898268398263
RF,744,1,1,0.7194421331172366
RF,2630,1,0,0.027630480690410818
RF,5987,1,1,0.99066510304628
RF,8050,0,1,0.5326752498420698
RF,2025,1,1,0.9897742728390975
RF,5449,0,0,0.020166836861683125
RF,5395,0,0,0.3081430433264149
RF,7622,0,1,0.7053504276082988
RF,2208,1,1,0.9551093496824437
RF,9275,1,1,0.7277316009179563
RF,2663,1,1,0.6569415303869635
RF,4221,0,0,0.06284432473148747
RF,4505,1,1,0.7822156059454821
RF,3151,1,1,0.9614334867846975
RF,8174,0,0,0.057418272544213285
RF,4176,1,1,0.9517055529747609
RF,4050,1,1,0.8725338438458985
RF,450,1,1,0.5648683073307522
RF,9388,1,1,0.8822384042674638
RF,3862,1,0,0.2291427861969606
RF,4287,1,1,0.9621986436878852
RF,947,1,0,0.471366297717133
RF,415,1,0,0.4811832514842224
RF,8659,1,1,0.9614334867846975
RF,6230,1,0,0.024190158231193967
RF,5515,0,0,0.3416449434984645
RF,5294,0,0,0.35352620702149
RF,9291,1,1,0.7899379352274432
RF,1363,1,1,0.9834234057525784
RF,4618,1,1,0.9544444132957359
RF,4893,0,0,0.014296536796536797
RF,5144,0,1,0.6045488891025861
RF,1993,1,1,0.8726975344475346
RF,3683,1,1,0.7527815815216878
RF,9513,1,1,0.9740307609597018
RF,11,0,0,0.2767876984493054
RF,5019,0,0,0.4904678601672982
RF,2237,0,0,0.44820920333018194
RF,5186,0,1,0.5380871148997186
RF,7645,0,0,0.39310184260184267
RF,9467,1,1,0.9011520295295817
RF,4238,0,0,0.05039994063344109
RF,986,1,1,0.708317394176988
RF,331,1,1,0.9097517420167053
RF,8712,1,1,0.8881498689502056
RF,3993,1,1,0.9489883816171026
RF,9203,1,1,0.9093044786850116
RF,5560,0,0,0.20839030012768078
RF,4892,1,1,0.8550484978074736
RF,6475,1,1,0.9593227930360573
RF,4733,1,1,0.9151163110326714
RF,8409,0,0,0.02689057493612484
RF,8612,1,1,0.6868907097217888
RF,6850,1,1,0.518536695330813
RF,843,1,1,0.7344808246682419
RF,1899,1,1,0.7645707467391538
RF,5351,0,0,0.08922494091075997
RF,1383,1,1,0.7351685341731276
RF,4331,0,0,0.01876607132124158
RF,7517,1,1,0.9335926558385836
RF,1036,0,0,0.06795311895110288
RF,4920,0,0,0.47435759451297727
RF,3536,1,1,0.9274261560965517
RF,7863,1,1,0.6964468527623108
RF,5439,0,1,0.7533087513242732
RF,2515,1,1,0.7916094149662538
RF,5348,0,0,0.2136736933748219
RF,7542,1,0,0.2096176601176601
RF,896,1,1,0.8015789418422165
RF,5386,1,0,0.23126796181401443
RF,9278,1,1,0.9382866775842497
RF,7982,0,0,0.32780182849065825
RF,7309,1,1,0.7316742812861549
RF,1462,1,1,0.6595595381867551
RF,7220,1,1,0.7645707467391538
RF,1204,1,1,0.7016063064669592
RF,4233,0,0,0.2870334838772339
RF,6734,1,1,0.9662288733470485
RF,9347,1,1,0.9955274118425289
RF,6829,1,1,0.9639452767864403
RF,405,1,1,0.5736964979464979
RF,7461,1,1,0.8105358664964395
RF,4492,0,0,0.00885437696207595
RF,9497,1,1,0.810246846612367
RF,1031,1,1,0.9687743104541279
RF,8634,1,1,0.7422550302992278
RF,3090,1,1,0.7538150924617834
RF,9010,1,1,0.8533141067167693
RF,5552,0,0,0.3853232072817917
RF,8449,0,0,0.2123046492814803
RF,2563,1,0,0.24026543318364954
RF,2374,1,1,0.9694381919654096
RF,7765,0,0,0.3244342013663847
RF,1203,1,1,0.6242178892219329
RF,1894,0,0,0.014558716545092925
RF,7072,0,0,0.014296536796536797
RF,509,1,0,0.4773377455877456
RF,2250,1,1,0.7207140098616336
RF,3689,1,1,0.5473125054809502
RF,8609,1,1,0.7706676768591437
RF,420,1,1,0.6612178538329161
RF,4348,1,1,0.9082008168377003
RF,8588,1,1,0.8754112157609112
RF,1763,1,1,0.8894671996005091
RF,7466,0,0,0.00885437696207595
RF,6763,1,1,0.9762202806873064
RF,4598,0,0,0.027630480690410818
RF,4943,0,1,0.5734471287701054
RF,7488,1,0,0.24444013333316303
RF,53,0,0,0.2889573309246759
RF,6589,0,0,0.023483433401812758
RF,7417,0,0,0.1815730790375087
RF,3590,1,0,0.018183916591008625
RF,2560,1,1,0.9872217960163121
RF,5799,0,0,0.36171522090551284
RF,2603,1,1,0.8725338438458985
RF,4053,1,1,0.9943639545916327
RF,2398,1,1,0.8835877328665126
RF,8503,1,1,0.8938161187345149
RF,5226,1,0,0.38382729551150596
RF,8201,0,0,0.26072148126056865
RF,2336,1,1,0.9719692331669676
RF,2945,1,1,0.9610195767361313
RF,9154,1,1,0.9095788655057089
RF,8581,1,1,0.944453808791968
RF,4091,0,0,0.31330430591151304
RF,3531,1,0,0.04357828900037829
RF,3373,1,1,0.8778198828590714
RF,2149,1,1,0.948018181361613
RF,4575,1,1,0.9897032502002311
RF,7240,0,0,0.3504648115658191
RF,6482,1,1,0.9494328573473833
RF,7158,1,1,0.8583712607488585
RF,835,1,1,0.5070647382793819
RF,5684,0,1,0.7984476419352117
RF,7414,1,1,0.9634174442653078
RF,2255,1,1,0.950489516871546
RF,426,1,1,0.8731953882034346
RF,5658,0,0,0.14528413809872354
RF,6698,1,0,0.07707799599998735
RF,6702,1,1,0.9687743104541279
RF,1416,1,1,0.9770748086007187
RF,1714,1,1,0.8789534861068432
RF,4671,1,1,0.990939942998953
RF,3611,0,0,0.12837442384058095
RF,1272,1,1,0.9837501034639602
RF,8108,1,1,0.9230235638069294
RF,4680,1,1,0.5506000678244841
RF,994,1,1,0.8149882944899755
RF,3016,1,0,0.008465509677189825
RF,5710,0,0,0.45371748130341877
RF,8338,0,0,0.03480270226163781
RF,3149,1,1,0.7614513227218447
RF,7493,0,0,0.014583675808269478
RF,3511,1,0,0.009425380272398897
RF,653,1,1,0.9020530110180539
RF,603,1,1,0.7840620775997863
RF,6470,1,1,0.9045144232419595
RF,5163,0,0,0.05490428081507526
RF,5207,0,0,0.25468990201601127
RF,7913,0,0,0.12838782276175092
RF,4223,0,0,0.31840967089048194
RF,1368,1,1,0.9878928661005952
RF,3356,1,1,0.9321807462131357
RF,495,1,1,0.6505197665228618
RF,6544,0,0,0.05223207348207349
RF,19,0,0,0.1524720203406977
RF,5584,0,0,0.09660384678575343
RF,1855,0,0,0.007706576286080116
RF,3202,1,0,0.019945657527020363
RF,2022,0,0,0.01370328249518544
RF,4952,0,0,0.13669387290880944
RF,8331,0,0,0.17064219439408743
RF,8216,0,0,0.08893142886525238
RF,1957,1,1,0.873597918364316
RF,5022,0,0,0.3882392200231813
RF,512,1,1,0.8428628559210166
RF,8214,1,0,0.4428888345044124
RF,6269,1,1,0.9869638917372333
RF,2408,1,1,0.9308167527722196
RF,4338,0,0,0.04224310684586628
RF,3237,1,1,0.9852219010963127
RF,3240,1,0,0.16380673616420696
RF,9578,1,1,0.8816875661370506
RF,9338,1,1,0.9880496399766414
RF,778,1,0,0.367951196026196
RF,4836,1,1,0.7828340279724785
RF,5501,0,0,0.15441605616605616
RF,8080,0,0,0.02251698888655411
RF,1194,1,1,0.9360679660584342
RF,4763,0,0,0.07672505261893478
RF,7419,1,1,0.5912750007118046
RF,1843,1,1,0.6133064174451084
RF,6753,1,1,0.9579840692740496
RF,1099,1,1,0.8217840261251709
RF,9273,1,1,0.8557118380347268
RF,4346,1,1,0.8583712607488585
RF,8299,0,0,0.18158170363973172
RF,8626,1,1,0.5488818652931833
RF,6825,1,1,0.5260297380675898
RF,9293,1,1,0.9971831045405302
RF,2430,1,1,0.7527815815216878
RF,8810,1,0,0.29501830556365954
RF,4757,1,1,0.9852219010963127
RF,4392,0,0,0.21684076816603245
RF,9271,1,1,0.840519792765951
RF,4864,0,0,0.06410943835512675
RF,140,1,0,0.4287492784992786
RF,1414,0,0,0.08463062337206528
RF,8690,1,1,0.9934748983502105
RF,4832,1,1,0.8808100233100232
RF,9487,1,1,0.9485146606962631
RF,1717,1,1,0.8571909010023068
RF,1482,1,1,0.8903157102800937
RF,3861,1,0,0.48582166528950776
RF,2037,0,0,0.4418276362088413
RF,6493,1,0,0.040963600033928765
RF,8841,1,1,0.9247893506307363
RF,5127,1,1,0.7596872603870369
RF,4444,1,1,0.7462517842317071
RF,9171,1,1,0.929235799152742
RF,3306,1,1,0.9329697441698812
RF,2929,1,1,0.9184142799259999
RF,5858,1,1,0.9761297615777424
RF,4810,1,1,0.9956952022885261
RF,2852,1,1,0.8730293733353581
RF,109,1,1,0.7675511223618028
RF,9213,1,1,0.9153052369949312
RF,2876,1,1,0.8846185155568332
RF,9192,1,1,0.8993804566414323
RF,4502,0,0,0.05236181796278899
RF,336,1,1,0.9245711212071653
RF,4881,1,1,0.9763353005971207
RF,9437,1,1,0.8722538453313707
RF,7882,1,1,0.9062775390344362
RF,7555,1,1,0.9539824898483061
RF,413,1,1,0.6161664960856137
RF,7205,1,0,0.43906899275677874
RF,4244,1,1,0.9438514012804577
RF,5012,0,1,0.5881407075956202
RF,7615,0,1,0.504689658787196
RF,5496,0,1,0.7711385958214463
RF,9160,1,1,0.9249740497127493
RF,2810,0,0,0.011660872923648726
RF,8326,0,0,0.13337442384058096
RF,861,1,1,0.7059668431959908
RF,4101,0,0,0.13855794205794203
RF,493,1,1,0.7202133530687292
RF,1143,1,1,0.9410543086971365
RF,2272,0,0,0.02582954106408665
RF,4884,1,1,0.96827559507863
RF,620,1,1,0.6704606030431566
RF,4319,1,1,0.8336003610185932
RF,1506,1,1,0.9341405872218042
RF,5245,0,0,0.21815042516967498
RF,8167,1,1,0.9151778667097158
RF,510,1,1,0.9070748617335684
RF,2856,1,1,0.9820657582483517
RF,2913,1,1,0.9799989516068104
RF,3715,1,0,0.44553531619097664
RF,6915,1,1,0.9931720130478139
RF,6663,1,1,0.992265422862699
RF,2511,1,1,0.9142559108151211
RF,6139,1,1,0.9337143147520913
RF,9397,1,1,0.995953376149495
RF,373,1,1,0.8733619655175747
RF,3805,0,1,0.7057114020940388
RF,432,1,1,0.8376340081447071
RF,2713,1,1,0.9392788687832372
RF,1198,1,1,0.6858814619423845
RF,4538,1,1,0.9917538531543971
RF,5575,0,0,0.4288437897932279
RF,3382,1,0,0.1503711758933358
RF,6406,1,1,0.9465149901268322
RF,5917,1,0,0.027630480690410818
RF,2719,1,1,0.9487483025987354
RF,5928,1,1,0.9501514968047649
RF,6780,0,0,0.3881515097481539
RF,1229,1,1,0.9715154183671332
RF,8373,0,0,0.08027943387543011
RF,4103,0,0,0.3401810021748109
RF,829,1,1,0.5847020202020202
RF,4946,0,0,0.12939185814185813
RF,97,0,0,0.11319030311793471
RF,4450,1,1,0.9145743244386907
RF,1246,1,1,0.8593621797374337
RF,776,1,1,0.8630399473506771
RF,1649,1,1,0.6991579151289077
RF,6423,1,1,0.8855365175937915
RF,9310,1,1,0.8578663599792129
RF,3952,1,0,0.06400205063450413
RF,6912,1,1,0.9957324439704165
RF,8306,0,0,0.1836971368556058
RF,2404,1,1,0.8724928097719336
RF,6171,1,1,0.9383585190535488
RF,7399,1,1,0.9634496534920243
RF,5672,0,0,0.22159390609390606
RF,2002,1,1,0.9829701689544902
RF,3259,1,1,0.5438397914146565
RF,9514,1,1,0.8798740247634579
RF,5832,0,0,0.29147877247596343
RF,7450,1,0,0.005189130541598502
RF,565,1,0,0.17042913676125507
RF,8225,1,1,0.9474867299243337
RF,5615,0,0,0.42171297017348486
RF,1805,1,1,0.8081349026425056
RF,5473,0,0,0.15532118240479165
RF,2353,1,1,0.5392824483450088
RF,4288,1,1,0.947545189644672
RF,7406,1,1,0.7392041847041847
RF,9296,1,1,0.9825851994020839
RF,8783,1,1,0.9852219010963127
RF,428,1,0,0.4590746475016583
RF,7289,1,1,0.7169338315729579
RF,1210,1,1,0.9188741697821922
RF,4081,0,0,0.2123046492814803
RF,5325,1,0,0.3782339097201642
RF,4420,0,0,0.332742773936889
RF,5642,1,1,0.7463050850178584
RF,6473,1,0,0.10353022970167002
RF,2602,1,1,0.9579840692740496
RF,7529,1,0,0.2027413247800212
RF,1193,1,1,0.5393516529923972
RF,5455,0,0,0.12939185814185813
RF,2984,1,1,0.8932697161792257
RF,209,0,0,0.38018428813622873
RF,2998,1,1,0.9441099870831258
RF,2629,1,1,0.9717337667716848
RF,4307,1,1,0.8218810702935734
RF,2625,1,1,0.8244747245297117
RF,1982,1,1,0.9479265291854442
RF,8176,1,1,0.5585322230960529
RF,6838,0,0,0.2528964947979651
RF,2433,1,1,0.9622219291779345
RF,4612,1,1,0.8829509932166565
RF,189,0,0,0.056716308788951314
RF,7825,0,0,0.23395081186858174
RF,8082,0,0,0.2050265943132412
RF,7560,1,0,0.3495285449844273
RF,3028,1,1,0.9438514012804577
RF,8651,1,1,0.8411292421885426
RF,2343,1,1,0.8494214559487322
RF,5983,1,1,0.9733024749275851
RF,1139,0,0,0.3748551743006557
RF,5077,0,0,0.17530383978978975
RF,2020,0,0,0.11417864016694393
RF,9530,1,1,0.8703479554919809
RF,8183,1,1,0.8192624946800124
RF,1796,1,1,0.8583712607488585
RF,4919,1,0,0.20901731155650422
RF,1582,1,1,0.5263859464884032
RF,9227,1,1,0.8293388363506335
RF,324,1,1,0.8418899171620674
RF,6036,1,1,0.9834234057525784
RF,8184,1,1,0.6215522671772671
RF,1922,1,1,0.7573408473742309
RF,8298,0,0,0.3790551350604142
RF,4963,0,1,0.7965454356928902
RF,5646,1,0,0.022461166510699876
RF,3427,1,1,0.7272915167727707
RF,7429,1,1,0.7798087321219532
RF,8884,1,1,0.7042394133644133
RF,3106,1,1,0.8297966646198297
RF,3055,1,1,0.911986421353044
RF,3780,1,0,0.40235910884343906
RF,5392,0,0,0.007099061591649252
RF,7984,1,1,0.8944767515822375
RF,2707,1,1,0.9742165429845737
RF,8630,1,1,0.8622107671909599
RF,8672,1,1,0.9279044545404986
RF,16,0,0,0.304500421026789
RF,6737,1,0,0.4262751022156046
RF,7533,1,1,0.5770080402378788
RF,7586,0,0,0.16293773195130662
RF,23,0,1,0.5631836929410459
RF,1940,1,1,0.938417110166703
RF,3136,0,0,0.04541338073691015
RF,3428,1,0,0.2596650758104465
RF,421,1,1,0.6612178538329161
RF,9389,1,1,0.6958160387019473
RF,9383,1,1,0.9936716370649771
RF,2533,1,0,0.4037782288177927
RF,9524,1,1,0.8488909320648764
RF,3721,0,1,0.6387682666905238
RF,1790,1,1,0.8297966646198297
RF,4545,0,0,0.022383036144504445
RF,8766,1,1,0.8788516191682341
RF,1617,1,1,0.6749821446849508
RF,4038,1,0,0.4262751022156046
RF,5522,0,0,0.25785822510822515
RF,8233,1,1,0.8748578494281817
RF,2333,1,1,0.7555211090258602
RF,9520,1,1,0.9211464458481318
RF,2261,1,1,0.6650385046886413
RF,1622,1,1,0.8512325079899662
RF,8185,1,1,0.9073555463464515
RF,940,1,1,0.7800357038563531
RF,5800,1,1,0.5463038170979349
RF,5539,0,0,0.4170283149347022
RF,8504,1,1,0.762549596388505
RF,4760,0,0,0.022877759426926807
RF,8993,1,1,0.7768556462526708
RF,4778,0,1,0.5400803074704004
RF,8721,1,0,0.427736476789697
RF,4147,0,0,0.4288877739835632
RF,2391,1,1,0.5187921366294761
RF,4647,0,0,0.06882154735884367
RF,3636,1,1,0.7370027317375734
RF,174,1,1,0.8987265318748041
RF,1235,0,0,0.30034928548211043
RF,702,1,1,0.6587811442575544
RF,583,1,1,0.5102867721709186
RF,6908,1,1,0.9967009261642117
RF,2301,1,1,0.5775125805566982
RF,4906,0,1,0.6263871371014847
RF,2758,1,0,0.19018579657743578
RF,3914,0,1,0.5282855475435584
RF,8303,0,0,0.17859330120313296
RF,5686,0,1,0.5674648859234953
RF,7196,1,0,0.022461166510699876
RF,6662,1,1,0.9404301127848373
RF,3043,1,1,0.9194258474267495
RF,2757,1,0,0.07399314925642714
RF,5440,0,0,0.1631111953099822
RF,8019,1,1,0.5501224225179329
RF,3040,1,1,0.6893937562647813
RF,7421,0,0,0.0845872539051667
RF,9115,1,1,0.7478172891010206
RF,7611,0,0,0.4008728953766794
RF,8342,0,0,0.022302774939236047
RF,5216,1,1,0.6235132536057485
RF,6773,0,0,0.4191434071604349
RF,8094,1,1,0.8051730679083374
RF,9070,1,1,0.8102490791410487
RF,1134,1,1,0.7112905051530174
RF,3562,0,0,0.23822347797541302
RF,6910,1,1,0.9971063566968438
RF,6405,1,0,0.36954746437579444
RF,8724,1,1,0.9363472295347514
RF,5305,1,1,0.7788721556221554
RF,9454,1,1,0.681221766021587
RF,4309,0,0,0.020095428684361448
RF,3748,0,0,0.42857265843557363
RF,3402,1,0,0.040963600033928765
RF,9251,1,1,0.8528399768311634
RF,8589,1,1,0.8698962933346109
RF,1818,1,1,0.9491937392068666
RF,2914,1,1,0.6493817365219047
RF,655,1,1,0.9173243366600004
RF,1302,0,0,0.3936001781862716
RF,9012,1,1,0.6266399956339859
RF,3558,1,0,0.10483695168168917
RF,2072,1,1,0.7079350368164754
RF,39,0,0,0.057326132991652984
RF,6624,1,1,0.9454982465165347
RF,5963,1,1,0.8014687799634133
RF,8266,1,0,0.4771194377408151
RF,4723,1,1,0.735915084403148
RF,4355,1,1,0.9452389007041623
RF,7553,1,0,0.4762607790254083
RF,3618,1,1,0.8980736004867294
RF,2968,1,1,0.7675511223618028
RF,9179,1,1,0.714750314185299
RF,511,1,1,0.8062426876798098
RF,4685,1,1,0.9610195767361313
RF,5565,0,0,0.41166163003663003
RF,4572,0,0,0.1949517627822874
RF,6813,0,0,0.22659814719265295
RF,7983,1,1,0.96162789467013
RF,8372,0,0,0.053009235381482674
RF,872,1,1,0.8214348649557184
RF,3925,0,0,0.29031872535887837
RF,2995,1,1,0.9337143147520913
RF,4877,1,1,0.7986058413859315
RF,9181,1,1,0.7229572185881719
RF,7154,1,1,0.643156580695821
RF,6271,1,1,0.8583712607488585
RF,1808,1,1,0.7614513227218447
RF,5563,1,0,0.39036174341531477
RF,1519,1,1,0.6309927570648914
RF,3991,1,1,0.905003471827803
RF,2879,1,1,0.9438514012804577
RF,8934,1,1,0.7750512474889245
RF,297,1,0,0.47042063655298955
RF,7530,1,1,0.8801781511261128
RF,5229,0,0,0.08828095200648219
RF,7255,0,0,0.2708735120556953
RF,836,1,1,0.7288509790862732
RF,400,1,1,0.7014788889460991
RF,9379,1,1,0.9428330962858267
RF,7480,0,0,0.21092513697006793
RF,4424,1,0,0.16864389193435872
RF,5106,0,0,0.4713905727056313
RF,6847,1,1,0.9573633686166301
RF,5289,0,0,0.25588455988455994
RF,5076,1,1,0.8775601314092952
RF,6080,1,1,0.904864938328005
RF,8871,1,1,0.5848843977082528
RF,1180,0,0,0.0269066936137823
RF,4886,0,0,0.03448336880464694
RF,8172,0,0,0.024254523711346794
RF,291,1,1,0.5317495722043812
RF,6947,1,1,0.9189221070032925
RF,4908,1,0,0.26577059205410675
RF,4739,0,0,0.24746569510620287
RF,4017,1,1,0.9842323118270936
RF,4018,0,0,0.26375728788102815
RF,7773,0,1,0.8204387178755124
RF,8717,1,1,0.9472450107982557
RF,3898,0,0,0.24300180778701905
RF,2690,1,0,0.03448336880464694
RF,7339,1,0,0.4587415095797448
RF,6761,1,1,0.9509929965357472
RF,1370,1,1,0.9958161960642188
RF,8959,1,1,0.8073005851090332
RF,3205,0,0,0.011114306775466029
RF,8426,0,0,0.02797513546655973
RF,3747,0,0,0.38349114911520377
RF,1735,1,1,0.6263871371014847
RF,3791,1,0,0.2699542173664467
RF,2151,1,1,0.7469438077857905
RF,7215,1,1,0.7632894638849851
RF,9132,1,1,0.9624869304845015
RF,1970,1,1,0.9276448330048271
RF,4496,0,0,0.02627896527678156
RF,2642,1,1,0.8712211099277093
RF,8571,1,1,0.560093254309558
RF,2520,1,1,0.8370224803781212
RF,1728,1,1,0.8146489770696178
RF,5950,1,1,0.7717655143315011
RF,5459,0,1,0.5053206368090783
RF,6851,1,1,0.9742165429845737
RF,7146,1,1,0.9952907027370462
RF,1029,0,0,0.22677564102564102
RF,868,1,1,0.8181934491688173
RF,3996,1,1,0.9428330962858267
RF,5065,0,0,0.3997704721768794
RF,621,1,1,0.8919057543918667
RF,9435,1,1,0.8667692888975407
RF,4301,0,0,0.13902397019899593
RF,898,1,1,0.9527798353712936
RF,9083,1,1,0.7463431307736738
RF,2597,1,1,0.8811066325955647
RF,8268,0,0,0.06623762549313264
RF,939,1,1,0.667702962632785
RF,381,1,1,0.8671408894765082
RF,4526,0,0,0.1650035400008605
RF,3583,1,0,0.4040255247607922
RF,5718,0,0,0.43398784548784547
RF,4215,1,1,0.9932730504323924
RF,2760,1,0,0.013968932144786363
RF,1120,1,1,0.9509929965357472
RF,8419,0,0,0.2570386810507503
RF,7756,1,1,0.533703190932706
RF,1672,1,1,0.9741096568723384
RF,1377,1,1,0.7519553722967998
RF,4873,1,1,0.9668442175883862
RF,259,1,1,0.7776003773989711
RF,7231,0,0,0.08182792856733016
RF,494,1,1,0.7409491494730703
RF,1680,1,1,0.968278937734793
RF,315,1,1,0.7959498335927448
RF,3253,1,0,0.008333774548801638
RF,3777,1,1,0.6960417493993958
RF,3248,1,1,0.9525130191395378
RF,1413,1,1,0.9890091168663456
RF,349,1,1,0.8570185562118954
RF,689,1,1,0.6548188319573603
RF,7591,1,1,0.8342760551295721
RF,6243,1,1,0.8789534861068432
RF,6353,1,0,0.22135610909207426
RF,1098,0,0,0.027630480690410818
RF,133,1,1,0.5518820587900533
RF,4214,1,1,0.9957324439704165
RF,9128,1,1,0.948549521533485
RF,5803,0,0,0.25264793229926147
RF,5786,0,1,0.5192949754064307
RF,7819,0,1,0.5191973165723165
RF,9091,1,1,0.9689657163460254
RF,795,1,1,0.7782751662336516
RF,5574,0,0,0.2961251485442662
RF,8517,1,1,0.9361567792927152
RF,1846,0,0,0.030362259705059937
RF,5047,1,1,0.8202698659196557
RF,6602,1,1,0.9335926558385836
RF,1172,0,0,0.3797150025442104
RF,4269,0,0,0.3035493973581235
RF,4077,1,1,0.7112905051530174
RF,4696,1,1,0.9406854978146599
RF,7219,1,0,0.12958892224719162
RF,2504,1,0,0.37515927620766343
RF,4678,1,1,0.9851608971384164
RF,6810,1,1,0.9463264161193973
RF,4006,1,1,0.9699505825613332
RF,6758,1,1,0.9795872485081217
RF,9219,1,1,0.9965588229772474
RF,2059,1,1,0.6099731731492853
RF,5018,0,0,0.22820045630953317
RF,8898,1,1,0.7181169376649101
RF,7626,0,1,0.6990617619300581
RF,3969,0,0,0.49107552771740076
RF,410,0,0,0.3009791708119881
RF,3120,1,1,0.8539607515233544
RF,8749,1,1,0.6855942668442667
RF,6895,0,0,0.38192964003508384
RF,1125,1,1,0.9248381313131311
RF,5894,1,1,0.9762202806873064
RF,1916,0,0,0.06558147550803174
RF,4361,1,1,0.9609490832279822
RF,8318,0,0,0.03397722077724888
RF,2114,1,1,0.9479041609022247
RF,3752,0,1,0.5619564770297796
RF,4675,1,1,0.9795084997055574
RF,4120,1,1,0.9934748983502105
RF,4694,0,0,0.13902397019899593
RF,3383,1,1,0.8428018472114949
RF,3883,1,0,0.46911904761904766
RF,4122,1,1,0.9733024749275851
RF,9113,1,1,0.7957125979657369
RF,5951,1,1,0.7925798542884636
RF,2215,1,0,0.47044143214546297
RF,5139,1,1,0.94844212139967
RF,7228,0,0,0.40533811412935244
RF,3278,1,1,0.9817125197159703
RF,5714,0,1,0.5071047038682787
RF,5122,1,1,0.9797563829250366
RF,5339,0,1,0.6963504403453831
RF,6111,1,1,0.9552470072747608
RF,4670,1,1,0.9759837211360356
RF,9036,1,1,0.6017958135183769
RF,3905,0,0,0.44507711634296676
RF,7949,0,1,0.5376188796884674
RF,579,1,1,0.7492890438265278
RF,1107,1,1,0.8849660107414964
RF,290,1,1,0.5317495722043812
RF,682,1,1,0.977888882289853
RF,8968,1,1,0.7413311066340088
RF,3222,1,1,0.8322665481387519
RF,2840,1,1,0.9823078688650839
RF,2117,1,1,0.8853114701768621
RF,1780,1,1,0.9833352458500144
RF,4192,1,1,0.8848876870659533
RF,4869,1,1,0.8076119150457385
RF,4306,1,1,0.9652628505128504
RF,4002,1,1,0.8852132083724676
RF,8188,1,1,0.733589809708296
RF,4593,1,1,0.9762202806873064
RF,4758,0,0,0.022302774939236047
RF,3887,1,1,0.5706690278652133
RF,3166,1,1,0.9699196616372369
RF,6277,1,1,0.8081349026425056
RF,8223,0,0,0.3797150025442104
RF,5778,0,0,0.15973393385661117
RF,5671,0,0,0.43227218979360593
RF,5393,0,0,0.32781241925934085
RF,7914,0,0,0.31539668153808864
RF,1896,1,1,0.9517653268111301
RF,3971,1,0,0.4359423425291432
RF,7320,1,0,0.3151664279288509
RF,9015,1,1,0.9605771148476634
RF,1384,1,1,0.7784669755834913
RF,1332,1,1,0.9872041155123236
RF,111,0,0,0.0358131659459722
RF,5852,1,1,0.9632396383567813
RF,1156,1,1,0.9599047332204464
RF,7936,1,1,0.6243014044164097
RF,7019,1,1,0.9731170745351443
RF,6835,1,1,0.9406949814032336
RF,7348,1,0,0.3081430433264149
RF,4369,0,0,0.1212779310319684
RF,5972,1,1,0.5592738238328698
RF,6563,1,0,0.05440691111324158
RF,7674,0,0,0.28486507665775956
RF,824,1,1,0.6198257756374503
RF,2972,1,1,0.9499179860006042
RF,8611,1,1,0.7880631159326542
RF,3187,1,1,0.9374683399220786
RF,6014,1,0,0.031349511788021873
RF,8415,0,0,0.33975860271922875
RF,2838,1,1,0.9838294784815298
RF,435,1,1,0.6634854068222305
RF,6701,1,1,0.9277083316169442
RF,3809,0,0,0.45329520938836576
RF,4885,1,1,0.9819523839479603
RF,4799,1,1,0.5822990341290365
RF,864,1,1,0.9522394137664694
RF,8769,1,1,0.8992418970955001
RF,4551,0,0,0.32866646955201817
RF,3897,1,0,0.30362046155884764
RF,352,0,1,0.7063118132546051
RF,7080,0,0,0.08463062337206528
RF,3772,1,1,0.602802585870966
RF,8391,0,0,0.3471040790978879
RF,3468,1,1,0.9919967079174511
RF,8357,0,0,0.3443347748205805
RF,3164,1,1,0.9512844025245377
RF,6074,1,1,0.9062373438834491
RF,7727,1,1,0.8078458127158727
RF,552,1,1,0.9027983659289143
RF,5824,0,0,0.2647076722550617
RF,3234,1,1,0.9928168964604757
RF,3238,1,0,0.3846753987469932
RF,6555,1,1,0.6049414751914752
RF,6862,1,1,0.980252197713887
RF,8991,1,1,0.9703777828280906
RF,7085,0,0,0.3135745109677444
RF,2056,1,1,0.5912750007118046
RF,1572,1,1,0.8706768149709326
RF,5648,0,0,0.007035331788023589
RF,812,1,1,0.805486328145532
RF,8235,1,1,0.7343909516654408
RF,4907,1,1,0.5438397914146565
RF,7613,0,1,0.5998695740517478
RF,8613,1,1,0.7345432364949042
RF,3001,1,1,0.5642558619147342
RF,2381,1,1,0.6275463923331571
RF,1706,0,0,0.27855127394339574
RF,8031,0,0,0.41200388427863033
RF,6064,1,1,0.9795084997055574
RF,8336,0,0,0.04224310684586628
RF,4656,1,1,0.9949555526820112
RF,4904,1,1,0.9823534557184371
RF,3354,1,0,0.19498031284991948
RF,8027,1,1,0.8496019423738407
RF,908,1,1,0.9712902170789464
RF,4721,1,1,0.9104762156923212
RF,3955,1,0,0.13884400764005075
RF,7109,1,1,0.8746633605612065
RF,2387,1,1,0.7321287602123531
RF,5577,0,0,0.2173694721950735
RF,4547,0,0,0.19411530409006528
RF,8455,0,0,0.41502331759796895
RF,3140,1,1,0.9048439630216634
RF,2728,1,1,0.9733024749275851
RF,6933,1,1,0.9965588229772474
RF,8162,1,1,0.6953185977657437
RF,3236,1,1,0.8488909320648764
RF,105,0,0,0.329186188109339
RF,3155,1,1,0.8961215517971074
RF,5585,0,0,0.4249922474599894
RF,2783,1,1,0.8761490674358322
RF,9258,1,1,0.6701579467248466
RF,9071,1,1,0.8380032883699744
RF,1589,0,0,0.2870334838772339
RF,1437,1,1,0.9795084997055574
RF,6411,1,1,0.8208613293646705
RF,9535,1,1,0.7364273849963486
RF,1290,0,0,0.020262813132478272
RF,2538,1,1,0.6353433484286501
RF,5748,0,0,0.43538123967535725
RF,8077,1,1,0.9694233605833418
RF,7271,1,1,0.9935689067289192
RF,329,1,1,0.9485718262980393
RF,4272,1,1,0.9988241449994463
RF,8691,1,1,0.9535342341071293
RF,1518,1,1,0.7177344020793426
RF,4909,0,0,0.4110218594151921
RF,1803,1,1,0.7789408605372615
RF,2379,1,1,0.6929895289346691
RF,5903,1,1,0.9795872485081217
RF,3740,0,0,0.06716618134671178
RF,2309,1,1,0.7336263162111777
RF,5406,0,1,0.5884209661306437
RF,6767,1,1,0.8595254140362836
RF,5538,0,0,0.3306923062317799
RF,9533,1,1,0.9353945228248061
RF,5533,1,0,0.19735134429643075
RF,9508,1,1,0.9971063566968438
RF,4020,1,1,0.9185850478864765
RF,3595,1,1,0.7546046249502131
RF,1992,1,1,0.9957172458172807
RF,3079,1,0,0.042155022020316284
RF,6694,0,0,0.20919919672951598
RF,683,1,1,0.9589302101176915
RF,6106,1,1,0.740469764981682
RF,7938,1,1,0.9826895292762606
RF,4525,0,0,0.023483433401812758
RF,8410,0,0,0.06181907166793759
RF,4028,0,0,0.07317517107125247
RF,6759,1,1,0.9977599769929825
RF,5502,0,0,0.2997320825736231
RF,7662,1,0,0.27623209230004064
RF,8788,1,1,0.9703618065153331
RF,8465,0,0,0.013968932144786363
RF,8413,0,0,0.40879185402878293
RF,721,1,1,0.8498804268883464
RF,8610,1,1,0.790875960175187
RF,8820,1,1,0.9275554760541334
RF,6687,1,1,0.8083406204906205
RF,7317,1,0,0.40032813629528163
RF,7554,1,1,0.9461200522700767
RF,4112,1,1,0.99066510304628
RF,9280,1,1,0.9725166451416893
RF,7679,1,1,0.8629811901694561
RF,1344,1,1,0.9673221231378494
RF,8831,1,1,0.9575432740637929
RF,4324,0,0,0.22406462735021634
RF,211,1,1,0.7067639648041293
RF,1189,0,0,0.14278460152086203
RF,7048,0,0,0.009873156820367053
RF,8999,1,1,0.8935059107918564
RF,2505,1,1,0.8083406204906205
RF,3173,1,0,0.29753599762514876
RF,8903,1,1,0.9715736308270815
RF,6152,1,0,0.15586631935091977
RF,7329,0,0,0.3624864103045217
RF,4390,0,0,0.19751790504435734
RF,7791,0,1,0.5066361276616208
RF,8156,1,1,0.9829484708071178
RF,5989,0,0,0.33975860271922875
RF,5223,1,1,0.8268720017375648
RF,2871,1,1,0.9963880508559889
RF,8379,0,0,0.24243973841627608
RF,3397,1,1,0.9212684779229942
RF,2455,1,1,0.9914694633609694
RF,6731,1,1,0.5768844517726339
RF,1385,1,1,0.7042394133644133
RF,2334,1,1,0.6614108476091147
RF,7091,1,0,0.4873150369263566
RF,9277,1,1,0.9581539218618587
RF,1947,0,0,0.007615156614258769
RF,4027,1,1,0.9662288733470485
RF,1068,1,1,0.9872217960163121
RF,8786,1,1,0.9851608971384164
RF,2817,1,1,0.8844803758333168
RF,7836,0,1,0.532719340165495
RF,4667,0,0,0.35370584016136064
RF,213,1,1,0.9048439630216634
RF,9356,1,1,0.5852348977043229
RF,810,1,1,0.8846185155568332
RF,3145,1,1,0.6263871371014847
RF,2004,1,1,0.983326735785134
RF,1559,1,1,0.9082729470249923
RF,2962,1,1,0.9535529362721382
RF,2516,1,1,0.9544497023960002
RF,7776,0,1,0.9590664518492573
RF,5194,0,0,0.4833322294064735
RF,3860,1,0,0.34458161129128423
RF,8327,0,0,0.04357828900037829
RF,5345,1,1,0.8775601314092952
RF,1151,1,1,0.8837297243312635
RF,3986,1,0,0.41612358322015425
RF,2524,1,1,0.8764468974483145
RF,6260,1,1,0.9526994532365446
RF,6109,1,1,0.964793274063793
RF,1739,1,1,0.9486889527767107
RF,9306,1,1,0.9405943034473302
RF,2696,1,1,0.7801993811342974
RF,5044,0,1,0.9280895816525964
RF,7468,1,1,0.5401906347940905
RF,1625,1,0,0.31568099274143335
RF,6828,1,1,0.9544444132957359
RF,8704,1,1,0.9634496534920243
RF,4599,0,0,0.11759479013192858
RF,740,1,1,0.8376747329364018
RF,5031,0,0,0.018567972762192467
RF,2058,1,0,0.23509788147225316
RF,4595,0,0,0.3443347748205805
RF,2835,1,1,0.9920754904626908
RF,6285,1,1,0.9755427922682876
RF,3985,0,1,0.5948732267330914
RF,4241,0,0,0.188355401790447
RF,1529,1,1,0.9600789660449166
RF,2366,1,1,0.957407827104
RF,2453,1,1,0.8420516750784973
RF,8341,0,0,0.4240062616381088
RF,8439,0,0,0.1695435765283583
RF,8585,1,1,0.9601489175774296
RF,3823,1,0,0.45195274170274174
RF,3736,0,0,0.3591393964315984
RF,3239,1,0,0.08182792856733016
RF,1260,1,1,0.798720400963976
RF,2955,1,1,0.740469764981682
RF,5008,0,1,0.6326022760828144
RF,3029,1,1,0.9444303870222305
RF,6601,1,1,0.9376177266794565
RF,5557,0,0,0.36536038961038964
RF,7498,1,0,0.11319030311793471
RF,102,0,0,0.45962011165088484
RF,990,0,1,0.8689749836007685
RF,8436,0,0,0.24439336034078088
RF,4430,0,0,0.23042871649459762
RF,7203,0,0,0.23042871649459762
RF,4564,1,1,0.9687743104541279
RF,3047,1,1,0.6426037164305782
RF,9550,1,1,0.9375857226647397
RF,7285,1,1,0.9841870290546904
RF,2310,1,1,0.941587679491629
RF,163,0,0,0.20109504854197602
RF,3370,1,1,0.8811719657462344
RF,5523,0,0,0.15723920137094077
RF,8261,1,1,0.8658317888502496
RF,5634,1,1,0.7175544748112958
RF,1802,1,1,0.9048439630216634
RF,4816,1,1,0.9729973610551561
RF,7354,1,1,0.9080018858420561
RF,41,0,0,0.4779182288299936
RF,3391,1,1,0.8985810250264379
RF,92,1,0,0.4792826591721061
RF,6268,1,1,0.9632234572628218
RF,7694,1,1,0.8883329069354642
RF,4127,0,0,0.04822966258560721
RF,1948,1,1,0.8436886595673765
RF,4955,0,1,0.5828244874017435
RF,8224,1,1,0.9506937464155345
RF,9384,1,1,0.9222777464939601
RF,8607,1,1,0.712493979882568
RF,7570,1,1,0.9606831080206804
RF,2924,1,1,0.9857858297983378
RF,8404,0,0,0.23896099291184544
RF,2975,1,1,0.9786215328970489
RF,1075,1,1,0.8829509932166565
RF,5205,0,0,0.4153828705170168
RF,8112,1,1,0.8819102155383243
RF,9174,1,1,0.7220670404192455
RF,2811,1,0,0.29189978623404267
RF,3784,0,0,0.4309966196406138
RF,5112,0,1,0.6474670625212421
RF,5352,0,0,0.4822363949661591
RF,6348,1,0,0.016333496148096868
RF,2662,0,0,0.32780182849065825
RF,3081,1,0,0.31401340084590545
RF,2571,1,1,0.9185850478864765
RF,1138,0,0,0.11759479013192858
RF,4032,0,0,0.027530170568913204
RF,5506,0,0,0.48502508523455445
RF,3299,1,1,0.9364823889630115
RF,1783,1,1,0.9681298757802196
RF,2389,1,1,0.8777979625615253
RF,5261,0,0,0.25891227339911543
RF,4772,0,0,0.3504648115658191
RF,4715,1,1,0.8746633605612065
RF,5775,0,0,0.2777957397779379
RF,2762,1,0,0.11468023755346607
RF,4631,1,1,0.9883268234327925
RF,5379,0,0,0.00942407941608146
RF,2001,0,0,0.3401810021748109
RF,8747,1,1,0.7202708243330972
RF,4982,0,0,0.42150040237540237
RF,8802,1,0,0.47444326098737866
RF,3613,0,0,0.4863474764495079
RF,249,1,1,0.551646056317109
RF,7648,0,0,0.31996811521811525
RF,3813,1,0,0.4178136649441395
RF,8886,1,1,0.7115959852516454
RF,7148,1,1,0.9952907027370462
RF,8718,1,1,0.8708034104596067
RF,4494,0,0,0.014583675808269478
RF,7610,0,0,0.3832165269829762
RF,4872,1,1,0.6226613353966295
RF,6610,1,1,0.828546103798459
RF,5356,0,0,0.05722451805663576
RF,3394,1,1,0.7530015370859253
RF,6721,1,0,0.4212260794760795
RF,1013,1,1,0.7593951742701743
RF,3626,1,1,0.7517129814386831
RF,440,1,0,0.3475088522588522
RF,4283,0,1,0.9218445333763823
RF,2083,1,0,0.20296542458100245
RF,4927,0,0,0.2166610940229361
RF,3667,0,1,0.5669872697798124
RF,761,1,1,0.657224532580143
RF,8745,1,1,0.9555307153609882
RF,4935,0,0,0.23791696389155548
RF,2734,1,1,0.9883268234327925
RF,8579,1,1,0.8628998163126839
RF,2332,1,0,0.38776137534848226
RF,1496,1,1,0.9610195767361313
RF,5360,0,0,0.47406277056277063
RF,4628,1,1,0.9487483025987354
RF,4527,1,1,0.9668442175883862
RF,7233,1,0,0.35417843807063265
RF,7030,1,0,0.05722451805663576
RF,8869,1,1,0.9621586286159142
RF,895,1,1,0.858145967251132
RF,2179,1,1,0.7420647860860464
RF,8483,0,0,0.06882154735884367
RF,4286,0,0,0.20551115309121545
RF,3545,1,1,0.569043840222996
RF,4600,1,1,0.8245469224426444
RF,460,1,1,0.5687952190452189
RF,3379,1,1,0.9401035389850223
RF,6629,1,1,0.7527815815216878
RF,7291,0,0,0.02689057493612484
RF,1347,1,1,0.8947852605685337
RF,6672,1,1,0.9045542580605124
RF,9372,1,1,0.8808100233100232
RF,2329,1,1,0.7517129814386831
RF,1969,1,1,0.9841870290546904
RF,2522,1,1,0.9489883816171026
RF,3280,1,0,0.11835352100181616
RF,2057,0,0,0.2946959820580819
RF,2588,1,0,0.11759479013192858
RF,6202,1,1,0.8560395072427829
RF,3704,1,1,0.5368716755954291
RF,1788,1,1,0.992265422862699
RF,9427,1,1,0.9637441802972043
RF,2854,1,1,0.9430639040709836
RF,2294,1,1,0.8076119150457385
RF,7167,1,1,0.7693210018301481
RF,4199,1,1,0.9450769252237162
RF,9159,1,1,0.6590480214230215
RF,9544,1,1,0.9220770505452837
RF,2886,1,1,0.9914835793316287
RF,5677,0,0,0.33700209293630345
RF,8664,1,1,0.8347070205336459
RF,8499,1,0,0.39029458497299063
RF,3841,0,1,0.5716721725555449
RF,7427,1,0,0.37921468905771233
XGB,3249,1,1,0.939380943775177
XGB,3478,0,0,0.04016570746898651
XGB,7812,1,1,0.9759588241577148
XGB,5616,0,0,0.2757226228713989
XGB,4266,1,1,0.9575709700584412
XGB,8826,1,1,0.9876461625099182
XGB,8169,1,1,0.9272062182426453
XGB,965,1,1,0.9171326756477356
XGB,1032,1,1,0.961297869682312
XGB,8750,1,1,0.9479964375495911
XGB,5637,0,0,0.4285711348056793
XGB,1319,0,0,0.24926936626434326
XGB,2407,1,1,0.9190557599067688
XGB,3404,1,1,0.9341541528701782
XGB,9260,1,1,0.9682726860046387
XGB,5943,1,1,0.9600301384925842
XGB,7619,0,0,0.27011221647262573
XGB,6557,1,1,0.9328002333641052
XGB,7382,1,1,0.9921356439590454
XGB,483,1,1,0.8869849443435669
XGB,2328,1,1,0.9814360737800598
XGB,2163,1,1,0.9675523042678833
XGB,8324,0,0,0.32055604457855225
XGB,6623,1,1,0.9926089644432068
XGB,344,1,1,0.9087430238723755
XGB,8062,1,1,0.927432119846344
XGB,3970,1,0,0.23844750225543976
XGB,6801,0,0,0.22740057110786438
XGB,2341,1,1,0.9549958109855652
XGB,38,0,0,0.10807405412197113
XGB,2232,1,1,0.7456225156784058
XGB,1772,1,1,0.9539326429367065
XGB,4630,1,1,0.9754142165184021
XGB,1106,1,1,0.9918109178543091
XGB,6398,1,0,0.07785367965698242
XGB,4170,0,0,0.2973206043243408
XGB,4186,1,1,0.9908912777900696
XGB,7078,1,1,0.9743174314498901
XGB,6448,1,1,0.9694366455078125
XGB,3889,1,0,0.14771902561187744
XGB,2066,1,1,0.9226951003074646
XGB,8645,1,1,0.9957778453826904
XGB,6726,1,1,0.9876404404640198
XGB,7737,1,1,0.9387906789779663
XGB,8141,1,1,0.7429667115211487
XGB,4436,1,1,0.9571146965026855
XGB,8127,1,1,0.9833954572677612
XGB,403,1,1,0.7860267758369446
XGB,8877,1,1,0.9420429468154907
XGB,2241,1,1,0.7408604025840759
XGB,4898,0,0,0.04980188608169556
XGB,7782,0,0,0.07785160094499588
XGB,2023,0,0,0.04460890218615532
XGB,2466,1,1,0.5214553475379944
XGB,5572,0,0,0.05588637292385101
XGB,492,1,0,0.2451017051935196
XGB,5021,0,0,0.42204105854034424
XGB,8408,0,0,0.0686945840716362
XGB,1086,1,0,0.12895622849464417
XGB,6804,0,0,0.1382688581943512
XGB,4231,0,0,0.08222796022891998
XGB,7639,0,1,0.9781769514083862
XGB,4302,1,1,0.8904754519462585
XGB,4052,1,1,0.9798521995544434
XGB,1349,1,1,0.9434880614280701
XGB,8550,1,0,0.4669579863548279
XGB,393,1,1,0.9292499423027039
XGB,5116,0,0,0.24224838614463806
XGB,7090,1,1,0.9431042671203613
XGB,5235,0,0,0.20191848278045654
XGB,4074,0,0,0.04887162148952484
XGB,5143,1,1,0.8847454786300659
XGB,3960,0,0,0.08241147547960281
XGB,5923,1,1,0.9284216165542603
XGB,3438,1,0,0.18746435642242432
XGB,2443,1,1,0.6934518814086914
XGB,300,1,1,0.6113836765289307
XGB,6635,1,1,0.7313535809516907
XGB,293,1,1,0.8739198446273804
XGB,2440,1,0,0.4844265878200531
XGB,9399,1,1,0.9887852668762207
XGB,8023,1,1,0.865772545337677
XGB,7301,1,1,0.835047721862793
XGB,1150,1,1,0.9530699253082275
XGB,7125,0,0,0.07838057726621628
XGB,8147,1,1,0.9816104173660278
XGB,2393,1,1,0.6987963914871216
XGB,5994,0,0,0.07505661249160767
XGB,4341,0,0,0.061537276953458786
XGB,4201,1,1,0.9657672643661499
XGB,5865,1,1,0.5134510397911072
XGB,6025,1,1,0.9377937316894531
XGB,2069,0,0,0.057046566158533096
XGB,2031,0,0,0.025931306183338165
XGB,2115,1,1,0.9329229593276978
XGB,8037,0,0,0.006130147259682417
XGB,4804,1,1,0.9902576208114624
XGB,4964,0,0,0.4717690348625183
XGB,6071,1,1,0.8409926891326904
XGB,1417,1,1,0.9665772914886475
XGB,1906,1,1,0.9699904322624207
XGB,6162,1,1,0.9768169522285461
XGB,6088,1,1,0.9723318219184875
XGB,6065,1,1,0.990451455116272
XGB,6378,1,1,0.7311729788780212
XGB,2997,1,0,0.04921474680304527
XGB,3144,0,0,0.10001253336668015
XGB,6750,1,1,0.9684038758277893
XGB,1630,1,1,0.8112689852714539
XGB,9482,1,1,0.96358722448349
XGB,8906,1,1,0.8399165868759155
XGB,4327,0,0,0.04800373315811157
XGB,2582,0,0,0.05899791046977043
XGB,2621,0,0,0.04887162148952484
XGB,8362,0,0,0.2567214071750641
XGB,3995,1,1,0.9325922727584839
XGB,806,1,1,0.8886813521385193
XGB,2279,1,1,0.9164032936096191
XGB,9140,1,1,0.9641234874725342
XGB,7792,0,0,0.02154305763542652
XGB,6914,1,1,0.9923619031906128
XGB,6650,1,1,0.9939354062080383
XGB,2925,1,1,0.915536642074585
XGB,5188,0,0,0.07545334100723267
XGB,8578,1,1,0.9801984429359436
XGB,1212,1,1,0.5871148705482483
XGB,4140,0,0,0.40700221061706543
XGB,4117,1,1,0.9846565127372742
XGB,1928,1,0,0.453772634267807
XGB,129,0,0,0.33707669377326965
XGB,4660,0,0,0.37025395035743713
XGB,6055,1,1,0.8757710456848145
XGB,5332,0,0,0.04410051181912422
XGB,8928,1,1,0.9772883057594299
XGB,2557,1,0,0.07605428248643875
XGB,7454,0,0,0.017895886674523354
XGB,2528,1,1,0.9325922727584839
XGB,8136,1,1,0.8317791819572449
XGB,49,0,0,0.31628701090812683
XGB,8079,1,1,0.8436214327812195
XGB,9039,1,1,0.8381673693656921
XGB,456,1,1,0.8692148923873901
XGB,7039,1,1,0.938016951084137
XGB,4743,1,0,0.054505255073308945
XGB,2940,1,0,0.19476468861103058
XGB,602,1,1,0.8843627572059631
XGB,5566,0,0,0.2798203229904175
XGB,7438,1,0,0.1161373183131218
XGB,3615,1,1,0.8041074872016907
XGB,678,1,1,0.8847113251686096
XGB,3521,1,1,0.5101599097251892
XGB,6333,1,0,0.05069350078701973
XGB,96,0,0,0.1342892050743103
XGB,9249,1,1,0.9582042694091797
XGB,5505,0,0,0.23399090766906738
XGB,1420,1,1,0.9952321648597717
XGB,3244,0,0,0.29057928919792175
XGB,1476,0,1,0.889886736869812
XGB,1875,1,1,0.9179646372795105
XGB,8682,1,1,0.9841780066490173
XGB,7748,0,1,0.5172961354255676
XGB,5095,0,0,0.06694504618644714
XGB,2145,1,1,0.6574463844299316
XGB,159,1,0,0.08993131667375565
XGB,651,1,1,0.9908642172813416
XGB,7238,0,0,0.05160185322165489
XGB,8922,1,1,0.9500013589859009
XGB,2248,1,1,0.9131364822387695
XGB,4699,1,1,0.903771698474884
XGB,3858,1,0,0.1016421765089035
XGB,7323,0,0,0.025931306183338165
XGB,5023,0,0,0.059366270899772644
XGB,3687,1,1,0.5878440141677856
XGB,8861,1,1,0.9727758765220642
XGB,8838,1,1,0.9768169522285461
XGB,2306,1,1,0.9055917859077454
XGB,6742,1,1,0.9359521865844727
XGB,3109,1,1,0.8939524292945862
XGB,5744,0,0,0.0665079727768898
XGB,3308,1,1,0.7073519825935364
XGB,4710,0,0,0.22830677032470703
XGB,746,1,1,0.9544438719749451
XGB,3105,1,1,0.9756549596786499
XGB,2518,1,0,0.04795367270708084
XGB,9245,1,1,0.9906189441680908
XGB,7774,0,1,0.5883053541183472
XGB,8119,1,1,0.8822149634361267
XGB,1387,0,0,0.027564242482185364
XGB,1837,1,1,0.9563331007957458
XGB,5382,0,0,0.42108839750289917
XGB,6218,0,0,0.04800373315811157
XGB,275,1,0,0.1781347692012787
XGB,2747,1,0,0.07505661249160767
XGB,5788,0,0,0.07501481473445892
XGB,5110,0,0,0.4972575902938843
XGB,7133,1,1,0.9742550849914551
XGB,4639,0,0,0.27724820375442505
XGB,6499,1,1,0.9353800415992737
XGB,2860,1,0,0.26359546184539795
XGB,1397,1,1,0.9781405925750732
XGB,4096,1,1,0.9717526435852051
XGB,4993,0,0,0.15419352054595947
XGB,8471,0,0,0.22693468630313873
XGB,8368,0,0,0.05549618974328041
XGB,8352,0,0,0.184017151594162
XGB,9392,1,1,0.9809805750846863
XGB,3869,1,0,0.28571563959121704
XGB,7356,1,0,0.4419557452201843
XGB,8761,1,1,0.9540269374847412
XGB,3313,1,1,0.9168696403503418
XGB,2304,0,0,0.04416707530617714
XGB,2798,1,1,0.9287205338478088
XGB,2887,1,1,0.971001386642456
XGB,3056,1,0,0.09303987771272659
XGB,636,1,1,0.6235912442207336
XGB,1158,1,1,0.9797009229660034
XGB,944,1,1,0.9690264463424683
XGB,597,1,1,0.6962213516235352
XGB,345,1,1,0.7154932022094727
XGB,3017,1,1,0.9304944276809692
XGB,2644,0,0,0.1382688581943512
XGB,7465,1,1,0.5234429836273193
XGB,3378,1,1,0.9447787404060364
XGB,8537,1,1,0.9249948263168335
XGB,9511,1,1,0.9767994284629822
XGB,7029,1,1,0.9859386086463928
XGB,1953,1,1,0.9748690724372864
XGB,6149,1,1,0.9425275325775146
XGB,3904,0,1,0.7754260897636414
XGB,1405,1,1,0.9365295767784119
XGB,4829,0,1,0.5168313384056091
XGB,8656,1,1,0.9933884143829346
XGB,4573,1,0,0.29467761516571045
XGB,6556,1,0,0.3090311884880066
XGB,3882,1,0,0.07613316923379898
XGB,8430,0,0,0.10562257468700409
XGB,2897,1,1,0.9083955883979797
XGB,4349,1,1,0.9836175441741943
XGB,2490,0,1,0.6629174947738647
XGB,2030,0,0,0.14717574417591095
XGB,9541,1,1,0.9898736476898193
XGB,7854,1,1,0.8961681723594666
XGB,9382,1,1,0.9867569208145142
XGB,5465,0,0,0.02496377006173134
XGB,1131,0,0,0.03547530993819237
XGB,6308,1,0,0.05590105429291725
XGB,9211,1,1,0.9487912654876709
XGB,3435,1,1,0.9141684174537659
XGB,7343,0,1,0.5505573749542236
XGB,5936,1,1,0.8583488464355469
XGB,6177,1,1,0.8863551020622253
XGB,4543,1,1,0.9742481708526611
XGB,8256,0,0,0.15583878755569458
XGB,6869,1,1,0.9846565127372742
XGB,736,0,0,0.04995628446340561
XGB,6873,0,0,0.048643648624420166
XGB,7135,1,0,0.14724299311637878
XGB,3821,0,0,0.4921061098575592
XGB,1715,1,1,0.9151368141174316
XGB,2308,1,1,0.9453138113021851
XGB,6331,1,1,0.9628898501396179
XGB,1470,1,1,0.8891615867614746
XGB,3621,1,1,0.8675525784492493
XGB,518,1,1,0.9859191179275513
XGB,4889,1,1,0.9357631802558899
XGB,987,1,1,0.9830324649810791
XGB,4983,0,0,0.22762076556682587
XGB,2403,1,1,0.9137557744979858
XGB,6651,1,1,0.9918256998062134
XGB,8083,1,1,0.9033204913139343
XGB,5697,0,0,0.039559997618198395
XGB,539,1,1,0.8974072933197021
XGB,753,1,1,0.9759358763694763
XGB,2935,1,1,0.961783766746521
XGB,8010,0,0,0.09115715324878693
XGB,7643,0,0,0.16058267652988434
XGB,2462,1,1,0.8973696827888489
XGB,5391,0,0,0.15027104318141937
XGB,4643,0,0,0.051814816892147064
XGB,3112,1,1,0.9746326804161072
XGB,3361,1,1,0.9053343534469604
XGB,3565,1,0,0.23046769201755524
XGB,1054,1,1,0.9549695253372192
XGB,8243,1,1,0.9131364822387695
XGB,7604,0,0,0.30511945486068726
XGB,7102,1,1,0.7305837869644165
XGB,3774,0,0,0.40987929701805115
XGB,1199,0,0,0.09784870594739914
XGB,430,1,1,0.9683462381362915
XGB,5791,0,0,0.08106397837400436
XGB,7223,1,1,0.8217464685440063
XGB,9353,1,1,0.976893961429596
XGB,556,1,1,0.9363816976547241
XGB,9302,1,1,0.9849348068237305
XGB,3964,1,1,0.5114954710006714
XGB,6562,1,0,0.26140737533569336
XGB,1050,1,1,0.978023111820221
XGB,9276,1,1,0.9461525082588196
XGB,7113,1,1,0.8522841334342957
XGB,7114,1,0,0.088785320520401
XGB,7511,1,0,0.42413103580474854
XGB,1718,1,1,0.90191251039505
XGB,8121,0,0,0.15153491497039795
XGB,1078,0,0,0.07315922528505325
XGB,4495,0,0,0.034236133098602295
XGB,8910,1,1,0.9923754334449768
XGB,7230,0,0,0.3377791941165924
XGB,7226,0,0,0.02020838111639023
XGB,3007,1,0,0.22830677032470703
XGB,4978,0,0,0.11942743510007858
XGB,8896,1,1,0.9829357862472534
XGB,5882,1,0,0.04210595786571503
XGB,4821,1,1,0.9914736747741699
XGB,8154,1,1,0.9647018313407898
XGB,2483,0,0,0.05034463852643967
XGB,6110,0,0,0.06010955572128296
XGB,5378,0,0,0.03062952309846878
XGB,1949,0,0,0.36152374744415283
XGB,1883,1,1,0.9611970782279968
XGB,2297,1,1,0.7355566024780273
XGB,4655,1,1,0.8497817516326904
XGB,544,1,1,0.8640864491462708
XGB,4689,1,1,0.9813821315765381
XGB,80,0,0,0.07203178107738495
XGB,190,1,0,0.278183251619339
XGB,3573,1,0,0.4414080083370209
XGB,2426,1,1,0.9048771262168884
XGB,4483,1,1,0.9262422919273376
XGB,3463,1,1,0.9902576208114624
XGB,5375,0,0,0.09367460757493973
XGB,8855,1,1,0.9894092082977295
XGB,7121,0,0,0.12540625035762787
XGB,8467,0,0,0.32124054431915283
XGB,5512,1,0,0.14786462485790253
XGB,5978,1,1,0.9387859106063843
XGB,6209,1,1,0.744557797908783
XGB,2178,1,1,0.9654143452644348
XGB,2266,1,1,0.7585710883140564
XGB,1323,1,1,0.9924922585487366
XGB,5398,0,0,0.3708527386188507
XGB,8727,1,1,0.9824085831642151
XGB,5373,0,0,0.11757300049066544
XGB,7358,1,0,0.17088240385055542
XGB,2926,1,1,0.9443635940551758
XGB,9074,1,1,0.9629303216934204
XGB,6234,0,1,0.6170445680618286
XGB,7152,1,1,0.9936060905456543
XGB,427,1,0,0.03573271259665489
XGB,1090,1,1,0.9356825947761536
XGB,5564,0,0,0.2626314163208008
XGB,6287,1,1,0.9716586470603943
XGB,5992,0,0,0.2884015440940857
XGB,1367,1,1,0.9937936067581177
XGB,3781,1,1,0.5487897992134094
XGB,7636,0,0,0.3147984743118286
XGB,7478,1,0,0.11223921179771423
XGB,8774,1,1,0.9677326083183289
XGB,6037,1,0,0.25280821323394775
XGB,6085,1,1,0.9291295409202576
XGB,6295,1,1,0.9621559977531433
XGB,2912,1,1,0.9676923751831055
XGB,9457,1,1,0.9855837821960449
XGB,7519,1,1,0.9814360737800598
XGB,3501,1,1,0.9123748540878296
XGB,5644,0,0,0.19016233086585999
XGB,8660,1,1,0.9637043476104736
XGB,2494,0,0,0.15316978096961975
XGB,7953,0,0,0.1056341677904129
XGB,4312,1,1,0.9839485287666321
XGB,1432,1,1,0.9771698117256165
XGB,6216,1,1,0.7819476127624512
XGB,3516,0,1,0.8374459147453308
XGB,4107,0,0,0.04460890218615532
XGB,2246,1,1,0.9482249021530151
XGB,6598,1,1,0.8830071687698364
XGB,8293,0,0,0.08576086163520813
XGB,6509,1,0,0.45590171217918396
XGB,6201,1,1,0.528765082359314
XGB,6807,1,1,0.8549666404724121
XGB,4604,1,1,0.9898161888122559
XGB,5820,0,0,0.14935986697673798
XGB,2363,1,1,0.933459460735321
XGB,3599,1,1,0.9884828925132751
XGB,1442,1,1,0.9410709738731384
XGB,785,1,1,0.9922415018081665
XGB,6238,1,1,0.8578594923019409
XGB,1147,1,1,0.8583488464355469
XGB,8498,1,1,0.8846542239189148
XGB,1823,1,1,0.9831210374832153
XGB,2532,1,0,0.05685156211256981
XGB,4999,0,0,0.24817538261413574
XGB,298,1,0,0.33888599276542664
XGB,5140,1,1,0.95728600025177
XGB,3856,0,0,0.06036737561225891
XGB,7144,1,1,0.9622894525527954
XGB,7790,1,1,0.9657096862792969
XGB,2000,0,0,0.05952370539307594
XGB,5337,0,0,0.28581222891807556
XGB,3362,1,0,0.3468610942363739
XGB,5123,1,1,0.8135970830917358
XGB,7172,0,0,0.06842511147260666
XGB,4470,1,1,0.8941304087638855
XGB,9341,1,1,0.9900107979774475
XGB,391,1,1,0.9756549596786499
XGB,4948,0,0,0.04928318411111832
XGB,5050,0,1,0.8549171090126038
XGB,3857,0,0,0.2062465101480484
XGB,6176,1,1,0.9397118091583252
XGB,4151,1,1,0.938078761100769
XGB,6078,1,0,0.09744494408369064
XGB,8425,0,0,0.17659403383731842
XGB,6729,1,1,0.7681530714035034
XGB,8264,0,0,0.05413514003157616
XGB,6769,0,0,0.04782792553305626
XGB,7380,1,1,0.9621503353118896
XGB,5311,1,0,0.2978512644767761
XGB,2513,1,0,0.017280269414186478
XGB,3660,1,1,0.866607666015625
XGB,6595,1,1,0.8675525784492493
XGB,6131,1,1,0.9847971796989441
XGB,2227,0,0,0.021169446408748627
XGB,2634,1,1,0.8916550874710083
XGB,1503,1,1,0.679599940776825
XGB,1339,1,1,0.9829742908477783
XGB,3968,1,1,0.6504473686218262
XGB,529,1,1,0.8667974472045898
XGB,5712,0,1,0.6980953216552734
XGB,341,1,0,0.10136177390813828
XGB,3632,1,1,0.8912959098815918
XGB,3877,1,0,0.1455499231815338
XGB,6941,1,1,0.990451455116272
XGB,759,1,1,0.9597504734992981
XGB,5166,0,0,0.42108839750289917
XGB,6617,1,1,0.930436372756958
XGB,7284,1,1,0.9922415018081665
XGB,5507,0,0,0.04609072580933571
XGB,5098,1,1,0.8474423289299011
XGB,2711,1,1,0.9742977619171143
XGB,2316,1,1,0.7099395990371704
XGB,6787,1,1,0.7565593719482422
XGB,4047,1,1,0.9684038758277893
XGB,5555,0,1,0.853595495223999
XGB,4243,0,0,0.26359546184539795
XGB,7508,1,0,0.2392207384109497
XGB,5141,1,1,0.9882842302322388
XGB,2874,1,1,0.971001386642456
XGB,1219,1,1,0.6692579984664917
XGB,8614,1,1,0.9918564558029175
XGB,7157,1,1,0.9866024255752563
XGB,9349,1,1,0.8969452977180481
XGB,1140,1,1,0.9415956735610962
XGB,6460,1,1,0.9702140092849731
XGB,5556,0,1,0.9603074193000793
XGB,631,1,1,0.7925778031349182
XGB,704,1,1,0.942475438117981
XGB,766,1,1,0.9687605500221252
XGB,8994,1,1,0.9785100221633911
XGB,6661,1,0,0.17422473430633545
XGB,3014,1,1,0.8728756904602051
XGB,7592,1,1,0.9940128922462463
XGB,2565,1,1,0.9263277053833008
XGB,8945,1,1,0.9166646599769592
XGB,8164,0,0,0.08796841651201248
XGB,4688,1,1,0.9554998874664307
XGB,7105,1,1,0.9790377616882324
XGB,4959,0,1,0.6121032238006592
XGB,5260,0,1,0.839207649230957
XGB,5984,1,1,0.9953721165657043
XGB,5467,0,0,0.47924911975860596
XGB,3052,1,1,0.79731285572052
XGB,3064,1,0,0.05329494923353195
XGB,2616,1,1,0.995824933052063
XGB,6854,1,1,0.9423603415489197
XGB,4808,1,1,0.9768720269203186
XGB,6247,1,1,0.9786434769630432
XGB,8061,1,1,0.8718520402908325
XGB,4878,1,1,0.9828254580497742
XGB,5647,1,1,0.6636413931846619
XGB,2390,0,0,0.14642983675003052
XGB,5263,1,0,0.4930465519428253
XGB,5690,0,0,0.3799322247505188
XGB,8839,1,1,0.9911081790924072
XGB,5292,0,0,0.14241860806941986
XGB,5209,0,1,0.7686092257499695
XGB,5888,1,1,0.9918109178543091
XGB,2693,1,1,0.9747774004936218
XGB,2822,1,1,0.9550360441207886
XGB,8947,1,1,0.9774900078773499
XGB,3549,1,1,0.8544844388961792
XGB,6407,1,1,0.9364988803863525
XGB,5868,1,1,0.968528687953949
XGB,3387,0,0,0.22674886882305145
XGB,4951,0,0,0.25817760825157166
XGB,8992,1,0,0.4179394543170929
XGB,3416,1,0,0.10586603730916977
XGB,1281,0,0,0.23569032549858093
XGB,6429,1,1,0.9828153252601624
XGB,1,0,0,0.049195900559425354
XGB,5086,0,1,0.8977341055870056
XGB,6714,1,1,0.968528687953949
XGB,3433,1,0,0.21570484340190887
XGB,8616,1,1,0.9495760202407837
XGB,5203,0,0,0.10876895487308502
XGB,8280,1,1,0.9888678789138794
XGB,3933,1,0,0.2692357003688812
XGB,2594,1,1,0.9646991491317749
XGB,8057,1,1,0.9455749988555908
XGB,3329,1,1,0.9553033709526062
XGB,892,1,1,0.9527466297149658
XGB,6585,1,1,0.959558367729187
XGB,1063,1,1,0.8884525299072266
XGB,1601,0,0,0.24836042523384094
XGB,6643,1,1,0.9442242383956909
XGB,5693,0,0,0.3782943785190582
XGB,8075,1,0,0.10732287168502808
XGB,5333,0,1,0.6335062980651855
XGB,4830,1,1,0.9299883842468262
XGB,139,1,1,0.5273441076278687
XGB,6715,1,1,0.9570201635360718
XGB,2775,1,1,0.9694366455078125
XGB,7056,1,1,0.9677954316139221
XGB,5132,1,0,0.0920068621635437
XGB,5986,1,1,0.9846565127372742
XGB,5408,0,0,0.08705369383096695
XGB,3723,0,0,0.37160512804985046
XGB,513,1,1,0.9650896191596985
XGB,5604,0,0,0.03945659473538399
XGB,4815,0,0,0.026504483073949814
XGB,9507,1,1,0.9466162919998169
XGB,8615,1,0,0.1668807864189148
XGB,7075,1,0,0.07281100749969482
XGB,4332,0,0,0.08916113525629044
XGB,1628,1,1,0.8250516653060913
XGB,2650,1,1,0.9600301384925842
XGB,2473,1,1,0.9102180004119873
XGB,9509,1,1,0.9689841270446777
XGB,5124,0,1,0.9669753909111023
XGB,4449,1,1,0.958389937877655
XGB,2071,1,0,0.24574336409568787
XGB,6058,1,1,0.9771578311920166
XGB,2827,1,1,0.8497817516326904
XGB,5509,0,0,0.07382439821958542
XGB,9153,1,1,0.9600589275360107
XGB,4389,0,0,0.29057928919792175
XGB,8982,1,1,0.8619498610496521
XGB,2478,0,0,0.05740324407815933
XGB,1390,1,1,0.949182391166687
XGB,3242,0,0,0.025975877419114113
XGB,4586,1,1,0.9943667054176331
XGB,3642,1,1,0.9506070613861084
XGB,8456,0,0,0.05476227402687073
XGB,3919,1,1,0.7283498644828796
XGB,7486,0,0,0.03934679552912712
XGB,6886,0,0,0.051814816892147064
XGB,8281,1,1,0.9165956377983093
XGB,2802,1,1,0.8156141042709351
XGB,226,0,1,0.6507603526115417
XGB,2673,1,0,0.03872476518154144
XGB,1990,1,1,0.5929331183433533
XGB,8406,0,0,0.11615883558988571
XGB,3894,0,1,0.7783985137939453
XGB,2170,1,1,0.7590846419334412
XGB,4661,1,1,0.9925417900085449
XGB,2726,1,1,0.9684749841690063
XGB,2869,1,1,0.9771578311920166
XGB,1110,1,1,0.9798521995544434
XGB,2894,1,1,0.9410709738731384
XGB,68,0,0,0.04875308647751808
XGB,7904,1,0,0.4205942749977112
XGB,1425,1,1,0.9294413924217224
XGB,6130,1,0,0.1109248697757721
XGB,3935,0,0,0.40731680393218994
XGB,8533,1,1,0.9461209177970886
XGB,9201,1,1,0.954932689666748
XGB,5905,1,1,0.9932190775871277
XGB,6219,0,0,0.24241375923156738
XGB,9084,1,1,0.9752662181854248
XGB,6821,0,0,0.03438163548707962
XGB,8757,1,1,0.9171348810195923
XGB,6868,1,1,0.9933565258979797
XGB,4561,1,1,0.9784082174301147
XGB,9506,1,1,0.9698868989944458
XGB,5795,0,0,0.09148508310317993
XGB,6338,0,0,0.05007052421569824
XGB,5016,0,0,0.0783771499991417
XGB,8763,1,1,0.9673879742622375
XGB,6668,1,1,0.5660197138786316
XGB,3716,0,1,0.6325417757034302
XGB,4539,1,1,0.9840326905250549
XGB,6210,1,1,0.9260803461074829
XGB,8735,1,1,0.9563825130462646
XGB,7441,1,0,0.2187892645597458
XGB,4297,1,1,0.98249751329422
XGB,1886,1,1,0.9859469532966614
XGB,3220,0,0,0.03177196905016899
XGB,7544,1,0,0.472228467464447
XGB,4752,0,0,0.01984148472547531
XGB,4850,1,0,0.3417097330093384
XGB,7310,1,1,0.8681696057319641
XGB,8016,0,0,0.10297872126102448
XGB,4650,0,0,0.24926936626434326
XGB,6346,1,1,0.9699904322624207
XGB,5561,0,0,0.44856736063957214
XGB,7701,1,0,0.47462838888168335
XGB,2778,1,1,0.758782684803009
XGB,9472,1,1,0.6411513686180115
XGB,1551,1,1,0.9459731578826904
XGB,5536,0,0,0.1844681352376938
XGB,7190,0,0,0.17623008787631989
XGB,9493,1,1,0.9499356150627136
XGB,9099,1,0,0.46406450867652893
XGB,6320,0,0,0.20774589478969574
XGB,361,1,1,0.7843612432479858
XGB,1381,1,1,0.8728756904602051
XGB,5287,0,0,0.06389132887125015
XGB,4213,1,1,0.8497817516326904
XGB,4953,0,1,0.5142406225204468
XGB,4750,0,1,0.6636413931846619
XGB,8965,1,1,0.9851651191711426
XGB,2751,1,0,0.04248756542801857
XGB,1638,1,1,0.8652961850166321
XGB,2531,1,0,0.12620429694652557
XGB,8895,1,1,0.9953340888023376
XGB,3817,1,0,0.30073606967926025
XGB,3789,0,0,0.2743586599826813
XGB,4777,0,0,0.22065134346485138
XGB,3424,1,1,0.9295647740364075
XGB,4646,1,1,0.9549610614776611
XGB,3336,1,1,0.9940128922462463
XGB,2715,1,0,0.10627052187919617
XGB,7248,0,0,0.17664845287799835
XGB,7629,0,0,0.34313681721687317
XGB,9411,1,1,0.978335976600647
XGB,7916,0,0,0.0808393806219101
XGB,8881,1,1,0.9696698188781738
XGB,5900,1,1,0.994047999382019
XGB,5924,1,1,0.8953023552894592
XGB,4500,0,0,0.2724963426589966
XGB,8433,0,0,0.1713622659444809
XGB,2437,1,1,0.9812005162239075
XGB,6789,1,1,0.9263277053833008
XGB,6323,0,0,0.03042163886129856
XGB,2070,0,0,0.120388925075531
XGB,9422,1,1,0.996402382850647
XGB,5254,0,0,0.49921873211860657
XGB,3413,1,1,0.9193841218948364
XGB,856,1,1,0.7305811643600464
XGB,6226,1,1,0.9619390964508057
XGB,8297,0,0,0.15910778939723969
XGB,5732,0,0,0.17965374886989594
XGB,2684,1,1,0.9084561467170715
XGB,4041,1,1,0.9833969473838806
XGB,3078,1,0,0.07838057726621628
XGB,7955,0,0,0.3078019917011261
XGB,5322,0,0,0.07201898097991943
XGB,7958,1,1,0.7234891057014465
XGB,3393,1,1,0.9824931621551514
XGB,2015,1,1,0.9921067953109741
XGB,7477,1,0,0.16111160814762115
XGB,7138,1,1,0.9236289858818054
XGB,6387,1,1,0.9758256077766418
XGB,9545,1,1,0.9795246720314026
XGB,6051,1,1,0.9754689931869507
XGB,685,1,1,0.9350125193595886
XGB,8501,1,1,0.9118033051490784
XGB,5663,0,0,0.03062952309846878
XGB,7046,1,1,0.903771698474884
XGB,4442,1,1,0.9893590211868286
XGB,7457,0,0,0.02300315536558628
XGB,8765,1,1,0.9916925430297852
XGB,8025,1,1,0.9345429539680481
XGB,8026,0,1,0.5168313384056091
XGB,1461,1,1,0.9055067300796509
XGB,1727,1,1,0.9726521372795105
XGB,1298,0,0,0.2197900265455246
XGB,5831,0,1,0.5868014097213745
XGB,1133,1,1,0.8472269177436829
XGB,7272,1,1,0.9497592449188232
XGB,4807,1,1,0.9895209074020386
XGB,4944,0,1,0.9091899991035461
XGB,5233,0,0,0.15103359520435333
XGB,540,1,1,0.7167078256607056
XGB,9069,1,1,0.9889817833900452
XGB,954,1,1,0.9527899026870728
XGB,2946,1,1,0.9887603521347046
XGB,2298,0,0,0.0959082618355751
XGB,573,1,0,0.2686087489128113
XGB,3936,1,0,0.40731680393218994
XGB,4503,0,0,0.3090311884880066
XGB,1660,1,1,0.9260803461074829
XGB,7474,0,0,0.3090311884880066
XGB,9007,1,1,0.9801473617553711
XGB,8643,1,1,0.9799433350563049
XGB,6007,1,0,0.23569032549858093
XGB,147,0,0,0.22168409824371338
XGB,3121,1,1,0.9870985150337219
XGB,4,0,0,0.22511115670204163
XGB,888,1,1,0.9754192233085632
XGB,6927,1,1,0.991105854511261
XGB,9449,1,1,0.9767270088195801
XGB,6614,1,1,0.9506070613861084
XGB,4062,1,1,0.9921947717666626
XGB,8811,1,1,0.9765493869781494
XGB,7149,1,1,0.936556875705719
XGB,4003,1,1,0.9837135076522827
XGB,2217,1,1,0.8435975909233093
XGB,4110,1,1,0.9423603415489197
XGB,5855,1,1,0.9181591868400574
XGB,1853,0,0,0.06300710141658783
XGB,3801,0,0,0.31006914377212524
XGB,5734,0,0,0.04150579869747162
XGB,2211,1,1,0.9328002333641052
XGB,8204,1,1,0.9816577434539795
XGB,1406,1,1,0.9857164025306702
XGB,9362,1,1,0.9813873767852783
XGB,7724,1,1,0.9779180288314819
XGB,4296,1,1,0.9216528534889221
XGB,4880,1,1,0.9874740839004517
XGB,6642,1,1,0.9778033494949341
XGB,9038,1,1,0.9155197143554688
XGB,2150,1,1,0.6807855367660522
XGB,5596,0,0,0.12228063493967056
XGB,5587,0,0,0.052115704864263535
XGB,9503,1,1,0.9695413112640381
XGB,5745,1,1,0.8015485405921936
XGB,3567,1,0,0.11190574616193771
XGB,3578,0,0,0.0431363582611084
XGB,9340,1,1,0.9921356439590454
XGB,1419,1,1,0.9772912859916687
XGB,2580,0,0,0.15920795500278473
XGB,1624,1,1,0.9907830953598022
XGB,6571,0,0,0.03934679552912712
XGB,8284,1,0,0.0795382633805275
XGB,1994,1,1,0.9627963900566101
XGB,4823,1,1,0.9924105405807495
XGB,3430,1,0,0.04460890218615532
XGB,6150,0,0,0.05198551341891289
XGB,8348,0,0,0.05425216257572174
XGB,9413,1,1,0.9853004813194275
XGB,7005,1,0,0.30577534437179565
XGB,7171,1,1,0.9234211444854736
XGB,4771,0,0,0.1675226390361786
XGB,5707,0,1,0.6092745661735535
XGB,379,1,1,0.5694334506988525
XGB,6508,0,0,0.08551132678985596
XGB,8116,1,1,0.8032007813453674
XGB,4164,1,1,0.7614946961402893
XGB,6649,1,1,0.9913103580474854
XGB,3711,1,0,0.26521721482276917
XGB,3454,1,1,0.9914736747741699
XGB,7764,1,1,0.7525686025619507
XGB,4949,0,0,0.07493739575147629
XGB,5414,0,0,0.040987759828567505
XGB,5307,1,1,0.9899555444717407
XGB,8438,0,0,0.3805517256259918
XGB,7855,1,1,0.9853456020355225
XGB,337,1,1,0.6522418856620789
XGB,5113,0,0,0.041723862290382385
XGB,9190,1,1,0.6368059515953064
XGB,6608,1,1,0.7810564041137695
XGB,8160,1,1,0.9013200402259827
XGB,9282,1,1,0.9781399965286255
XGB,1527,1,1,0.8316673636436462
XGB,1327,1,1,0.9577025771141052
XGB,6725,1,1,0.5834991335868835
XGB,2744,1,0,0.048643648624420166
XGB,4809,1,1,0.9936029314994812
XGB,9499,1,1,0.9904886484146118
XGB,6336,1,1,0.9512426257133484
XGB,5645,0,0,0.11757300049066544
XGB,2540,1,1,0.9876404404640198
XGB,4669,1,1,0.991105854511261
XGB,1423,1,1,0.940971314907074
XGB,3286,1,0,0.1144275888800621
XGB,9477,1,1,0.9967648983001709
XGB,9047,1,1,0.8678430318832397
XGB,4759,1,1,0.8826795816421509
XGB,1184,0,0,0.27163824439048767
XGB,6221,1,0,0.125909224152565
XGB,741,1,1,0.9697343111038208
XGB,3816,1,0,0.1842704564332962
XGB,7858,1,1,0.9491583108901978
XGB,37,0,0,0.11432957649230957
XGB,3331,0,0,0.1486847847700119
XGB,3189,0,0,0.02004539966583252
XGB,2350,1,1,0.9028124213218689
XGB,3293,1,1,0.7149661779403687
XGB,4350,1,1,0.9836233854293823
XGB,4268,0,0,0.200253427028656
XGB,2808,1,0,0.03942283242940903
XGB,1942,1,1,0.8223642706871033
XGB,2782,1,1,0.9566702246665955
XGB,780,1,1,0.7851454019546509
XGB,6097,1,0,0.200253427028656
XGB,1533,1,1,0.8510809540748596
XGB,8051,1,1,0.9620315432548523
XGB,1530,1,1,0.9824214577674866
XGB,7337,1,1,0.938078761100769
XGB,4273,1,1,0.984588086605072
XGB,828,1,1,0.9285520315170288
XGB,8913,1,1,0.9825380444526672
XGB,647,1,0,0.3252573013305664
XGB,7374,1,1,0.9706166982650757
XGB,6865,1,1,0.9922214150428772
XGB,7082,0,0,0.08037644624710083
XGB,8681,1,1,0.9841340184211731
XGB,2830,1,1,0.9736812710762024
XGB,2527,1,1,0.9732983112335205
XGB,4902,1,1,0.9800998568534851
XGB,7434,1,1,0.6629174947738647
XGB,8468,0,0,0.0625019297003746
XGB,6870,0,0,0.23569032549858093
XGB,4585,1,1,0.9939388036727905
XGB,1422,1,1,0.971001386642456
XGB,4313,1,1,0.8250516653060913
XGB,5285,1,1,0.9842991828918457
XGB,2499,0,0,0.12917692959308624
XGB,2503,1,0,0.23336035013198853
XGB,8647,1,1,0.9731883406639099
XGB,6456,1,1,0.9382659196853638
XGB,7763,1,1,0.9604448676109314
XGB,4134,0,0,0.27724820375442505
XGB,8238,1,1,0.8914613723754883
XGB,4798,1,1,0.9921356439590454
XGB,5755,0,1,0.6848307251930237
XGB,8369,0,0,0.06681860983371735
XGB,5867,1,1,0.8642104864120483
XGB,2764,1,0,0.40700221061706543
XGB,3332,1,1,0.7934059500694275
XGB,5437,0,0,0.26400694251060486
XGB,2508,1,1,0.9627407789230347
XGB,279,1,1,0.8866194486618042
XGB,8600,1,1,0.9291295409202576
XGB,5288,0,0,0.02806326374411583
XGB,2939,1,0,0.19476468861103058
XGB,4749,0,0,0.03952348232269287
XGB,7350,1,1,0.9702346324920654
XGB,6736,1,0,0.29467761516571045
XGB,2781,1,1,0.963019073009491
XGB,228,1,1,0.5743857026100159
XGB,2182,1,1,0.935724675655365
XGB,2290,1,1,0.5581072568893433
XGB,7385,1,1,0.9773216843605042
XGB,149,1,0,0.34620290994644165
XGB,5340,0,0,0.2086106240749359
XGB,1411,1,1,0.9708766341209412
XGB,950,1,1,0.978667140007019
XGB,797,1,1,0.9644151926040649
XGB,1610,0,0,0.06172650307416916
XGB,7771,0,0,0.34540411829948425
XGB,3231,1,1,0.9062497019767761
XGB,9343,1,1,0.9845718145370483
XGB,9288,1,1,0.9909750819206238
XGB,9393,1,1,0.9972186088562012
XGB,1798,1,1,0.9804260730743408
XGB,838,1,1,0.8436214327812195
XGB,3851,0,0,0.08629067242145538
XGB,7712,1,0,0.3718220591545105
XGB,1741,1,1,0.9938289523124695
XGB,4719,0,0,0.24241375923156738
XGB,4138,0,0,0.08869246393442154
XGB,1620,1,1,0.9667351245880127
XGB,7948,0,1,0.9047595262527466
XGB,2012,1,1,0.9902576208114624
XGB,6727,0,0,0.22736722230911255
XGB,4011,1,1,0.8859377503395081
XGB,8733,1,1,0.9524289965629578
XGB,1997,1,1,0.9602386355400085
XGB,9580,1,0,0.10152655094861984
XGB,2225,1,0,0.2460230588912964
XGB,5812,1,1,0.9273805618286133
XGB,5675,0,0,0.057090017944574356
XGB,9214,1,1,0.8503080606460571
XGB,3495,1,1,0.7117471694946289
XGB,3053,1,1,0.7819476127624512
XGB,6936,1,1,0.9729019999504089
XGB,3270,1,0,0.05160185322165489
XGB,5281,0,1,0.8774688243865967
XGB,6507,1,1,0.9287205338478088
XGB,5701,0,0,0.04883866757154465
XGB,7370,1,1,0.6335062980651855
XGB,4498,1,1,0.9701421856880188
XGB,5253,0,0,0.0819709450006485
XGB,7687,0,0,0.21753235161304474
XGB,744,1,1,0.8045246601104736
XGB,2630,1,0,0.09898953139781952
XGB,5987,1,1,0.9945447444915771
XGB,8050,0,1,0.6885032057762146
XGB,2025,1,1,0.9914736747741699
XGB,5449,0,0,0.04795367270708084
XGB,5395,0,0,0.23043954372406006
XGB,7622,0,1,0.8929735422134399
XGB,2208,1,1,0.8877103328704834
XGB,9275,1,1,0.9495759606361389
XGB,2663,1,1,0.790136992931366
XGB,4221,0,0,0.1541288197040558
XGB,4505,1,1,0.852008044719696
XGB,3151,1,1,0.9801458716392517
XGB,8174,0,0,0.046752557158470154
XGB,4176,1,1,0.9536409378051758
XGB,4050,1,1,0.9874767661094666
XGB,450,1,1,0.6973907351493835
XGB,9388,1,1,0.927484929561615
XGB,3862,1,0,0.07596289366483688
XGB,4287,1,1,0.964982271194458
XGB,947,1,0,0.36574283242225647
XGB,415,1,1,0.5473024845123291
XGB,8659,1,1,0.9801458716392517
XGB,6230,1,0,0.05223195254802704
XGB,5515,0,0,0.14960956573486328
XGB,5294,0,0,0.1414014846086502
XGB,9291,1,1,0.947998583316803
XGB,1363,1,1,0.988884449005127
XGB,4618,1,1,0.9604448676109314
XGB,4893,0,0,0.018381133675575256
XGB,5144,0,1,0.8587840795516968
XGB,1993,1,1,0.866585910320282
XGB,3683,1,1,0.7789409756660461
XGB,9513,1,1,0.9884474873542786
XGB,11,0,0,0.16790468990802765
XGB,5019,0,1,0.674825131893158
XGB,2237,0,0,0.14708176255226135
XGB,5186,0,1,0.6626033782958984
XGB,7645,0,0,0.4093892276287079
XGB,9467,1,1,0.9863629937171936
XGB,4238,0,0,0.02803162857890129
XGB,986,1,1,0.9618871212005615
XGB,331,1,1,0.962702214717865
XGB,8712,1,1,0.9764431118965149
XGB,3993,1,1,0.9873815178871155
XGB,9203,1,1,0.9832819104194641
XGB,5560,0,0,0.09012991935014725
XGB,4892,1,1,0.961783766746521
XGB,6475,1,1,0.9657672643661499
XGB,4733,1,1,0.9671635627746582
XGB,8409,0,0,0.062140222638845444
XGB,8612,1,1,0.9556607007980347
XGB,6850,1,1,0.5084139108657837
XGB,843,1,1,0.9332504272460938
XGB,1899,1,1,0.9512426257133484
XGB,5351,0,0,0.055008310824632645
XGB,1383,1,1,0.9476895928382874
XGB,4331,0,0,0.06392598897218704
XGB,7517,1,1,0.9543280005455017
XGB,1036,0,0,0.05685156211256981
XGB,4920,0,0,0.34522610902786255
XGB,3536,1,1,0.9696346521377563
XGB,7863,1,1,0.7547104358673096
XGB,5439,0,1,0.7980986833572388
XGB,2515,1,1,0.9413444995880127
XGB,5348,0,0,0.04565931856632233
XGB,7542,1,0,0.048115890473127365
XGB,896,1,1,0.9682933688163757
XGB,5386,1,0,0.22624975442886353
XGB,9278,1,1,0.9772676229476929
XGB,7982,0,0,0.13167229294776917
XGB,7309,1,1,0.7510342597961426
XGB,1462,1,1,0.6684713959693909
XGB,7220,1,1,0.9512426257133484
XGB,1204,1,1,0.690340518951416
XGB,4233,0,0,0.1750766485929489
XGB,6734,1,1,0.9910968542098999
XGB,9347,1,1,0.9898161888122559
XGB,6829,1,1,0.9623556733131409
XGB,405,1,1,0.7588726878166199
XGB,7461,1,1,0.9077517986297607
XGB,4492,0,0,0.01975562423467636
XGB,9497,1,1,0.960205078125
XGB,1031,1,1,0.9181591868400574
XGB,8634,1,1,0.8445819020271301
XGB,3090,1,1,0.907487154006958
XGB,9010,1,1,0.9876639246940613
XGB,5552,0,0,0.2994694709777832
XGB,8449,0,0,0.19450294971466064
XGB,2563,1,0,0.2212592512369156
XGB,2374,1,1,0.9738869071006775
XGB,7765,0,0,0.3204563558101654
XGB,1203,1,1,0.793592095375061
XGB,1894,0,0,0.03062952309846878
XGB,7072,0,0,0.018381133675575256
XGB,509,1,1,0.6772657036781311
XGB,2250,1,1,0.9219095706939697
XGB,3689,1,1,0.5848862528800964
XGB,8609,1,1,0.9720849394798279
XGB,420,1,1,0.6049773097038269
XGB,4348,1,1,0.8774469494819641
XGB,8588,1,1,0.9842431545257568
XGB,1763,1,1,0.982133686542511
XGB,7466,0,0,0.01975562423467636
XGB,6763,1,1,0.995824933052063
XGB,4598,0,0,0.09898953139781952
XGB,4943,0,1,0.8211671113967896
XGB,7488,1,0,0.11506739258766174
XGB,53,0,0,0.1823917180299759
XGB,6589,0,0,0.012700649909675121
XGB,7417,0,0,0.03999444469809532
XGB,3590,1,0,0.03669756278395653
XGB,2560,1,1,0.979111909866333
XGB,5799,0,0,0.41882795095443726
XGB,2603,1,1,0.9874767661094666
XGB,4053,1,1,0.9894533157348633
XGB,2398,1,1,0.9472398161888123
XGB,8503,1,1,0.9314032793045044
XGB,5226,1,0,0.23393668234348297
XGB,8201,0,0,0.07997003197669983
XGB,2336,1,1,0.9872604608535767
XGB,2945,1,1,0.9914981722831726
XGB,9154,1,1,0.9927242398262024
XGB,8581,1,1,0.984588086605072
XGB,4091,0,0,0.27163824439048767
XGB,3531,1,0,0.017895886674523354
XGB,3373,1,1,0.9318252801895142
XGB,2149,1,1,0.9290485382080078
XGB,4575,1,1,0.9701023697853088
XGB,7240,0,0,0.3195396661758423
XGB,6482,1,1,0.9635193943977356
XGB,7158,1,1,0.9419910311698914
XGB,835,1,1,0.702634871006012
XGB,5684,0,1,0.8631108403205872
XGB,7414,1,1,0.985358715057373
XGB,2255,1,1,0.9847536087036133
XGB,426,1,1,0.8740639090538025
XGB,5658,0,0,0.10539217293262482
XGB,6698,1,0,0.09137161821126938
XGB,6702,1,1,0.9181591868400574
XGB,1416,1,1,0.9948550462722778
XGB,1714,1,1,0.9699440598487854
XGB,4671,1,1,0.9865007996559143
XGB,3611,0,0,0.06198325753211975
XGB,1272,1,1,0.9908635020256042
XGB,8108,1,1,0.9709261655807495
XGB,4680,1,1,0.8409926891326904
XGB,994,1,1,0.7410708069801331
XGB,3016,1,0,0.10315603017807007
XGB,5710,0,0,0.06814179569482803
XGB,8338,0,0,0.074355348944664
XGB,3149,1,1,0.9345429539680481
XGB,7493,0,0,0.04760150983929634
XGB,3511,1,0,0.02854081243276596
XGB,653,1,1,0.8942936062812805
XGB,603,1,1,0.8872743844985962
XGB,6470,1,1,0.9824931621551514
XGB,5163,0,0,0.060349322855472565
XGB,5207,0,0,0.20278194546699524
XGB,7913,0,0,0.0765746533870697
XGB,4223,0,0,0.25280821323394775
XGB,1368,1,1,0.9736812710762024
XGB,3356,1,1,0.923886239528656
XGB,495,1,1,0.6904981732368469
XGB,6544,0,0,0.02300315536558628
XGB,19,0,0,0.09986680746078491
XGB,5584,0,0,0.05017530545592308
XGB,1855,0,0,0.03177196905016899
XGB,3202,1,0,0.049153126776218414
XGB,2022,0,0,0.04736756905913353
XGB,4952,0,0,0.07260368019342422
XGB,8331,0,0,0.163142591714859
XGB,8216,0,0,0.037461839616298676
XGB,1957,1,1,0.9693868160247803
XGB,5022,0,0,0.32652872800827026
XGB,512,1,1,0.9381335377693176
XGB,8214,1,1,0.5025641322135925
XGB,6269,1,1,0.9893471002578735
XGB,2408,1,1,0.9458616971969604
XGB,4338,0,0,0.03523678705096245
XGB,3237,1,1,0.9907804131507874
XGB,3240,1,0,0.11901011317968369
XGB,9578,1,1,0.9931187629699707
XGB,9338,1,1,0.9900574088096619
XGB,778,1,0,0.30954545736312866
XGB,4836,1,1,0.9356704354286194
XGB,5501,0,0,0.09784870594739914
XGB,8080,0,0,0.060993410646915436
XGB,1194,1,1,0.9193040132522583
XGB,4763,0,0,0.17664845287799835
XGB,7419,1,0,0.39213669300079346
XGB,1843,1,1,0.6421801447868347
XGB,6753,1,1,0.994047999382019
XGB,1099,1,1,0.8905010223388672
XGB,9273,1,1,0.9335442185401917
XGB,4346,1,1,0.9419910311698914
XGB,8299,0,0,0.16942879557609558
XGB,8626,1,1,0.7460024356842041
XGB,6825,1,1,0.6799806356430054
XGB,9293,1,1,0.9947983026504517
XGB,2430,1,1,0.7789409756660461
XGB,8810,1,0,0.2415509968996048
XGB,4757,1,1,0.9907804131507874
XGB,4392,0,0,0.22984807193279266
XGB,9271,1,1,0.9771698117256165
XGB,4864,0,0,0.10216033458709717
XGB,140,1,1,0.5543596744537354
XGB,1414,0,0,0.17659403383731842
XGB,8690,1,1,0.9409934282302856
XGB,4832,1,1,0.9566702246665955
XGB,9487,1,1,0.9919894337654114
XGB,1717,1,1,0.9698254466056824
XGB,1482,1,1,0.8749832510948181
XGB,3861,1,1,0.5949156284332275
XGB,2037,0,1,0.532281219959259
XGB,6493,1,0,0.09876393526792526
XGB,8841,1,1,0.9748979806900024
XGB,5127,1,1,0.77315354347229
XGB,4444,1,1,0.7934059500694275
XGB,9171,1,1,0.9798800349235535
XGB,3306,1,1,0.9416518807411194
XGB,2929,1,1,0.940971314907074
XGB,5858,1,1,0.9889535903930664
XGB,4810,1,1,0.9951500296592712
XGB,2852,1,1,0.9424598217010498
XGB,109,1,1,0.8580621480941772
XGB,9213,1,1,0.9718789458274841
XGB,2876,1,1,0.9434653520584106
XGB,9192,1,1,0.9480232000350952
XGB,4502,0,0,0.16111160814762115
XGB,336,1,1,0.9717902541160583
XGB,4881,1,1,0.9721766710281372
XGB,9437,1,1,0.9864278435707092
XGB,7882,1,1,0.9694954752922058
XGB,7555,1,1,0.976344883441925
XGB,413,1,0,0.45281872153282166
XGB,7205,1,1,0.5289022326469421
XGB,4244,1,1,0.9743174314498901
XGB,5012,0,1,0.7569763660430908
XGB,7615,0,0,0.35583239793777466
XGB,5496,0,1,0.875183641910553
XGB,9160,1,1,0.9587119817733765
XGB,2810,0,0,0.061755310744047165
XGB,8326,0,0,0.06302803009748459
XGB,861,1,1,0.9081469774246216
XGB,4101,0,0,0.11917277425527573
XGB,493,1,1,0.8863551020622253
XGB,1143,1,1,0.9284216165542603
XGB,2272,0,0,0.03445633128285408
XGB,4884,1,1,0.9688981771469116
XGB,620,1,1,0.877427875995636
XGB,4319,1,1,0.9629896879196167
XGB,1506,1,1,0.9554998874664307
XGB,5245,0,0,0.14483121037483215
XGB,8167,1,1,0.9274511933326721
XGB,510,1,1,0.8812101483345032
XGB,2856,1,1,0.9677954316139221
XGB,2913,1,1,0.9863783121109009
XGB,3715,1,0,0.28780558705329895
XGB,6915,1,1,0.9911561012268066
XGB,6663,1,1,0.9836233854293823
XGB,2511,1,1,0.953725278377533
XGB,6139,1,1,0.9519315361976624
XGB,9397,1,1,0.9777613878250122
XGB,373,1,1,0.9065424203872681
XGB,3805,0,1,0.7807447910308838
XGB,432,1,1,0.9420381784439087
XGB,2713,1,1,0.9916115403175354
XGB,1198,1,1,0.6821648478507996
XGB,4538,1,1,0.9926089644432068
XGB,5575,0,0,0.14289340376853943
XGB,3382,1,0,0.10814916342496872
XGB,6406,1,1,0.9207262396812439
XGB,5917,1,0,0.09898953139781952
XGB,2719,1,1,0.9423603415489197
XGB,5928,1,1,0.9263277053833008
XGB,6780,0,0,0.3805517256259918
XGB,1229,1,1,0.9767380356788635
XGB,8373,0,0,0.28038784861564636
XGB,4103,0,0,0.2577148675918579
XGB,829,1,1,0.5344493985176086
XGB,4946,0,0,0.14404897391796112
XGB,97,0,0,0.13432778418064117
XGB,4450,1,1,0.9208459258079529
XGB,1246,1,1,0.9395505785942078
XGB,776,1,1,0.9675523042678833
XGB,1649,1,1,0.9248455166816711
XGB,6423,1,1,0.9679437279701233
XGB,9310,1,1,0.982039749622345
XGB,3952,1,0,0.08468148112297058
XGB,6912,1,1,0.9937936067581177
XGB,8306,0,0,0.1561909317970276
XGB,2404,1,1,0.9724035859107971
XGB,6171,1,1,0.9389582276344299
XGB,7399,1,1,0.9895209074020386
XGB,5672,0,0,0.06187158450484276
XGB,2002,1,1,0.9768720269203186
XGB,3259,1,1,0.6483324766159058
XGB,9514,1,1,0.9792811870574951
XGB,5832,0,0,0.01863865740597248
XGB,7450,1,0,0.023454586043953896
XGB,565,1,0,0.08360491693019867
XGB,8225,1,1,0.9271039366722107
XGB,5615,0,0,0.2828421890735626
XGB,1805,1,1,0.9405146241188049
XGB,5473,0,0,0.1481684148311615
XGB,2353,1,1,0.6436184048652649
XGB,4288,1,1,0.9488577842712402
XGB,7406,1,1,0.8527779579162598
XGB,9296,1,1,0.9928559064865112
XGB,8783,1,1,0.9911672472953796
XGB,428,1,1,0.6887882351875305
XGB,7289,1,1,0.7118743658065796
XGB,1210,1,1,0.9357631802558899
XGB,4081,0,0,0.19450294971466064
XGB,5325,1,0,0.2902452051639557
XGB,4420,0,0,0.17623008787631989
XGB,5642,1,1,0.8519262075424194
XGB,6473,1,0,0.04219473525881767
XGB,2602,1,1,0.994047999382019
XGB,7529,1,0,0.04206589609384537
XGB,1193,1,1,0.658404529094696
XGB,5455,0,0,0.14404897391796112
XGB,2984,1,1,0.9578021168708801
XGB,209,0,0,0.33689194917678833
XGB,2998,1,1,0.9614242315292358
XGB,2629,1,1,0.9607208371162415
XGB,4307,1,1,0.8981258869171143
XGB,2625,1,1,0.8472269177436829
XGB,1982,1,1,0.9852979779243469
XGB,8176,1,1,0.647346556186676
XGB,6838,0,0,0.16558347642421722
XGB,2433,1,1,0.9828254580497742
XGB,4612,1,1,0.912327229976654
XGB,189,0,0,0.11529287695884705
XGB,7825,0,0,0.1855526715517044
XGB,8082,0,0,0.10405267030000687
XGB,7560,1,0,0.25733861327171326
XGB,3028,1,1,0.9743174314498901
XGB,8651,1,1,0.9489277005195618
XGB,2343,1,1,0.9667659401893616
XGB,5983,1,1,0.9754142165184021
XGB,1139,0,0,0.3698793053627014
XGB,5077,0,0,0.06965223699808121
XGB,2020,0,0,0.106397844851017
XGB,9530,1,1,0.9328002333641052
XGB,8183,1,1,0.9701499342918396
XGB,1796,1,1,0.9419910311698914
XGB,4919,1,0,0.03199172019958496
XGB,1582,1,0,0.47789040207862854
XGB,9227,1,1,0.9913185834884644
XGB,324,1,1,0.9686874747276306
XGB,6036,1,1,0.9883423447608948
XGB,8184,1,0,0.4968958795070648
XGB,1922,1,1,0.8382108807563782
XGB,8298,0,0,0.3090311884880066
XGB,4963,0,1,0.9865391850471497
XGB,5646,1,0,0.054505255073308945
XGB,3427,1,1,0.723600447177887
XGB,7429,1,1,0.9162232875823975
XGB,8884,1,1,0.8624447584152222
XGB,3106,1,1,0.936556875705719
XGB,3055,1,1,0.909090518951416
XGB,3780,1,0,0.2398962676525116
XGB,5392,0,0,0.025931306183338165
XGB,7984,1,1,0.9369820356369019
XGB,2707,1,1,0.9840116500854492
XGB,8630,1,1,0.8899694085121155
XGB,8672,1,1,0.9715396165847778
XGB,16,0,0,0.13377822935581207
XGB,6737,1,0,0.43259549140930176
XGB,7533,1,1,0.6673467755317688
XGB,7586,0,0,0.019971046596765518
XGB,23,0,0,0.42927980422973633
XGB,1940,1,1,0.9571146965026855
XGB,3136,0,0,0.019298819825053215
XGB,3428,1,0,0.20564426481723785
XGB,421,1,1,0.6049773097038269
XGB,9389,1,1,0.7321383953094482
XGB,9383,1,1,0.9847201108932495
XGB,2533,1,0,0.453586220741272
XGB,9524,1,1,0.985206663608551
XGB,3721,0,1,0.7016585469245911
XGB,1790,1,1,0.936556875705719
XGB,4545,0,0,0.03438163548707962
XGB,8766,1,1,0.9808305501937866
XGB,1617,1,1,0.7650218605995178
XGB,4038,1,0,0.43259549140930176
XGB,5522,0,0,0.1295151263475418
XGB,8233,1,1,0.9211400747299194
XGB,2333,1,1,0.9127606153488159
XGB,9520,1,1,0.9833136200904846
XGB,2261,1,1,0.8828261494636536
XGB,1622,1,1,0.9283771514892578
XGB,8185,1,1,0.9623094201087952
XGB,940,1,1,0.8793600797653198
XGB,5800,1,1,0.6349340677261353
XGB,5539,0,0,0.3492273688316345
XGB,8504,1,1,0.9083133339881897
XGB,4760,0,0,0.0625019297003746
XGB,8993,1,1,0.9738609194755554
XGB,4778,0,1,0.5829671621322632
XGB,8721,1,0,0.424631804227829
XGB,4147,0,0,0.2884015440940857
XGB,2391,1,1,0.6183221936225891
XGB,4647,0,0,0.041191667318344116
XGB,3636,1,1,0.8726811408996582
XGB,174,1,1,0.8895729780197144
XGB,1235,0,0,0.22674886882305145
XGB,702,1,1,0.9506798386573792
XGB,583,1,0,0.20580975711345673
XGB,6908,1,1,0.9878100156784058
XGB,2301,1,0,0.4012550413608551
XGB,4906,0,1,0.5930593013763428
XGB,2758,1,0,0.2197900265455246
XGB,3914,0,0,0.3929954171180725
XGB,8303,0,0,0.1249706819653511
XGB,5686,0,0,0.28900057077407837
XGB,7196,1,0,0.054505255073308945
XGB,6662,1,1,0.9622894525527954
XGB,3043,1,1,0.9800395369529724
XGB,2757,1,0,0.051814816892147064
XGB,5440,0,0,0.09215687215328217
XGB,8019,1,1,0.6999772787094116
XGB,3040,1,1,0.936798095703125
XGB,7421,0,0,0.05701839178800583
XGB,9115,1,1,0.8269768357276917
XGB,7611,0,0,0.38882729411125183
XGB,8342,0,0,0.04914312809705734
XGB,5216,1,1,0.6636853218078613
XGB,6773,0,0,0.379629909992218
XGB,8094,1,1,0.8747270703315735
XGB,9070,1,1,0.9553852081298828
XGB,1134,1,1,0.8584674000740051
XGB,3562,0,0,0.11405817419290543
XGB,6910,1,1,0.9957661628723145
XGB,6405,1,0,0.18207331001758575
XGB,8724,1,1,0.9629719853401184
XGB,5305,1,1,0.8483964204788208
XGB,9454,1,1,0.9824578166007996
XGB,4309,0,0,0.04921474680304527
XGB,3748,0,0,0.2520119547843933
XGB,3402,1,0,0.09876393526792526
XGB,9251,1,1,0.9734618663787842
XGB,8589,1,1,0.9311647415161133
XGB,1818,1,1,0.9738282561302185
XGB,2914,1,1,0.742350697517395
XGB,655,1,1,0.9776813983917236
XGB,1302,0,0,0.40700221061706543
XGB,9012,1,1,0.9113155603408813
XGB,3558,1,0,0.06656262278556824
XGB,2072,1,1,0.6818351149559021
XGB,39,0,0,0.04532083868980408
XGB,6624,1,1,0.9639418125152588
XGB,5963,1,1,0.9084561467170715
XGB,8266,1,1,0.7235707640647888
XGB,4723,1,1,0.8675323724746704
XGB,4355,1,1,0.9759435653686523
XGB,7553,1,0,0.1424437314271927
XGB,3618,1,1,0.9244270920753479
XGB,2968,1,1,0.8580621480941772
XGB,9179,1,1,0.9537997841835022
XGB,511,1,1,0.9789855480194092
XGB,4685,1,1,0.9914981722831726
XGB,5565,0,1,0.572378396987915
XGB,4572,0,0,0.12305422127246857
XGB,6813,0,0,0.20823295414447784
XGB,7983,1,1,0.9855035543441772
XGB,8372,0,0,0.09464143216609955
XGB,872,1,1,0.9607871770858765
XGB,3925,0,0,0.23314926028251648
XGB,2995,1,1,0.9519315361976624
XGB,4877,1,1,0.9123205542564392
XGB,9181,1,1,0.8153672814369202
XGB,7154,1,1,0.5391874313354492
XGB,6271,1,1,0.9419910311698914
XGB,1808,1,1,0.9345429539680481
XGB,5563,1,1,0.5399731993675232
XGB,1519,1,1,0.8262209296226501
XGB,3991,1,1,0.9777228832244873
XGB,2879,1,1,0.9743174314498901
XGB,8934,1,1,0.9710408449172974
XGB,297,1,0,0.43894994258880615
XGB,7530,1,1,0.9360716342926025
XGB,5229,0,0,0.011911553330719471
XGB,7255,0,0,0.31458941102027893
XGB,836,1,1,0.865772545337677
XGB,400,1,1,0.7668548226356506
XGB,9379,1,1,0.9757746458053589
XGB,7480,0,0,0.23046769201755524
XGB,4424,1,0,0.20666594803333282
XGB,5106,0,0,0.39899158477783203
XGB,6847,1,1,0.9812045097351074
XGB,5289,0,0,0.1725454479455948
XGB,5076,1,1,0.9113815426826477
XGB,6080,1,1,0.958894670009613
XGB,8871,1,1,0.8086187243461609
XGB,1180,0,0,0.05813594162464142
XGB,4886,0,0,0.07479008287191391
XGB,8172,0,0,0.05540377274155617
XGB,291,1,1,0.7968124747276306
XGB,6947,1,1,0.9681983590126038
XGB,4908,1,0,0.2520674467086792
XGB,4739,0,0,0.295259952545166
XGB,4017,1,1,0.9847132563591003
XGB,4018,0,0,0.22740057110786438
XGB,7773,0,1,0.9256927967071533
XGB,8717,1,1,0.9914673566818237
XGB,3898,0,0,0.13353422284126282
XGB,2690,1,0,0.07479008287191391
XGB,7339,1,1,0.5444257855415344
XGB,6761,1,1,0.9932667016983032
XGB,1370,1,1,0.9894592761993408
XGB,8959,1,1,0.9478361010551453
XGB,3205,0,0,0.02004539966583252
XGB,8426,0,0,0.09846104681491852
XGB,3747,0,0,0.2801848351955414
XGB,1735,1,1,0.5930593013763428
XGB,3791,1,0,0.35393595695495605
XGB,2151,1,1,0.6401194930076599
XGB,7215,1,1,0.8826795816421509
XGB,9132,1,1,0.9823564291000366
XGB,1970,1,1,0.9281988143920898
XGB,4496,0,0,0.021169446408748627
XGB,2642,1,1,0.7977820634841919
XGB,8571,1,1,0.7856965065002441
XGB,2520,1,1,0.9698008894920349
XGB,1728,1,1,0.9501124024391174
XGB,5950,1,1,0.9235180616378784
XGB,5459,0,0,0.08781255036592484
XGB,6851,1,1,0.9840116500854492
XGB,7146,1,1,0.9756549596786499
XGB,1029,0,0,0.1887836903333664
XGB,868,1,1,0.9514698386192322
XGB,3996,1,1,0.9752396941184998
XGB,5065,0,0,0.3247917592525482
XGB,621,1,1,0.9551694989204407
XGB,9435,1,1,0.9726312756538391
XGB,4301,0,0,0.14386332035064697
XGB,898,1,1,0.9797066450119019
XGB,9083,1,1,0.9787962436676025
XGB,2597,1,1,0.9798521995544434
XGB,8268,0,0,0.06797292828559875
XGB,939,1,1,0.888924241065979
XGB,381,1,1,0.9284189939498901
XGB,4526,0,0,0.18915413320064545
XGB,3583,1,1,0.5487896203994751
XGB,5718,0,0,0.24310114979743958
XGB,4215,1,1,0.9817312955856323
XGB,2760,1,0,0.041308701038360596
XGB,1120,1,1,0.9932667016983032
XGB,8419,0,0,0.22736722230911255
XGB,7756,1,1,0.6208955645561218
XGB,1672,1,1,0.9686755537986755
XGB,1377,1,1,0.9768169522285461
XGB,4873,1,1,0.9833236336708069
XGB,259,1,1,0.9148668646812439
XGB,7231,0,0,0.10030534118413925
XGB,494,1,1,0.9132653474807739
XGB,1680,1,1,0.9756640195846558
XGB,315,1,1,0.8612581491470337
XGB,3253,1,0,0.01823904737830162
XGB,3777,1,1,0.8494850397109985
XGB,3248,1,1,0.939380943775177
XGB,1413,1,1,0.9864697456359863
XGB,349,1,1,0.9402352571487427
XGB,689,1,1,0.8929589986801147
XGB,7591,1,1,0.9402351975440979
XGB,6243,1,1,0.9699440598487854
XGB,6353,1,0,0.07145050913095474
XGB,1098,0,0,0.09898953139781952
XGB,133,1,1,0.6359069347381592
XGB,4214,1,1,0.9937936067581177
XGB,9128,1,1,0.9714064002037048
XGB,5803,0,0,0.10649973154067993
XGB,5786,0,0,0.36676615476608276
XGB,7819,0,0,0.4724794328212738
XGB,9091,1,1,0.9910215735435486
XGB,795,1,1,0.940326988697052
XGB,5574,0,0,0.08846720308065414
XGB,8517,1,1,0.9738205671310425
XGB,1846,0,0,0.15910778939723969
XGB,5047,1,1,0.8375931978225708
XGB,6602,1,1,0.9543280005455017
XGB,1172,0,0,0.30511945486068726
XGB,4269,0,0,0.2589097023010254
XGB,4077,1,1,0.8584674000740051
XGB,4696,1,1,0.9859386086463928
XGB,7219,1,0,0.06563236564397812
XGB,2504,1,0,0.26400694251060486
XGB,4678,1,1,0.9862490296363831
XGB,6810,1,1,0.9829042553901672
XGB,4006,1,1,0.9570201635360718
XGB,6758,1,1,0.9799260497093201
XGB,9219,1,1,0.9778914451599121
XGB,2059,1,1,0.5572986602783203
XGB,5018,0,0,0.18633659183979034
XGB,8898,1,1,0.8343037366867065
XGB,7626,0,1,0.8282339572906494
XGB,3969,0,1,0.6725457906723022
XGB,410,0,0,0.29263177514076233
XGB,3120,1,1,0.9741011261940002
XGB,8749,1,0,0.2982480525970459
XGB,6895,0,0,0.35713714361190796
XGB,1125,1,1,0.945556104183197
XGB,5894,1,1,0.995824933052063
XGB,1916,0,0,0.05966978892683983
XGB,4361,1,1,0.9607819318771362
XGB,8318,0,0,0.04289184883236885
XGB,2114,1,1,0.9291683435440063
XGB,3752,0,1,0.7169148325920105
XGB,4675,1,1,0.9587661027908325
XGB,4120,1,1,0.9684749841690063
XGB,4694,0,0,0.14386332035064697
XGB,3383,1,1,0.853793740272522
XGB,3883,1,0,0.21983656287193298
XGB,4122,1,1,0.9754142165184021
XGB,9113,1,1,0.9361651539802551
XGB,5951,1,1,0.9370349049568176
XGB,2215,1,1,0.7279545664787292
XGB,5139,1,1,0.993293046951294
XGB,7228,0,0,0.3635110557079315
XGB,3278,1,1,0.9857026934623718
XGB,5714,0,0,0.4197136163711548
XGB,5122,1,1,0.9882040023803711
XGB,5339,0,1,0.8383880257606506
XGB,6111,1,1,0.9704574346542358
XGB,4670,1,1,0.9790772795677185
XGB,9036,1,1,0.9660314917564392
XGB,3905,0,0,0.2789968252182007
XGB,7949,0,1,0.6965699195861816
XGB,579,1,1,0.9261553883552551
XGB,1107,1,1,0.9646991491317749
XGB,290,1,1,0.7968124747276306
XGB,682,1,1,0.9793160557746887
XGB,8968,1,1,0.9660423994064331
XGB,3222,1,1,0.9588464498519897
XGB,2840,1,1,0.974365770816803
XGB,2117,1,1,0.9326955676078796
XGB,1780,1,1,0.9922112226486206
XGB,4192,1,1,0.9621503353118896
XGB,4869,1,1,0.8041074872016907
XGB,4306,1,1,0.9538100957870483
XGB,4002,1,1,0.8884525299072266
XGB,8188,1,1,0.7865581512451172
XGB,4593,1,1,0.995824933052063
XGB,4758,0,0,0.05069350078701973
XGB,3887,1,0,0.468375027179718
XGB,3166,1,1,0.9824838042259216
XGB,6277,1,1,0.9405146241188049
XGB,8223,0,0,0.30511945486068726
XGB,5778,0,0,0.11109962314367294
XGB,5671,0,0,0.4801328778266907
XGB,5393,0,0,0.13411536812782288
XGB,7914,0,0,0.15428821742534637
XGB,1896,1,1,0.984363853931427
XGB,3971,1,0,0.22806616127490997
XGB,7320,1,0,0.2563978433609009
XGB,9015,1,1,0.9861998558044434
XGB,1384,1,1,0.9304944276809692
XGB,1332,1,1,0.9906054139137268
XGB,111,0,0,0.049163300544023514
XGB,5852,1,1,0.9732983112335205
XGB,1156,1,1,0.9659628868103027
XGB,7936,1,1,0.632784366607666
XGB,7019,1,1,0.990614652633667
XGB,6835,1,1,0.9778679609298706
XGB,7348,1,0,0.23043954372406006
XGB,4369,0,0,0.13364392518997192
XGB,5972,1,1,0.5871148705482483
XGB,6563,1,0,0.11383157968521118
XGB,7674,0,0,0.2211804836988449
XGB,824,1,1,0.6526280641555786
XGB,2972,1,1,0.9747161269187927
XGB,8611,1,1,0.9155899882316589
XGB,3187,1,1,0.9103224873542786
XGB,6014,1,0,0.06748594343662262
XGB,8415,0,0,0.3266516923904419
XGB,2838,1,1,0.9937572479248047
XGB,435,1,1,0.9080437421798706
XGB,6701,1,1,0.9325922727584839
XGB,3809,0,0,0.36233407258987427
XGB,4885,1,1,0.9837135076522827
XGB,4799,1,1,0.8707783222198486
XGB,864,1,1,0.9855498671531677
XGB,8769,1,1,0.9750385880470276
XGB,4551,0,0,0.154831200838089
XGB,3897,1,0,0.17504243552684784
XGB,352,0,1,0.9190068244934082
XGB,7080,0,0,0.17659403383731842
XGB,3772,1,0,0.38649463653564453
XGB,8391,0,0,0.27468493580818176
XGB,3468,1,1,0.9924105405807495
XGB,8357,0,0,0.3240625262260437
XGB,3164,1,1,0.9367298483848572
XGB,6074,1,1,0.9083955883979797
XGB,7727,1,1,0.8898441791534424
XGB,552,1,1,0.9255912899971008
XGB,5824,0,0,0.05816235765814781
XGB,3234,1,1,0.9525384306907654
XGB,3238,1,0,0.3377791941165924
XGB,6555,1,1,0.6120308637619019
XGB,6862,1,1,0.9873342514038086
XGB,8991,1,1,0.9820255041122437
XGB,7085,0,0,0.2531938850879669
XGB,2056,1,0,0.39213669300079346
XGB,1572,1,1,0.9681347608566284
XGB,5648,0,0,0.035467687994241714
XGB,812,1,1,0.7945629358291626
XGB,8235,1,1,0.913100004196167
XGB,4907,1,1,0.6483324766159058
XGB,7613,0,1,0.7319681644439697
XGB,8613,1,1,0.9300668835639954
XGB,3001,1,1,0.6215178370475769
XGB,2381,1,0,0.4273568391799927
XGB,1706,0,0,0.24241375923156738
XGB,8031,0,1,0.5711702108383179
XGB,6064,1,1,0.9587661027908325
XGB,8336,0,0,0.03523678705096245
XGB,4656,1,1,0.9926475286483765
XGB,4904,1,1,0.988788902759552
XGB,3354,1,0,0.18483854830265045
XGB,8027,1,1,0.972966730594635
XGB,908,1,1,0.9869483709335327
XGB,4721,1,1,0.9595969915390015
XGB,3955,1,0,0.10875778645277023
XGB,7109,1,1,0.9423472285270691
XGB,2387,1,1,0.8766974210739136
XGB,5577,0,0,0.19235962629318237
XGB,4547,0,0,0.18746435642242432
XGB,8455,0,0,0.3125603199005127
XGB,3140,1,1,0.9471354484558105
XGB,2728,1,1,0.9754142165184021
XGB,6933,1,1,0.9772912859916687
XGB,8162,1,1,0.8214089274406433
XGB,3236,1,1,0.985206663608551
XGB,105,0,0,0.22166703641414642
XGB,3155,1,1,0.9247648119926453
XGB,5585,0,0,0.08781197667121887
XGB,2783,1,1,0.938078761100769
XGB,9258,1,1,0.9105650782585144
XGB,9071,1,1,0.9384628534317017
XGB,1589,0,0,0.1750766485929489
XGB,1437,1,1,0.9587661027908325
XGB,6411,1,1,0.8401197791099548
XGB,9535,1,1,0.9647822380065918
XGB,1290,0,0,0.048643648624420166
XGB,2538,1,1,0.5834991335868835
XGB,5748,0,0,0.33799219131469727
XGB,8077,1,1,0.9830324649810791
XGB,7271,1,1,0.9937779903411865
XGB,329,1,1,0.985303521156311
XGB,4272,1,1,0.9887603521347046
XGB,8691,1,1,0.9773216843605042
XGB,1518,1,1,0.8004193902015686
XGB,4909,0,0,0.42480650544166565
XGB,1803,1,1,0.8022122383117676
XGB,2379,1,1,0.8595341444015503
XGB,5903,1,1,0.9799260497093201
XGB,3740,0,0,0.13606935739517212
XGB,2309,1,1,0.9067192077636719
XGB,5406,0,0,0.3130349814891815
XGB,6767,1,1,0.885711133480072
XGB,5538,0,0,0.2684546709060669
XGB,9533,1,1,0.9769194722175598
XGB,5533,1,0,0.05507568642497063
XGB,9508,1,1,0.9957661628723145
XGB,4020,1,1,0.9907464981079102
XGB,3595,1,1,0.8415175676345825
XGB,1992,1,1,0.9912205338478088
XGB,3079,1,0,0.05700113996863365
XGB,6694,0,0,0.2454364001750946
XGB,683,1,1,0.9855432510375977
XGB,6106,1,1,0.7919220924377441
XGB,7938,1,1,0.9952358603477478
XGB,4525,0,0,0.012700649909675121
XGB,8410,0,0,0.17864222824573517
XGB,4028,0,0,0.15920795500278473
XGB,6759,1,1,0.9932190775871277
XGB,5502,0,0,0.25845667719841003
XGB,7662,1,0,0.18500390648841858
XGB,8788,1,1,0.9833673238754272
XGB,8465,0,0,0.04046900197863579
XGB,8413,0,0,0.20563830435276031
XGB,721,1,1,0.9373060464859009
XGB,8610,1,1,0.9698222875595093
XGB,8820,1,1,0.9919971823692322
XGB,6687,1,1,0.7757430076599121
XGB,7317,1,0,0.23712387681007385
XGB,7554,1,1,0.938237726688385
XGB,4112,1,1,0.9945447444915771
XGB,9280,1,1,0.9769954681396484
XGB,7679,1,1,0.938157320022583
XGB,1344,1,1,0.9531429409980774
XGB,8831,1,1,0.9803259372711182
XGB,4324,0,0,0.1764535903930664
XGB,211,1,1,0.8542511463165283
XGB,1189,0,0,0.0627637729048729
XGB,7048,0,0,0.07217445969581604
XGB,8999,1,1,0.9832515716552734
XGB,2505,1,1,0.7757430076599121
XGB,3173,1,0,0.26683950424194336
XGB,8903,1,1,0.9861326217651367
XGB,6152,1,0,0.09734027087688446
XGB,7329,0,1,0.5977417826652527
XGB,4390,0,0,0.22065134346485138
XGB,7791,0,0,0.22770430147647858
XGB,8156,1,1,0.9705162644386292
XGB,5989,0,0,0.3266516923904419
XGB,5223,1,1,0.9610922336578369
XGB,2871,1,1,0.9952321648597717
XGB,8379,0,0,0.2553679347038269
XGB,3397,1,1,0.8572267293930054
XGB,2455,1,1,0.9913103580474854
XGB,6731,1,0,0.2808203101158142
XGB,1385,1,1,0.8624447584152222
XGB,2334,1,1,0.8912959098815918
XGB,7091,1,0,0.41925862431526184
XGB,9277,1,1,0.9816744923591614
XGB,1947,0,0,0.041272759437561035
XGB,4027,1,1,0.9910968542098999
XGB,1068,1,1,0.979111909866333
XGB,8786,1,1,0.9862490296363831
XGB,2817,1,1,0.9485083818435669
XGB,7836,0,0,0.3415021300315857
XGB,4667,0,0,0.05198551341891289
XGB,213,1,1,0.9471354484558105
XGB,9356,1,1,0.957597553730011
XGB,810,1,1,0.9434653520584106
XGB,3145,1,1,0.5930593013763428
XGB,2004,1,1,0.9908912777900696
XGB,1559,1,1,0.8904754519462585
XGB,2962,1,1,0.9693450927734375
XGB,2516,1,1,0.969210147857666
XGB,7776,0,1,0.980952799320221
XGB,5194,0,0,0.24600964784622192
XGB,3860,1,0,0.20794183015823364
XGB,8327,0,0,0.017999252304434776
XGB,5345,1,1,0.9113815426826477
XGB,1151,1,1,0.9188394546508789
XGB,3986,1,0,0.3088966906070709
XGB,2524,1,1,0.9653473496437073
XGB,6260,1,1,0.9836175441741943
XGB,6109,1,1,0.9795222282409668
XGB,1739,1,1,0.9773527383804321
XGB,9306,1,1,0.9770012497901917
XGB,2696,1,1,0.6860085129737854
XGB,5044,0,1,0.9488820433616638
XGB,7468,1,1,0.659057080745697
XGB,1625,1,0,0.12438458949327469
XGB,6828,1,1,0.9604448676109314
XGB,8704,1,1,0.9894770383834839
XGB,4599,0,0,0.15431548655033112
XGB,740,1,1,0.8136271238327026
XGB,5031,0,0,0.028973471373319626
XGB,2058,1,0,0.08325926959514618
XGB,4595,0,0,0.3277914822101593
XGB,2835,1,1,0.9923619031906128
XGB,6285,1,1,0.9769220352172852
XGB,3985,0,1,0.5449860095977783
XGB,4241,0,0,0.18048088252544403
XGB,1529,1,1,0.9700680375099182
XGB,2366,1,1,0.9585583806037903
XGB,2453,1,1,0.9715119004249573
XGB,8341,0,0,0.2813488245010376
XGB,8439,0,0,0.13270489871501923
XGB,8585,1,1,0.9949880838394165
XGB,3823,1,1,0.5858304500579834
XGB,3736,0,0,0.2545222342014313
XGB,3239,1,0,0.10030534118413925
XGB,1260,1,1,0.914034366607666
XGB,2955,1,1,0.7919220924377441
XGB,5008,0,1,0.90595942735672
XGB,3029,1,1,0.9773133397102356
XGB,6601,1,1,0.9814360737800598
XGB,5557,0,0,0.2081628441810608
XGB,7498,1,0,0.13432778418064117
XGB,102,0,0,0.19455771148204803
XGB,990,0,1,0.9641602635383606
XGB,8436,0,0,0.1268649697303772
XGB,4430,0,0,0.20149461925029755
XGB,7203,0,0,0.20149461925029755
XGB,4564,1,1,0.9181591868400574
XGB,3047,1,1,0.7163117527961731
XGB,9550,1,1,0.9881260395050049
XGB,7285,1,1,0.9901312589645386
XGB,2310,1,1,0.9229036569595337
XGB,163,0,0,0.15583404898643494
XGB,3370,1,1,0.9602386355400085
XGB,5523,0,0,0.05263015255331993
XGB,8261,1,1,0.9293808341026306
XGB,5634,1,1,0.8255213499069214
XGB,1802,1,1,0.9471354484558105
XGB,4816,1,1,0.9287205338478088
XGB,7354,1,1,0.923872709274292
XGB,41,0,0,0.37269356846809387
XGB,3391,1,1,0.9738255143165588
XGB,92,1,1,0.5847723484039307
XGB,6268,1,1,0.9802768230438232
XGB,7694,1,1,0.9062902331352234
XGB,4127,0,0,0.060793131589889526
XGB,1948,1,1,0.8970662951469421
XGB,4955,0,1,0.5922289490699768
XGB,8224,1,1,0.9739992022514343
XGB,9384,1,1,0.9859981536865234
XGB,8607,1,1,0.9658754467964172
XGB,7570,1,1,0.9614947438240051
XGB,2924,1,1,0.9311988353729248
XGB,8404,0,0,0.295259952545166
XGB,2975,1,1,0.98249751329422
XGB,1075,1,1,0.912327229976654
XGB,5205,0,0,0.09635773301124573
XGB,8112,1,1,0.9719841480255127
XGB,9174,1,1,0.963509202003479
XGB,2811,1,0,0.24926936626434326
XGB,3784,0,0,0.10728085041046143
XGB,5112,0,1,0.5974857807159424
XGB,5352,0,0,0.4507002532482147
XGB,6348,1,0,0.1144275888800621
XGB,2662,0,0,0.13167229294776917
XGB,3081,1,0,0.2275862693786621
XGB,2571,1,1,0.9907464981079102
XGB,1138,0,0,0.15431548655033112
XGB,4032,0,0,0.07224290817975998
XGB,5506,0,1,0.9468679428100586
XGB,3299,1,1,0.9715194702148438
XGB,1783,1,1,0.9835398197174072
XGB,2389,1,1,0.9573647379875183
XGB,5261,0,0,0.09913788735866547
XGB,4772,0,0,0.3195396661758423
XGB,4715,1,1,0.9423472285270691
XGB,5775,0,0,0.045512836426496506
XGB,2762,1,0,0.08869246393442154
XGB,4631,1,1,0.9933565258979797
XGB,5379,0,0,0.0664139911532402
XGB,2001,0,0,0.2577148675918579
XGB,8747,1,1,0.8902282118797302
XGB,4982,0,0,0.4237620234489441
XGB,8802,1,1,0.8967191576957703
XGB,3613,0,1,0.5064067244529724
XGB,249,1,1,0.7289833426475525
XGB,7648,0,0,0.048188984394073486
XGB,3813,1,0,0.3240852355957031
XGB,8886,1,1,0.8315433859825134
XGB,7148,1,1,0.9756549596786499
XGB,8718,1,1,0.8889332413673401
XGB,4494,0,0,0.04760150983929634
XGB,7610,0,1,0.5146709084510803
XGB,4872,1,1,0.6435295939445496
XGB,6610,1,1,0.9629319906234741
XGB,5356,0,0,0.039749570190906525
XGB,3394,1,1,0.6179335713386536
XGB,6721,1,1,0.795263946056366
XGB,1013,1,1,0.7681530714035034
XGB,3626,1,1,0.7968151569366455
XGB,440,1,0,0.10492159426212311
XGB,4283,0,1,0.9445217251777649
XGB,2083,1,0,0.10801041126251221
XGB,4927,0,0,0.20828193426132202
XGB,3667,0,1,0.526649534702301
XGB,761,1,1,0.8550214171409607
XGB,8745,1,1,0.9767616987228394
XGB,4935,0,0,0.2862914502620697
XGB,2734,1,1,0.9933565258979797
XGB,8579,1,1,0.9787656664848328
XGB,2332,1,0,0.4427449107170105
XGB,1496,1,1,0.9914981722831726
XGB,5360,0,0,0.4972575902938843
XGB,4628,1,1,0.9423603415489197
XGB,4527,1,1,0.9831899404525757
XGB,7233,1,0,0.29057928919792175
XGB,7030,1,0,0.039749570190906525
XGB,8869,1,1,0.9856371283531189
XGB,895,1,1,0.9299414753913879
XGB,2179,1,1,0.9506212472915649
XGB,8483,0,0,0.041191667318344116
XGB,4286,0,0,0.2345157265663147
XGB,3545,1,1,0.7590846419334412
XGB,4600,1,1,0.9269006252288818
XGB,460,1,1,0.7149598002433777
XGB,3379,1,1,0.9488207697868347
XGB,6629,1,1,0.7789409756660461
XGB,7291,0,0,0.062140222638845444
XGB,1347,1,1,0.9741415977478027
XGB,6672,1,1,0.9830605387687683
XGB,9372,1,1,0.9566702246665955
XGB,2329,1,1,0.7968151569366455
XGB,1969,1,1,0.9901312589645386
XGB,2522,1,1,0.9873815178871155
XGB,3280,1,0,0.17246845364570618
XGB,2057,0,0,0.13264870643615723
XGB,2588,1,0,0.15431548655033112
XGB,6202,1,1,0.9269077777862549
XGB,3704,1,1,0.5453198552131653
XGB,1788,1,1,0.9836233854293823
XGB,9427,1,1,0.9845280051231384
XGB,2854,1,1,0.9719023704528809
XGB,2294,1,1,0.8041074872016907
XGB,7167,1,1,0.885198175907135
XGB,4199,1,1,0.9886474013328552
XGB,9159,1,1,0.7511187791824341
XGB,9544,1,1,0.9563605785369873
XGB,2886,1,1,0.9874742031097412
XGB,5677,0,0,0.18677113950252533
XGB,8664,1,1,0.9529023170471191
XGB,8499,1,0,0.12568879127502441
XGB,3841,0,0,0.3121475279331207
XGB,7427,1,0,0.08446116745471954
