Model,Accuracy,F1 Score,roc_auc,Precision,Recall,Specificity,BestParams
KNN,0.9270662287903667,0.9255274556378371,0.9585235336042199,0.9454753068798173,0.9064039408866995,0.9477285166940339,"{'clf__metric': 'manhattan', 'clf__n_neighbors': 3, 'clf__weights': 'distance'}"
LR,0.90311986863711,0.9013377926421404,0.9489717651274189,0.9182282793867121,0.8850574712643678,0.9211822660098522,"{'clf__C': 10, 'clf__penalty': 'l2'}"
RF,0.9292556102900931,0.9297076818490823,0.9778228131874585,0.9238043771953526,0.9356869184455391,0.922824302134647,"{'max_depth': 16, 'min_samples_split': 2, 'n_estimators': 100}"
ET,0.9308976464148878,0.9312270189295928,0.9776201051610145,0.9268094334507997,0.9356869184455391,0.9261083743842364,"{'max_depth': 16, 'min_samples_split': 2, 'n_estimators': 200}"
LGBM,0.9378762999452654,0.9382312925170068,0.982900999392138,0.9329004329004329,0.9436234263820471,0.9321291735084839,"{'learning_rate': 0.05, 'n_estimators': 200, 'num_leaves': 63}"
