Model,Accuracy,F1 Score,roc_auc,Precision,Recall,Specificity
KNN,0.9442013129102844,0.9431438127090301,0.9685646088801,0.9613636363636363,0.925601750547046,0.962800875273523
LR,0.9173960612691466,0.915406162464986,0.9566014201648081,0.9380022962112514,0.8938730853391685,0.9409190371991247
RF,0.9327133479212254,0.9324546952224053,0.978714286398307,0.9360529217199559,0.9288840262582057,0.936542669584245
ET,0.9359956236323851,0.9358904109589041,0.9791230745658348,0.9374313940724479,0.9343544857768052,0.937636761487965
LGBM,0.9425601750547046,0.9425287356321839,0.9836909681157201,0.9430449069003286,0.9420131291028446,0.9431072210065645
